log_id,timestamp,action,payload,previous_hash,hash
AUD-000001,2026-01-02 09:00:00,PROCUREMENT_REQUEST_CREATED,"{""request_id"": ""REQ-014"", ""title"": ""Supply Chain Warehouse Distribution (Lot 014)"", ""max_budget"": 32152.85}",0000000000000000000000000000000000000000000000000000000000000000,957c0b5da923960ac8f567c01ce07c36bf1de5cf8744971f16d88e5389846ebb
AUD-000002,2026-01-02 09:00:00,PROCUREMENT_REQUEST_CREATED,"{""request_id"": ""REQ-109"", ""title"": ""Industrial Copper Wire Coils (Lot 109)"", ""max_budget"": 58996.38}",957c0b5da923960ac8f567c01ce07c36bf1de5cf8744971f16d88e5389846ebb,2e8f0cf2c26f8b253ae8e44d59192e7016c9defb9bdaeaf181a680c4d5e5c477
AUD-000003,2026-01-03 09:02:00,BID_SUBMITTED,"{""bid_id"": ""BID-00126"", ""request_id"": ""REQ-014"", ""vendor_id"": ""VND-0216"", ""price"": 31703.61}",2e8f0cf2c26f8b253ae8e44d59192e7016c9defb9bdaeaf181a680c4d5e5c477,9487b6006b1f048827bd2519ab9f54e0797058a91ff221bca39433eadbf839e8
AUD-000004,2026-01-03 09:05:00,BID_SUBMITTED,"{""bid_id"": ""BID-01174"", ""request_id"": ""REQ-109"", ""vendor_id"": ""VND-0137"", ""price"": 58185.64}",9487b6006b1f048827bd2519ab9f54e0797058a91ff221bca39433eadbf839e8,9d490c300df5129eeb83f87c66a1e21ca6863ac60a972770cf882edaf73f8459
AUD-000005,2026-01-03 09:07:00,BID_SUBMITTED,"{""bid_id"": ""BID-00127"", ""request_id"": ""REQ-014"", ""vendor_id"": ""VND-0112"", ""price"": 31533.04}",9d490c300df5129eeb83f87c66a1e21ca6863ac60a972770cf882edaf73f8459,f8a087c9504abb3f87d541a86d2a84f372d6e30f9ab2dad107c33357b06ef5f0
AUD-000006,2026-01-03 09:13:00,BID_SUBMITTED,"{""bid_id"": ""BID-01175"", ""request_id"": ""REQ-109"", ""vendor_id"": ""VND-0194"", ""price"": 57062.73}",f8a087c9504abb3f87d541a86d2a84f372d6e30f9ab2dad107c33357b06ef5f0,8735f1238a17b11e606de680c86389dda549fcc7c743dd6caf628f074307cee6
AUD-000007,2026-01-03 09:16:00,BID_SUBMITTED,"{""bid_id"": ""BID-01176"", ""request_id"": ""REQ-109"", ""vendor_id"": ""VND-0238"", ""price"": 56525.67}",8735f1238a17b11e606de680c86389dda549fcc7c743dd6caf628f074307cee6,a39c845453698b76a2fa3d4be8f2472c7f88f496d4c488d79c6850d039c6ec41
AUD-000008,2026-01-03 09:17:00,BID_SUBMITTED,"{""bid_id"": ""BID-00128"", ""request_id"": ""REQ-014"", ""vendor_id"": ""VND-0100"", ""price"": 31029.27}",a39c845453698b76a2fa3d4be8f2472c7f88f496d4c488d79c6850d039c6ec41,6f8b9726c31ca008c5d3f81949f69f7100c51f25d0ac7538401d82129707dd63
AUD-000009,2026-01-03 09:23:00,BID_SUBMITTED,"{""bid_id"": ""BID-00129"", ""request_id"": ""REQ-014"", ""vendor_id"": ""VND-0216"", ""price"": 30805.12}",6f8b9726c31ca008c5d3f81949f69f7100c51f25d0ac7538401d82129707dd63,85c780931f75fa28c96087a41f3f042dca311695c82540ff0c11f579a95b0067
AUD-000010,2026-01-03 09:25:00,BID_SUBMITTED,"{""bid_id"": ""BID-00130"", ""request_id"": ""REQ-014"", ""vendor_id"": ""VND-0100"", ""price"": 30465.55}",85c780931f75fa28c96087a41f3f042dca311695c82540ff0c11f579a95b0067,370c350ac7c626411d25acc64d00820404956eed81041b42313ccc99edf785e5
AUD-000011,2026-01-03 09:26:00,BID_SUBMITTED,"{""bid_id"": ""BID-01177"", ""request_id"": ""REQ-109"", ""vendor_id"": ""VND-0238"", ""price"": 55536.1}",370c350ac7c626411d25acc64d00820404956eed81041b42313ccc99edf785e5,319904bab1999318cf6de7248d6ed4d01f576993dd91e01184c29c50d07d2e27
AUD-000012,2026-01-03 09:32:00,BID_SUBMITTED,"{""bid_id"": ""BID-01178"", ""request_id"": ""REQ-109"", ""vendor_id"": ""VND-0137"", ""price"": 54361.43}",319904bab1999318cf6de7248d6ed4d01f576993dd91e01184c29c50d07d2e27,dfc8c6b0c9776ba427e5d6b168a4d3291eba7ba5ecf4c215df92de0e2f6aa001
AUD-000013,2026-01-03 09:34:00,BID_SUBMITTED,"{""bid_id"": ""BID-00131"", ""request_id"": ""REQ-014"", ""vendor_id"": ""VND-0100"", ""price"": 30057.42}",dfc8c6b0c9776ba427e5d6b168a4d3291eba7ba5ecf4c215df92de0e2f6aa001,38781adc5c9686d47d58679fcde23fe0cd6d038204644801b03d7e7a2c8a39fe
AUD-000014,2026-01-03 09:42:00,BID_SUBMITTED,"{""bid_id"": ""BID-01179"", ""request_id"": ""REQ-109"", ""vendor_id"": ""VND-0040"", ""price"": 53384.6}",38781adc5c9686d47d58679fcde23fe0cd6d038204644801b03d7e7a2c8a39fe,50206f6572279e7dcbb00cc7b13de4f240f48323dd2d098512c3664dcd763e7f
AUD-000015,2026-01-03 09:43:00,BID_SUBMITTED,"{""bid_id"": ""BID-00132"", ""request_id"": ""REQ-014"", ""vendor_id"": ""VND-0112"", ""price"": 29840.49}",50206f6572279e7dcbb00cc7b13de4f240f48323dd2d098512c3664dcd763e7f,81cf16398e2140555c6ae3baa44135c24bcd12d23719a0ddd0963b923d3ffb56
AUD-000016,2026-01-03 09:45:00,BID_SUBMITTED,"{""bid_id"": ""BID-01180"", ""request_id"": ""REQ-109"", ""vendor_id"": ""VND-0040"", ""price"": 52676.83}",81cf16398e2140555c6ae3baa44135c24bcd12d23719a0ddd0963b923d3ffb56,7ae24fc4b451f3ddcd2a0735668689f06e07d56520fc15a7e4476701bef1d4ac
AUD-000017,2026-01-03 09:48:00,BID_SUBMITTED,"{""bid_id"": ""BID-01181"", ""request_id"": ""REQ-109"", ""vendor_id"": ""VND-0194"", ""price"": 52269.5}",7ae24fc4b451f3ddcd2a0735668689f06e07d56520fc15a7e4476701bef1d4ac,8c01f55fbccb1a83a10ba71dbc2ecd8e94d763b2ed8f571111a9271d6ff79a08
AUD-000018,2026-01-03 09:53:00,BID_SUBMITTED,"{""bid_id"": ""BID-00133"", ""request_id"": ""REQ-014"", ""vendor_id"": ""VND-0409"", ""price"": 29371.37}",8c01f55fbccb1a83a10ba71dbc2ecd8e94d763b2ed8f571111a9271d6ff79a08,1bb4230d18ba97e7451eeda9c294eeb218d8fdc5b7a3ce1c6315a3fa9b2764ea
AUD-000019,2026-01-03 09:57:00,BID_SUBMITTED,"{""bid_id"": ""BID-01182"", ""request_id"": ""REQ-109"", ""vendor_id"": ""VND-0082"", ""price"": 51532.14}",1bb4230d18ba97e7451eeda9c294eeb218d8fdc5b7a3ce1c6315a3fa9b2764ea,5305da307a9ef1477dae5c409bcaa13c3fa7fc56749773c6e0e3a253061e8fce
AUD-000020,2026-01-03 10:06:00,BID_SUBMITTED,"{""bid_id"": ""BID-01183"", ""request_id"": ""REQ-109"", ""vendor_id"": ""VND-0040"", ""price"": 50552.55}",5305da307a9ef1477dae5c409bcaa13c3fa7fc56749773c6e0e3a253061e8fce,0f23701bbb79df37928a78a7aa5787d99a763228c5c860fbe341b1bdd6770b69
AUD-000021,2026-01-03 10:10:00,BID_SUBMITTED,"{""bid_id"": ""BID-01184"", ""request_id"": ""REQ-109"", ""vendor_id"": ""VND-0194"", ""price"": 49975.6}",0f23701bbb79df37928a78a7aa5787d99a763228c5c860fbe341b1bdd6770b69,1d5315eef9a2165d22eab697f9db74d5c5418311dae2859ca4fcc478d87c9e21
AUD-000022,2026-01-03 10:12:00,BID_SUBMITTED,"{""bid_id"": ""BID-01185"", ""request_id"": ""REQ-109"", ""vendor_id"": ""VND-0253"", ""price"": 48756.48}",1d5315eef9a2165d22eab697f9db74d5c5418311dae2859ca4fcc478d87c9e21,7b7213e1772bded8fbd179c0d1c39e4f5ccee2ddfa9c2f835294c953eb7431d5
AUD-000023,2026-01-03 11:00:00,PROCUREMENT_REQUEST_CREATED,"{""request_id"": ""REQ-034"", ""title"": ""Fire Safety Systems Audit (Lot 034)"", ""max_budget"": 194541.04}",7b7213e1772bded8fbd179c0d1c39e4f5ccee2ddfa9c2f835294c953eb7431d5,161208dca5bf3e24575b019e75bc908a0fec8b1786374724fb0d4ac8c1c10714
AUD-000024,2026-01-04 11:08:00,BID_SUBMITTED,"{""bid_id"": ""BID-00352"", ""request_id"": ""REQ-034"", ""vendor_id"": ""VND-0370"", ""price"": 189904.79}",161208dca5bf3e24575b019e75bc908a0fec8b1786374724fb0d4ac8c1c10714,a5601dba0bcb23b3df18080498d5b30bcd8e93148bca1e76e47c21d81310c7b8
AUD-000025,2026-01-04 11:16:00,BID_SUBMITTED,"{""bid_id"": ""BID-00353"", ""request_id"": ""REQ-034"", ""vendor_id"": ""VND-0410"", ""price"": 187744.68}",a5601dba0bcb23b3df18080498d5b30bcd8e93148bca1e76e47c21d81310c7b8,844d2764056a38e520b8bcd2a031f6dd95840bbeb9bee3785d3994145118b086
AUD-000026,2026-01-04 11:24:00,BID_SUBMITTED,"{""bid_id"": ""BID-00354"", ""request_id"": ""REQ-034"", ""vendor_id"": ""VND-0370"", ""price"": 186245.66}",844d2764056a38e520b8bcd2a031f6dd95840bbeb9bee3785d3994145118b086,5bc87dbbac99263722e10c01d46976ca7e6562da74f88faf6c1dc5963c4cea60
AUD-000027,2026-01-04 11:33:00,BID_SUBMITTED,"{""bid_id"": ""BID-00355"", ""request_id"": ""REQ-034"", ""vendor_id"": ""VND-0154"", ""price"": 182504.3}",5bc87dbbac99263722e10c01d46976ca7e6562da74f88faf6c1dc5963c4cea60,d4b6a5a02d2ec49c5c609e392418193ea342eee4d5e45481dc64020bf54b304f
AUD-000028,2026-01-04 11:39:00,BID_SUBMITTED,"{""bid_id"": ""BID-00356"", ""request_id"": ""REQ-034"", ""vendor_id"": ""VND-0154"", ""price"": 178491.61}",d4b6a5a02d2ec49c5c609e392418193ea342eee4d5e45481dc64020bf54b304f,9e4acf600fd4a6c132a3e4dcd2001eafb1894bb5fbb1f26531b0595d8058aa0c
AUD-000029,2026-01-04 11:48:00,BID_SUBMITTED,"{""bid_id"": ""BID-00357"", ""request_id"": ""REQ-034"", ""vendor_id"": ""VND-0410"", ""price"": 177083.84}",9e4acf600fd4a6c132a3e4dcd2001eafb1894bb5fbb1f26531b0595d8058aa0c,9615248a80d4cca6024fd386a131002b0812712df6eceee9536e33f80e87130e
AUD-000030,2026-01-04 14:00:00,PROCUREMENT_REQUEST_CREATED,"{""request_id"": ""REQ-128"", ""title"": ""Carpet & Deep Clean SLA (Lot 128)"", ""max_budget"": 37361.2}",9615248a80d4cca6024fd386a131002b0812712df6eceee9536e33f80e87130e,677bacdc2bca4371f54f164cbb4b2c62e3b5ec205af6e6fdb47fe7241c1e4401
AUD-000031,2026-01-04 16:00:00,PROCUREMENT_REQUEST_CREATED,"{""request_id"": ""REQ-060"", ""title"": ""Office Electrical Maintenance (Lot 060)"", ""max_budget"": 111359.21}",677bacdc2bca4371f54f164cbb4b2c62e3b5ec205af6e6fdb47fe7241c1e4401,c3a1e99e15b3ae63f643960d26b638f3fae0331669ba33f41db8d82a3d18f279
AUD-000032,2026-01-04 18:00:00,PROCUREMENT_REQUEST_CREATED,"{""request_id"": ""REQ-133"", ""title"": ""Desktop Workstation Fleet (Lot 133)"", ""max_budget"": 114152.36}",c3a1e99e15b3ae63f643960d26b638f3fae0331669ba33f41db8d82a3d18f279,7387d65ef25bb82a52570faf847b6d22abcb9614431d1e305325fd6a563fc891
AUD-000033,2026-01-05 14:06:00,BID_SUBMITTED,"{""bid_id"": ""BID-01375"", ""request_id"": ""REQ-128"", ""vendor_id"": ""VND-0302"", ""price"": 36709.2}",7387d65ef25bb82a52570faf847b6d22abcb9614431d1e305325fd6a563fc891,4691982c5546fad93b1e37ef114f455f19594c310b9b5252819ad639e85a5fea
AUD-000034,2026-01-05 14:15:00,BID_SUBMITTED,"{""bid_id"": ""BID-01376"", ""request_id"": ""REQ-128"", ""vendor_id"": ""VND-0302"", ""price"": 36188.93}",4691982c5546fad93b1e37ef114f455f19594c310b9b5252819ad639e85a5fea,f7ef0bda8a16545e6a3c55b262c1453b61acbad5497a72478db0a726e920ff3e
AUD-000035,2026-01-05 14:24:00,BID_SUBMITTED,"{""bid_id"": ""BID-01377"", ""request_id"": ""REQ-128"", ""vendor_id"": ""VND-0120"", ""price"": 35423.56}",f7ef0bda8a16545e6a3c55b262c1453b61acbad5497a72478db0a726e920ff3e,02fabe0c6280cf2a92e09367cad06807a78b525b23e5967daca93b9587da0ef4
AUD-000036,2026-01-05 14:33:00,BID_SUBMITTED,"{""bid_id"": ""BID-01378"", ""request_id"": ""REQ-128"", ""vendor_id"": ""VND-0123"", ""price"": 35092.8}",02fabe0c6280cf2a92e09367cad06807a78b525b23e5967daca93b9587da0ef4,f0875fe8708b618d36277e34c043d5ddfae8f554ce63120095f8c87a019cfa18
AUD-000037,2026-01-05 14:36:00,BID_SUBMITTED,"{""bid_id"": ""BID-01379"", ""request_id"": ""REQ-128"", ""vendor_id"": ""VND-0406"", ""price"": 34629.47}",f0875fe8708b618d36277e34c043d5ddfae8f554ce63120095f8c87a019cfa18,dda823da6e00d93a209df4017f1bbfc38ca40a5a11706a6962affc9a4b0c5196
AUD-000038,2026-01-05 14:41:00,BID_SUBMITTED,"{""bid_id"": ""BID-01380"", ""request_id"": ""REQ-128"", ""vendor_id"": ""VND-0120"", ""price"": 34040.7}",dda823da6e00d93a209df4017f1bbfc38ca40a5a11706a6962affc9a4b0c5196,41acbc62d5646024961661f7901a56e8f22d7d480ef18dd79fbb1867ee506b1f
AUD-000039,2026-01-05 14:51:00,BID_SUBMITTED,"{""bid_id"": ""BID-01381"", ""request_id"": ""REQ-128"", ""vendor_id"": ""VND-0120"", ""price"": 33681.15}",41acbc62d5646024961661f7901a56e8f22d7d480ef18dd79fbb1867ee506b1f,77813872d618be5c0b15ab3bf192d26aef3b510eaedd2a89c73b51b9cfa09aed
AUD-000040,2026-01-05 14:55:00,BID_SUBMITTED,"{""bid_id"": ""BID-01382"", ""request_id"": ""REQ-128"", ""vendor_id"": ""VND-0123"", ""price"": 33479.79}",77813872d618be5c0b15ab3bf192d26aef3b510eaedd2a89c73b51b9cfa09aed,032b80de2052b1d46f989fa6a30adaa12f13eff1c87e0e2cb22dbadc9144a42d
AUD-000041,2026-01-05 14:57:00,BID_SUBMITTED,"{""bid_id"": ""BID-01383"", ""request_id"": ""REQ-128"", ""vendor_id"": ""VND-0302"", ""price"": 32874.96}",032b80de2052b1d46f989fa6a30adaa12f13eff1c87e0e2cb22dbadc9144a42d,84ee783a6af0ec3ec59185ab63ca3b42b19ba738af89cb98aa55363a533ec34f
AUD-000042,2026-01-05 16:07:00,BID_SUBMITTED,"{""bid_id"": ""BID-00636"", ""request_id"": ""REQ-060"", ""vendor_id"": ""VND-0337"", ""price"": 110515.57}",84ee783a6af0ec3ec59185ab63ca3b42b19ba738af89cb98aa55363a533ec34f,bf49fc9370d2748119c2355c3246da5e73e96c6c7e44a7e6b48585f0c4b75d4e
AUD-000043,2026-01-05 16:16:00,BID_SUBMITTED,"{""bid_id"": ""BID-00637"", ""request_id"": ""REQ-060"", ""vendor_id"": ""VND-0240"", ""price"": 109868.62}",bf49fc9370d2748119c2355c3246da5e73e96c6c7e44a7e6b48585f0c4b75d4e,63081a0ea4691124e428503ef23d6a081c00c8275760d702d39e44fb0e31d98d
AUD-000044,2026-01-05 16:24:00,BID_SUBMITTED,"{""bid_id"": ""BID-00638"", ""request_id"": ""REQ-060"", ""vendor_id"": ""VND-0240"", ""price"": 108950.14}",63081a0ea4691124e428503ef23d6a081c00c8275760d702d39e44fb0e31d98d,8b9bc28338e134f8b2ac9557b350c935c9b16557aa10f6805efab088c0f3b590
AUD-000045,2026-01-05 16:33:00,BID_SUBMITTED,"{""bid_id"": ""BID-00639"", ""request_id"": ""REQ-060"", ""vendor_id"": ""VND-0337"", ""price"": 106826.86}",8b9bc28338e134f8b2ac9557b350c935c9b16557aa10f6805efab088c0f3b590,98560763612e9c2ffa9a512f8189f9cb0b773d8bc1213350c02990419e8a0fce
AUD-000046,2026-01-05 16:41:00,BID_SUBMITTED,"{""bid_id"": ""BID-00640"", ""request_id"": ""REQ-060"", ""vendor_id"": ""VND-0240"", ""price"": 105475.01}",98560763612e9c2ffa9a512f8189f9cb0b773d8bc1213350c02990419e8a0fce,ab06aaf0419ca7bb4d801973b9e4c7633a7b4d4cb450578d33f8a62cc7db7045
AUD-000047,2026-01-05 16:45:00,BID_SUBMITTED,"{""bid_id"": ""BID-00641"", ""request_id"": ""REQ-060"", ""vendor_id"": ""VND-0063"", ""price"": 104200.99}",ab06aaf0419ca7bb4d801973b9e4c7633a7b4d4cb450578d33f8a62cc7db7045,bcfb5d54107a031bac92e4aeacf681c0e42f32291f4f26f29c7d76418040da14
AUD-000048,2026-01-05 16:49:00,BID_SUBMITTED,"{""bid_id"": ""BID-00642"", ""request_id"": ""REQ-060"", ""vendor_id"": ""VND-0023"", ""price"": 103096.76}",bcfb5d54107a031bac92e4aeacf681c0e42f32291f4f26f29c7d76418040da14,b86e522c8a0e0d6840b9aaa4f88b11e7bf8c6585f27b7d0662e1d2a7ae796450
AUD-000049,2026-01-05 16:54:00,BID_SUBMITTED,"{""bid_id"": ""BID-00643"", ""request_id"": ""REQ-060"", ""vendor_id"": ""VND-0240"", ""price"": 101315.03}",b86e522c8a0e0d6840b9aaa4f88b11e7bf8c6585f27b7d0662e1d2a7ae796450,be986040da248586bc10d74011842bf8b78cef333cb70a84a5320fb8c2b78f95
AUD-000050,2026-01-05 17:02:00,BID_SUBMITTED,"{""bid_id"": ""BID-00644"", ""request_id"": ""REQ-060"", ""vendor_id"": ""VND-0371"", ""price"": 100210.48}",be986040da248586bc10d74011842bf8b78cef333cb70a84a5320fb8c2b78f95,d6399dec9da65a9a2bbcc41adaf2cf3a1cd4ff09d3ea597298edbd2fe80adcf7
AUD-000051,2026-01-05 17:05:00,BID_SUBMITTED,"{""bid_id"": ""BID-00645"", ""request_id"": ""REQ-060"", ""vendor_id"": ""VND-0091"", ""price"": 98749.35}",d6399dec9da65a9a2bbcc41adaf2cf3a1cd4ff09d3ea597298edbd2fe80adcf7,fcbb14e44e71c28777b7ace6ae72b012aef34c33abf0b72214d6fd122d2ced47
AUD-000052,2026-01-05 17:13:00,BID_SUBMITTED,"{""bid_id"": ""BID-00646"", ""request_id"": ""REQ-060"", ""vendor_id"": ""VND-0023"", ""price"": 97499.15}",fcbb14e44e71c28777b7ace6ae72b012aef34c33abf0b72214d6fd122d2ced47,166ddd126b35157b1fae042b0cb27085ced115adf3247bc6858fcdf56f3b8a04
AUD-000053,2026-01-05 17:23:00,BID_SUBMITTED,"{""bid_id"": ""BID-00647"", ""request_id"": ""REQ-060"", ""vendor_id"": ""VND-0063"", ""price"": 95758.5}",166ddd126b35157b1fae042b0cb27085ced115adf3247bc6858fcdf56f3b8a04,a4c4cc1409e4e25e80ddc075548698ede0bd7e97a491c536373a1be25298d372
AUD-000054,2026-01-05 17:33:00,BID_SUBMITTED,"{""bid_id"": ""BID-00648"", ""request_id"": ""REQ-060"", ""vendor_id"": ""VND-0063"", ""price"": 94071.7}",a4c4cc1409e4e25e80ddc075548698ede0bd7e97a491c536373a1be25298d372,0fe67b4a20228806ca5e56f9c7b2222f8c1b38ff37fff5273ae50f1128a20a7e
AUD-000055,2026-01-05 18:02:00,BID_SUBMITTED,"{""bid_id"": ""BID-01430"", ""request_id"": ""REQ-133"", ""vendor_id"": ""VND-0196"", ""price"": 113572.22}",0fe67b4a20228806ca5e56f9c7b2222f8c1b38ff37fff5273ae50f1128a20a7e,5b6e5af100590c315a9ce49b22efd2a088fb9506972dd2250245ecf117449aa6
AUD-000056,2026-01-05 18:04:00,BID_SUBMITTED,"{""bid_id"": ""BID-01431"", ""request_id"": ""REQ-133"", ""vendor_id"": ""VND-0196"", ""price"": 112247.3}",5b6e5af100590c315a9ce49b22efd2a088fb9506972dd2250245ecf117449aa6,231e204e4c1ca08b892c354e818cf1238ed229d57e53617eba7a544122167a9e
AUD-000057,2026-01-05 18:10:00,BID_SUBMITTED,"{""bid_id"": ""BID-01432"", ""request_id"": ""REQ-133"", ""vendor_id"": ""VND-0196"", ""price"": 110517.4}",231e204e4c1ca08b892c354e818cf1238ed229d57e53617eba7a544122167a9e,2e148fbbfbabc770c543d78280f883c392832705680ad5f3d2b53d1e572fbe7d
AUD-000058,2026-01-05 18:16:00,BID_SUBMITTED,"{""bid_id"": ""BID-01433"", ""request_id"": ""REQ-133"", ""vendor_id"": ""VND-0196"", ""price"": 108688.2}",2e148fbbfbabc770c543d78280f883c392832705680ad5f3d2b53d1e572fbe7d,09096d33a7d3d080b7b3b4fb87e4ee2496ceef1ea82811efd16796a612310b3c
AUD-000059,2026-01-05 18:21:00,BID_SUBMITTED,"{""bid_id"": ""BID-01434"", ""request_id"": ""REQ-133"", ""vendor_id"": ""VND-0018"", ""price"": 107447.25}",09096d33a7d3d080b7b3b4fb87e4ee2496ceef1ea82811efd16796a612310b3c,6582cae81066428ef5f569ac68b8ecf6683243bd5172a2636e29c5bb96bf4823
AUD-000060,2026-01-05 18:28:00,BID_SUBMITTED,"{""bid_id"": ""BID-01435"", ""request_id"": ""REQ-133"", ""vendor_id"": ""VND-0350"", ""price"": 106315.5}",6582cae81066428ef5f569ac68b8ecf6683243bd5172a2636e29c5bb96bf4823,7b31114d6222d65294907e6dec7c382af4a92cd4a60373c1287be4cfa6f974e9
AUD-000061,2026-01-05 18:34:00,BID_SUBMITTED,"{""bid_id"": ""BID-01436"", ""request_id"": ""REQ-133"", ""vendor_id"": ""VND-0320"", ""price"": 104356.91}",7b31114d6222d65294907e6dec7c382af4a92cd4a60373c1287be4cfa6f974e9,ea5db78eba5b5f6f2046f422e7a0acadce884ed979b37bab43b13a0d1fef55e5
AUD-000062,2026-01-05 18:37:00,BID_SUBMITTED,"{""bid_id"": ""BID-01437"", ""request_id"": ""REQ-133"", ""vendor_id"": ""VND-0018"", ""price"": 103506.41}",ea5db78eba5b5f6f2046f422e7a0acadce884ed979b37bab43b13a0d1fef55e5,e4fe6ca351fd38f1e859b6a32e9813011c1619295f6f508c1a7961321f91f94a
AUD-000063,2026-01-05 18:47:00,BID_SUBMITTED,"{""bid_id"": ""BID-01438"", ""request_id"": ""REQ-133"", ""vendor_id"": ""VND-0196"", ""price"": 101005.08}",e4fe6ca351fd38f1e859b6a32e9813011c1619295f6f508c1a7961321f91f94a,04279e3b0530a2528cc15d5db396a37dba01a10a9225d3f2535cb107479aa5e2
AUD-000064,2026-01-05 18:54:00,BID_SUBMITTED,"{""bid_id"": ""BID-01439"", ""request_id"": ""REQ-133"", ""vendor_id"": ""VND-0196"", ""price"": 100082.74}",04279e3b0530a2528cc15d5db396a37dba01a10a9225d3f2535cb107479aa5e2,6a36d46ee798d0d9af8123a0ed07aad5352399a179aa4f946f022731c2535c96
AUD-000065,2026-01-05 19:00:00,BID_SUBMITTED,"{""bid_id"": ""BID-01440"", ""request_id"": ""REQ-133"", ""vendor_id"": ""VND-0350"", ""price"": 99039.78}",6a36d46ee798d0d9af8123a0ed07aad5352399a179aa4f946f022731c2535c96,dc01b5d8174a89ed8db738f23672f2093b7d0dbd9773cb552ea34342e0aeeca4
AUD-000066,2026-01-05 19:06:00,BID_SUBMITTED,"{""bid_id"": ""BID-01441"", ""request_id"": ""REQ-133"", ""vendor_id"": ""VND-0018"", ""price"": 98205.32}",dc01b5d8174a89ed8db738f23672f2093b7d0dbd9773cb552ea34342e0aeeca4,2faca99a16ee41c4752278f5c1f245d8b39ebd221384c0d73ef70bfc379a8c0a
AUD-000067,2026-01-05 19:08:00,BID_SUBMITTED,"{""bid_id"": ""BID-01442"", ""request_id"": ""REQ-133"", ""vendor_id"": ""VND-0350"", ""price"": 96652.54}",2faca99a16ee41c4752278f5c1f245d8b39ebd221384c0d73ef70bfc379a8c0a,c41b5e17fdbbbc1ceffea1259991ec05612d498ea29347bc8d028b7d391d1a0f
AUD-000068,2026-01-05 19:10:00,BID_SUBMITTED,"{""bid_id"": ""BID-01443"", ""request_id"": ""REQ-133"", ""vendor_id"": ""VND-0018"", ""price"": 96113.23}",c41b5e17fdbbbc1ceffea1259991ec05612d498ea29347bc8d028b7d391d1a0f,5110014415aac647f0be9d78c527d23ae1191a42650fa7ffc8c1d69c05a73d97
AUD-000069,2026-01-05 22:00:00,PROCUREMENT_REQUEST_CREATED,"{""request_id"": ""REQ-070"", ""title"": ""Aluminum Extrusion Profiles (Lot 070)"", ""max_budget"": 69391.94}",5110014415aac647f0be9d78c527d23ae1191a42650fa7ffc8c1d69c05a73d97,83f40e580b722a636a05abbd74dc0158a40876b0c20df29fda7c53ecfc8d6fb0
AUD-000070,2026-01-06 22:04:00,BID_SUBMITTED,"{""bid_id"": ""BID-00745"", ""request_id"": ""REQ-070"", ""vendor_id"": ""VND-0188"", ""price"": 68329.87}",83f40e580b722a636a05abbd74dc0158a40876b0c20df29fda7c53ecfc8d6fb0,7748911d2a6aa54d817a81ebfbb1101ec21ccd59e3bd2312bd7697c19d8925eb
AUD-000071,2026-01-06 22:14:00,BID_SUBMITTED,"{""bid_id"": ""BID-00746"", ""request_id"": ""REQ-070"", ""vendor_id"": ""VND-0188"", ""price"": 67563.04}",7748911d2a6aa54d817a81ebfbb1101ec21ccd59e3bd2312bd7697c19d8925eb,834b9666773fa6158f3c0ca0ea8816a348234aad20bd4d660a2d9b28f62a1ce5
AUD-000072,2026-01-06 22:24:00,BID_SUBMITTED,"{""bid_id"": ""BID-00747"", ""request_id"": ""REQ-070"", ""vendor_id"": ""VND-0387"", ""price"": 67041.93}",834b9666773fa6158f3c0ca0ea8816a348234aad20bd4d660a2d9b28f62a1ce5,218bcb8bc0ad5946c578f0939217e379c832b65bbe329ffa71b99c229db58e07
AUD-000073,2026-01-06 22:29:00,BID_SUBMITTED,"{""bid_id"": ""BID-00748"", ""request_id"": ""REQ-070"", ""vendor_id"": ""VND-0230"", ""price"": 66667.9}",218bcb8bc0ad5946c578f0939217e379c832b65bbe329ffa71b99c229db58e07,7d7bc45e8c971383d2705b1889fcf63b61463cf338fcd3193e34730cee670568
AUD-000074,2026-01-06 22:34:00,BID_SUBMITTED,"{""bid_id"": ""BID-00749"", ""request_id"": ""REQ-070"", ""vendor_id"": ""VND-0403"", ""price"": 65218.57}",7d7bc45e8c971383d2705b1889fcf63b61463cf338fcd3193e34730cee670568,0ae1e98aaa4aabdf2f68f629b74e0b3f1045eb5e8b76d39d757c5cef2f2bde64
AUD-000075,2026-01-06 22:41:00,BID_SUBMITTED,"{""bid_id"": ""BID-00750"", ""request_id"": ""REQ-070"", ""vendor_id"": ""VND-0188"", ""price"": 64297.1}",0ae1e98aaa4aabdf2f68f629b74e0b3f1045eb5e8b76d39d757c5cef2f2bde64,33aedc39399174f791c15de07acc0d77da866992887f625afc9f8c1550f85fa8
AUD-000076,2026-01-06 22:48:00,BID_SUBMITTED,"{""bid_id"": ""BID-00751"", ""request_id"": ""REQ-070"", ""vendor_id"": ""VND-0431"", ""price"": 63719.57}",33aedc39399174f791c15de07acc0d77da866992887f625afc9f8c1550f85fa8,c84e32d0a9ebf2ada40fa7b8ab23c0f171d88fb17a14757b57cce5a8d0d201db
AUD-000077,2026-01-06 22:51:00,BID_SUBMITTED,"{""bid_id"": ""BID-00752"", ""request_id"": ""REQ-070"", ""vendor_id"": ""VND-0387"", ""price"": 62757.25}",c84e32d0a9ebf2ada40fa7b8ab23c0f171d88fb17a14757b57cce5a8d0d201db,e1b865f178e1dbbbbd0b36ce68e15b804c10590c6ef2e473e90d180092f039b9
AUD-000078,2026-01-06 22:58:00,BID_SUBMITTED,"{""bid_id"": ""BID-00753"", ""request_id"": ""REQ-070"", ""vendor_id"": ""VND-0431"", ""price"": 62405.1}",e1b865f178e1dbbbbd0b36ce68e15b804c10590c6ef2e473e90d180092f039b9,0c9d93c009081d45822a4b5027afcf51d2c8e2f2ca14b50772c3fbe96f816633
AUD-000079,2026-01-06 23:02:00,BID_SUBMITTED,"{""bid_id"": ""BID-00754"", ""request_id"": ""REQ-070"", ""vendor_id"": ""VND-0387"", ""price"": 61351.65}",0c9d93c009081d45822a4b5027afcf51d2c8e2f2ca14b50772c3fbe96f816633,f28b4f9bfe39d11bf8a5c7cd40ea3158594881878bd8d3dc111fcbad8889f43f
AUD-000080,2026-01-06 23:09:00,BID_SUBMITTED,"{""bid_id"": ""BID-00755"", ""request_id"": ""REQ-070"", ""vendor_id"": ""VND-0387"", ""price"": 60324.77}",f28b4f9bfe39d11bf8a5c7cd40ea3158594881878bd8d3dc111fcbad8889f43f,3143baa08b8a8fa686b57aa37cc9e371e19879cdeffd34e8644b1f6e7272379e
AUD-000081,2026-01-08 01:00:00,PROCUREMENT_REQUEST_CREATED,"{""request_id"": ""REQ-019"", ""title"": ""Laser Printer Toners & Papers (Lot 019)"", ""max_budget"": 9255.56}",3143baa08b8a8fa686b57aa37cc9e371e19879cdeffd34e8644b1f6e7272379e,ec9453411cc102394bce7635169388a576c8dc3fd700efc4d546aee3d109a820
AUD-000082,2026-01-08 19:00:00,PROCUREMENT_REQUEST_CREATED,"{""request_id"": ""REQ-145"", ""title"": ""Cybersecurity Suite Licenses (Lot 145)"", ""max_budget"": 96877.74}",ec9453411cc102394bce7635169388a576c8dc3fd700efc4d546aee3d109a820,e2f4aaa6d66f3d159ff355e176b72616d53a97e5816dd766fc59dbf2081990e4
AUD-000083,2026-01-09 01:09:00,BID_SUBMITTED,"{""bid_id"": ""BID-00180"", ""request_id"": ""REQ-019"", ""vendor_id"": ""VND-0477"", ""price"": 9080.82}",e2f4aaa6d66f3d159ff355e176b72616d53a97e5816dd766fc59dbf2081990e4,7942e9b22b0d43b631e907233170e387e20e41379a489e43cbc6ad47a494b771
AUD-000084,2026-01-09 01:12:00,BID_SUBMITTED,"{""bid_id"": ""BID-00181"", ""request_id"": ""REQ-019"", ""vendor_id"": ""VND-0127"", ""price"": 9013.14}",7942e9b22b0d43b631e907233170e387e20e41379a489e43cbc6ad47a494b771,dce8285cb102b7410208345cb165e3213129e22be0690020a395333c236a765f
AUD-000085,2026-01-09 01:21:00,BID_SUBMITTED,"{""bid_id"": ""BID-00182"", ""request_id"": ""REQ-019"", ""vendor_id"": ""VND-0486"", ""price"": 8936.95}",dce8285cb102b7410208345cb165e3213129e22be0690020a395333c236a765f,4e729d8c203da4cb834e33d8e6627ed3d63c14883935a04ee65a46b0a3df2f08
AUD-000086,2026-01-09 01:28:00,BID_SUBMITTED,"{""bid_id"": ""BID-00183"", ""request_id"": ""REQ-019"", ""vendor_id"": ""VND-0066"", ""price"": 8747.4}",4e729d8c203da4cb834e33d8e6627ed3d63c14883935a04ee65a46b0a3df2f08,da6a71a47efc482efd87fcd2e7d19d7536d3ba307576cd2f8560b8845abf9648
AUD-000087,2026-01-09 01:31:00,BID_SUBMITTED,"{""bid_id"": ""BID-00184"", ""request_id"": ""REQ-019"", ""vendor_id"": ""VND-0256"", ""price"": 8642.88}",da6a71a47efc482efd87fcd2e7d19d7536d3ba307576cd2f8560b8845abf9648,2de7b6cdbaaa5cde75b6d498a119b238c1bf1a8d03929735a9614f0b91bdd86e
AUD-000088,2026-01-09 01:37:00,BID_SUBMITTED,"{""bid_id"": ""BID-00185"", ""request_id"": ""REQ-019"", ""vendor_id"": ""VND-0402"", ""price"": 8505.95}",2de7b6cdbaaa5cde75b6d498a119b238c1bf1a8d03929735a9614f0b91bdd86e,284845881ab0220ac0c24e34ee3bc92157d836f64a37e60b8c63bc6357e6f43b
AUD-000089,2026-01-09 01:41:00,BID_SUBMITTED,"{""bid_id"": ""BID-00186"", ""request_id"": ""REQ-019"", ""vendor_id"": ""VND-0108"", ""price"": 8436.62}",284845881ab0220ac0c24e34ee3bc92157d836f64a37e60b8c63bc6357e6f43b,2d816fd1e7538873dff328a67c55a589905ccff44a1994f85e54b2f12f96fbb9
AUD-000090,2026-01-09 01:46:00,BID_SUBMITTED,"{""bid_id"": ""BID-00187"", ""request_id"": ""REQ-019"", ""vendor_id"": ""VND-0108"", ""price"": 8333.44}",2d816fd1e7538873dff328a67c55a589905ccff44a1994f85e54b2f12f96fbb9,e307fa897039aad94cde8231fc2dbf1477f2515a21efedbe53b80e9e20b8ad38
AUD-000091,2026-01-09 01:50:00,BID_SUBMITTED,"{""bid_id"": ""BID-00188"", ""request_id"": ""REQ-019"", ""vendor_id"": ""VND-0066"", ""price"": 8127.58}",e307fa897039aad94cde8231fc2dbf1477f2515a21efedbe53b80e9e20b8ad38,a3d0afe1b964e87f1cccd1c838557c18c290ee5fb5522a43f63d4eb00f2b8510
AUD-000092,2026-01-09 01:52:00,BID_SUBMITTED,"{""bid_id"": ""BID-00189"", ""request_id"": ""REQ-019"", ""vendor_id"": ""VND-0127"", ""price"": 7958.47}",a3d0afe1b964e87f1cccd1c838557c18c290ee5fb5522a43f63d4eb00f2b8510,7aa07cdd3741db130f13f0ba2fa0d94a83065fb42f900902ffcac896509e3791
AUD-000093,2026-01-09 01:59:00,BID_SUBMITTED,"{""bid_id"": ""BID-00190"", ""request_id"": ""REQ-019"", ""vendor_id"": ""VND-0477"", ""price"": 7830.49}",7aa07cdd3741db130f13f0ba2fa0d94a83065fb42f900902ffcac896509e3791,33983525bdbeabf40e5bdffcf0cdfaae724ea8e5d0d499bc08232002a84bf6c2
AUD-000094,2026-01-09 02:09:00,BID_SUBMITTED,"{""bid_id"": ""BID-00191"", ""request_id"": ""REQ-019"", ""vendor_id"": ""VND-0486"", ""price"": 7665.48}",33983525bdbeabf40e5bdffcf0cdfaae724ea8e5d0d499bc08232002a84bf6c2,ecb7b03bab7d3b00ecd59514e8c6a04b2f2cc024f5553b28b5ee715bfad375b1
AUD-000095,2026-01-09 02:12:00,BID_SUBMITTED,"{""bid_id"": ""BID-00192"", ""request_id"": ""REQ-019"", ""vendor_id"": ""VND-0127"", ""price"": 7533.34}",ecb7b03bab7d3b00ecd59514e8c6a04b2f2cc024f5553b28b5ee715bfad375b1,5ae0ec377d68cfa04102b1eefb7f6ddf0a0243a7ff511cfef80f0998cbe4d0e3
AUD-000096,2026-01-09 02:21:00,BID_SUBMITTED,"{""bid_id"": ""BID-00193"", ""request_id"": ""REQ-019"", ""vendor_id"": ""VND-0066"", ""price"": 7449.07}",5ae0ec377d68cfa04102b1eefb7f6ddf0a0243a7ff511cfef80f0998cbe4d0e3,d6567072f1e20ef9f2e38eee339d2811e33952750ab73b9ceb90507a4b12adf9
AUD-000097,2026-01-09 02:29:00,BID_SUBMITTED,"{""bid_id"": ""BID-00194"", ""request_id"": ""REQ-019"", ""vendor_id"": ""VND-0402"", ""price"": 7350.62}",d6567072f1e20ef9f2e38eee339d2811e33952750ab73b9ceb90507a4b12adf9,f4fa81f54bef09196aa8b395f4b5e3ee8d2f7cfb8781fd8ae1ed820fd4d62f00
AUD-000098,2026-01-09 07:00:00,PROCUREMENT_REQUEST_CREATED,"{""request_id"": ""REQ-044"", ""title"": ""Billboard Campaign Printing (Lot 044)"", ""max_budget"": 27379.93}",f4fa81f54bef09196aa8b395f4b5e3ee8d2f7cfb8781fd8ae1ed820fd4d62f00,3c27d91ba0d08ff4f6fe0ad07137e9d3493c152c380c7527621c5befa8c0256f
AUD-000099,2026-01-09 19:05:00,BID_SUBMITTED,"{""bid_id"": ""BID-01571"", ""request_id"": ""REQ-145"", ""vendor_id"": ""VND-0440"", ""price"": 94518.74}",3c27d91ba0d08ff4f6fe0ad07137e9d3493c152c380c7527621c5befa8c0256f,39e03fec4d755d299766c3e1b1be4adb432b3733a6a599c5bc302fa6c202ba58
AUD-000100,2026-01-09 19:08:00,BID_SUBMITTED,"{""bid_id"": ""BID-01572"", ""request_id"": ""REQ-145"", ""vendor_id"": ""VND-0168"", ""price"": 92730.67}",39e03fec4d755d299766c3e1b1be4adb432b3733a6a599c5bc302fa6c202ba58,4bd36277b1441d42bc331d0db9f3621d37bcfa2458b5981ed97fb97b75f7cd5d
AUD-000101,2026-01-09 19:17:00,BID_SUBMITTED,"{""bid_id"": ""BID-01573"", ""request_id"": ""REQ-145"", ""vendor_id"": ""VND-0075"", ""price"": 90989.48}",4bd36277b1441d42bc331d0db9f3621d37bcfa2458b5981ed97fb97b75f7cd5d,80d2452f0aa063ae43a0bd10536b6e9217aa4b4fbd33439ee690624c4d75ae31
AUD-000102,2026-01-09 19:26:00,BID_SUBMITTED,"{""bid_id"": ""BID-01574"", ""request_id"": ""REQ-145"", ""vendor_id"": ""VND-0440"", ""price"": 88923.63}",80d2452f0aa063ae43a0bd10536b6e9217aa4b4fbd33439ee690624c4d75ae31,8ea69d6734a266fcf1d82268c6c07f28540a5dae7c5c9e926fd4e7c34a36cb37
AUD-000103,2026-01-09 19:28:00,BID_SUBMITTED,"{""bid_id"": ""BID-01575"", ""request_id"": ""REQ-145"", ""vendor_id"": ""VND-0075"", ""price"": 88142.05}",8ea69d6734a266fcf1d82268c6c07f28540a5dae7c5c9e926fd4e7c34a36cb37,e6d462c69f16512815836d61d56da2b9906d4760a21813af9aa98f873a445591
AUD-000104,2026-01-09 19:33:00,BID_SUBMITTED,"{""bid_id"": ""BID-01576"", ""request_id"": ""REQ-145"", ""vendor_id"": ""VND-0458"", ""price"": 87656.63}",e6d462c69f16512815836d61d56da2b9906d4760a21813af9aa98f873a445591,d24d3b1352a6fa692bbaba6ac020b0dff9643433acb45a38d0760b993175153c
AUD-000105,2026-01-09 19:43:00,BID_SUBMITTED,"{""bid_id"": ""BID-01577"", ""request_id"": ""REQ-145"", ""vendor_id"": ""VND-0388"", ""price"": 86536.79}",d24d3b1352a6fa692bbaba6ac020b0dff9643433acb45a38d0760b993175153c,0b281d2fe1dc541ec5e7f89d652afdc94271db863d68df26264c8333bf88b723
AUD-000106,2026-01-09 19:53:00,BID_SUBMITTED,"{""bid_id"": ""BID-01578"", ""request_id"": ""REQ-145"", ""vendor_id"": ""VND-0075"", ""price"": 85571.5}",0b281d2fe1dc541ec5e7f89d652afdc94271db863d68df26264c8333bf88b723,299382e5607109aa76cca50a49aa5b6b265ede45a08a9a4f58b6c33fa47a02db
AUD-000107,2026-01-09 19:55:00,BID_SUBMITTED,"{""bid_id"": ""BID-01579"", ""request_id"": ""REQ-145"", ""vendor_id"": ""VND-0388"", ""price"": 83489.42}",299382e5607109aa76cca50a49aa5b6b265ede45a08a9a4f58b6c33fa47a02db,e15dfc14fb70070b6e256c2e480fcc66ba4eefede41543c31bef2b24452af6e3
AUD-000108,2026-01-09 20:02:00,BID_SUBMITTED,"{""bid_id"": ""BID-01580"", ""request_id"": ""REQ-145"", ""vendor_id"": ""VND-0440"", ""price"": 82505.44}",e15dfc14fb70070b6e256c2e480fcc66ba4eefede41543c31bef2b24452af6e3,e1bc7a6e15469e2b9ed6047030d6d29732a0881633b227160dc1982b0f9eec68
AUD-000109,2026-01-09 20:05:00,BID_SUBMITTED,"{""bid_id"": ""BID-01581"", ""request_id"": ""REQ-145"", ""vendor_id"": ""VND-0075"", ""price"": 82022.26}",e1bc7a6e15469e2b9ed6047030d6d29732a0881633b227160dc1982b0f9eec68,8043d56893846feeff4602e307683fe2c0d9904e459f9ea394812501479e471d
AUD-000110,2026-01-09 20:15:00,BID_SUBMITTED,"{""bid_id"": ""BID-01582"", ""request_id"": ""REQ-145"", ""vendor_id"": ""VND-0458"", ""price"": 80288.14}",8043d56893846feeff4602e307683fe2c0d9904e459f9ea394812501479e471d,afa53120e3107922f8474f86f4bcef2d8fcaf0ffe86a239bee0fb20944200381
AUD-000111,2026-01-09 20:25:00,BID_SUBMITTED,"{""bid_id"": ""BID-01583"", ""request_id"": ""REQ-145"", ""vendor_id"": ""VND-0388"", ""price"": 78377.14}",afa53120e3107922f8474f86f4bcef2d8fcaf0ffe86a239bee0fb20944200381,abf4fcefaaa8fb6b40b8ffa9c42156c84233e66cbc6d89d90cf3ce1494b93afb
AUD-000112,2026-01-10 07:05:00,BID_SUBMITTED,"{""bid_id"": ""BID-00455"", ""request_id"": ""REQ-044"", ""vendor_id"": ""VND-0146"", ""price"": 26937.47}",abf4fcefaaa8fb6b40b8ffa9c42156c84233e66cbc6d89d90cf3ce1494b93afb,4109d4803306b1f41b022c206b2095f3606e639f466ced65ddb9ff6bb31c6a1c
AUD-000113,2026-01-10 07:14:00,BID_SUBMITTED,"{""bid_id"": ""BID-00456"", ""request_id"": ""REQ-044"", ""vendor_id"": ""VND-0160"", ""price"": 26601.23}",4109d4803306b1f41b022c206b2095f3606e639f466ced65ddb9ff6bb31c6a1c,26c59957e2fa3d1253970549934258dcf819f67a696a3ee760649f4793b08a8a
AUD-000114,2026-01-10 07:18:00,BID_SUBMITTED,"{""bid_id"": ""BID-00457"", ""request_id"": ""REQ-044"", ""vendor_id"": ""VND-0146"", ""price"": 26100.89}",26c59957e2fa3d1253970549934258dcf819f67a696a3ee760649f4793b08a8a,9cc21dc91b4c05080fcf26a371892734b19e9a29dfee8b8f7a9c99e626846bea
AUD-000115,2026-01-10 07:27:00,BID_SUBMITTED,"{""bid_id"": ""BID-00458"", ""request_id"": ""REQ-044"", ""vendor_id"": ""VND-0001"", ""price"": 25449.57}",9cc21dc91b4c05080fcf26a371892734b19e9a29dfee8b8f7a9c99e626846bea,57c51cf572053969b1a3c8ea68e93551b53c7e6dffa7e0a4a45869d421576c16
AUD-000116,2026-01-10 07:30:00,BID_SUBMITTED,"{""bid_id"": ""BID-00459"", ""request_id"": ""REQ-044"", ""vendor_id"": ""VND-0281"", ""price"": 25171.95}",57c51cf572053969b1a3c8ea68e93551b53c7e6dffa7e0a4a45869d421576c16,0b0efd1e3fce9edf0188bbe99a2de034bd6007380cd9fda80a4fdf9c7d97b703
AUD-000117,2026-01-10 07:34:00,BID_SUBMITTED,"{""bid_id"": ""BID-00460"", ""request_id"": ""REQ-044"", ""vendor_id"": ""VND-0281"", ""price"": 24627.57}",0b0efd1e3fce9edf0188bbe99a2de034bd6007380cd9fda80a4fdf9c7d97b703,0bd06611509c42108fa74303916435308d2f970bc9886168107f9fe88f8a48b5
AUD-000118,2026-01-10 07:43:00,BID_SUBMITTED,"{""bid_id"": ""BID-00461"", ""request_id"": ""REQ-044"", ""vendor_id"": ""VND-0001"", ""price"": 24350.81}",0bd06611509c42108fa74303916435308d2f970bc9886168107f9fe88f8a48b5,3fb38d8560f7a6e1f2503998040bfee607c73773bb4a951607a4ab32d9aeb528
AUD-000119,2026-01-10 07:50:00,BID_SUBMITTED,"{""bid_id"": ""BID-00462"", ""request_id"": ""REQ-044"", ""vendor_id"": ""VND-0085"", ""price"": 23975.27}",3fb38d8560f7a6e1f2503998040bfee607c73773bb4a951607a4ab32d9aeb528,64ab06b5f16ad191d3ce625b6a89705d6e5146d68ec0c8e36ccd0e5cc03e806d
AUD-000120,2026-01-10 07:59:00,BID_SUBMITTED,"{""bid_id"": ""BID-00463"", ""request_id"": ""REQ-044"", ""vendor_id"": ""VND-0160"", ""price"": 23808.58}",64ab06b5f16ad191d3ce625b6a89705d6e5146d68ec0c8e36ccd0e5cc03e806d,45beaaf12b6522c72cbdff4254e4b9b3639237b08a6ed0a0611d6e06958ced84
AUD-000121,2026-01-10 08:01:00,BID_SUBMITTED,"{""bid_id"": ""BID-00464"", ""request_id"": ""REQ-044"", ""vendor_id"": ""VND-0001"", ""price"": 23657.55}",45beaaf12b6522c72cbdff4254e4b9b3639237b08a6ed0a0611d6e06958ced84,3a6b07f87f6968c623b8ef86ad9de3994afb16af206e8a3b9b33fc7e921d4ca9
AUD-000122,2026-01-10 08:08:00,BID_SUBMITTED,"{""bid_id"": ""BID-00465"", ""request_id"": ""REQ-044"", ""vendor_id"": ""VND-0281"", ""price"": 23528.58}",3a6b07f87f6968c623b8ef86ad9de3994afb16af206e8a3b9b33fc7e921d4ca9,5dafdc01a779b64935d6c892f72e81e58e0e583d0ccbcb82c0df6c0ca5be7b6c
AUD-000123,2026-01-10 08:12:00,BID_SUBMITTED,"{""bid_id"": ""BID-00466"", ""request_id"": ""REQ-044"", ""vendor_id"": ""VND-0281"", ""price"": 23092.29}",5dafdc01a779b64935d6c892f72e81e58e0e583d0ccbcb82c0df6c0ca5be7b6c,976abf35412ff577769cafdd86e036adf18afa3ab609e89c064f81f0d2c3a21d
AUD-000124,2026-01-10 08:22:00,BID_SUBMITTED,"{""bid_id"": ""BID-00467"", ""request_id"": ""REQ-044"", ""vendor_id"": ""VND-0085"", ""price"": 22738.52}",976abf35412ff577769cafdd86e036adf18afa3ab609e89c064f81f0d2c3a21d,68eda4b2d744ef8e1daf3f7aa96de801938fe9cd62c72f8bbf1097094bec131a
AUD-000125,2026-01-10 08:30:00,BID_SUBMITTED,"{""bid_id"": ""BID-00468"", ""request_id"": ""REQ-044"", ""vendor_id"": ""VND-0085"", ""price"": 22474.3}",68eda4b2d744ef8e1daf3f7aa96de801938fe9cd62c72f8bbf1097094bec131a,9cdb4598c876a765a4fd822a2e8e8ecba554e9eaa5afe1e601f77103d1cc7451
AUD-000126,2026-01-11 15:00:00,PROCUREMENT_REQUEST_CREATED,"{""request_id"": ""REQ-001"", ""title"": ""BI Analytics Platform Licenses (Lot 001)"", ""max_budget"": 56032.61}",9cdb4598c876a765a4fd822a2e8e8ecba554e9eaa5afe1e601f77103d1cc7451,bd1b48afec1679043e41efa506ae22c6bee89a66aed25437f8660f58b8ac924e
AUD-000127,2026-01-12 15:10:00,BID_SUBMITTED,"{""bid_id"": ""BID-00001"", ""request_id"": ""REQ-001"", ""vendor_id"": ""VND-0144"", ""price"": 55522.48}",bd1b48afec1679043e41efa506ae22c6bee89a66aed25437f8660f58b8ac924e,db09c60b68370ab4eef0301e125e752085037a9177212f7be74501b3e41edd73
AUD-000128,2026-01-12 15:15:00,BID_SUBMITTED,"{""bid_id"": ""BID-00002"", ""request_id"": ""REQ-001"", ""vendor_id"": ""VND-0459"", ""price"": 54593.72}",db09c60b68370ab4eef0301e125e752085037a9177212f7be74501b3e41edd73,44309141cb4c8b8e65f9f5f72fe6ca2e3f54b13ea58cd3a5ac85092ab8540abf
AUD-000129,2026-01-12 15:17:00,BID_SUBMITTED,"{""bid_id"": ""BID-00003"", ""request_id"": ""REQ-001"", ""vendor_id"": ""VND-0204"", ""price"": 53475.24}",44309141cb4c8b8e65f9f5f72fe6ca2e3f54b13ea58cd3a5ac85092ab8540abf,203bca8e52c49d3b34948691d4e14c46429d6365d9ad6f82b3e55e6c2cd38bf5
AUD-000130,2026-01-12 15:21:00,BID_SUBMITTED,"{""bid_id"": ""BID-00004"", ""request_id"": ""REQ-001"", ""vendor_id"": ""VND-0204"", ""price"": 52289.79}",203bca8e52c49d3b34948691d4e14c46429d6365d9ad6f82b3e55e6c2cd38bf5,23e3258ba72902692d1dcf250f52e0cda61242c20260a063c13b2725a04d11f8
AUD-000131,2026-01-12 15:25:00,BID_SUBMITTED,"{""bid_id"": ""BID-00005"", ""request_id"": ""REQ-001"", ""vendor_id"": ""VND-0459"", ""price"": 51463.39}",23e3258ba72902692d1dcf250f52e0cda61242c20260a063c13b2725a04d11f8,74de91166865a8e17dd01c1dc6f0865fc0cb60addf12c10eccd6989b65982d24
AUD-000132,2026-01-12 15:27:00,BID_SUBMITTED,"{""bid_id"": ""BID-00006"", ""request_id"": ""REQ-001"", ""vendor_id"": ""VND-0459"", ""price"": 50525.67}",74de91166865a8e17dd01c1dc6f0865fc0cb60addf12c10eccd6989b65982d24,a947fcf1ebc1ff4e32a1d66211c7c599565c052b6dc9de8cbcce52fed63816d6
AUD-000133,2026-01-12 15:32:00,BID_SUBMITTED,"{""bid_id"": ""BID-00007"", ""request_id"": ""REQ-001"", ""vendor_id"": ""VND-0459"", ""price"": 50258.02}",a947fcf1ebc1ff4e32a1d66211c7c599565c052b6dc9de8cbcce52fed63816d6,5bd6dc78d217596c367babbfa876a1eac9cdd1c185530f6961cdfbed07f0e511
AUD-000134,2026-01-12 15:36:00,BID_SUBMITTED,"{""bid_id"": ""BID-00008"", ""request_id"": ""REQ-001"", ""vendor_id"": ""VND-0144"", ""price"": 49681.29}",5bd6dc78d217596c367babbfa876a1eac9cdd1c185530f6961cdfbed07f0e511,b63aa7be2d0922fc481438c5b5dd0aa1d6bc2e467fb464394b2f636291a96fa8
AUD-000135,2026-01-13 22:00:00,PROCUREMENT_REQUEST_CREATED,"{""request_id"": ""REQ-008"", ""title"": ""Adhesives & Resins Bulk (Lot 008)"", ""max_budget"": 156458.56}",b63aa7be2d0922fc481438c5b5dd0aa1d6bc2e467fb464394b2f636291a96fa8,a8cf2a820dadcb95b4a19582c345767871af62cd9008cdf24c89b3a175077fa5
AUD-000136,2026-01-14 22:06:00,BID_SUBMITTED,"{""bid_id"": ""BID-00065"", ""request_id"": ""REQ-008"", ""vendor_id"": ""VND-0076"", ""price"": 154437.85}",a8cf2a820dadcb95b4a19582c345767871af62cd9008cdf24c89b3a175077fa5,40c042384a834c82247769aca07f78249391567ca6660efef6c4176d1b995d28
AUD-000137,2026-01-14 22:10:00,BID_SUBMITTED,"{""bid_id"": ""BID-00066"", ""request_id"": ""REQ-008"", ""vendor_id"": ""VND-0099"", ""price"": 152981.27}",40c042384a834c82247769aca07f78249391567ca6660efef6c4176d1b995d28,402b591e968b16fe91d7266fa9f4c467f5261938b1801a0ae9a491befb414acd
AUD-000138,2026-01-14 22:13:00,BID_SUBMITTED,"{""bid_id"": ""BID-00067"", ""request_id"": ""REQ-008"", ""vendor_id"": ""VND-0076"", ""price"": 150654.48}",402b591e968b16fe91d7266fa9f4c467f5261938b1801a0ae9a491befb414acd,0d236dc84ac3f57ba89f4c2fa85d373cac3322d2d7aa57f82570428e113fc1ad
AUD-000139,2026-01-14 22:20:00,BID_SUBMITTED,"{""bid_id"": ""BID-00068"", ""request_id"": ""REQ-008"", ""vendor_id"": ""VND-0319"", ""price"": 148364.68}",0d236dc84ac3f57ba89f4c2fa85d373cac3322d2d7aa57f82570428e113fc1ad,3f40909b3d2a9a94a3dc599bd4069185a274f9f41afe14ab8124e04e5a83143c
AUD-000140,2026-01-14 22:24:00,BID_SUBMITTED,"{""bid_id"": ""BID-00069"", ""request_id"": ""REQ-008"", ""vendor_id"": ""VND-0099"", ""price"": 145464.51}",3f40909b3d2a9a94a3dc599bd4069185a274f9f41afe14ab8124e04e5a83143c,7d6f7813647c929ace3ec7d496f4a40818d15ec0a37531edd32d4ac9c2d3eb8c
AUD-000141,2026-01-14 22:30:00,BID_SUBMITTED,"{""bid_id"": ""BID-00070"", ""request_id"": ""REQ-008"", ""vendor_id"": ""VND-0325"", ""price"": 144438.09}",7d6f7813647c929ace3ec7d496f4a40818d15ec0a37531edd32d4ac9c2d3eb8c,e69d7db58163844f9dc42f5e5f7c940c1aed0727c911fd5361c471c2afcddc36
AUD-000142,2026-01-14 22:34:00,BID_SUBMITTED,"{""bid_id"": ""BID-00071"", ""request_id"": ""REQ-008"", ""vendor_id"": ""VND-0325"", ""price"": 143214.71}",e69d7db58163844f9dc42f5e5f7c940c1aed0727c911fd5361c471c2afcddc36,daefede34cd25027ffa4648210797f14d6e6006e92834b01c137aab0190fc0a3
AUD-000143,2026-01-14 22:43:00,BID_SUBMITTED,"{""bid_id"": ""BID-00072"", ""request_id"": ""REQ-008"", ""vendor_id"": ""VND-0076"", ""price"": 141991.23}",daefede34cd25027ffa4648210797f14d6e6006e92834b01c137aab0190fc0a3,d4e3007ac7356b4473513f4381343f0f0fa089babe639738f1983dfe0577fbce
AUD-000144,2026-01-14 22:52:00,BID_SUBMITTED,"{""bid_id"": ""BID-00073"", ""request_id"": ""REQ-008"", ""vendor_id"": ""VND-0219"", ""price"": 139138.78}",d4e3007ac7356b4473513f4381343f0f0fa089babe639738f1983dfe0577fbce,63f6e1d6900b4fe912e956af82bc71d54cc48158811af068ad1066d553b418ec
AUD-000145,2026-01-14 22:59:00,BID_SUBMITTED,"{""bid_id"": ""BID-00074"", ""request_id"": ""REQ-008"", ""vendor_id"": ""VND-0319"", ""price"": 136653.79}",63f6e1d6900b4fe912e956af82bc71d54cc48158811af068ad1066d553b418ec,b361fc2438ae66a1436d7d0722182dcc2b822e960dcbf288a669d074b6c4e08b
AUD-000146,2026-01-14 23:02:00,BID_SUBMITTED,"{""bid_id"": ""BID-00075"", ""request_id"": ""REQ-008"", ""vendor_id"": ""VND-0099"", ""price"": 135557.94}",b361fc2438ae66a1436d7d0722182dcc2b822e960dcbf288a669d074b6c4e08b,7c4858585660ffb891b41c46c893f89500303002b996130d3cc3bdbe4976e719
AUD-000147,2026-01-14 23:08:00,BID_SUBMITTED,"{""bid_id"": ""BID-00076"", ""request_id"": ""REQ-008"", ""vendor_id"": ""VND-0219"", ""price"": 133681.26}",7c4858585660ffb891b41c46c893f89500303002b996130d3cc3bdbe4976e719,90451aa9ebd8b766bea69b805c6d412c2e85943b8dc9354c719e72c1070ff6f1
AUD-000148,2026-01-14 23:15:00,BID_SUBMITTED,"{""bid_id"": ""BID-00077"", ""request_id"": ""REQ-008"", ""vendor_id"": ""VND-0099"", ""price"": 131431.61}",90451aa9ebd8b766bea69b805c6d412c2e85943b8dc9354c719e72c1070ff6f1,d2b9d43ce1db5d06e2671426fa59e5654826536587f6d5737d7a715c1d3a2f82
AUD-000149,2026-01-14 23:24:00,BID_SUBMITTED,"{""bid_id"": ""BID-00078"", ""request_id"": ""REQ-008"", ""vendor_id"": ""VND-0319"", ""price"": 130579.44}",d2b9d43ce1db5d06e2671426fa59e5654826536587f6d5737d7a715c1d3a2f82,9e99942aca22edd9035af70a7f8298144fdd22a6f05e6f1665edfd1bc1dcf859
AUD-000150,2026-01-15 17:00:00,PROCUREMENT_REQUEST_CREATED,"{""request_id"": ""REQ-071"", ""title"": ""Conference Room Furniture Setup (Lot 071)"", ""max_budget"": 152566.54}",9e99942aca22edd9035af70a7f8298144fdd22a6f05e6f1665edfd1bc1dcf859,0bf4c8ab6573a72ea648b03c994acaf0880179c0e952609e6261d554f8a7f116
AUD-000151,2026-01-16 17:00:02,BID_SUBMITTED,"{""bid_id"": ""BID-00756"", ""request_id"": ""REQ-071"", ""vendor_id"": ""VND-0318"", ""price"": 144788.21}",0bf4c8ab6573a72ea648b03c994acaf0880179c0e952609e6261d554f8a7f116,aaa790811de128a4383bc9f794f720aa9cef58dea48b6407590a159faec8e13c
AUD-000152,2026-01-16 17:00:03,BID_SUBMITTED,"{""bid_id"": ""BID-00757"", ""request_id"": ""REQ-071"", ""vendor_id"": ""VND-0147"", ""price"": 144638.21}",aaa790811de128a4383bc9f794f720aa9cef58dea48b6407590a159faec8e13c,fb282136ab39f5c1d28209f416b4321d27dae04f8b66609c423792c6873ac000
AUD-000153,2026-01-16 17:00:05,BID_SUBMITTED,"{""bid_id"": ""BID-00758"", ""request_id"": ""REQ-071"", ""vendor_id"": ""VND-0318"", ""price"": 144488.21}",fb282136ab39f5c1d28209f416b4321d27dae04f8b66609c423792c6873ac000,e9d12a5f3e7fb941d57e6f8d6dbb8795ed3d9ebfbbad6e705601e0c13806e226
AUD-000154,2026-01-16 17:00:06,BID_SUBMITTED,"{""bid_id"": ""BID-00759"", ""request_id"": ""REQ-071"", ""vendor_id"": ""VND-0147"", ""price"": 144338.21}",e9d12a5f3e7fb941d57e6f8d6dbb8795ed3d9ebfbbad6e705601e0c13806e226,e27533b637c21904766a1a25fe1fe773cd9beb2205b0035a6764ed5d968a2a14
AUD-000155,2026-01-16 17:00:08,BID_SUBMITTED,"{""bid_id"": ""BID-00760"", ""request_id"": ""REQ-071"", ""vendor_id"": ""VND-0318"", ""price"": 144188.21}",e27533b637c21904766a1a25fe1fe773cd9beb2205b0035a6764ed5d968a2a14,5120d05e85b54d60366c065a4ce030cac7b4ae599f3c0f98378a4cc751e8ece9
AUD-000156,2026-01-16 17:00:09,BID_SUBMITTED,"{""bid_id"": ""BID-00761"", ""request_id"": ""REQ-071"", ""vendor_id"": ""VND-0147"", ""price"": 144038.21}",5120d05e85b54d60366c065a4ce030cac7b4ae599f3c0f98378a4cc751e8ece9,393eff00797766edff33c9ce087598793d23a0d1a9c87f859255d3f4d4c87ec3
AUD-000157,2026-01-16 17:00:10,BID_SUBMITTED,"{""bid_id"": ""BID-00762"", ""request_id"": ""REQ-071"", ""vendor_id"": ""VND-0318"", ""price"": 143888.21}",393eff00797766edff33c9ce087598793d23a0d1a9c87f859255d3f4d4c87ec3,4e66b53f7ae7497a03e5b1af1c372b79095c27ac9d280dcb54e8dabf25b040e5
AUD-000158,2026-01-16 17:00:11,BID_SUBMITTED,"{""bid_id"": ""BID-00763"", ""request_id"": ""REQ-071"", ""vendor_id"": ""VND-0147"", ""price"": 143738.21}",4e66b53f7ae7497a03e5b1af1c372b79095c27ac9d280dcb54e8dabf25b040e5,8524f630e965a73e5652610e98e6ff9d5836f6f9548bb2e0f512c73ba9ca568d
AUD-000159,2026-01-16 17:00:12,BID_SUBMITTED,"{""bid_id"": ""BID-00764"", ""request_id"": ""REQ-071"", ""vendor_id"": ""VND-0318"", ""price"": 143588.21}",8524f630e965a73e5652610e98e6ff9d5836f6f9548bb2e0f512c73ba9ca568d,040b6533c895d3bbee3f51f7d908e462c05dbd112a72fbfb6d98b53841ed16d8
AUD-000160,2026-01-16 17:00:13,BID_SUBMITTED,"{""bid_id"": ""BID-00765"", ""request_id"": ""REQ-071"", ""vendor_id"": ""VND-0147"", ""price"": 143438.21}",040b6533c895d3bbee3f51f7d908e462c05dbd112a72fbfb6d98b53841ed16d8,bd6e97684ab5036ca28bf6ffe8ad6e328a267df55a959f0baa5ac747ce0c9e1b
AUD-000161,2026-01-16 17:10:13,BID_SUBMITTED,"{""bid_id"": ""BID-00766"", ""request_id"": ""REQ-071"", ""vendor_id"": ""VND-0008"", ""price"": 131889.38}",bd6e97684ab5036ca28bf6ffe8ad6e328a267df55a959f0baa5ac747ce0c9e1b,e00ee569c62ca08bc0ff2c4a0f4e9e4d32438c0bbe90cd1f5d12f01651dfbe71
AUD-000162,2026-01-16 17:20:13,BID_SUBMITTED,"{""bid_id"": ""BID-00767"", ""request_id"": ""REQ-071"", ""vendor_id"": ""VND-0037"", ""price"": 134054.96}",e00ee569c62ca08bc0ff2c4a0f4e9e4d32438c0bbe90cd1f5d12f01651dfbe71,b6110e2917bd96238f5a2d886c5ee64e9c03f910b480614904c489ffe7410be3
AUD-000163,2026-01-18 20:00:00,PROCUREMENT_REQUEST_CREATED,"{""request_id"": ""REQ-146"", ""title"": ""Aluminum Extrusion Profiles (Lot 146)"", ""max_budget"": 165219.2}",b6110e2917bd96238f5a2d886c5ee64e9c03f910b480614904c489ffe7410be3,d0e628f4d683e5b03c63fed7debe563773777aa14944a2c55313c39d189a956e
AUD-000164,2026-01-19 08:00:00,PROCUREMENT_REQUEST_CREATED,"{""request_id"": ""REQ-108"", ""title"": ""Laser Printer Toners & Papers (Lot 108)"", ""max_budget"": 181697.93}",d0e628f4d683e5b03c63fed7debe563773777aa14944a2c55313c39d189a956e,3b30bc5163ae154c1602cd723ecee094151094bf727a85882b56675b9388bb4a
AUD-000165,2026-01-19 20:00:01,BID_SUBMITTED,"{""bid_id"": ""BID-01584"", ""request_id"": ""REQ-146"", ""vendor_id"": ""VND-0194"", ""price"": 156808.24}",3b30bc5163ae154c1602cd723ecee094151094bf727a85882b56675b9388bb4a,41b692c711333966ddc72fd0a2def20b7c92706f01a9e15617549c41063097d4
AUD-000166,2026-01-19 20:00:02,BID_SUBMITTED,"{""bid_id"": ""BID-01585"", ""request_id"": ""REQ-146"", ""vendor_id"": ""VND-0064"", ""price"": 156658.24}",41b692c711333966ddc72fd0a2def20b7c92706f01a9e15617549c41063097d4,1dbac623437fecf7111d073c02cac8e8611da4b65ede35317847a6efccf997cd
AUD-000167,2026-01-19 20:00:04,BID_SUBMITTED,"{""bid_id"": ""BID-01586"", ""request_id"": ""REQ-146"", ""vendor_id"": ""VND-0194"", ""price"": 156508.24}",1dbac623437fecf7111d073c02cac8e8611da4b65ede35317847a6efccf997cd,c82d955f2d4f6c4ef82c2fac58a695d34f4a144adb504abe4fd145ccfbfcff3c
AUD-000168,2026-01-19 20:00:05,BID_SUBMITTED,"{""bid_id"": ""BID-01587"", ""request_id"": ""REQ-146"", ""vendor_id"": ""VND-0064"", ""price"": 156358.24}",c82d955f2d4f6c4ef82c2fac58a695d34f4a144adb504abe4fd145ccfbfcff3c,1f02c6a63be3cd8f5a7c775d5daf95880aa60c2292aa681a9974015d0aa3548a
AUD-000169,2026-01-19 20:00:07,BID_SUBMITTED,"{""bid_id"": ""BID-01588"", ""request_id"": ""REQ-146"", ""vendor_id"": ""VND-0194"", ""price"": 156208.24}",1f02c6a63be3cd8f5a7c775d5daf95880aa60c2292aa681a9974015d0aa3548a,6bd54913be4add2d94abc978f6b970d4985a4b9639e5f86b4be9338b37cf6b98
AUD-000170,2026-01-19 20:00:08,BID_SUBMITTED,"{""bid_id"": ""BID-01589"", ""request_id"": ""REQ-146"", ""vendor_id"": ""VND-0064"", ""price"": 156058.24}",6bd54913be4add2d94abc978f6b970d4985a4b9639e5f86b4be9338b37cf6b98,019f07ce51af464dcb3f73d4928d8d4c022ba8950047afed2e76fb2eb0840d83
AUD-000171,2026-01-19 20:00:09,BID_SUBMITTED,"{""bid_id"": ""BID-01590"", ""request_id"": ""REQ-146"", ""vendor_id"": ""VND-0194"", ""price"": 155908.24}",019f07ce51af464dcb3f73d4928d8d4c022ba8950047afed2e76fb2eb0840d83,0336e13e1b40db6649926ad035c5e0e9060299ad8bc5329f7bb55748cd44ea28
AUD-000172,2026-01-19 20:00:10,BID_SUBMITTED,"{""bid_id"": ""BID-01591"", ""request_id"": ""REQ-146"", ""vendor_id"": ""VND-0064"", ""price"": 155758.24}",0336e13e1b40db6649926ad035c5e0e9060299ad8bc5329f7bb55748cd44ea28,2dc22b00351c06e0ab0a5dbbfe66b9b25a87898c6f453893d1f86fb83ec071be
AUD-000173,2026-01-19 20:00:11,BID_SUBMITTED,"{""bid_id"": ""BID-01592"", ""request_id"": ""REQ-146"", ""vendor_id"": ""VND-0194"", ""price"": 155608.24}",2dc22b00351c06e0ab0a5dbbfe66b9b25a87898c6f453893d1f86fb83ec071be,eafad1e88870fc3c2c90fc4cbdf74f9f447dbfe80e5212f1a7e06e319b20f6a4
AUD-000174,2026-01-19 20:00:12,BID_SUBMITTED,"{""bid_id"": ""BID-01593"", ""request_id"": ""REQ-146"", ""vendor_id"": ""VND-0064"", ""price"": 155458.24}",eafad1e88870fc3c2c90fc4cbdf74f9f447dbfe80e5212f1a7e06e319b20f6a4,abced3954b90a9e546771f16f7e341c7a325d8f23ce379eb8b4910047b3c054b
AUD-000175,2026-01-19 20:10:12,BID_SUBMITTED,"{""bid_id"": ""BID-01594"", ""request_id"": ""REQ-146"", ""vendor_id"": ""VND-0040"", ""price"": 141014.1}",abced3954b90a9e546771f16f7e341c7a325d8f23ce379eb8b4910047b3c054b,07d1d0f97b8f31808fc4217368b37732e70d6477217b6c795db83fdac5e2fab6
AUD-000176,2026-01-19 20:17:12,BID_SUBMITTED,"{""bid_id"": ""BID-01595"", ""request_id"": ""REQ-146"", ""vendor_id"": ""VND-0044"", ""price"": 149928.45}",07d1d0f97b8f31808fc4217368b37732e70d6477217b6c795db83fdac5e2fab6,aa6a0206640a518c94e8313e04f442bca0d626b6c5037722f32c8b44511dd356
AUD-000177,2026-01-20 08:06:00,BID_SUBMITTED,"{""bid_id"": ""BID-01161"", ""request_id"": ""REQ-108"", ""vendor_id"": ""VND-0267"", ""price"": 178824.98}",aa6a0206640a518c94e8313e04f442bca0d626b6c5037722f32c8b44511dd356,c907f0a9073d06f8f402e16bdfd7a3db2884ea1988420d70168b7d86703785b1
AUD-000178,2026-01-20 08:16:00,BID_SUBMITTED,"{""bid_id"": ""BID-01162"", ""request_id"": ""REQ-108"", ""vendor_id"": ""VND-0224"", ""price"": 176339.87}",c907f0a9073d06f8f402e16bdfd7a3db2884ea1988420d70168b7d86703785b1,c34c901aac4c1760ccb0fa0853abbecdbc35aeeb27454641d57fde2bad3f62e7
AUD-000179,2026-01-20 08:25:00,BID_SUBMITTED,"{""bid_id"": ""BID-01163"", ""request_id"": ""REQ-108"", ""vendor_id"": ""VND-0007"", ""price"": 173374.43}",c34c901aac4c1760ccb0fa0853abbecdbc35aeeb27454641d57fde2bad3f62e7,eccf7f9c59969aa78e6e61b4fc5761956728733fa7b1171f9cf301fd5b76797d
AUD-000180,2026-01-20 08:33:00,BID_SUBMITTED,"{""bid_id"": ""BID-01164"", ""request_id"": ""REQ-108"", ""vendor_id"": ""VND-0202"", ""price"": 169910.71}",eccf7f9c59969aa78e6e61b4fc5761956728733fa7b1171f9cf301fd5b76797d,b4a34f5b87f4296d593f0bfe8ce078cbda7856ad3904717639094dcd5086c3ac
AUD-000181,2026-01-20 08:43:00,BID_SUBMITTED,"{""bid_id"": ""BID-01165"", ""request_id"": ""REQ-108"", ""vendor_id"": ""VND-0224"", ""price"": 166887.03}",b4a34f5b87f4296d593f0bfe8ce078cbda7856ad3904717639094dcd5086c3ac,5bf2053552641b21537f2528c64e1b5028c597b8eeaa0f1d0bf4df009c2d8d86
AUD-000182,2026-01-20 08:52:00,BID_SUBMITTED,"{""bid_id"": ""BID-01166"", ""request_id"": ""REQ-108"", ""vendor_id"": ""VND-0020"", ""price"": 163018.84}",5bf2053552641b21537f2528c64e1b5028c597b8eeaa0f1d0bf4df009c2d8d86,15730c0c3f20c2f223095f281859699f3787f7836def12149e9e32f271973257
AUD-000183,2026-01-20 08:55:00,BID_SUBMITTED,"{""bid_id"": ""BID-01167"", ""request_id"": ""REQ-108"", ""vendor_id"": ""VND-0224"", ""price"": 161463.22}",15730c0c3f20c2f223095f281859699f3787f7836def12149e9e32f271973257,5b0fc86abeb6f91b43bf9c4ae88bdf5ebd3c12535ce4c50d18932529ae670da2
AUD-000184,2026-01-20 09:03:00,BID_SUBMITTED,"{""bid_id"": ""BID-01168"", ""request_id"": ""REQ-108"", ""vendor_id"": ""VND-0375"", ""price"": 159661.72}",5b0fc86abeb6f91b43bf9c4ae88bdf5ebd3c12535ce4c50d18932529ae670da2,91a793603ff7acd6051457cf673aa4308143844091e7fb4f7341e70f2f09eb79
AUD-000185,2026-01-20 09:05:00,BID_SUBMITTED,"{""bid_id"": ""BID-01169"", ""request_id"": ""REQ-108"", ""vendor_id"": ""VND-0020"", ""price"": 158366.17}",91a793603ff7acd6051457cf673aa4308143844091e7fb4f7341e70f2f09eb79,08dc9b32d9825ccf398d05ba361b983cf6c177e597124fbeecc6b78d9adafec1
AUD-000186,2026-01-20 09:09:00,BID_SUBMITTED,"{""bid_id"": ""BID-01170"", ""request_id"": ""REQ-108"", ""vendor_id"": ""VND-0084"", ""price"": 155916.83}",08dc9b32d9825ccf398d05ba361b983cf6c177e597124fbeecc6b78d9adafec1,5a3bbbfc0783c083f1dbd5098049fc6211e89d031dbf41fa6b95c60f5dbd1c25
AUD-000187,2026-01-20 09:19:00,BID_SUBMITTED,"{""bid_id"": ""BID-01171"", ""request_id"": ""REQ-108"", ""vendor_id"": ""VND-0020"", ""price"": 154243.02}",5a3bbbfc0783c083f1dbd5098049fc6211e89d031dbf41fa6b95c60f5dbd1c25,7113d0959d1f5a5134c9a9e146a89429b0faaf1093991ed7f5b9fdcaf8182da7
AUD-000188,2026-01-20 09:28:00,BID_SUBMITTED,"{""bid_id"": ""BID-01172"", ""request_id"": ""REQ-108"", ""vendor_id"": ""VND-0084"", ""price"": 151350.13}",7113d0959d1f5a5134c9a9e146a89429b0faaf1093991ed7f5b9fdcaf8182da7,c0c114a92d499f9ff2034a61cc0d8fbac27f688e0b0f84dc68b6972e3037a44b
AUD-000189,2026-01-20 09:30:00,BID_SUBMITTED,"{""bid_id"": ""BID-01173"", ""request_id"": ""REQ-108"", ""vendor_id"": ""VND-0267"", ""price"": 149149.3}",c0c114a92d499f9ff2034a61cc0d8fbac27f688e0b0f84dc68b6972e3037a44b,3f361ad1561352d849d29dd27afb27b084807579f04f6acdab323ce7b6c232d2
AUD-000190,2026-01-21 04:00:00,PROCUREMENT_REQUEST_CREATED,"{""request_id"": ""REQ-141"", ""title"": ""BI Analytics Platform Licenses (Lot 141)"", ""max_budget"": 164717.39}",3f361ad1561352d849d29dd27afb27b084807579f04f6acdab323ce7b6c232d2,d38249e747a91122df7f3167281dd135801d0845e7d0e7cee76fc4461ea7548b
AUD-000191,2026-01-22 04:05:00,BID_SUBMITTED,"{""bid_id"": ""BID-01530"", ""request_id"": ""REQ-141"", ""vendor_id"": ""VND-0388"", ""price"": 161346.77}",d38249e747a91122df7f3167281dd135801d0845e7d0e7cee76fc4461ea7548b,c0835f6f3a07b78d648173184197c9d349bc95d45848c787147d682bfd2130f5
AUD-000192,2026-01-22 04:10:00,BID_SUBMITTED,"{""bid_id"": ""BID-01531"", ""request_id"": ""REQ-141"", ""vendor_id"": ""VND-0354"", ""price"": 158371.9}",c0835f6f3a07b78d648173184197c9d349bc95d45848c787147d682bfd2130f5,ecb5ee29e932555d730d1a800c73654e6bc623b1fb03cb91978b363b7c64b59a
AUD-000193,2026-01-22 04:14:00,BID_SUBMITTED,"{""bid_id"": ""BID-01532"", ""request_id"": ""REQ-141"", ""vendor_id"": ""VND-0354"", ""price"": 156511.32}",ecb5ee29e932555d730d1a800c73654e6bc623b1fb03cb91978b363b7c64b59a,22a1a65ce61a93601a459dc527c9979e63a81f4069b428391bcff3a461effdcb
AUD-000194,2026-01-22 04:16:00,BID_SUBMITTED,"{""bid_id"": ""BID-01533"", ""request_id"": ""REQ-141"", ""vendor_id"": ""VND-0388"", ""price"": 154014.61}",22a1a65ce61a93601a459dc527c9979e63a81f4069b428391bcff3a461effdcb,1dc8f07242daa943b789ddffc618f0b72861845e9ad997d5c1d3bc42d5dee1d2
AUD-000195,2026-01-22 04:19:00,BID_SUBMITTED,"{""bid_id"": ""BID-01534"", ""request_id"": ""REQ-141"", ""vendor_id"": ""VND-0151"", ""price"": 153207.7}",1dc8f07242daa943b789ddffc618f0b72861845e9ad997d5c1d3bc42d5dee1d2,e75244b763c4deb93349838dd0db5765c198dc7496cd0845291178f13aa33d29
AUD-000196,2026-01-22 04:28:00,BID_SUBMITTED,"{""bid_id"": ""BID-01535"", ""request_id"": ""REQ-141"", ""vendor_id"": ""VND-0354"", ""price"": 152123.27}",e75244b763c4deb93349838dd0db5765c198dc7496cd0845291178f13aa33d29,d284822a09b8e2ff4a894ee90e549ebf8f880c1811875370c67c034b9c9a7ebd
AUD-000197,2026-01-22 04:34:00,BID_SUBMITTED,"{""bid_id"": ""BID-01536"", ""request_id"": ""REQ-141"", ""vendor_id"": ""VND-0388"", ""price"": 150695.09}",d284822a09b8e2ff4a894ee90e549ebf8f880c1811875370c67c034b9c9a7ebd,cc0f3f43832a915a02ad5aba7a71d7f9c21b0086cd7173a5e9571683ed99d0b4
AUD-000198,2026-01-22 04:36:00,BID_SUBMITTED,"{""bid_id"": ""BID-01537"", ""request_id"": ""REQ-141"", ""vendor_id"": ""VND-0388"", ""price"": 149359.69}",cc0f3f43832a915a02ad5aba7a71d7f9c21b0086cd7173a5e9571683ed99d0b4,7df675c65088874594b7ba612342efd1a2107456b9bb08122ece777ca571b9f1
AUD-000199,2026-01-22 04:41:00,BID_SUBMITTED,"{""bid_id"": ""BID-01538"", ""request_id"": ""REQ-141"", ""vendor_id"": ""VND-0354"", ""price"": 148338.24}",7df675c65088874594b7ba612342efd1a2107456b9bb08122ece777ca571b9f1,0385b941d2dc760a25dec4a28c8b0e430c5d79edcd59f3d19caa601835352392
AUD-000200,2026-01-22 04:44:00,BID_SUBMITTED,"{""bid_id"": ""BID-01539"", ""request_id"": ""REQ-141"", ""vendor_id"": ""VND-0354"", ""price"": 145703.51}",0385b941d2dc760a25dec4a28c8b0e430c5d79edcd59f3d19caa601835352392,96464fb62ba7d36c9c4aaf931268aea7e4420fe6c44c4cdbe1355fdfbaac61f4
AUD-000201,2026-01-22 04:48:00,BID_SUBMITTED,"{""bid_id"": ""BID-01540"", ""request_id"": ""REQ-141"", ""vendor_id"": ""VND-0151"", ""price"": 142479.26}",96464fb62ba7d36c9c4aaf931268aea7e4420fe6c44c4cdbe1355fdfbaac61f4,4c9b957e431f77139b549f3acf3523e77f80b1f8487ddf597683410b4c1e526f
AUD-000202,2026-01-22 04:52:00,BID_SUBMITTED,"{""bid_id"": ""BID-01541"", ""request_id"": ""REQ-141"", ""vendor_id"": ""VND-0388"", ""price"": 139896.42}",4c9b957e431f77139b549f3acf3523e77f80b1f8487ddf597683410b4c1e526f,af9deb6021b107b750bae40de43a55285c7716afe0af170198adfa57db9db1ae
AUD-000203,2026-01-22 15:00:00,PROCUREMENT_REQUEST_CREATED,"{""request_id"": ""REQ-042"", ""title"": ""Polymers & Plastic Pellets (Lot 042)"", ""max_budget"": 114438.44}",af9deb6021b107b750bae40de43a55285c7716afe0af170198adfa57db9db1ae,fb0c26c3e403fd6eb96a45c4b753a291689a8e7002d3bf40b088ee1cb7d402af
AUD-000204,2026-01-23 09:00:00,PROCUREMENT_REQUEST_CREATED,"{""request_id"": ""REQ-017"", ""title"": ""Specialized Window Cleaning Lot (Lot 017)"", ""max_budget"": 72731.95}",fb0c26c3e403fd6eb96a45c4b753a291689a8e7002d3bf40b088ee1cb7d402af,470b4537676b45664897752272c04cd53de5923a444a6e1a0518718f62f7f965
AUD-000205,2026-01-23 15:08:00,BID_SUBMITTED,"{""bid_id"": ""BID-00425"", ""request_id"": ""REQ-042"", ""vendor_id"": ""VND-0076"", ""price"": 113478.11}",470b4537676b45664897752272c04cd53de5923a444a6e1a0518718f62f7f965,161f6e0078d577304e09ae7bb779d84073e7e9bc3066c44ab1810f5b0d3ed5ed
AUD-000206,2026-01-23 15:14:00,BID_SUBMITTED,"{""bid_id"": ""BID-00426"", ""request_id"": ""REQ-042"", ""vendor_id"": ""VND-0274"", ""price"": 112595.61}",161f6e0078d577304e09ae7bb779d84073e7e9bc3066c44ab1810f5b0d3ed5ed,257e921817c5b84e089419c6f3b2471ad771ea853df165038d16ba8915943fd9
AUD-000207,2026-01-23 15:17:00,BID_SUBMITTED,"{""bid_id"": ""BID-00427"", ""request_id"": ""REQ-042"", ""vendor_id"": ""VND-0321"", ""price"": 110922.17}",257e921817c5b84e089419c6f3b2471ad771ea853df165038d16ba8915943fd9,841aeeca7bcda063d0bdd380b8944882e0922a4898cac05f3966174baf89e69d
AUD-000208,2026-01-23 15:25:00,BID_SUBMITTED,"{""bid_id"": ""BID-00428"", ""request_id"": ""REQ-042"", ""vendor_id"": ""VND-0274"", ""price"": 109403.25}",841aeeca7bcda063d0bdd380b8944882e0922a4898cac05f3966174baf89e69d,18c69be0901c36a2021df1804ef120afb1ba83db38413fd31844a97452b43875
AUD-000209,2026-01-23 15:28:00,BID_SUBMITTED,"{""bid_id"": ""BID-00429"", ""request_id"": ""REQ-042"", ""vendor_id"": ""VND-0321"", ""price"": 107796.7}",18c69be0901c36a2021df1804ef120afb1ba83db38413fd31844a97452b43875,1dfd1cbc3411e985d056eb9ad739fca3d3cbfdeb19a4641dbbaeda67b9a8f37f
AUD-000210,2026-01-23 15:33:00,BID_SUBMITTED,"{""bid_id"": ""BID-00430"", ""request_id"": ""REQ-042"", ""vendor_id"": ""VND-0321"", ""price"": 106715.07}",1dfd1cbc3411e985d056eb9ad739fca3d3cbfdeb19a4641dbbaeda67b9a8f37f,fed6421a209f081e06404b3627b5546725e4c71de97fc8cb61bb5c575a7b3ec6
AUD-000211,2026-01-23 15:38:00,BID_SUBMITTED,"{""bid_id"": ""BID-00431"", ""request_id"": ""REQ-042"", ""vendor_id"": ""VND-0219"", ""price"": 104847.49}",fed6421a209f081e06404b3627b5546725e4c71de97fc8cb61bb5c575a7b3ec6,a4eb0fb8a7184882344d1cb3555a2735a957caec9e9ff281a39003afac8cdca5
AUD-000212,2026-01-23 15:44:00,BID_SUBMITTED,"{""bid_id"": ""BID-00432"", ""request_id"": ""REQ-042"", ""vendor_id"": ""VND-0316"", ""price"": 104098.93}",a4eb0fb8a7184882344d1cb3555a2735a957caec9e9ff281a39003afac8cdca5,246feeca072dee05a410a7cfc7a08198a024af5b023147a45e8658d428f0051c
AUD-000213,2026-01-23 15:51:00,BID_SUBMITTED,"{""bid_id"": ""BID-00433"", ""request_id"": ""REQ-042"", ""vendor_id"": ""VND-0016"", ""price"": 101603.01}",246feeca072dee05a410a7cfc7a08198a024af5b023147a45e8658d428f0051c,c374cce459881f30bb5c079106e1cd0dee30444d69ac4e39f80d7219554473dc
AUD-000214,2026-01-23 15:58:00,BID_SUBMITTED,"{""bid_id"": ""BID-00434"", ""request_id"": ""REQ-042"", ""vendor_id"": ""VND-0076"", ""price"": 100323.03}",c374cce459881f30bb5c079106e1cd0dee30444d69ac4e39f80d7219554473dc,ec09fad52f02b9ab0a4fc36bcc07b82c95b986d125abba453066371728db6767
AUD-000215,2026-01-23 16:02:00,BID_SUBMITTED,"{""bid_id"": ""BID-00435"", ""request_id"": ""REQ-042"", ""vendor_id"": ""VND-0316"", ""price"": 99149.78}",ec09fad52f02b9ab0a4fc36bcc07b82c95b986d125abba453066371728db6767,0074a33333ea4ac8630072321670b71fe2baf4a8b32e731bb7f93db243e90909
AUD-000216,2026-01-23 16:07:00,BID_SUBMITTED,"{""bid_id"": ""BID-00436"", ""request_id"": ""REQ-042"", ""vendor_id"": ""VND-0321"", ""price"": 98018.16}",0074a33333ea4ac8630072321670b71fe2baf4a8b32e731bb7f93db243e90909,5e68e1aea484bc15ce1052c1231c09bd28cad0e59bec733ec944b56973e22ea3
AUD-000217,2026-01-23 16:15:00,BID_SUBMITTED,"{""bid_id"": ""BID-00437"", ""request_id"": ""REQ-042"", ""vendor_id"": ""VND-0316"", ""price"": 96912.15}",5e68e1aea484bc15ce1052c1231c09bd28cad0e59bec733ec944b56973e22ea3,22ae0420c9fe12bd8006d49b9ed02b111b4f7e9de96ca679c1b173e47b143734
AUD-000218,2026-01-23 16:24:00,BID_SUBMITTED,"{""bid_id"": ""BID-00438"", ""request_id"": ""REQ-042"", ""vendor_id"": ""VND-0321"", ""price"": 95862.7}",22ae0420c9fe12bd8006d49b9ed02b111b4f7e9de96ca679c1b173e47b143734,6cfc4cde38a02961a6b6b0217b50304ea1d9f8cdf0c326d047a575589088a191
AUD-000219,2026-01-23 16:31:00,BID_SUBMITTED,"{""bid_id"": ""BID-00439"", ""request_id"": ""REQ-042"", ""vendor_id"": ""VND-0076"", ""price"": 93884.14}",6cfc4cde38a02961a6b6b0217b50304ea1d9f8cdf0c326d047a575589088a191,e48acb95df7bba2e47ae64f6f421ba993cd920fd6db1462fed595f317ae8a05c
AUD-000220,2026-01-24 09:05:00,BID_SUBMITTED,"{""bid_id"": ""BID-00157"", ""request_id"": ""REQ-017"", ""vendor_id"": ""VND-0268"", ""price"": 71272.52}",e48acb95df7bba2e47ae64f6f421ba993cd920fd6db1462fed595f317ae8a05c,a304e56e43ad781f6243289b88228256f6d9184b41d7f9ebc2ca37e1beed29da
AUD-000221,2026-01-24 09:07:00,BID_SUBMITTED,"{""bid_id"": ""BID-00158"", ""request_id"": ""REQ-017"", ""vendor_id"": ""VND-0386"", ""price"": 70407.31}",a304e56e43ad781f6243289b88228256f6d9184b41d7f9ebc2ca37e1beed29da,e8840409580ee3db53b4c603aa0a8ae4d09970c4995f8e2fc9dc378bb8245874
AUD-000222,2026-01-24 09:14:00,BID_SUBMITTED,"{""bid_id"": ""BID-00159"", ""request_id"": ""REQ-017"", ""vendor_id"": ""VND-0386"", ""price"": 69670.55}",e8840409580ee3db53b4c603aa0a8ae4d09970c4995f8e2fc9dc378bb8245874,7dbad51f565bc8b5c07d0671eb7f4e038b64562f63c1cdb6b4d3ea317d64e747
AUD-000223,2026-01-24 09:23:00,BID_SUBMITTED,"{""bid_id"": ""BID-00160"", ""request_id"": ""REQ-017"", ""vendor_id"": ""VND-0278"", ""price"": 68082.77}",7dbad51f565bc8b5c07d0671eb7f4e038b64562f63c1cdb6b4d3ea317d64e747,d1cfe03eeef59ae03a74c9f1cec6c706a573486f5615207bcf04f37d7398c92d
AUD-000224,2026-01-24 09:27:00,BID_SUBMITTED,"{""bid_id"": ""BID-00161"", ""request_id"": ""REQ-017"", ""vendor_id"": ""VND-0278"", ""price"": 67280.71}",d1cfe03eeef59ae03a74c9f1cec6c706a573486f5615207bcf04f37d7398c92d,248abe2a844bc6cc489b5b4e72c3ef59759bffc94b784ba018d5417c93497d6f
AUD-000225,2026-01-24 09:34:00,BID_SUBMITTED,"{""bid_id"": ""BID-00162"", ""request_id"": ""REQ-017"", ""vendor_id"": ""VND-0278"", ""price"": 66013.05}",248abe2a844bc6cc489b5b4e72c3ef59759bffc94b784ba018d5417c93497d6f,ad7f5f951bc419e255c8aeacc14943619fb1dbf2363b52ba966a76347caa0303
AUD-000226,2026-01-24 09:37:00,BID_SUBMITTED,"{""bid_id"": ""BID-00163"", ""request_id"": ""REQ-017"", ""vendor_id"": ""VND-0266"", ""price"": 65330.84}",ad7f5f951bc419e255c8aeacc14943619fb1dbf2363b52ba966a76347caa0303,43691c59cf7e3c755df3f4d376193272bb67da3709b0d6e4adc9ac21fd3e84f0
AUD-000227,2026-01-24 09:41:00,BID_SUBMITTED,"{""bid_id"": ""BID-00164"", ""request_id"": ""REQ-017"", ""vendor_id"": ""VND-0278"", ""price"": 64901.06}",43691c59cf7e3c755df3f4d376193272bb67da3709b0d6e4adc9ac21fd3e84f0,c9291bf08bc232154927ffe6130eb704fb6e01193c0d620d457683341d777701
AUD-000228,2026-01-24 09:44:00,BID_SUBMITTED,"{""bid_id"": ""BID-00165"", ""request_id"": ""REQ-017"", ""vendor_id"": ""VND-0266"", ""price"": 64195.24}",c9291bf08bc232154927ffe6130eb704fb6e01193c0d620d457683341d777701,90efb7e5449958f2882688050f4287c11ee190f95c8cf8d45fb3be2a64fc4635
AUD-000229,2026-01-24 09:50:00,BID_SUBMITTED,"{""bid_id"": ""BID-00166"", ""request_id"": ""REQ-017"", ""vendor_id"": ""VND-0268"", ""price"": 63453.25}",90efb7e5449958f2882688050f4287c11ee190f95c8cf8d45fb3be2a64fc4635,4d91b0f1c539637c880c5df3dd0430fa725116defd74ccb6f7a3ea1b48f37569
AUD-000230,2026-01-26 20:00:00,PROCUREMENT_REQUEST_CREATED,"{""request_id"": ""REQ-136"", ""title"": ""Event Brochure & Poster Print (Lot 136)"", ""max_budget"": 178600.32}",4d91b0f1c539637c880c5df3dd0430fa725116defd74ccb6f7a3ea1b48f37569,c803f8caca2979157e87d9f341bf0357dcde0661cab663cc4d2e9c56c1f42d11
AUD-000231,2026-01-27 06:00:00,PROCUREMENT_REQUEST_CREATED,"{""request_id"": ""REQ-080"", ""title"": ""Chiller System Maintenance Service (Lot 080)"", ""max_budget"": 155542.43}",c803f8caca2979157e87d9f341bf0357dcde0661cab663cc4d2e9c56c1f42d11,602e548af94ed17d4ac1ea59eaef1164817996c4aa24b403f36cc3e80b1d498b
AUD-000232,2026-01-27 20:00:00,PROCUREMENT_REQUEST_CREATED,"{""request_id"": ""REQ-122"", ""title"": ""Stationery Bulk Annual Contract (Lot 122)"", ""max_budget"": 103515.32}",602e548af94ed17d4ac1ea59eaef1164817996c4aa24b403f36cc3e80b1d498b,053ed42dac46d28e9de4e65930f6868bc3cc6528c86fcbe0e0ebb031179a08f8
AUD-000233,2026-01-27 20:09:00,BID_SUBMITTED,"{""bid_id"": ""BID-01463"", ""request_id"": ""REQ-136"", ""vendor_id"": ""VND-0478"", ""price"": 177298.96}",053ed42dac46d28e9de4e65930f6868bc3cc6528c86fcbe0e0ebb031179a08f8,326cf591ad06fecad7ba80256ba064643850d713759447440d3e0ebcb7af504b
AUD-000234,2026-01-27 20:18:00,BID_SUBMITTED,"{""bid_id"": ""BID-01464"", ""request_id"": ""REQ-136"", ""vendor_id"": ""VND-0070"", ""price"": 174444.13}",326cf591ad06fecad7ba80256ba064643850d713759447440d3e0ebcb7af504b,c5a088cbb41559e626f6cd7ed19a6013efcd845b4864e3e17c8f03975275fc24
AUD-000235,2026-01-27 20:26:00,BID_SUBMITTED,"{""bid_id"": ""BID-01465"", ""request_id"": ""REQ-136"", ""vendor_id"": ""VND-0441"", ""price"": 172497.21}",c5a088cbb41559e626f6cd7ed19a6013efcd845b4864e3e17c8f03975275fc24,df682f29f1a92e7af64bfb3a5e4d773fe8cbed2be65bcd164e4eb2a40c9b802e
AUD-000236,2026-01-27 20:34:00,BID_SUBMITTED,"{""bid_id"": ""BID-01466"", ""request_id"": ""REQ-136"", ""vendor_id"": ""VND-0105"", ""price"": 169570.76}",df682f29f1a92e7af64bfb3a5e4d773fe8cbed2be65bcd164e4eb2a40c9b802e,f807aec3b8bd4a80e9273b9ebec7277f99f5b81fcaf495bc42f0e095ae9a399e
AUD-000237,2026-01-27 20:36:00,BID_SUBMITTED,"{""bid_id"": ""BID-01467"", ""request_id"": ""REQ-136"", ""vendor_id"": ""VND-0070"", ""price"": 167046.55}",f807aec3b8bd4a80e9273b9ebec7277f99f5b81fcaf495bc42f0e095ae9a399e,71438e31614c65007358a35cac821a52323a25349ce5b12cde97eb69bfd21bf9
AUD-000238,2026-01-27 20:40:00,BID_SUBMITTED,"{""bid_id"": ""BID-01468"", ""request_id"": ""REQ-136"", ""vendor_id"": ""VND-0105"", ""price"": 165484.29}",71438e31614c65007358a35cac821a52323a25349ce5b12cde97eb69bfd21bf9,6979b89601c5ff20dc97a3b4d1beef1f2cee3535e746125fdd2cc44985c5a5d0
AUD-000239,2026-01-27 20:44:00,BID_SUBMITTED,"{""bid_id"": ""BID-01469"", ""request_id"": ""REQ-136"", ""vendor_id"": ""VND-0105"", ""price"": 162151.18}",6979b89601c5ff20dc97a3b4d1beef1f2cee3535e746125fdd2cc44985c5a5d0,3318f18228bd2ebc9433dfc1d0b24b0849d43c8ea04b3a2f3e4dc34ad1272aa7
AUD-000240,2026-01-27 20:52:00,BID_SUBMITTED,"{""bid_id"": ""BID-01470"", ""request_id"": ""REQ-136"", ""vendor_id"": ""VND-0478"", ""price"": 159617.55}",3318f18228bd2ebc9433dfc1d0b24b0849d43c8ea04b3a2f3e4dc34ad1272aa7,17eac767a2efb5ec81cf24467eee99d379ca3b2ddd08c9b8339cdbdeeed5e82c
AUD-000241,2026-01-27 20:59:00,BID_SUBMITTED,"{""bid_id"": ""BID-01471"", ""request_id"": ""REQ-136"", ""vendor_id"": ""VND-0478"", ""price"": 158194.83}",17eac767a2efb5ec81cf24467eee99d379ca3b2ddd08c9b8339cdbdeeed5e82c,37e60824c534b09f24635b1f4bc16259a88ad81e2184fde3b25c809e62017648
AUD-000242,2026-01-27 21:05:00,BID_SUBMITTED,"{""bid_id"": ""BID-01472"", ""request_id"": ""REQ-136"", ""vendor_id"": ""VND-0070"", ""price"": 155599.56}",37e60824c534b09f24635b1f4bc16259a88ad81e2184fde3b25c809e62017648,0ca019f62e97ac25c842ae84279b9a0d9163641818555a9eb728c64fb5b96427
AUD-000243,2026-01-27 21:12:00,BID_SUBMITTED,"{""bid_id"": ""BID-01473"", ""request_id"": ""REQ-136"", ""vendor_id"": ""VND-0478"", ""price"": 152587.8}",0ca019f62e97ac25c842ae84279b9a0d9163641818555a9eb728c64fb5b96427,8580b1483692d6e435dc84ec85b8971728d451f525cd3e6b7aaace5683d17c60
AUD-000244,2026-01-27 21:22:00,BID_SUBMITTED,"{""bid_id"": ""BID-01474"", ""request_id"": ""REQ-136"", ""vendor_id"": ""VND-0105"", ""price"": 150046.52}",8580b1483692d6e435dc84ec85b8971728d451f525cd3e6b7aaace5683d17c60,5212bec25d2aa82f8a080b21ffd5c3c325a8f60c5097d282d79968d29a939987
AUD-000245,2026-01-27 21:28:00,BID_SUBMITTED,"{""bid_id"": ""BID-01475"", ""request_id"": ""REQ-136"", ""vendor_id"": ""VND-0478"", ""price"": 146752.59}",5212bec25d2aa82f8a080b21ffd5c3c325a8f60c5097d282d79968d29a939987,ee209874b57a8c4627b127d7d6a7bcfd923bbbcb30380bc0f0bc688a3bc14432
AUD-000246,2026-01-27 21:38:00,BID_SUBMITTED,"{""bid_id"": ""BID-01476"", ""request_id"": ""REQ-136"", ""vendor_id"": ""VND-0105"", ""price"": 144935.14}",ee209874b57a8c4627b127d7d6a7bcfd923bbbcb30380bc0f0bc688a3bc14432,bfc91575488848c37c6ba143fafe3e2c4b329ed3494722cb0466b0a91dcfdad8
AUD-000247,2026-01-27 21:48:00,BID_SUBMITTED,"{""bid_id"": ""BID-01477"", ""request_id"": ""REQ-136"", ""vendor_id"": ""VND-0105"", ""price"": 144208.02}",bfc91575488848c37c6ba143fafe3e2c4b329ed3494722cb0466b0a91dcfdad8,fc46e338295be732850326b618dd46e3e3146fdd1415c77ef5898317255c8629
AUD-000248,2026-01-28 06:03:00,BID_SUBMITTED,"{""bid_id"": ""BID-00861"", ""request_id"": ""REQ-080"", ""vendor_id"": ""VND-0150"", ""price"": 152060.1}",fc46e338295be732850326b618dd46e3e3146fdd1415c77ef5898317255c8629,fa188d6822ce279d33e7b2625b50ead56e185d061d978cefca50f05e7b132201
AUD-000249,2026-01-28 06:10:00,BID_SUBMITTED,"{""bid_id"": ""BID-00862"", ""request_id"": ""REQ-080"", ""vendor_id"": ""VND-0150"", ""price"": 150324.68}",fa188d6822ce279d33e7b2625b50ead56e185d061d978cefca50f05e7b132201,929316836f2a4db714d938a7b81d36558227a3850491c132dcdacefe0b61e2fd
AUD-000250,2026-01-28 06:15:00,BID_SUBMITTED,"{""bid_id"": ""BID-00863"", ""request_id"": ""REQ-080"", ""vendor_id"": ""VND-0015"", ""price"": 149421.68}",929316836f2a4db714d938a7b81d36558227a3850491c132dcdacefe0b61e2fd,fdc02314c1b315d37352f338926e13de50571f3bfd21bef21dae52ff27154f23
AUD-000251,2026-01-28 06:23:00,BID_SUBMITTED,"{""bid_id"": ""BID-00864"", ""request_id"": ""REQ-080"", ""vendor_id"": ""VND-0240"", ""price"": 146752.06}",fdc02314c1b315d37352f338926e13de50571f3bfd21bef21dae52ff27154f23,c1ba64fc7bdfa1728d1926264ff3ba0df559bf48d028552f55f3f44a69625c5a
AUD-000252,2026-01-28 06:32:00,BID_SUBMITTED,"{""bid_id"": ""BID-00865"", ""request_id"": ""REQ-080"", ""vendor_id"": ""VND-0051"", ""price"": 145786.93}",c1ba64fc7bdfa1728d1926264ff3ba0df559bf48d028552f55f3f44a69625c5a,ccc2f78b5d8fdbc054d2b2a12ee610b434e0acfb14093485d754afcfeebcfc0e
AUD-000253,2026-01-28 06:41:00,BID_SUBMITTED,"{""bid_id"": ""BID-00866"", ""request_id"": ""REQ-080"", ""vendor_id"": ""VND-0240"", ""price"": 143751.46}",ccc2f78b5d8fdbc054d2b2a12ee610b434e0acfb14093485d754afcfeebcfc0e,9cae851081fe42061adb8fdb3470ae43ca83de6df5f2f720d416e361e5970be3
AUD-000254,2026-01-28 06:50:00,BID_SUBMITTED,"{""bid_id"": ""BID-00867"", ""request_id"": ""REQ-080"", ""vendor_id"": ""VND-0150"", ""price"": 142124.01}",9cae851081fe42061adb8fdb3470ae43ca83de6df5f2f720d416e361e5970be3,80ed6579db312f37046d307be6d4d2487639074dbc857e8261083e58b68297c4
AUD-000255,2026-01-28 06:53:00,BID_SUBMITTED,"{""bid_id"": ""BID-00868"", ""request_id"": ""REQ-080"", ""vendor_id"": ""VND-0370"", ""price"": 139556.19}",80ed6579db312f37046d307be6d4d2487639074dbc857e8261083e58b68297c4,783f23787abd2a6acaca4d9cba5d167ec45fa68eb20f7affea84e71428b08b1d
AUD-000256,2026-01-28 07:03:00,BID_SUBMITTED,"{""bid_id"": ""BID-00869"", ""request_id"": ""REQ-080"", ""vendor_id"": ""VND-0150"", ""price"": 137707.53}",783f23787abd2a6acaca4d9cba5d167ec45fa68eb20f7affea84e71428b08b1d,8d8fe00aa8ca75cb226a53f9eebf7f743f675e81e18e261a66000e488f5cd586
AUD-000257,2026-01-28 07:06:00,BID_SUBMITTED,"{""bid_id"": ""BID-00870"", ""request_id"": ""REQ-080"", ""vendor_id"": ""VND-0240"", ""price"": 137018.52}",8d8fe00aa8ca75cb226a53f9eebf7f743f675e81e18e261a66000e488f5cd586,daf40df05cf6284d4c16b64cbd0f5c97f4d874a890cd575123ac418f3a50923d
AUD-000258,2026-01-28 07:12:00,BID_SUBMITTED,"{""bid_id"": ""BID-00871"", ""request_id"": ""REQ-080"", ""vendor_id"": ""VND-0240"", ""price"": 133693.98}",daf40df05cf6284d4c16b64cbd0f5c97f4d874a890cd575123ac418f3a50923d,0a4a060e4c1d23a1ffc82cd21f1e67549872d9c66f22be63658fe3c98aca108f
AUD-000259,2026-01-28 07:21:00,BID_SUBMITTED,"{""bid_id"": ""BID-00872"", ""request_id"": ""REQ-080"", ""vendor_id"": ""VND-0240"", ""price"": 131521.9}",0a4a060e4c1d23a1ffc82cd21f1e67549872d9c66f22be63658fe3c98aca108f,b7dd69471f7cb0b8d34b1b06133453f30cebde110514e63e0130e9ee944d47ab
AUD-000260,2026-01-28 07:23:00,BID_SUBMITTED,"{""bid_id"": ""BID-00873"", ""request_id"": ""REQ-080"", ""vendor_id"": ""VND-0015"", ""price"": 129908.54}",b7dd69471f7cb0b8d34b1b06133453f30cebde110514e63e0130e9ee944d47ab,dc9ace2f0bd1b84708e3efdd2939f80bfc09c61754697d5f37eebe49f0488ce8
AUD-000261,2026-01-28 20:03:00,BID_SUBMITTED,"{""bid_id"": ""BID-01312"", ""request_id"": ""REQ-122"", ""vendor_id"": ""VND-0362"", ""price"": 101944.91}",dc9ace2f0bd1b84708e3efdd2939f80bfc09c61754697d5f37eebe49f0488ce8,d19e8599c2ff8ddeb64ae941ce3f62fe23a5b0b7998f6d0c5d6e51c5ea155917
AUD-000262,2026-01-28 20:13:00,BID_SUBMITTED,"{""bid_id"": ""BID-01313"", ""request_id"": ""REQ-122"", ""vendor_id"": ""VND-0186"", ""price"": 100447.01}",d19e8599c2ff8ddeb64ae941ce3f62fe23a5b0b7998f6d0c5d6e51c5ea155917,8b499a0ca8415343b33e367207858f3d59daedb38dd0ab06096ccaaf9d06abfb
AUD-000263,2026-01-28 20:23:00,BID_SUBMITTED,"{""bid_id"": ""BID-01314"", ""request_id"": ""REQ-122"", ""vendor_id"": ""VND-0043"", ""price"": 99570.27}",8b499a0ca8415343b33e367207858f3d59daedb38dd0ab06096ccaaf9d06abfb,4b65623c1f389105af12c98375e6ff9e44a1b3964a28be9c9a352f47f5ace36c
AUD-000264,2026-01-28 20:25:00,BID_SUBMITTED,"{""bid_id"": ""BID-01315"", ""request_id"": ""REQ-122"", ""vendor_id"": ""VND-0362"", ""price"": 97955.86}",4b65623c1f389105af12c98375e6ff9e44a1b3964a28be9c9a352f47f5ace36c,761291774a851dd94d9a3078cff7c1e779fa71ee2c2e4744568d9612da8e3925
AUD-000265,2026-01-28 20:35:00,BID_SUBMITTED,"{""bid_id"": ""BID-01316"", ""request_id"": ""REQ-122"", ""vendor_id"": ""VND-0043"", ""price"": 96981.41}",761291774a851dd94d9a3078cff7c1e779fa71ee2c2e4744568d9612da8e3925,943db93ea697cb03284ffdf958e4c47c6621a9acf53a9756a6f9eab32fa41397
AUD-000266,2026-01-28 20:43:00,BID_SUBMITTED,"{""bid_id"": ""BID-01317"", ""request_id"": ""REQ-122"", ""vendor_id"": ""VND-0186"", ""price"": 95849.51}",943db93ea697cb03284ffdf958e4c47c6621a9acf53a9756a6f9eab32fa41397,90543f34dc65f5744e64a963557acbda71df7f27d5a276b11e86ea6046249961
AUD-000267,2026-01-28 20:50:00,BID_SUBMITTED,"{""bid_id"": ""BID-01318"", ""request_id"": ""REQ-122"", ""vendor_id"": ""VND-0007"", ""price"": 95335.04}",90543f34dc65f5744e64a963557acbda71df7f27d5a276b11e86ea6046249961,34fddd27b9589b78febe2e9480148b04aaae9af38862d73113236a3f9c061b0d
AUD-000268,2026-01-28 20:55:00,BID_SUBMITTED,"{""bid_id"": ""BID-01319"", ""request_id"": ""REQ-122"", ""vendor_id"": ""VND-0186"", ""price"": 93666.24}",34fddd27b9589b78febe2e9480148b04aaae9af38862d73113236a3f9c061b0d,0bbf07c9ac8576164775a5ebecfbb31fcf725ba2aa180a885556cad80a573770
AUD-000269,2026-01-28 20:57:00,BID_SUBMITTED,"{""bid_id"": ""BID-01320"", ""request_id"": ""REQ-122"", ""vendor_id"": ""VND-0236"", ""price"": 92681.09}",0bbf07c9ac8576164775a5ebecfbb31fcf725ba2aa180a885556cad80a573770,aea13d1ab573f4c2ede7a11372b178442526db164f0149035f56d88cf7be1ce2
AUD-000270,2026-01-29 13:00:00,PROCUREMENT_REQUEST_CREATED,"{""request_id"": ""REQ-022"", ""title"": ""Billboard Campaign Printing (Lot 022)"", ""max_budget"": 114232.8}",aea13d1ab573f4c2ede7a11372b178442526db164f0149035f56d88cf7be1ce2,2e7f4a92ce60a0371c47a86bbca055d6d74c35874983caa752050591fbc1002d
AUD-000271,2026-01-30 13:02:00,BID_SUBMITTED,"{""bid_id"": ""BID-00219"", ""request_id"": ""REQ-022"", ""vendor_id"": ""VND-0085"", ""price"": 113339.78}",2e7f4a92ce60a0371c47a86bbca055d6d74c35874983caa752050591fbc1002d,0fb432f3ce3b43be4abf70d488f23164dea5f5b45571c01eebf08ea046472abe
AUD-000272,2026-01-30 13:10:00,BID_SUBMITTED,"{""bid_id"": ""BID-00220"", ""request_id"": ""REQ-022"", ""vendor_id"": ""VND-0183"", ""price"": 110630.09}",0fb432f3ce3b43be4abf70d488f23164dea5f5b45571c01eebf08ea046472abe,29c0ed24ce5c4b54c0729bea951d7e691741ad848373deaa4204eed13857d31a
AUD-000273,2026-01-30 13:14:00,BID_SUBMITTED,"{""bid_id"": ""BID-00221"", ""request_id"": ""REQ-022"", ""vendor_id"": ""VND-0085"", ""price"": 107946.9}",29c0ed24ce5c4b54c0729bea951d7e691741ad848373deaa4204eed13857d31a,ea53b9d9faca328208dd336f1990b18e36e98174b00d3a2f87dfaffc5e113606
AUD-000274,2026-01-30 13:21:00,BID_SUBMITTED,"{""bid_id"": ""BID-00222"", ""request_id"": ""REQ-022"", ""vendor_id"": ""VND-0163"", ""price"": 106700.25}",ea53b9d9faca328208dd336f1990b18e36e98174b00d3a2f87dfaffc5e113606,19decaca85475fe18419c1cce0719242224401fab4aeb12075f1343894954b9a
AUD-000275,2026-01-30 13:30:00,BID_SUBMITTED,"{""bid_id"": ""BID-00223"", ""request_id"": ""REQ-022"", ""vendor_id"": ""VND-0085"", ""price"": 104538.24}",19decaca85475fe18419c1cce0719242224401fab4aeb12075f1343894954b9a,bf0024217e2fb2241173e1b2e5942ee9de0cc8d4d5996e7a8815e1a4a9fe1030
AUD-000276,2026-01-30 13:36:00,BID_SUBMITTED,"{""bid_id"": ""BID-00224"", ""request_id"": ""REQ-022"", ""vendor_id"": ""VND-0283"", ""price"": 103039.55}",bf0024217e2fb2241173e1b2e5942ee9de0cc8d4d5996e7a8815e1a4a9fe1030,1cf8102aad666f0eda2f3f23ec225801e42f2c5eec244900fabf28fdb47afe4b
AUD-000277,2026-01-30 13:44:00,BID_SUBMITTED,"{""bid_id"": ""BID-00225"", ""request_id"": ""REQ-022"", ""vendor_id"": ""VND-0148"", ""price"": 102476.59}",1cf8102aad666f0eda2f3f23ec225801e42f2c5eec244900fabf28fdb47afe4b,a3bcaba83e1e30e9573c27f77062da95be1633f931d730c7d6c74c9f8015dab5
AUD-000278,2026-01-30 13:49:00,BID_SUBMITTED,"{""bid_id"": ""BID-00226"", ""request_id"": ""REQ-022"", ""vendor_id"": ""VND-0283"", ""price"": 101027.1}",a3bcaba83e1e30e9573c27f77062da95be1633f931d730c7d6c74c9f8015dab5,39057651f74e25812fbbab2433b157ca12cf864ac161be5ae6fd08497aa8c9f2
AUD-000279,2026-01-30 13:51:00,BID_SUBMITTED,"{""bid_id"": ""BID-00227"", ""request_id"": ""REQ-022"", ""vendor_id"": ""VND-0085"", ""price"": 99343.29}",39057651f74e25812fbbab2433b157ca12cf864ac161be5ae6fd08497aa8c9f2,7fd7b8db6d156cac0ccf94a5c1e72e79eb88a3be35c668bcdccf2af2bb433634
AUD-000280,2026-01-30 14:00:00,BID_SUBMITTED,"{""bid_id"": ""BID-00228"", ""request_id"": ""REQ-022"", ""vendor_id"": ""VND-0383"", ""price"": 98287.56}",7fd7b8db6d156cac0ccf94a5c1e72e79eb88a3be35c668bcdccf2af2bb433634,6501a698f044b6f62d29ff2af1679045770fd168bd2d8581727b541b0024e96c
AUD-000281,2026-01-30 14:03:00,BID_SUBMITTED,"{""bid_id"": ""BID-00229"", ""request_id"": ""REQ-022"", ""vendor_id"": ""VND-0183"", ""price"": 96741.12}",6501a698f044b6f62d29ff2af1679045770fd168bd2d8581727b541b0024e96c,b5fe9e1c0e05870a6284e83d8f41f244facfac6bb9507c1b6769405ee57bf2d8
AUD-000282,2026-01-30 14:09:00,BID_SUBMITTED,"{""bid_id"": ""BID-00230"", ""request_id"": ""REQ-022"", ""vendor_id"": ""VND-0148"", ""price"": 95998.27}",b5fe9e1c0e05870a6284e83d8f41f244facfac6bb9507c1b6769405ee57bf2d8,ed6ff734deebce24eeaf1be4dff1c1ba49f71d695a18a458e6b7cb77f5523428
AUD-000283,2026-01-30 14:17:00,BID_SUBMITTED,"{""bid_id"": ""BID-00231"", ""request_id"": ""REQ-022"", ""vendor_id"": ""VND-0088"", ""price"": 94816.0}",ed6ff734deebce24eeaf1be4dff1c1ba49f71d695a18a458e6b7cb77f5523428,8dfa30d82f27ef02797ce37fe6282144211906a25027b7a3edcccb0be81ec53a
AUD-000284,2026-01-31 17:00:00,PROCUREMENT_REQUEST_CREATED,"{""request_id"": ""REQ-085"", ""title"": ""Event Brochure & Poster Print (Lot 085)"", ""max_budget"": 110046.85}",8dfa30d82f27ef02797ce37fe6282144211906a25027b7a3edcccb0be81ec53a,f3e1dd34ea7d0ab765f4eb309cd85d7cdd6bfdf91cfd7bb16ceee3819b2b8f8a
AUD-000285,2026-02-01 17:06:00,BID_SUBMITTED,"{""bid_id"": ""BID-00923"", ""request_id"": ""REQ-085"", ""vendor_id"": ""VND-0414"", ""price"": 108141.7}",f3e1dd34ea7d0ab765f4eb309cd85d7cdd6bfdf91cfd7bb16ceee3819b2b8f8a,426561fded9abc2d7f498ee55406b0f0818d5b7a5bcdf66f014fd5e7e9a33912
AUD-000286,2026-02-01 17:16:00,BID_SUBMITTED,"{""bid_id"": ""BID-00924"", ""request_id"": ""REQ-085"", ""vendor_id"": ""VND-0183"", ""price"": 105892.55}",426561fded9abc2d7f498ee55406b0f0818d5b7a5bcdf66f014fd5e7e9a33912,3c096abe21abe22317839ea2c789c718284adecf1d0bc1ef6699eb6e9db2133b
AUD-000287,2026-02-01 17:23:00,BID_SUBMITTED,"{""bid_id"": ""BID-00925"", ""request_id"": ""REQ-085"", ""vendor_id"": ""VND-0183"", ""price"": 105208.74}",3c096abe21abe22317839ea2c789c718284adecf1d0bc1ef6699eb6e9db2133b,1c588ae72aaa8daced324b54620c82e2fd6b304261679a3eaea34cb84bf39a5c
AUD-000288,2026-02-01 17:27:00,BID_SUBMITTED,"{""bid_id"": ""BID-00926"", ""request_id"": ""REQ-085"", ""vendor_id"": ""VND-0414"", ""price"": 104219.86}",1c588ae72aaa8daced324b54620c82e2fd6b304261679a3eaea34cb84bf39a5c,60158dffebe4a009a62d25dc517dbba7995b4424d0c21810991fbf3ac788ce46
AUD-000289,2026-02-01 17:37:00,BID_SUBMITTED,"{""bid_id"": ""BID-00927"", ""request_id"": ""REQ-085"", ""vendor_id"": ""VND-0414"", ""price"": 103556.65}",60158dffebe4a009a62d25dc517dbba7995b4424d0c21810991fbf3ac788ce46,030483576c1bb3d6385b05c7b81bdce39c09cf7349f9bf6cf3b1a9812a4a43f0
AUD-000290,2026-02-01 17:47:00,BID_SUBMITTED,"{""bid_id"": ""BID-00928"", ""request_id"": ""REQ-085"", ""vendor_id"": ""VND-0092"", ""price"": 102177.42}",030483576c1bb3d6385b05c7b81bdce39c09cf7349f9bf6cf3b1a9812a4a43f0,92c134e5e78efecbac932c46dc5967830bc594960ed446adae77ea5915f20133
AUD-000291,2026-02-01 20:00:00,PROCUREMENT_REQUEST_CREATED,"{""request_id"": ""REQ-105"", ""title"": ""BI Analytics Platform Licenses (Lot 105)"", ""max_budget"": 159685.96}",92c134e5e78efecbac932c46dc5967830bc594960ed446adae77ea5915f20133,16c14d432df5062a0cc55c571f423087d6e4d95353a60e3077b2135766f520ac
AUD-000292,2026-02-01 23:00:00,PROCUREMENT_REQUEST_CREATED,"{""request_id"": ""REQ-066"", ""title"": ""Bulk Equipment Shipping Services (Lot 066)"", ""max_budget"": 158324.25}",16c14d432df5062a0cc55c571f423087d6e4d95353a60e3077b2135766f520ac,81f6fac35f31d4849ae657c6048fcf14d37a9ac391a4015fb2f84c26c37a8297
AUD-000293,2026-02-02 20:00:01,BID_SUBMITTED,"{""bid_id"": ""BID-01130"", ""request_id"": ""REQ-105"", ""vendor_id"": ""VND-0272"", ""price"": 151551.66}",81f6fac35f31d4849ae657c6048fcf14d37a9ac391a4015fb2f84c26c37a8297,4c93026e941b7afcaa628f0671ec3a0e5d27342e45ddd539d1a6180a54980f81
AUD-000294,2026-02-02 20:00:03,BID_SUBMITTED,"{""bid_id"": ""BID-01131"", ""request_id"": ""REQ-105"", ""vendor_id"": ""VND-0367"", ""price"": 151401.66}",4c93026e941b7afcaa628f0671ec3a0e5d27342e45ddd539d1a6180a54980f81,c019e1e6d835f1fe0e6c3fa2cbf667d6004de63cf74d461db13e268993d840b0
AUD-000295,2026-02-02 20:00:05,BID_SUBMITTED,"{""bid_id"": ""BID-01132"", ""request_id"": ""REQ-105"", ""vendor_id"": ""VND-0272"", ""price"": 151251.66}",c019e1e6d835f1fe0e6c3fa2cbf667d6004de63cf74d461db13e268993d840b0,406f5f32849869cef3defe6d5938ea311be636720b9449cb0a874cf6ab864a41
AUD-000296,2026-02-02 20:00:07,BID_SUBMITTED,"{""bid_id"": ""BID-01133"", ""request_id"": ""REQ-105"", ""vendor_id"": ""VND-0367"", ""price"": 151101.66}",406f5f32849869cef3defe6d5938ea311be636720b9449cb0a874cf6ab864a41,5eeafff19575dbfeafe3fe8fddafd3fe876899d88c20afca50508061d19a5b29
AUD-000297,2026-02-02 20:00:09,BID_SUBMITTED,"{""bid_id"": ""BID-01134"", ""request_id"": ""REQ-105"", ""vendor_id"": ""VND-0272"", ""price"": 150951.66}",5eeafff19575dbfeafe3fe8fddafd3fe876899d88c20afca50508061d19a5b29,bcc84dae1761570da891633198b297c00cfaa851925f4a3a0c3e0a3666a4e14d
AUD-000298,2026-02-02 20:00:11,BID_SUBMITTED,"{""bid_id"": ""BID-01135"", ""request_id"": ""REQ-105"", ""vendor_id"": ""VND-0367"", ""price"": 150801.66}",bcc84dae1761570da891633198b297c00cfaa851925f4a3a0c3e0a3666a4e14d,982d6d07f5d424938651354cf4b46b3cb659a26c15090a773427b813f2b86edd
AUD-000299,2026-02-02 20:00:13,BID_SUBMITTED,"{""bid_id"": ""BID-01136"", ""request_id"": ""REQ-105"", ""vendor_id"": ""VND-0272"", ""price"": 150651.66}",982d6d07f5d424938651354cf4b46b3cb659a26c15090a773427b813f2b86edd,11f29f00f54bbce1e4a081bebd037e22311442b7c91de555e3bc1e20de637c9f
AUD-000300,2026-02-02 20:00:15,BID_SUBMITTED,"{""bid_id"": ""BID-01137"", ""request_id"": ""REQ-105"", ""vendor_id"": ""VND-0367"", ""price"": 150501.66}",11f29f00f54bbce1e4a081bebd037e22311442b7c91de555e3bc1e20de637c9f,cca07fedf932bf5d408e5f0a0aebf699d4942cad64c47f6aba5e5ebf8b59f01a
AUD-000301,2026-02-02 20:00:16,BID_SUBMITTED,"{""bid_id"": ""BID-01138"", ""request_id"": ""REQ-105"", ""vendor_id"": ""VND-0272"", ""price"": 150351.66}",cca07fedf932bf5d408e5f0a0aebf699d4942cad64c47f6aba5e5ebf8b59f01a,31b03642fcc987ff97a843ab29c8a6f0930bf93658c1c745bffef30e8eea63a7
AUD-000302,2026-02-02 20:00:18,BID_SUBMITTED,"{""bid_id"": ""BID-01139"", ""request_id"": ""REQ-105"", ""vendor_id"": ""VND-0367"", ""price"": 150201.66}",31b03642fcc987ff97a843ab29c8a6f0930bf93658c1c745bffef30e8eea63a7,fa56d9e0a9593f8faa326f30c3dc151b9649363fe51a69734a50bc680a000916
AUD-000303,2026-02-02 20:05:18,BID_SUBMITTED,"{""bid_id"": ""BID-01140"", ""request_id"": ""REQ-105"", ""vendor_id"": ""VND-0002"", ""price"": 139657.56}",fa56d9e0a9593f8faa326f30c3dc151b9649363fe51a69734a50bc680a000916,108e2a6a5b1761f89aaa31302adf41a83e9f5148e305891d50e0d66183d05200
AUD-000304,2026-02-02 20:15:18,BID_SUBMITTED,"{""bid_id"": ""BID-01141"", ""request_id"": ""REQ-105"", ""vendor_id"": ""VND-0010"", ""price"": 146498.8}",108e2a6a5b1761f89aaa31302adf41a83e9f5148e305891d50e0d66183d05200,3c145f129ba438dcbc6e40bd3d4b1eff167e01f22527d639fd5df280c8e0ec16
AUD-000305,2026-02-02 23:00:00,PROCUREMENT_REQUEST_CREATED,"{""request_id"": ""REQ-010"", ""title"": ""Office Electrical Maintenance (Lot 010)"", ""max_budget"": 100076.38}",3c145f129ba438dcbc6e40bd3d4b1eff167e01f22527d639fd5df280c8e0ec16,1ec88b9caeb278a5ec9bcef18fb2979c7906f6ba88e5906dc01d2a3735e2b000
AUD-000306,2026-02-02 23:09:00,BID_SUBMITTED,"{""bid_id"": ""BID-00705"", ""request_id"": ""REQ-066"", ""vendor_id"": ""VND-0112"", ""price"": 154923.77}",1ec88b9caeb278a5ec9bcef18fb2979c7906f6ba88e5906dc01d2a3735e2b000,3de1e16723de28e011d58636f3a1cd773c3192fcee82ae495817e3a7ccd46cc3
AUD-000307,2026-02-02 23:14:00,BID_SUBMITTED,"{""bid_id"": ""BID-00706"", ""request_id"": ""REQ-066"", ""vendor_id"": ""VND-0416"", ""price"": 153848.64}",3de1e16723de28e011d58636f3a1cd773c3192fcee82ae495817e3a7ccd46cc3,c9913ba0a51f8c0094e9a56a9e699ab189d939335afd665694db8b7b9e258e20
AUD-000308,2026-02-02 23:17:00,BID_SUBMITTED,"{""bid_id"": ""BID-00707"", ""request_id"": ""REQ-066"", ""vendor_id"": ""VND-0416"", ""price"": 151115.7}",c9913ba0a51f8c0094e9a56a9e699ab189d939335afd665694db8b7b9e258e20,2cba319695463e0c97ff2b85ce68e98ccd8456639717d6caf654a7dd04f03e11
AUD-000309,2026-02-02 23:23:00,BID_SUBMITTED,"{""bid_id"": ""BID-00708"", ""request_id"": ""REQ-066"", ""vendor_id"": ""VND-0052"", ""price"": 147809.99}",2cba319695463e0c97ff2b85ce68e98ccd8456639717d6caf654a7dd04f03e11,ac1bfbd5097c369c5e735820514f5bb8daa88efada02cb6c5884098e4d534e59
AUD-000310,2026-02-02 23:32:00,BID_SUBMITTED,"{""bid_id"": ""BID-00709"", ""request_id"": ""REQ-066"", ""vendor_id"": ""VND-0385"", ""price"": 145895.94}",ac1bfbd5097c369c5e735820514f5bb8daa88efada02cb6c5884098e4d534e59,1c5a6f882b4275a876928799a3b75b35e73ba9c9d473a31d24d4205472c82922
AUD-000311,2026-02-02 23:42:00,BID_SUBMITTED,"{""bid_id"": ""BID-00710"", ""request_id"": ""REQ-066"", ""vendor_id"": ""VND-0005"", ""price"": 144393.2}",1c5a6f882b4275a876928799a3b75b35e73ba9c9d473a31d24d4205472c82922,2bbe8fe67dced5234ef2f23ec81325908e480212cf851eabcc273d83c64900bf
AUD-000312,2026-02-02 23:50:00,BID_SUBMITTED,"{""bid_id"": ""BID-00711"", ""request_id"": ""REQ-066"", ""vendor_id"": ""VND-0052"", ""price"": 143137.33}",2bbe8fe67dced5234ef2f23ec81325908e480212cf851eabcc273d83c64900bf,3cd49ff2ceed07eb68a0f9190b1a4acf076d6d054a98e96adfbc56bd714d3930
AUD-000313,2026-02-03 06:00:00,PROCUREMENT_REQUEST_CREATED,"{""request_id"": ""REQ-012"", ""title"": ""Executive Lunch Board Meetings (Lot 012)"", ""max_budget"": 17217.37}",3cd49ff2ceed07eb68a0f9190b1a4acf076d6d054a98e96adfbc56bd714d3930,b84e10843a17274322fe53901db0ee41a6de3ce297ea516022b1133499ef253f
AUD-000314,2026-02-03 15:00:00,PROCUREMENT_REQUEST_CREATED,"{""request_id"": ""REQ-045"", ""title"": ""Server Rack Infrastructure Upgrade (Lot 045)"", ""max_budget"": 172727.24}",b84e10843a17274322fe53901db0ee41a6de3ce297ea516022b1133499ef253f,a74f0f28aad567504d13950d9c5c2706faa2fd5087ab9a4f5b4f6dcd21023ae2
AUD-000315,2026-02-03 23:02:00,BID_SUBMITTED,"{""bid_id"": ""BID-00091"", ""request_id"": ""REQ-010"", ""vendor_id"": ""VND-0345"", ""price"": 98282.76}",a74f0f28aad567504d13950d9c5c2706faa2fd5087ab9a4f5b4f6dcd21023ae2,9721202fbfbd83f10b82115469fb3af4f41e9981283eff3a949c33330049759b
AUD-000316,2026-02-03 23:11:00,BID_SUBMITTED,"{""bid_id"": ""BID-00092"", ""request_id"": ""REQ-010"", ""vendor_id"": ""VND-0371"", ""price"": 96400.4}",9721202fbfbd83f10b82115469fb3af4f41e9981283eff3a949c33330049759b,8c3c3ff16d1d5f2bcd6404bcd5953607f75befd7740f43943eb2bc66d6fe4704
AUD-000317,2026-02-03 23:15:00,BID_SUBMITTED,"{""bid_id"": ""BID-00093"", ""request_id"": ""REQ-010"", ""vendor_id"": ""VND-0345"", ""price"": 94910.54}",8c3c3ff16d1d5f2bcd6404bcd5953607f75befd7740f43943eb2bc66d6fe4704,d29271bf3d502b61350e590f3a1b7b0357f4eb0cf25ac9fdb1a7a7efc568e05e
AUD-000318,2026-02-03 23:21:00,BID_SUBMITTED,"{""bid_id"": ""BID-00094"", ""request_id"": ""REQ-010"", ""vendor_id"": ""VND-0091"", ""price"": 93728.23}",d29271bf3d502b61350e590f3a1b7b0357f4eb0cf25ac9fdb1a7a7efc568e05e,925ad2c6da258e9ae5aa7402c29ae5113084a36cf4335d7a4b8b6c03fe803677
AUD-000319,2026-02-03 23:28:00,BID_SUBMITTED,"{""bid_id"": ""BID-00095"", ""request_id"": ""REQ-010"", ""vendor_id"": ""VND-0091"", ""price"": 92493.33}",925ad2c6da258e9ae5aa7402c29ae5113084a36cf4335d7a4b8b6c03fe803677,d8a4e55a64e66b9b26bea070c194e35a0f23d2b2e7323f8ebe6f225641ab4df8
AUD-000320,2026-02-03 23:35:00,BID_SUBMITTED,"{""bid_id"": ""BID-00096"", ""request_id"": ""REQ-010"", ""vendor_id"": ""VND-0345"", ""price"": 90924.85}",d8a4e55a64e66b9b26bea070c194e35a0f23d2b2e7323f8ebe6f225641ab4df8,b5e67ecc6085c085f66c100ea52fc5fd192ac0fd3d8d9f262e6687ff0d735bb3
AUD-000321,2026-02-03 23:45:00,BID_SUBMITTED,"{""bid_id"": ""BID-00097"", ""request_id"": ""REQ-010"", ""vendor_id"": ""VND-0371"", ""price"": 89870.69}",b5e67ecc6085c085f66c100ea52fc5fd192ac0fd3d8d9f262e6687ff0d735bb3,77864bc110a9f56efc3333a119cabffb0174396b2713b6f9fc043bc535b6ce11
AUD-000322,2026-02-04 06:06:00,BID_SUBMITTED,"{""bid_id"": ""BID-00105"", ""request_id"": ""REQ-012"", ""vendor_id"": ""VND-0132"", ""price"": 17077.93}",77864bc110a9f56efc3333a119cabffb0174396b2713b6f9fc043bc535b6ce11,dc1b312c8191274e78f804cae9ddc30b52f76b33e704466ea942bd0fe43e7c19
AUD-000323,2026-02-04 06:16:00,BID_SUBMITTED,"{""bid_id"": ""BID-00106"", ""request_id"": ""REQ-012"", ""vendor_id"": ""VND-0116"", ""price"": 16819.13}",dc1b312c8191274e78f804cae9ddc30b52f76b33e704466ea942bd0fe43e7c19,2f9d0c5b5d92a0134cf1e493f2509d9b1eab6212959564f9d1768f3751ff70d3
AUD-000324,2026-02-04 06:23:00,BID_SUBMITTED,"{""bid_id"": ""BID-00107"", ""request_id"": ""REQ-012"", ""vendor_id"": ""VND-0128"", ""price"": 16722.34}",2f9d0c5b5d92a0134cf1e493f2509d9b1eab6212959564f9d1768f3751ff70d3,0184548bbf44abafe12822e420cac087ec883344832858138cdaa34a27efaa3a
AUD-000325,2026-02-04 06:31:00,BID_SUBMITTED,"{""bid_id"": ""BID-00108"", ""request_id"": ""REQ-012"", ""vendor_id"": ""VND-0128"", ""price"": 16594.9}",0184548bbf44abafe12822e420cac087ec883344832858138cdaa34a27efaa3a,8f83ba03962b30490eacdef5861b27d4d5f9696df0980a3e353c68fab8ae929c
AUD-000326,2026-02-04 06:35:00,BID_SUBMITTED,"{""bid_id"": ""BID-00109"", ""request_id"": ""REQ-012"", ""vendor_id"": ""VND-0132"", ""price"": 16458.07}",8f83ba03962b30490eacdef5861b27d4d5f9696df0980a3e353c68fab8ae929c,f1bfb3ca5fbb52b9f7fe48c315e3aa3a74806a7cc12db2ffd9e8a35360052a1f
AUD-000327,2026-02-04 06:42:00,BID_SUBMITTED,"{""bid_id"": ""BID-00110"", ""request_id"": ""REQ-012"", ""vendor_id"": ""VND-0408"", ""price"": 16361.4}",f1bfb3ca5fbb52b9f7fe48c315e3aa3a74806a7cc12db2ffd9e8a35360052a1f,d5e02adf42c8d7928c3c48c81f8e8144c12105351d5f5312d73a11d40d3f49d3
AUD-000328,2026-02-04 06:48:00,BID_SUBMITTED,"{""bid_id"": ""BID-00111"", ""request_id"": ""REQ-012"", ""vendor_id"": ""VND-0132"", ""price"": 15962.32}",d5e02adf42c8d7928c3c48c81f8e8144c12105351d5f5312d73a11d40d3f49d3,43feb73c993db4cc346b8408de0e79b9f360f1e419b6878a2f2908831617c2cc
AUD-000329,2026-02-04 06:53:00,BID_SUBMITTED,"{""bid_id"": ""BID-00112"", ""request_id"": ""REQ-012"", ""vendor_id"": ""VND-0408"", ""price"": 15807.8}",43feb73c993db4cc346b8408de0e79b9f360f1e419b6878a2f2908831617c2cc,1fb7063ae3b232ccee15ddd022a0ed82dbab2f8d8261104312c09e9301a26d1f
AUD-000330,2026-02-04 07:02:00,BID_SUBMITTED,"{""bid_id"": ""BID-00113"", ""request_id"": ""REQ-012"", ""vendor_id"": ""VND-0247"", ""price"": 15423.48}",1fb7063ae3b232ccee15ddd022a0ed82dbab2f8d8261104312c09e9301a26d1f,4138b0e8d61aa08433a0fb9d60f207fd854154af604f391a78ca8ce654330259
AUD-000331,2026-02-04 15:05:00,BID_SUBMITTED,"{""bid_id"": ""BID-00469"", ""request_id"": ""REQ-045"", ""vendor_id"": ""VND-0473"", ""price"": 169742.14}",4138b0e8d61aa08433a0fb9d60f207fd854154af604f391a78ca8ce654330259,d1945355503556a2d39b7ec70fd02f92a39c2938299723a7d020fd623e452406
AUD-000332,2026-02-04 15:13:00,BID_SUBMITTED,"{""bid_id"": ""BID-00470"", ""request_id"": ""REQ-045"", ""vendor_id"": ""VND-0470"", ""price"": 166883.0}",d1945355503556a2d39b7ec70fd02f92a39c2938299723a7d020fd623e452406,7a13da843a2fa52afb0b20bc7dc9e304ac0626b8b619d3be800610f0243c7177
AUD-000333,2026-02-04 15:18:00,BID_SUBMITTED,"{""bid_id"": ""BID-00471"", ""request_id"": ""REQ-045"", ""vendor_id"": ""VND-0201"", ""price"": 163696.41}",7a13da843a2fa52afb0b20bc7dc9e304ac0626b8b619d3be800610f0243c7177,4a442a2b8913c2bf571f026c0aadc512f0ab406ada749ae3de4502f1114c3f57
AUD-000334,2026-02-04 15:21:00,BID_SUBMITTED,"{""bid_id"": ""BID-00472"", ""request_id"": ""REQ-045"", ""vendor_id"": ""VND-0173"", ""price"": 160414.87}",4a442a2b8913c2bf571f026c0aadc512f0ab406ada749ae3de4502f1114c3f57,e469284b9b266406166a50bcaa1c0ef21e7ff7e1a11fe3d050373dd05434d006
AUD-000335,2026-02-04 15:31:00,BID_SUBMITTED,"{""bid_id"": ""BID-00473"", ""request_id"": ""REQ-045"", ""vendor_id"": ""VND-0343"", ""price"": 159286.35}",e469284b9b266406166a50bcaa1c0ef21e7ff7e1a11fe3d050373dd05434d006,2992b325e4b9070be2203f4741dea2be5088c43dbfcf2bff4cf889181d5097fe
AUD-000336,2026-02-04 15:36:00,BID_SUBMITTED,"{""bid_id"": ""BID-00474"", ""request_id"": ""REQ-045"", ""vendor_id"": ""VND-0336"", ""price"": 157324.6}",2992b325e4b9070be2203f4741dea2be5088c43dbfcf2bff4cf889181d5097fe,e6eba0e08ca716570c232b53af826a389df8b55423cdd8fe4cd007f8f0d01788
AUD-000337,2026-02-09 07:00:00,PROCUREMENT_REQUEST_CREATED,"{""request_id"": ""REQ-030"", ""title"": ""HQ Security Guard Deployment (Lot 030)"", ""max_budget"": 132564.05}",e6eba0e08ca716570c232b53af826a389df8b55423cdd8fe4cd007f8f0d01788,96f7d923591767ff1cca6db6c5fc1d37b9d1c378ef7952863db030fad0472d67
AUD-000338,2026-02-09 14:00:00,PROCUREMENT_REQUEST_CREATED,"{""request_id"": ""REQ-110"", ""title"": ""Fire Safety Systems Audit (Lot 110)"", ""max_budget"": 196786.69}",96f7d923591767ff1cca6db6c5fc1d37b9d1c378ef7952863db030fad0472d67,d17c35ddf5a0ff8f5229b5d885c12c5a215218c2fabb296b10c871613c153cd8
AUD-000339,2026-02-10 07:02:00,BID_SUBMITTED,"{""bid_id"": ""BID-00303"", ""request_id"": ""REQ-030"", ""vendor_id"": ""VND-0184"", ""price"": 131100.69}",d17c35ddf5a0ff8f5229b5d885c12c5a215218c2fabb296b10c871613c153cd8,949d85fc9862d262865997e42c12e8bec79d99481f0f2306f998ac5b9d2a592b
AUD-000340,2026-02-10 07:07:00,BID_SUBMITTED,"{""bid_id"": ""BID-00304"", ""request_id"": ""REQ-030"", ""vendor_id"": ""VND-0184"", ""price"": 128731.22}",949d85fc9862d262865997e42c12e8bec79d99481f0f2306f998ac5b9d2a592b,4117728d5c90ed730f5cccc3b3145c00d406d5d3d7b8dce22a55ef9ed6417a05
AUD-000341,2026-02-10 07:16:00,BID_SUBMITTED,"{""bid_id"": ""BID-00305"", ""request_id"": ""REQ-030"", ""vendor_id"": ""VND-0179"", ""price"": 126368.26}",4117728d5c90ed730f5cccc3b3145c00d406d5d3d7b8dce22a55ef9ed6417a05,e6bf0550242b6571f65c72e1508cb5fc30a28995ffacd9833c57fc8212f248b2
AUD-000342,2026-02-10 07:26:00,BID_SUBMITTED,"{""bid_id"": ""BID-00306"", ""request_id"": ""REQ-030"", ""vendor_id"": ""VND-0184"", ""price"": 125332.76}",e6bf0550242b6571f65c72e1508cb5fc30a28995ffacd9833c57fc8212f248b2,eee643d44f76e10890faf0143ce4941f9e1940cc468285b8226a4b813409798f
AUD-000343,2026-02-10 07:32:00,BID_SUBMITTED,"{""bid_id"": ""BID-00307"", ""request_id"": ""REQ-030"", ""vendor_id"": ""VND-0184"", ""price"": 122975.77}",eee643d44f76e10890faf0143ce4941f9e1940cc468285b8226a4b813409798f,a23960a402a9aad8db19157b5d2548993e2ce19ef6cc8075f398ecc3d2375fd0
AUD-000344,2026-02-10 07:37:00,BID_SUBMITTED,"{""bid_id"": ""BID-00308"", ""request_id"": ""REQ-030"", ""vendor_id"": ""VND-0184"", ""price"": 120849.21}",a23960a402a9aad8db19157b5d2548993e2ce19ef6cc8075f398ecc3d2375fd0,97c59da3f89794d1641f0baa76f0a01422d2932cb04dd06e427bec5bcc6dd54a
AUD-000345,2026-02-10 07:46:00,BID_SUBMITTED,"{""bid_id"": ""BID-00309"", ""request_id"": ""REQ-030"", ""vendor_id"": ""VND-0013"", ""price"": 119089.21}",97c59da3f89794d1641f0baa76f0a01422d2932cb04dd06e427bec5bcc6dd54a,223fc23996067e64b365da8747389e99a54d2175907ac4e58cf5262b2691cc77
AUD-000346,2026-02-10 07:56:00,BID_SUBMITTED,"{""bid_id"": ""BID-00310"", ""request_id"": ""REQ-030"", ""vendor_id"": ""VND-0303"", ""price"": 117603.87}",223fc23996067e64b365da8747389e99a54d2175907ac4e58cf5262b2691cc77,7b1d402da667f3e7f45556b81363cc10b0a874b368b8845eb7d8bcc91512f344
AUD-000347,2026-02-10 08:01:00,BID_SUBMITTED,"{""bid_id"": ""BID-00311"", ""request_id"": ""REQ-030"", ""vendor_id"": ""VND-0241"", ""price"": 115234.5}",7b1d402da667f3e7f45556b81363cc10b0a874b368b8845eb7d8bcc91512f344,d5e1e73abdc9b125842e4ad0c7a38eaaf5f51092c0fab96e036dab84075065e0
AUD-000348,2026-02-10 08:04:00,BID_SUBMITTED,"{""bid_id"": ""BID-00312"", ""request_id"": ""REQ-030"", ""vendor_id"": ""VND-0013"", ""price"": 113090.35}",d5e1e73abdc9b125842e4ad0c7a38eaaf5f51092c0fab96e036dab84075065e0,7b9517bed041fcedeb3c864c1e39bcaf42eb89f9c8a7e3c1b57f40dd243dd34f
AUD-000349,2026-02-10 14:04:00,BID_SUBMITTED,"{""bid_id"": ""BID-01186"", ""request_id"": ""REQ-110"", ""vendor_id"": ""VND-0091"", ""price"": 194886.48}",7b9517bed041fcedeb3c864c1e39bcaf42eb89f9c8a7e3c1b57f40dd243dd34f,9db090d5d462ce25fc646e6cd0dbdd8f5205c5d31b1e84233013c20042915f20
AUD-000350,2026-02-10 14:11:00,BID_SUBMITTED,"{""bid_id"": ""BID-01187"", ""request_id"": ""REQ-110"", ""vendor_id"": ""VND-0091"", ""price"": 191988.2}",9db090d5d462ce25fc646e6cd0dbdd8f5205c5d31b1e84233013c20042915f20,e79d14fc3db9cdbd711eab5b621ffaf520cbbac9a6e7da1fea434e919a4cb254
AUD-000351,2026-02-10 14:20:00,BID_SUBMITTED,"{""bid_id"": ""BID-01188"", ""request_id"": ""REQ-110"", ""vendor_id"": ""VND-0133"", ""price"": 189831.88}",e79d14fc3db9cdbd711eab5b621ffaf520cbbac9a6e7da1fea434e919a4cb254,b1b26dd6513a95a329cdc888c2ac4aa7eb92c91890d2b3dae665bdeba8bc7f33
AUD-000352,2026-02-10 14:22:00,BID_SUBMITTED,"{""bid_id"": ""BID-01189"", ""request_id"": ""REQ-110"", ""vendor_id"": ""VND-0243"", ""price"": 187122.28}",b1b26dd6513a95a329cdc888c2ac4aa7eb92c91890d2b3dae665bdeba8bc7f33,86aa8fde02e6f9bc26c845206883c5f5804f1a088d0776ad163a34fa122236de
AUD-000353,2026-02-10 14:26:00,BID_SUBMITTED,"{""bid_id"": ""BID-01190"", ""request_id"": ""REQ-110"", ""vendor_id"": ""VND-0243"", ""price"": 185886.44}",86aa8fde02e6f9bc26c845206883c5f5804f1a088d0776ad163a34fa122236de,99a806c1d8b8984b21de54f73ddf052da873cc7bde4cad10584581cdb2adaee8
AUD-000354,2026-02-10 14:34:00,BID_SUBMITTED,"{""bid_id"": ""BID-01191"", ""request_id"": ""REQ-110"", ""vendor_id"": ""VND-0091"", ""price"": 183966.22}",99a806c1d8b8984b21de54f73ddf052da873cc7bde4cad10584581cdb2adaee8,e78f84753f17b122064ac3c4feb1b71fa0015f643165a9a5a2ed378edca04e63
AUD-000355,2026-02-10 14:38:00,BID_SUBMITTED,"{""bid_id"": ""BID-01192"", ""request_id"": ""REQ-110"", ""vendor_id"": ""VND-0091"", ""price"": 181047.81}",e78f84753f17b122064ac3c4feb1b71fa0015f643165a9a5a2ed378edca04e63,36382cd186e33ebf6346db525e702bb9394e5c62a66f29398c63dde19581467c
AUD-000356,2026-02-10 14:44:00,BID_SUBMITTED,"{""bid_id"": ""BID-01193"", ""request_id"": ""REQ-110"", ""vendor_id"": ""VND-0264"", ""price"": 176899.28}",36382cd186e33ebf6346db525e702bb9394e5c62a66f29398c63dde19581467c,024db375c0321fd4f08a66da17321b0c8eab05db7134d53d972f84e5d9b785c5
AUD-000357,2026-02-10 14:47:00,BID_SUBMITTED,"{""bid_id"": ""BID-01194"", ""request_id"": ""REQ-110"", ""vendor_id"": ""VND-0133"", ""price"": 173084.44}",024db375c0321fd4f08a66da17321b0c8eab05db7134d53d972f84e5d9b785c5,68a4c73c99b979a04c3b5b1fdaa320fbae478929ee48d83e471093334a0553f7
AUD-000358,2026-02-10 14:56:00,BID_SUBMITTED,"{""bid_id"": ""BID-01195"", ""request_id"": ""REQ-110"", ""vendor_id"": ""VND-0264"", ""price"": 170886.97}",68a4c73c99b979a04c3b5b1fdaa320fbae478929ee48d83e471093334a0553f7,787ced76a9c1bf5f59eb5adad6e19854640a9ebe311273a34129044110ce4fe0
AUD-000359,2026-02-10 14:58:00,BID_SUBMITTED,"{""bid_id"": ""BID-01196"", ""request_id"": ""REQ-110"", ""vendor_id"": ""VND-0264"", ""price"": 167511.55}",787ced76a9c1bf5f59eb5adad6e19854640a9ebe311273a34129044110ce4fe0,23ded22268165066cda419befec198226504ad6bbadd52142a0467ca4a9bc75b
AUD-000360,2026-02-10 15:01:00,BID_SUBMITTED,"{""bid_id"": ""BID-01197"", ""request_id"": ""REQ-110"", ""vendor_id"": ""VND-0264"", ""price"": 165130.09}",23ded22268165066cda419befec198226504ad6bbadd52142a0467ca4a9bc75b,e02be04d1f911e4cae11b0e0e412b36303ccde2029c73e024ef17166e7dc4d74
AUD-000361,2026-02-10 15:07:00,BID_SUBMITTED,"{""bid_id"": ""BID-01198"", ""request_id"": ""REQ-110"", ""vendor_id"": ""VND-0264"", ""price"": 162742.88}",e02be04d1f911e4cae11b0e0e412b36303ccde2029c73e024ef17166e7dc4d74,dcd34c72a5d3392f2b46a44e2b1ebb3b2a6982fb8c307d43d995ce36f3c22482
AUD-000362,2026-02-11 23:00:00,PROCUREMENT_REQUEST_CREATED,"{""request_id"": ""REQ-026"", ""title"": ""Water Treatment Chemicals (Lot 026)"", ""max_budget"": 55730.77}",dcd34c72a5d3392f2b46a44e2b1ebb3b2a6982fb8c307d43d995ce36f3c22482,2b26c78af6d50cc0be31f4bccb086fee61127936096ae20a17035e8c02f23afd
AUD-000363,2026-02-12 09:00:00,PROCUREMENT_REQUEST_CREATED,"{""request_id"": ""REQ-047"", ""title"": ""Ergonomic Seating Bulk Order (Lot 047)"", ""max_budget"": 18195.33}",2b26c78af6d50cc0be31f4bccb086fee61127936096ae20a17035e8c02f23afd,83d5a29f839de6dcbe9119861251e56b4b997b604fec14af0ded3a0138abee4f
AUD-000364,2026-02-12 10:00:00,PROCUREMENT_REQUEST_CREATED,"{""request_id"": ""REQ-096"", ""title"": ""Billboard Campaign Printing (Lot 096)"", ""max_budget"": 159606.61}",83d5a29f839de6dcbe9119861251e56b4b997b604fec14af0ded3a0138abee4f,33ef5dd9edd28bb5b4c8cc4965bc051bf2e9c4d2f4104202466c7f784641eb90
AUD-000365,2026-02-12 23:00:02,BID_SUBMITTED,"{""bid_id"": ""BID-00259"", ""request_id"": ""REQ-026"", ""vendor_id"": ""VND-0321"", ""price"": 52794.23}",33ef5dd9edd28bb5b4c8cc4965bc051bf2e9c4d2f4104202466c7f784641eb90,e471e0f914e75ababf369ef3d641d0abcbb717aaf5c29d38732c4b15f5dd1747
AUD-000366,2026-02-12 23:00:03,BID_SUBMITTED,"{""bid_id"": ""BID-00260"", ""request_id"": ""REQ-026"", ""vendor_id"": ""VND-0134"", ""price"": 52644.23}",e471e0f914e75ababf369ef3d641d0abcbb717aaf5c29d38732c4b15f5dd1747,ade280083607824c0663dddacf9695f238b8a72779734ba5496571b299d45d5d
AUD-000367,2026-02-12 23:00:05,BID_SUBMITTED,"{""bid_id"": ""BID-00261"", ""request_id"": ""REQ-026"", ""vendor_id"": ""VND-0321"", ""price"": 52494.23}",ade280083607824c0663dddacf9695f238b8a72779734ba5496571b299d45d5d,6f0b3798b44fd6f52bf7a9a1a71badd9a1c0764808ba2937edaab0ffa12a840b
AUD-000368,2026-02-12 23:00:07,BID_SUBMITTED,"{""bid_id"": ""BID-00262"", ""request_id"": ""REQ-026"", ""vendor_id"": ""VND-0134"", ""price"": 52344.23}",6f0b3798b44fd6f52bf7a9a1a71badd9a1c0764808ba2937edaab0ffa12a840b,084c55e2e387cb346e0fa055f098881e032a99b57c7f9e2e6b8d2667ec5419bd
AUD-000369,2026-02-12 23:00:08,BID_SUBMITTED,"{""bid_id"": ""BID-00263"", ""request_id"": ""REQ-026"", ""vendor_id"": ""VND-0321"", ""price"": 52194.23}",084c55e2e387cb346e0fa055f098881e032a99b57c7f9e2e6b8d2667ec5419bd,6fc94e99a7020b3ac55364e29c4765ed98993cc8d8e858604deccc7323ab85ce
AUD-000370,2026-02-12 23:00:09,BID_SUBMITTED,"{""bid_id"": ""BID-00264"", ""request_id"": ""REQ-026"", ""vendor_id"": ""VND-0134"", ""price"": 52044.23}",6fc94e99a7020b3ac55364e29c4765ed98993cc8d8e858604deccc7323ab85ce,370a59364bdd659e6627fd40ca54623fa018b555b132e4bbfa7ae56a56f30d68
AUD-000371,2026-02-12 23:00:10,BID_SUBMITTED,"{""bid_id"": ""BID-00265"", ""request_id"": ""REQ-026"", ""vendor_id"": ""VND-0321"", ""price"": 51894.23}",370a59364bdd659e6627fd40ca54623fa018b555b132e4bbfa7ae56a56f30d68,585cefcf0e78395e726a1395367460afd51eec0f63aaa2272e861680a5772462
AUD-000372,2026-02-12 23:00:12,BID_SUBMITTED,"{""bid_id"": ""BID-00266"", ""request_id"": ""REQ-026"", ""vendor_id"": ""VND-0134"", ""price"": 51744.23}",585cefcf0e78395e726a1395367460afd51eec0f63aaa2272e861680a5772462,e567d0e1ccd9440b9f66825eb9a2f6de2fecdd8a96eeec48f4daca85d2e660ab
AUD-000373,2026-02-12 23:00:14,BID_SUBMITTED,"{""bid_id"": ""BID-00267"", ""request_id"": ""REQ-026"", ""vendor_id"": ""VND-0321"", ""price"": 51594.23}",e567d0e1ccd9440b9f66825eb9a2f6de2fecdd8a96eeec48f4daca85d2e660ab,df905601648b8acb6d7d7e60ddf2ee70c2f84d744a30b0d244348b6f32bdac54
AUD-000374,2026-02-12 23:00:16,BID_SUBMITTED,"{""bid_id"": ""BID-00268"", ""request_id"": ""REQ-026"", ""vendor_id"": ""VND-0134"", ""price"": 51444.23}",df905601648b8acb6d7d7e60ddf2ee70c2f84d744a30b0d244348b6f32bdac54,d40f592d6d1b53aa19ae7c1c234b70b489ebada2b49d2e5f7ee3ef2721162124
AUD-000375,2026-02-12 23:07:16,BID_SUBMITTED,"{""bid_id"": ""BID-00269"", ""request_id"": ""REQ-026"", ""vendor_id"": ""VND-0016"", ""price"": 51103.33}",d40f592d6d1b53aa19ae7c1c234b70b489ebada2b49d2e5f7ee3ef2721162124,04ac81bf997ddd64815048d1d80f34c469ee7ebf5cfe5656a47334616fce4968
AUD-000376,2026-02-12 23:15:16,BID_SUBMITTED,"{""bid_id"": ""BID-00270"", ""request_id"": ""REQ-026"", ""vendor_id"": ""VND-0031"", ""price"": 50929.49}",04ac81bf997ddd64815048d1d80f34c469ee7ebf5cfe5656a47334616fce4968,a3ff1a2b6482d3fcd716b05565c4c1b40ddb006315113b1346f4abb12a4e5228
AUD-000377,2026-02-13 09:05:00,BID_SUBMITTED,"{""bid_id"": ""BID-00490"", ""request_id"": ""REQ-047"", ""vendor_id"": ""VND-0147"", ""price"": 18092.46}",a3ff1a2b6482d3fcd716b05565c4c1b40ddb006315113b1346f4abb12a4e5228,2cb6c7aa8c33b0021a31ff51ef66c3a434d41703d787098a85dc53138021619e
AUD-000378,2026-02-13 09:14:00,BID_SUBMITTED,"{""bid_id"": ""BID-00491"", ""request_id"": ""REQ-047"", ""vendor_id"": ""VND-0485"", ""price"": 17897.54}",2cb6c7aa8c33b0021a31ff51ef66c3a434d41703d787098a85dc53138021619e,b2a1cfcdfae73c5d07f320b64621ac9e96cd04d5bdf3da61d24c73ca14577bd8
AUD-000379,2026-02-13 09:23:00,BID_SUBMITTED,"{""bid_id"": ""BID-00492"", ""request_id"": ""REQ-047"", ""vendor_id"": ""VND-0485"", ""price"": 17542.27}",b2a1cfcdfae73c5d07f320b64621ac9e96cd04d5bdf3da61d24c73ca14577bd8,b942bfab4703c50b1bc6ef468de2fb2133c1d48710633a5429212152ce33ad0a
AUD-000380,2026-02-13 09:26:00,BID_SUBMITTED,"{""bid_id"": ""BID-00493"", ""request_id"": ""REQ-047"", ""vendor_id"": ""VND-0485"", ""price"": 17275.34}",b942bfab4703c50b1bc6ef468de2fb2133c1d48710633a5429212152ce33ad0a,37493c96b12ba74391e5e30399291193145ad46c7ef4e6ef7dd1fac6185a4354
AUD-000381,2026-02-13 09:33:00,BID_SUBMITTED,"{""bid_id"": ""BID-00494"", ""request_id"": ""REQ-047"", ""vendor_id"": ""VND-0147"", ""price"": 16921.16}",37493c96b12ba74391e5e30399291193145ad46c7ef4e6ef7dd1fac6185a4354,2cff0c9aed0891e0133554a2deb14ea1397a8054ebb51e96556c6d51648ce23f
AUD-000382,2026-02-13 09:35:00,BID_SUBMITTED,"{""bid_id"": ""BID-00495"", ""request_id"": ""REQ-047"", ""vendor_id"": ""VND-0485"", ""price"": 16558.16}",2cff0c9aed0891e0133554a2deb14ea1397a8054ebb51e96556c6d51648ce23f,83a1ab5d02c9a3cc1a8eee4b54b1ccb419f7dc2da9a0553071a8d125db3abea1
AUD-000383,2026-02-13 09:40:00,BID_SUBMITTED,"{""bid_id"": ""BID-00496"", ""request_id"": ""REQ-047"", ""vendor_id"": ""VND-0037"", ""price"": 16329.21}",83a1ab5d02c9a3cc1a8eee4b54b1ccb419f7dc2da9a0553071a8d125db3abea1,ed4c19b0a41d6c5946afcb6caadb619cada59952ea11a8ee8f9d5ecf042854e4
AUD-000384,2026-02-13 09:45:00,BID_SUBMITTED,"{""bid_id"": ""BID-00497"", ""request_id"": ""REQ-047"", ""vendor_id"": ""VND-0097"", ""price"": 16214.11}",ed4c19b0a41d6c5946afcb6caadb619cada59952ea11a8ee8f9d5ecf042854e4,38bacae2958e826e047da3a6a9b7ecf8a13164c83d5f9f74d9e000fec61ddd2e
AUD-000385,2026-02-13 09:47:00,BID_SUBMITTED,"{""bid_id"": ""BID-00498"", ""request_id"": ""REQ-047"", ""vendor_id"": ""VND-0147"", ""price"": 15849.36}",38bacae2958e826e047da3a6a9b7ecf8a13164c83d5f9f74d9e000fec61ddd2e,d2bd64c9a69f7d89c3cf2791fbbf6515727f46e8b77c3a60c585915da34c47be
AUD-000386,2026-02-13 10:04:00,BID_SUBMITTED,"{""bid_id"": ""BID-01031"", ""request_id"": ""REQ-096"", ""vendor_id"": ""VND-0101"", ""price"": 156890.62}",d2bd64c9a69f7d89c3cf2791fbbf6515727f46e8b77c3a60c585915da34c47be,091d7b06663195fafa1d1c096194afc1bcc42fd31f19f66787be6566cf952e8e
AUD-000387,2026-02-13 10:11:00,BID_SUBMITTED,"{""bid_id"": ""BID-01032"", ""request_id"": ""REQ-096"", ""vendor_id"": ""VND-0306"", ""price"": 155579.89}",091d7b06663195fafa1d1c096194afc1bcc42fd31f19f66787be6566cf952e8e,3299b8c44e2a8c69740c0bf910aac1d725a88f6959813251833ce9f4160d4cb7
AUD-000388,2026-02-13 10:14:00,BID_SUBMITTED,"{""bid_id"": ""BID-01033"", ""request_id"": ""REQ-096"", ""vendor_id"": ""VND-0101"", ""price"": 152945.82}",3299b8c44e2a8c69740c0bf910aac1d725a88f6959813251833ce9f4160d4cb7,bc3c2dd3d7008a2f99e38da1f93f0871316d70c2df042967bfc574a948bb4f00
AUD-000389,2026-02-13 10:18:00,BID_SUBMITTED,"{""bid_id"": ""BID-01034"", ""request_id"": ""REQ-096"", ""vendor_id"": ""VND-0414"", ""price"": 151024.17}",bc3c2dd3d7008a2f99e38da1f93f0871316d70c2df042967bfc574a948bb4f00,a767c0a37729e0510307d1b03b3082e7d145fafeb0d3edabefed70258d1c6469
AUD-000390,2026-02-13 10:28:00,BID_SUBMITTED,"{""bid_id"": ""BID-01035"", ""request_id"": ""REQ-096"", ""vendor_id"": ""VND-0282"", ""price"": 150219.02}",a767c0a37729e0510307d1b03b3082e7d145fafeb0d3edabefed70258d1c6469,33f8ad2886ab50996175b040ccb100a413670fd04a4da7fef0073198ce20b6a2
AUD-000391,2026-02-13 10:31:00,BID_SUBMITTED,"{""bid_id"": ""BID-01036"", ""request_id"": ""REQ-096"", ""vendor_id"": ""VND-0101"", ""price"": 146984.76}",33f8ad2886ab50996175b040ccb100a413670fd04a4da7fef0073198ce20b6a2,5de9ccd6343dc7d9f78b3954edfc8ed0a717b383f347698ccc36b48eb81f2b7a
AUD-000392,2026-02-13 10:33:00,BID_SUBMITTED,"{""bid_id"": ""BID-01037"", ""request_id"": ""REQ-096"", ""vendor_id"": ""VND-0414"", ""price"": 144850.93}",5de9ccd6343dc7d9f78b3954edfc8ed0a717b383f347698ccc36b48eb81f2b7a,2d4e1c1797b1429f4ca532a7504fd6d203dcfc771d38a2971e9bc25c7b3b4201
AUD-000393,2026-02-13 10:37:00,BID_SUBMITTED,"{""bid_id"": ""BID-01038"", ""request_id"": ""REQ-096"", ""vendor_id"": ""VND-0282"", ""price"": 143856.7}",2d4e1c1797b1429f4ca532a7504fd6d203dcfc771d38a2971e9bc25c7b3b4201,8ce0a97c5464734c31de5b5343015a9eb4547a1ae1e3ca1e80858b83454d368f
AUD-000394,2026-02-13 10:45:00,BID_SUBMITTED,"{""bid_id"": ""BID-01039"", ""request_id"": ""REQ-096"", ""vendor_id"": ""VND-0282"", ""price"": 140556.72}",8ce0a97c5464734c31de5b5343015a9eb4547a1ae1e3ca1e80858b83454d368f,afa86ac27e4b57e86a5259b227649ce04bf0b189de64fd01510287b7e2569ca9
AUD-000395,2026-02-15 19:00:00,PROCUREMENT_REQUEST_CREATED,"{""request_id"": ""REQ-013"", ""title"": ""Annual Report High-Volume Print (Lot 013)"", ""max_budget"": 181755.3}",afa86ac27e4b57e86a5259b227649ce04bf0b189de64fd01510287b7e2569ca9,754ec88bfa0d421a7b573f379634bf7820231319460c479047100897c48bd51c
AUD-000396,2026-02-16 19:10:00,BID_SUBMITTED,"{""bid_id"": ""BID-00114"", ""request_id"": ""REQ-013"", ""vendor_id"": ""VND-0384"", ""price"": 178017.96}",754ec88bfa0d421a7b573f379634bf7820231319460c479047100897c48bd51c,528d401df7063d55e3840cab19adb0a90293609cc782f30af72e2ff139944a47
AUD-000397,2026-02-16 19:15:00,BID_SUBMITTED,"{""bid_id"": ""BID-00115"", ""request_id"": ""REQ-013"", ""vendor_id"": ""VND-0282"", ""price"": 173687.61}",528d401df7063d55e3840cab19adb0a90293609cc782f30af72e2ff139944a47,fee68c6b7b47e53a905c979f1692826f74326c8c32709f6f0dfe00f8ed59fa77
AUD-000398,2026-02-16 19:17:00,BID_SUBMITTED,"{""bid_id"": ""BID-00116"", ""request_id"": ""REQ-013"", ""vendor_id"": ""VND-0448"", ""price"": 169786.58}",fee68c6b7b47e53a905c979f1692826f74326c8c32709f6f0dfe00f8ed59fa77,bc91f313da1e0168b84ea43382da9e593136a3a41871ea7964041260372e06f5
AUD-000399,2026-02-16 19:27:00,BID_SUBMITTED,"{""bid_id"": ""BID-00117"", ""request_id"": ""REQ-013"", ""vendor_id"": ""VND-0282"", ""price"": 165969.38}",bc91f313da1e0168b84ea43382da9e593136a3a41871ea7964041260372e06f5,d646d5f2d55d2d5e7feeff905f4d073c03c64a460fbeede1ffeab9e77698c2a5
AUD-000400,2026-02-16 19:37:00,BID_SUBMITTED,"{""bid_id"": ""BID-00118"", ""request_id"": ""REQ-013"", ""vendor_id"": ""VND-0229"", ""price"": 162778.12}",d646d5f2d55d2d5e7feeff905f4d073c03c64a460fbeede1ffeab9e77698c2a5,d34bca1e0b1421f9759c37504e4d74e7b619040a1d4c5618fd16518c2fe8757c
AUD-000401,2026-02-16 19:41:00,BID_SUBMITTED,"{""bid_id"": ""BID-00119"", ""request_id"": ""REQ-013"", ""vendor_id"": ""VND-0229"", ""price"": 161036.19}",d34bca1e0b1421f9759c37504e4d74e7b619040a1d4c5618fd16518c2fe8757c,fe20676b3d77b6f76fe157c4df1ff740268160036cb124a827a41a13d39869b9
AUD-000402,2026-02-16 19:51:00,BID_SUBMITTED,"{""bid_id"": ""BID-00120"", ""request_id"": ""REQ-013"", ""vendor_id"": ""VND-0384"", ""price"": 158783.87}",fe20676b3d77b6f76fe157c4df1ff740268160036cb124a827a41a13d39869b9,75b40d0bc10867f62163fad5fe033d8960bb8a1dbdc5a6ce9ea32222d125ef2c
AUD-000403,2026-02-16 19:54:00,BID_SUBMITTED,"{""bid_id"": ""BID-00121"", ""request_id"": ""REQ-013"", ""vendor_id"": ""VND-0448"", ""price"": 155350.82}",75b40d0bc10867f62163fad5fe033d8960bb8a1dbdc5a6ce9ea32222d125ef2c,18e59e6008dac49068d6499a3cf72d30b23d465737a786537ad07f72a30c517c
AUD-000404,2026-02-16 20:01:00,BID_SUBMITTED,"{""bid_id"": ""BID-00122"", ""request_id"": ""REQ-013"", ""vendor_id"": ""VND-0448"", ""price"": 152036.55}",18e59e6008dac49068d6499a3cf72d30b23d465737a786537ad07f72a30c517c,95fa395b44107f7dd484b29882519d6151b45c1ab2cac5b8894a335cb5fa8c2c
AUD-000405,2026-02-16 20:09:00,BID_SUBMITTED,"{""bid_id"": ""BID-00123"", ""request_id"": ""REQ-013"", ""vendor_id"": ""VND-0229"", ""price"": 150014.78}",95fa395b44107f7dd484b29882519d6151b45c1ab2cac5b8894a335cb5fa8c2c,b47d86ce68544cee9c752e7dbadce99b03ce021288570836a1e8b3f4f93640fa
AUD-000406,2026-02-16 20:12:00,BID_SUBMITTED,"{""bid_id"": ""BID-00124"", ""request_id"": ""REQ-013"", ""vendor_id"": ""VND-0384"", ""price"": 148557.3}",b47d86ce68544cee9c752e7dbadce99b03ce021288570836a1e8b3f4f93640fa,750fbd9de4be7e75a8cff06bfae8726f265aebeffc25f6672ac63a2b54cd0fdc
AUD-000407,2026-02-16 20:19:00,BID_SUBMITTED,"{""bid_id"": ""BID-00125"", ""request_id"": ""REQ-013"", ""vendor_id"": ""VND-0384"", ""price"": 147147.38}",750fbd9de4be7e75a8cff06bfae8726f265aebeffc25f6672ac63a2b54cd0fdc,4d46c1a9315a28c7c8eea8c92eaa463cf98d611d08dcf580636b094d68c9f887
AUD-000408,2026-02-19 16:00:00,PROCUREMENT_REQUEST_CREATED,"{""request_id"": ""REQ-100"", ""title"": ""Sanitization & Disinfection Contract (Lot 100)"", ""max_budget"": 82214.24}",4d46c1a9315a28c7c8eea8c92eaa463cf98d611d08dcf580636b094d68c9f887,083be47cbd7797fdac649b0a171bd3c3664a415fb90aa070752f68bf146fb842
AUD-000409,2026-02-19 19:00:00,PROCUREMENT_REQUEST_CREATED,"{""request_id"": ""REQ-135"", ""title"": ""Aluminum Extrusion Profiles (Lot 135)"", ""max_budget"": 145273.96}",083be47cbd7797fdac649b0a171bd3c3664a415fb90aa070752f68bf146fb842,6d997dec094db5a24cccd731efedcdbb6ee67f7fe1c3f382db50cbd904f9c6e8
AUD-000410,2026-02-19 22:00:00,PROCUREMENT_REQUEST_CREATED,"{""request_id"": ""REQ-112"", ""title"": ""Carpet & Deep Clean SLA (Lot 112)"", ""max_budget"": 44393.06}",6d997dec094db5a24cccd731efedcdbb6ee67f7fe1c3f382db50cbd904f9c6e8,84850166940f4abff9ad8739af6af93721db7f91b53355ac4a6f69c93b2b8a3f
AUD-000411,2026-02-20 09:00:00,PROCUREMENT_REQUEST_CREATED,"{""request_id"": ""REQ-069"", ""title"": ""Access Control Hardware & Service (Lot 069)"", ""max_budget"": 37117.74}",84850166940f4abff9ad8739af6af93721db7f91b53355ac4a6f69c93b2b8a3f,356fe06cc68d1931b26d58678a8de86b86fc91a4541b4a920a9e50fbd4c4f673
AUD-000412,2026-02-20 16:02:00,BID_SUBMITTED,"{""bid_id"": ""BID-01067"", ""request_id"": ""REQ-100"", ""vendor_id"": ""VND-0055"", ""price"": 80791.62}",356fe06cc68d1931b26d58678a8de86b86fc91a4541b4a920a9e50fbd4c4f673,d1eb4a96cf0147d865e1abb15bb80e95e8546248fd1253bc7d3122e7296c0225
AUD-000413,2026-02-20 16:04:00,BID_SUBMITTED,"{""bid_id"": ""BID-01068"", ""request_id"": ""REQ-100"", ""vendor_id"": ""VND-0346"", ""price"": 80001.06}",d1eb4a96cf0147d865e1abb15bb80e95e8546248fd1253bc7d3122e7296c0225,f86466c962d47eee0b8d73ed3b97bfe3bc316700721bd62742371c9ac9908f6d
AUD-000414,2026-02-20 16:10:00,BID_SUBMITTED,"{""bid_id"": ""BID-01069"", ""request_id"": ""REQ-100"", ""vendor_id"": ""VND-0055"", ""price"": 79462.11}",f86466c962d47eee0b8d73ed3b97bfe3bc316700721bd62742371c9ac9908f6d,88ab28e603ec6f7a7d88300503f21754c0f1254aff6486c8971c398c8d4448a5
AUD-000415,2026-02-20 16:18:00,BID_SUBMITTED,"{""bid_id"": ""BID-01070"", ""request_id"": ""REQ-100"", ""vendor_id"": ""VND-0299"", ""price"": 78503.59}",88ab28e603ec6f7a7d88300503f21754c0f1254aff6486c8971c398c8d4448a5,4cd43dfef3be47797ae555dbed89ef4c454780d7f9f87484830e898717a70a15
AUD-000416,2026-02-20 16:28:00,BID_SUBMITTED,"{""bid_id"": ""BID-01071"", ""request_id"": ""REQ-100"", ""vendor_id"": ""VND-0299"", ""price"": 77190.89}",4cd43dfef3be47797ae555dbed89ef4c454780d7f9f87484830e898717a70a15,68c349d583076f3eee03da5b8744f9a9a6a63ba62e1d8dea5781a1287686e7a3
AUD-000417,2026-02-20 16:31:00,BID_SUBMITTED,"{""bid_id"": ""BID-01072"", ""request_id"": ""REQ-100"", ""vendor_id"": ""VND-0141"", ""price"": 75667.25}",68c349d583076f3eee03da5b8744f9a9a6a63ba62e1d8dea5781a1287686e7a3,ab5348c4a3a4e482b09e4acd57e5f29801dfd53f2341cec0872182bae754c680
AUD-000418,2026-02-20 16:41:00,BID_SUBMITTED,"{""bid_id"": ""BID-01073"", ""request_id"": ""REQ-100"", ""vendor_id"": ""VND-0141"", ""price"": 74457.19}",ab5348c4a3a4e482b09e4acd57e5f29801dfd53f2341cec0872182bae754c680,d39cbfce79b7ddcd83e48a856b95761ad18c04bc0f3d6d244c38522d1a97a882
AUD-000419,2026-02-20 16:47:00,BID_SUBMITTED,"{""bid_id"": ""BID-01074"", ""request_id"": ""REQ-100"", ""vendor_id"": ""VND-0268"", ""price"": 73566.54}",d39cbfce79b7ddcd83e48a856b95761ad18c04bc0f3d6d244c38522d1a97a882,f72a6b03f7b9545e63c8d9ae7882e6d37d7a2976129ffccd54e7655fb4514918
AUD-000420,2026-02-20 16:52:00,BID_SUBMITTED,"{""bid_id"": ""BID-01075"", ""request_id"": ""REQ-100"", ""vendor_id"": ""VND-0055"", ""price"": 72306.55}",f72a6b03f7b9545e63c8d9ae7882e6d37d7a2976129ffccd54e7655fb4514918,83e83aca68f07d7973afa2bea6d6e519e4cac2cf1500739e1dee99637406c320
AUD-000421,2026-02-20 16:54:00,BID_SUBMITTED,"{""bid_id"": ""BID-01076"", ""request_id"": ""REQ-100"", ""vendor_id"": ""VND-0299"", ""price"": 70600.53}",83e83aca68f07d7973afa2bea6d6e519e4cac2cf1500739e1dee99637406c320,20151be34b0a1dd3e587e210901c92de7304a503513c93536065b3bc020b8512
AUD-000422,2026-02-20 17:04:00,BID_SUBMITTED,"{""bid_id"": ""BID-01077"", ""request_id"": ""REQ-100"", ""vendor_id"": ""VND-0346"", ""price"": 70000.38}",20151be34b0a1dd3e587e210901c92de7304a503513c93536065b3bc020b8512,5d620c00e318eb09d3fff7e704c9731d32931799001c542714788460872f3aa1
AUD-000423,2026-02-20 17:14:00,BID_SUBMITTED,"{""bid_id"": ""BID-01078"", ""request_id"": ""REQ-100"", ""vendor_id"": ""VND-0141"", ""price"": 68868.29}",5d620c00e318eb09d3fff7e704c9731d32931799001c542714788460872f3aa1,407def974264ce531df9dec53b25e7211bc9cb9634928bc5763703808944b72b
AUD-000424,2026-02-20 17:17:00,BID_SUBMITTED,"{""bid_id"": ""BID-01079"", ""request_id"": ""REQ-100"", ""vendor_id"": ""VND-0346"", ""price"": 68055.69}",407def974264ce531df9dec53b25e7211bc9cb9634928bc5763703808944b72b,d2e3bd1502fc48e936b1ca3b852cbfa4ac9c06b538e38e11d7742da29dfc005e
AUD-000425,2026-02-20 17:27:00,BID_SUBMITTED,"{""bid_id"": ""BID-01080"", ""request_id"": ""REQ-100"", ""vendor_id"": ""VND-0268"", ""price"": 66413.22}",d2e3bd1502fc48e936b1ca3b852cbfa4ac9c06b538e38e11d7742da29dfc005e,1496d172caf1bf7227bd4b9e230fe5456c5e2b8a9bddb655515128fe354dd61e
AUD-000426,2026-02-20 19:03:00,BID_SUBMITTED,"{""bid_id"": ""BID-01456"", ""request_id"": ""REQ-135"", ""vendor_id"": ""VND-0480"", ""price"": 142931.71}",1496d172caf1bf7227bd4b9e230fe5456c5e2b8a9bddb655515128fe354dd61e,4b0d1f56daf63a397cce5b34c8a52529997107075726caf6f28cd22961d8eb89
AUD-000427,2026-02-20 19:11:00,BID_SUBMITTED,"{""bid_id"": ""BID-01457"", ""request_id"": ""REQ-135"", ""vendor_id"": ""VND-0480"", ""price"": 140694.13}",4b0d1f56daf63a397cce5b34c8a52529997107075726caf6f28cd22961d8eb89,7ce6c5f212e011fcd74783b4f6666d41e829384b9b95c665a3316d73a35c10fb
AUD-000428,2026-02-20 19:16:00,BID_SUBMITTED,"{""bid_id"": ""BID-01458"", ""request_id"": ""REQ-135"", ""vendor_id"": ""VND-0400"", ""price"": 138827.28}",7ce6c5f212e011fcd74783b4f6666d41e829384b9b95c665a3316d73a35c10fb,e5126bc0699b30b57126afa1511c818345ee81002a1026ba0668bf76e2448484
AUD-000429,2026-02-20 19:25:00,BID_SUBMITTED,"{""bid_id"": ""BID-01459"", ""request_id"": ""REQ-135"", ""vendor_id"": ""VND-0400"", ""price"": 137691.61}",e5126bc0699b30b57126afa1511c818345ee81002a1026ba0668bf76e2448484,2b0946bb7c977b9b90a2f8ca0d5d04707f19b93c8af8edd23ef3e1486d19afc4
AUD-000430,2026-02-20 19:30:00,BID_SUBMITTED,"{""bid_id"": ""BID-01460"", ""request_id"": ""REQ-135"", ""vendor_id"": ""VND-0082"", ""price"": 136821.24}",2b0946bb7c977b9b90a2f8ca0d5d04707f19b93c8af8edd23ef3e1486d19afc4,315e5dd3b1c0afebe832aabdf1bbed0337945ddbd644df5a0a7bb905f02cf871
AUD-000431,2026-02-20 19:38:00,BID_SUBMITTED,"{""bid_id"": ""BID-01461"", ""request_id"": ""REQ-135"", ""vendor_id"": ""VND-0400"", ""price"": 134957.33}",315e5dd3b1c0afebe832aabdf1bbed0337945ddbd644df5a0a7bb905f02cf871,588ce8b45ae3c301ef6a69bfd7bf83ef205b0fe4fc0eeffba0f8965c0899c65a
AUD-000432,2026-02-20 19:48:00,BID_SUBMITTED,"{""bid_id"": ""BID-01462"", ""request_id"": ""REQ-135"", ""vendor_id"": ""VND-0400"", ""price"": 132157.43}",588ce8b45ae3c301ef6a69bfd7bf83ef205b0fe4fc0eeffba0f8965c0899c65a,1fec824a0e1f6d00d33d070e3be959ef72b1afdcd4f3e49e18bc4617fbfd72f0
AUD-000433,2026-02-20 22:09:00,BID_SUBMITTED,"{""bid_id"": ""BID-01213"", ""request_id"": ""REQ-112"", ""vendor_id"": ""VND-0231"", ""price"": 43373.21}",1fec824a0e1f6d00d33d070e3be959ef72b1afdcd4f3e49e18bc4617fbfd72f0,85de2112637e983d449f5565ad6688df15668dc94cc2c4e9a8ad1c31c0923715
AUD-000434,2026-02-20 22:19:00,BID_SUBMITTED,"{""bid_id"": ""BID-01214"", ""request_id"": ""REQ-112"", ""vendor_id"": ""VND-0213"", ""price"": 42671.41}",85de2112637e983d449f5565ad6688df15668dc94cc2c4e9a8ad1c31c0923715,11ec3d81e0636504bd8c5cc3c0ceb07a8a6021d2046e80fa09f0f2c3405a46ac
AUD-000435,2026-02-20 22:23:00,BID_SUBMITTED,"{""bid_id"": ""BID-01215"", ""request_id"": ""REQ-112"", ""vendor_id"": ""VND-0213"", ""price"": 42296.09}",11ec3d81e0636504bd8c5cc3c0ceb07a8a6021d2046e80fa09f0f2c3405a46ac,dda1e847cdbf8925a86107d6de5e79f92b07f96406986610c171be69a785d4de
AUD-000436,2026-02-20 22:32:00,BID_SUBMITTED,"{""bid_id"": ""BID-01216"", ""request_id"": ""REQ-112"", ""vendor_id"": ""VND-0231"", ""price"": 41810.8}",dda1e847cdbf8925a86107d6de5e79f92b07f96406986610c171be69a785d4de,05b2f1a9524b550573498a2152959736bbbbf4e2dea597318fd1481ac60b96af
AUD-000437,2026-02-20 22:42:00,BID_SUBMITTED,"{""bid_id"": ""BID-01217"", ""request_id"": ""REQ-112"", ""vendor_id"": ""VND-0231"", ""price"": 40876.19}",05b2f1a9524b550573498a2152959736bbbbf4e2dea597318fd1481ac60b96af,021db21445821b343926f9a9304c25b2e1f793b31614255dcb22ac6499c627f3
AUD-000438,2026-02-20 22:46:00,BID_SUBMITTED,"{""bid_id"": ""BID-01218"", ""request_id"": ""REQ-112"", ""vendor_id"": ""VND-0314"", ""price"": 40615.5}",021db21445821b343926f9a9304c25b2e1f793b31614255dcb22ac6499c627f3,f1b4bfb2347fc9bcfc34abb2ed429213905890b1b288acf39d61cf91a39f0c49
AUD-000439,2026-02-20 22:52:00,BID_SUBMITTED,"{""bid_id"": ""BID-01219"", ""request_id"": ""REQ-112"", ""vendor_id"": ""VND-0213"", ""price"": 40172.25}",f1b4bfb2347fc9bcfc34abb2ed429213905890b1b288acf39d61cf91a39f0c49,cb92cdd8f499af2205aed9b6e0b1ee31474ded8e2d1d02fd5babb03f573a1a24
AUD-000440,2026-02-20 23:02:00,BID_SUBMITTED,"{""bid_id"": ""BID-01220"", ""request_id"": ""REQ-112"", ""vendor_id"": ""VND-0231"", ""price"": 39606.56}",cb92cdd8f499af2205aed9b6e0b1ee31474ded8e2d1d02fd5babb03f573a1a24,5917f9984348b18cc3a63e093ece85fdf9e83139d90e8787439d5a5650a613d1
AUD-000441,2026-02-21 09:03:00,BID_SUBMITTED,"{""bid_id"": ""BID-00730"", ""request_id"": ""REQ-069"", ""vendor_id"": ""VND-0103"", ""price"": 36245.53}",5917f9984348b18cc3a63e093ece85fdf9e83139d90e8787439d5a5650a613d1,0eab8912a2949ba4801b1db1f6ca6ca98f7ce9ece0d11c4ae62c2aaa70899c8c
AUD-000442,2026-02-21 09:10:00,BID_SUBMITTED,"{""bid_id"": ""BID-00731"", ""request_id"": ""REQ-069"", ""vendor_id"": ""VND-0130"", ""price"": 35435.46}",0eab8912a2949ba4801b1db1f6ca6ca98f7ce9ece0d11c4ae62c2aaa70899c8c,ff30ef9dc5b0cba37317c452e4c0820c3ee20423e6c0abccd5c3667d3bc9bc7a
AUD-000443,2026-02-21 09:19:00,BID_SUBMITTED,"{""bid_id"": ""BID-00732"", ""request_id"": ""REQ-069"", ""vendor_id"": ""VND-0462"", ""price"": 35071.08}",ff30ef9dc5b0cba37317c452e4c0820c3ee20423e6c0abccd5c3667d3bc9bc7a,3bda78bbee735e444135f1c130c493c976512497613ac4794188633d9090ad25
AUD-000444,2026-02-21 09:21:00,BID_SUBMITTED,"{""bid_id"": ""BID-00733"", ""request_id"": ""REQ-069"", ""vendor_id"": ""VND-0395"", ""price"": 34468.59}",3bda78bbee735e444135f1c130c493c976512497613ac4794188633d9090ad25,ed124d26a6dc97c4bfe5b3909c449eeafea95c04496a8462e192178797ad108c
AUD-000445,2026-02-21 09:25:00,BID_SUBMITTED,"{""bid_id"": ""BID-00734"", ""request_id"": ""REQ-069"", ""vendor_id"": ""VND-0261"", ""price"": 34106.38}",ed124d26a6dc97c4bfe5b3909c449eeafea95c04496a8462e192178797ad108c,7f84ebc45a519d8889ef1818675a0472e2f89b632b22e9419c322af5079d3b6d
AUD-000446,2026-02-21 09:33:00,BID_SUBMITTED,"{""bid_id"": ""BID-00735"", ""request_id"": ""REQ-069"", ""vendor_id"": ""VND-0395"", ""price"": 33520.67}",7f84ebc45a519d8889ef1818675a0472e2f89b632b22e9419c322af5079d3b6d,1fc54360ef15e09acef9fa3f0872da6072f8d0bd197f44660f10b0597755bec0
AUD-000447,2026-02-21 09:40:00,BID_SUBMITTED,"{""bid_id"": ""BID-00736"", ""request_id"": ""REQ-069"", ""vendor_id"": ""VND-0103"", ""price"": 33087.72}",1fc54360ef15e09acef9fa3f0872da6072f8d0bd197f44660f10b0597755bec0,5cb30861e8aa05323cf8d8a0724822f6d19d336c1dd6f09d008736c1694c25ab
AUD-000448,2026-02-21 09:49:00,BID_SUBMITTED,"{""bid_id"": ""BID-00737"", ""request_id"": ""REQ-069"", ""vendor_id"": ""VND-0397"", ""price"": 32765.06}",5cb30861e8aa05323cf8d8a0724822f6d19d336c1dd6f09d008736c1694c25ab,45024dbd1c75b345b7fa05fbae681878aff1d62237a2fce3ef6769e5b4dd65df
AUD-000449,2026-02-21 09:51:00,BID_SUBMITTED,"{""bid_id"": ""BID-00738"", ""request_id"": ""REQ-069"", ""vendor_id"": ""VND-0130"", ""price"": 32013.41}",45024dbd1c75b345b7fa05fbae681878aff1d62237a2fce3ef6769e5b4dd65df,f94cff430a4d461cdc519ce1dcec98d5a71b0740137956172192a1fc4df23b1e
AUD-000450,2026-02-21 09:57:00,BID_SUBMITTED,"{""bid_id"": ""BID-00739"", ""request_id"": ""REQ-069"", ""vendor_id"": ""VND-0130"", ""price"": 31330.0}",f94cff430a4d461cdc519ce1dcec98d5a71b0740137956172192a1fc4df23b1e,abc7ed540fd872993d303a2dd2e8d435cf761d3b032c45c29dcce461ac930070
AUD-000451,2026-02-21 10:06:00,BID_SUBMITTED,"{""bid_id"": ""BID-00740"", ""request_id"": ""REQ-069"", ""vendor_id"": ""VND-0130"", ""price"": 30997.69}",abc7ed540fd872993d303a2dd2e8d435cf761d3b032c45c29dcce461ac930070,9328f08a7139697d00b669954a07e78b6258de71f1a51c31b67c5a3f55e3ba61
AUD-000452,2026-02-21 10:11:00,BID_SUBMITTED,"{""bid_id"": ""BID-00741"", ""request_id"": ""REQ-069"", ""vendor_id"": ""VND-0397"", ""price"": 30418.12}",9328f08a7139697d00b669954a07e78b6258de71f1a51c31b67c5a3f55e3ba61,8eebcfbdbe9afcb655a8e6e68841b02054285b570421cf244b556a99e0fcc4df
AUD-000453,2026-02-21 10:20:00,BID_SUBMITTED,"{""bid_id"": ""BID-00742"", ""request_id"": ""REQ-069"", ""vendor_id"": ""VND-0261"", ""price"": 30083.23}",8eebcfbdbe9afcb655a8e6e68841b02054285b570421cf244b556a99e0fcc4df,4eb327bd7e28df28c9c0125676e6c436ba437a3bdddbf782362f635fdb921c1e
AUD-000454,2026-02-21 10:28:00,BID_SUBMITTED,"{""bid_id"": ""BID-00743"", ""request_id"": ""REQ-069"", ""vendor_id"": ""VND-0130"", ""price"": 29770.71}",4eb327bd7e28df28c9c0125676e6c436ba437a3bdddbf782362f635fdb921c1e,c7025b679bdd8169e2c23ec58c2863d4f2a192a47df99a1b14b08d6b241b6120
AUD-000455,2026-02-21 10:33:00,BID_SUBMITTED,"{""bid_id"": ""BID-00744"", ""request_id"": ""REQ-069"", ""vendor_id"": ""VND-0395"", ""price"": 29237.49}",c7025b679bdd8169e2c23ec58c2863d4f2a192a47df99a1b14b08d6b241b6120,3cfc7eea069bdcaa1b0a63b625f3568bebf8c54d0ffb7d9d5136e35e992ddeb0
AUD-000456,2026-02-25 02:00:00,PROCUREMENT_REQUEST_CREATED,"{""request_id"": ""REQ-031"", ""title"": ""Annual Corporate Gala Catering (Lot 031)"", ""max_budget"": 43629.04}",3cfc7eea069bdcaa1b0a63b625f3568bebf8c54d0ffb7d9d5136e35e992ddeb0,e95ded5e958d3332fd96f696a27af7bb866a61fc75793ead186958f916de3546
AUD-000457,2026-02-26 02:10:00,BID_SUBMITTED,"{""bid_id"": ""BID-00313"", ""request_id"": ""REQ-031"", ""vendor_id"": ""VND-0460"", ""price"": 43234.5}",e95ded5e958d3332fd96f696a27af7bb866a61fc75793ead186958f916de3546,b93fa54f1a58a502d971a00438475d97321880a31156b825865f0048eb5e0804
AUD-000458,2026-02-26 02:20:00,BID_SUBMITTED,"{""bid_id"": ""BID-00314"", ""request_id"": ""REQ-031"", ""vendor_id"": ""VND-0430"", ""price"": 42876.05}",b93fa54f1a58a502d971a00438475d97321880a31156b825865f0048eb5e0804,d206697b82f51f880625c2de7ba7be542815a826d0fc7d404206d03eafcbd406
AUD-000459,2026-02-26 02:25:00,BID_SUBMITTED,"{""bid_id"": ""BID-00315"", ""request_id"": ""REQ-031"", ""vendor_id"": ""VND-0029"", ""price"": 42561.99}",d206697b82f51f880625c2de7ba7be542815a826d0fc7d404206d03eafcbd406,d608aa945b9d916c9702122e3d45a433743809742a204f11f5c3d419c9e18958
AUD-000460,2026-02-26 02:28:00,BID_SUBMITTED,"{""bid_id"": ""BID-00316"", ""request_id"": ""REQ-031"", ""vendor_id"": ""VND-0067"", ""price"": 41852.78}",d608aa945b9d916c9702122e3d45a433743809742a204f11f5c3d419c9e18958,5c656d3463b7c96fb60c6eb485bea2b80bf3726a905019939f3e9b9a92617c0d
AUD-000461,2026-02-26 02:30:00,BID_SUBMITTED,"{""bid_id"": ""BID-00317"", ""request_id"": ""REQ-031"", ""vendor_id"": ""VND-0460"", ""price"": 41270.63}",5c656d3463b7c96fb60c6eb485bea2b80bf3726a905019939f3e9b9a92617c0d,a1051e4b04e8b553ffa129cc9e51adef25fd42f14eca40ca986f8ab0b2aa759a
AUD-000462,2026-02-26 02:38:00,BID_SUBMITTED,"{""bid_id"": ""BID-00318"", ""request_id"": ""REQ-031"", ""vendor_id"": ""VND-0029"", ""price"": 40955.36}",a1051e4b04e8b553ffa129cc9e51adef25fd42f14eca40ca986f8ab0b2aa759a,7925f69e72d6d05554929ff1e6c4b1816cd4a408926c0a09173363e2c628ad62
AUD-000463,2026-02-26 02:48:00,BID_SUBMITTED,"{""bid_id"": ""BID-00319"", ""request_id"": ""REQ-031"", ""vendor_id"": ""VND-0029"", ""price"": 40288.68}",7925f69e72d6d05554929ff1e6c4b1816cd4a408926c0a09173363e2c628ad62,cefc6a5a4c63b450c774faea1c796fbc3d88c9740b515518e8e23dcebed1ac28
AUD-000464,2026-02-26 02:54:00,BID_SUBMITTED,"{""bid_id"": ""BID-00320"", ""request_id"": ""REQ-031"", ""vendor_id"": ""VND-0029"", ""price"": 39545.14}",cefc6a5a4c63b450c774faea1c796fbc3d88c9740b515518e8e23dcebed1ac28,2dabf1b80f5f6956ae559f8d4eeed05ea8c807b55dc80c08532fe75b73ceb216
AUD-000465,2026-02-26 03:00:00,BID_SUBMITTED,"{""bid_id"": ""BID-00321"", ""request_id"": ""REQ-031"", ""vendor_id"": ""VND-0067"", ""price"": 39330.2}",2dabf1b80f5f6956ae559f8d4eeed05ea8c807b55dc80c08532fe75b73ceb216,d89007b1e82c8a76ca563130cd55f8a216c4e37d604ba81d204b50ccb48b4a7c
AUD-000466,2026-02-26 03:05:00,BID_SUBMITTED,"{""bid_id"": ""BID-00322"", ""request_id"": ""REQ-031"", ""vendor_id"": ""VND-0027"", ""price"": 39131.17}",d89007b1e82c8a76ca563130cd55f8a216c4e37d604ba81d204b50ccb48b4a7c,e92a4239ab301a7d8b1f42622438aca9cfc78a15214b5c62589347a730c36663
AUD-000467,2026-02-26 03:13:00,BID_SUBMITTED,"{""bid_id"": ""BID-00323"", ""request_id"": ""REQ-031"", ""vendor_id"": ""VND-0460"", ""price"": 38878.36}",e92a4239ab301a7d8b1f42622438aca9cfc78a15214b5c62589347a730c36663,754e7b9a30ff0664755d7cc41c2e372428d3b8ad090454584247b867a7bc2102
AUD-000468,2026-02-26 03:23:00,BID_SUBMITTED,"{""bid_id"": ""BID-00324"", ""request_id"": ""REQ-031"", ""vendor_id"": ""VND-0279"", ""price"": 38139.38}",754e7b9a30ff0664755d7cc41c2e372428d3b8ad090454584247b867a7bc2102,d733be5d83a4afe9d34e4e51df90e38bc40b25adb3ff8922befa4353e2034cf1
AUD-000469,2026-02-26 03:26:00,BID_SUBMITTED,"{""bid_id"": ""BID-00325"", ""request_id"": ""REQ-031"", ""vendor_id"": ""VND-0338"", ""price"": 37235.79}",d733be5d83a4afe9d34e4e51df90e38bc40b25adb3ff8922befa4353e2034cf1,8088160cd828477b3839260abf03b3b75cb74fa2e6844a77ff22704cde3d0a6b
AUD-000470,2026-02-26 03:34:00,BID_SUBMITTED,"{""bid_id"": ""BID-00326"", ""request_id"": ""REQ-031"", ""vendor_id"": ""VND-0029"", ""price"": 37025.98}",8088160cd828477b3839260abf03b3b75cb74fa2e6844a77ff22704cde3d0a6b,a6ad9fe39e4a05a9ad7e02caa830c1f93925684c6bc47fe1cd6751d4b7de2e74
AUD-000471,2026-03-02 09:00:00,PROCUREMENT_REQUEST_CREATED,"{""request_id"": ""REQ-083"", ""title"": ""Carpet & Deep Clean SLA (Lot 083)"", ""max_budget"": 95466.62}",a6ad9fe39e4a05a9ad7e02caa830c1f93925684c6bc47fe1cd6751d4b7de2e74,afe945a28b300abc4b926f3bd5172b980e891e9f0a81b4016688bcb77588147a
AUD-000472,2026-03-03 09:05:00,BID_SUBMITTED,"{""bid_id"": ""BID-00903"", ""request_id"": ""REQ-083"", ""vendor_id"": ""VND-0346"", ""price"": 93709.55}",afe945a28b300abc4b926f3bd5172b980e891e9f0a81b4016688bcb77588147a,327454781119fb71a8735a10dc467fe7f748e2a6568e2bdf0b093c7b6ae6fa10
AUD-000473,2026-03-03 09:09:00,BID_SUBMITTED,"{""bid_id"": ""BID-00904"", ""request_id"": ""REQ-083"", ""vendor_id"": ""VND-0268"", ""price"": 91835.01}",327454781119fb71a8735a10dc467fe7f748e2a6568e2bdf0b093c7b6ae6fa10,a1eb505ad44069e583b4f5e5e006812d656a931b64e921bc54d19468eed283ea
AUD-000474,2026-03-03 09:13:00,BID_SUBMITTED,"{""bid_id"": ""BID-00905"", ""request_id"": ""REQ-083"", ""vendor_id"": ""VND-0268"", ""price"": 90120.65}",a1eb505ad44069e583b4f5e5e006812d656a931b64e921bc54d19468eed283ea,8c148e85076d554d40a5cfce7d7b09b8218806cbdc2074f942342935b0f4b2e3
AUD-000475,2026-03-03 09:19:00,BID_SUBMITTED,"{""bid_id"": ""BID-00906"", ""request_id"": ""REQ-083"", ""vendor_id"": ""VND-0346"", ""price"": 88425.31}",8c148e85076d554d40a5cfce7d7b09b8218806cbdc2074f942342935b0f4b2e3,8c1ea1f049bda8aa39ef9116528f6159bd16e6de7928748c5672ff87d44b7e96
AUD-000476,2026-03-03 09:21:00,BID_SUBMITTED,"{""bid_id"": ""BID-00907"", ""request_id"": ""REQ-083"", ""vendor_id"": ""VND-0033"", ""price"": 86650.45}",8c1ea1f049bda8aa39ef9116528f6159bd16e6de7928748c5672ff87d44b7e96,1514ef40d401bd85a212e62e79367f23724bc85bc82072c8db4e768b69ba518a
AUD-000477,2026-03-03 09:24:00,BID_SUBMITTED,"{""bid_id"": ""BID-00908"", ""request_id"": ""REQ-083"", ""vendor_id"": ""VND-0268"", ""price"": 84806.48}",1514ef40d401bd85a212e62e79367f23724bc85bc82072c8db4e768b69ba518a,458c1b8201eb9675d34d66b9b17653f0d1af8358053657749fbd7996a42e3946
AUD-000478,2026-03-03 09:34:00,BID_SUBMITTED,"{""bid_id"": ""BID-00909"", ""request_id"": ""REQ-083"", ""vendor_id"": ""VND-0437"", ""price"": 82910.15}",458c1b8201eb9675d34d66b9b17653f0d1af8358053657749fbd7996a42e3946,eeb3afc8cedfae0c15e574ffc7ec91a2da362083b60a4fd08d6b30b62a31e04a
AUD-000479,2026-03-03 09:44:00,BID_SUBMITTED,"{""bid_id"": ""BID-00910"", ""request_id"": ""REQ-083"", ""vendor_id"": ""VND-0033"", ""price"": 81264.53}",eeb3afc8cedfae0c15e574ffc7ec91a2da362083b60a4fd08d6b30b62a31e04a,82243e02d8d1837548149fcc9916d699083c5a24ef62f7a42185b61e863b8309
AUD-000480,2026-03-03 21:00:00,PROCUREMENT_REQUEST_CREATED,"{""request_id"": ""REQ-018"", ""title"": ""Promotional Merchandise Lot (Lot 018)"", ""max_budget"": 180467.5}",82243e02d8d1837548149fcc9916d699083c5a24ef62f7a42185b61e863b8309,a42b30d4f9b5ab12031008e5a7f486a866e7a9461c2966d0c539de0a1705683b
AUD-000481,2026-03-04 05:00:00,PROCUREMENT_REQUEST_CREATED,"{""request_id"": ""REQ-081"", ""title"": ""Inter-State Freight Shipping (Lot 081)"", ""max_budget"": 10297.65}",a42b30d4f9b5ab12031008e5a7f486a866e7a9461c2966d0c539de0a1705683b,8e3c21c64cddd7278dd66b24b6ff144073f89a52515a623ff0e808a5f4cb249c
AUD-000482,2026-03-04 08:00:00,PROCUREMENT_REQUEST_CREATED,"{""request_id"": ""REQ-028"", ""title"": ""Event Crowd Management Services (Lot 028)"", ""max_budget"": 196352.93}",8e3c21c64cddd7278dd66b24b6ff144073f89a52515a623ff0e808a5f4cb249c,0ec0ea82d675ac09ce49b78b753579d01fca936b1a654fdaf0b4ce068f81afea
AUD-000483,2026-03-04 21:07:00,BID_SUBMITTED,"{""bid_id"": ""BID-00167"", ""request_id"": ""REQ-018"", ""vendor_id"": ""VND-0478"", ""price"": 177951.32}",0ec0ea82d675ac09ce49b78b753579d01fca936b1a654fdaf0b4ce068f81afea,99a14f5c5c0e5fe8cb9074e113f0ff2db543fafbe52ce6b8c162b7e96d2b59b3
AUD-000484,2026-03-04 21:13:00,BID_SUBMITTED,"{""bid_id"": ""BID-00168"", ""request_id"": ""REQ-018"", ""vendor_id"": ""VND-0101"", ""price"": 173509.11}",99a14f5c5c0e5fe8cb9074e113f0ff2db543fafbe52ce6b8c162b7e96d2b59b3,6cecc660a750caa11d264e33b2afc78396cc289ac0a433ed4d659dbee461f31c
AUD-000485,2026-03-04 21:21:00,BID_SUBMITTED,"{""bid_id"": ""BID-00169"", ""request_id"": ""REQ-018"", ""vendor_id"": ""VND-0282"", ""price"": 172381.16}",6cecc660a750caa11d264e33b2afc78396cc289ac0a433ed4d659dbee461f31c,4597513f1dd536b75c6d20123ebc4b0cf050c07a060f8c4a8711e7a499b4398b
AUD-000486,2026-03-04 21:25:00,BID_SUBMITTED,"{""bid_id"": ""BID-00170"", ""request_id"": ""REQ-018"", ""vendor_id"": ""VND-0478"", ""price"": 169750.33}",4597513f1dd536b75c6d20123ebc4b0cf050c07a060f8c4a8711e7a499b4398b,c36011079b94bacce529408699f6b77ccffa39fb6396d26a73f1e100ebd53c81
AUD-000487,2026-03-04 21:34:00,BID_SUBMITTED,"{""bid_id"": ""BID-00171"", ""request_id"": ""REQ-018"", ""vendor_id"": ""VND-0282"", ""price"": 168416.84}",c36011079b94bacce529408699f6b77ccffa39fb6396d26a73f1e100ebd53c81,6d35f18906cc536c070f1f3f9921874846f449eac84b193dcdd9106500eae8f1
AUD-000488,2026-03-04 21:39:00,BID_SUBMITTED,"{""bid_id"": ""BID-00172"", ""request_id"": ""REQ-018"", ""vendor_id"": ""VND-0282"", ""price"": 167149.57}",6d35f18906cc536c070f1f3f9921874846f449eac84b193dcdd9106500eae8f1,480a84a65b3f3786990a8b6cc5c43380dc0a7a5eb104eaa68a7dfb168a3fe0ff
AUD-000489,2026-03-04 21:41:00,BID_SUBMITTED,"{""bid_id"": ""BID-00173"", ""request_id"": ""REQ-018"", ""vendor_id"": ""VND-0478"", ""price"": 165103.16}",480a84a65b3f3786990a8b6cc5c43380dc0a7a5eb104eaa68a7dfb168a3fe0ff,6a7dd32b214eac7f677d304f6c01c935fd3fb09d21f51659d368571511ff2126
AUD-000490,2026-03-04 21:50:00,BID_SUBMITTED,"{""bid_id"": ""BID-00174"", ""request_id"": ""REQ-018"", ""vendor_id"": ""VND-0101"", ""price"": 163770.98}",6a7dd32b214eac7f677d304f6c01c935fd3fb09d21f51659d368571511ff2126,7ac1db129ea08a3344c4f5b52c8d59c2f8df3d2cc36cd93ab432d3ec2c992459
AUD-000491,2026-03-04 21:53:00,BID_SUBMITTED,"{""bid_id"": ""BID-00175"", ""request_id"": ""REQ-018"", ""vendor_id"": ""VND-0478"", ""price"": 161733.62}",7ac1db129ea08a3344c4f5b52c8d59c2f8df3d2cc36cd93ab432d3ec2c992459,0dae04b24007c188d07f85405f703144f1b9636c3aa6584000b668f57711f3d9
AUD-000492,2026-03-04 22:00:00,BID_SUBMITTED,"{""bid_id"": ""BID-00176"", ""request_id"": ""REQ-018"", ""vendor_id"": ""VND-0101"", ""price"": 160479.56}",0dae04b24007c188d07f85405f703144f1b9636c3aa6584000b668f57711f3d9,5264e66b0a2c2aab2b1179a3b15d63527ea6cbfacdb879485fe58a0d788bf0b2
AUD-000493,2026-03-04 22:06:00,BID_SUBMITTED,"{""bid_id"": ""BID-00177"", ""request_id"": ""REQ-018"", ""vendor_id"": ""VND-0281"", ""price"": 158668.11}",5264e66b0a2c2aab2b1179a3b15d63527ea6cbfacdb879485fe58a0d788bf0b2,aeafaf1657796b8163d213bd787ca394e0afbb019cbd2819848e5da9a9dd5314
AUD-000494,2026-03-04 22:08:00,BID_SUBMITTED,"{""bid_id"": ""BID-00178"", ""request_id"": ""REQ-018"", ""vendor_id"": ""VND-0414"", ""price"": 154826.69}",aeafaf1657796b8163d213bd787ca394e0afbb019cbd2819848e5da9a9dd5314,d141689800093089f18480b15ae91aa98a9b044555e821b92bd6c4e9f2b51fba
AUD-000495,2026-03-04 22:16:00,BID_SUBMITTED,"{""bid_id"": ""BID-00179"", ""request_id"": ""REQ-018"", ""vendor_id"": ""VND-0414"", ""price"": 152507.25}",d141689800093089f18480b15ae91aa98a9b044555e821b92bd6c4e9f2b51fba,14c1d84081657c75cd4d49c786e85fcc6543f28f296e9875efe1ed3197b4490d
AUD-000496,2026-03-05 02:00:00,PROCUREMENT_REQUEST_CREATED,"{""request_id"": ""REQ-056"", ""title"": ""Bulk Equipment Shipping Services (Lot 056)"", ""max_budget"": 135459.36}",14c1d84081657c75cd4d49c786e85fcc6543f28f296e9875efe1ed3197b4490d,d29887edc10191e6cb74d71b86afca2b03be1361e9aa3c4e2fc793eae87eb490
AUD-000497,2026-03-05 05:07:00,BID_SUBMITTED,"{""bid_id"": ""BID-00874"", ""request_id"": ""REQ-081"", ""vendor_id"": ""VND-0471"", ""price"": 10098.56}",d29887edc10191e6cb74d71b86afca2b03be1361e9aa3c4e2fc793eae87eb490,8e6c2ed414977dad8dbf4ca39a40766b467b6f1d4473cd02d909f7f30e19cd71
AUD-000498,2026-03-05 05:12:00,BID_SUBMITTED,"{""bid_id"": ""BID-00875"", ""request_id"": ""REQ-081"", ""vendor_id"": ""VND-0471"", ""price"": 10025.04}",8e6c2ed414977dad8dbf4ca39a40766b467b6f1d4473cd02d909f7f30e19cd71,a981187ecf9955a651b880a970346d0ca1760d9ff3e90dddeddbbf03fe0c4fd6
AUD-000499,2026-03-05 05:18:00,BID_SUBMITTED,"{""bid_id"": ""BID-00876"", ""request_id"": ""REQ-081"", ""vendor_id"": ""VND-0404"", ""price"": 9906.47}",a981187ecf9955a651b880a970346d0ca1760d9ff3e90dddeddbbf03fe0c4fd6,cf0cf6f7c5ddca4e930ad76e24fd1e7d4ad3f897c8aa9107abef789290ed0647
AUD-000500,2026-03-05 05:20:00,BID_SUBMITTED,"{""bid_id"": ""BID-00877"", ""request_id"": ""REQ-081"", ""vendor_id"": ""VND-0435"", ""price"": 9717.84}",cf0cf6f7c5ddca4e930ad76e24fd1e7d4ad3f897c8aa9107abef789290ed0647,e0d69ca93d76094abb7723602bc61e6730cf2db5ae50c5a540d90e9461971d85
AUD-000501,2026-03-05 05:28:00,BID_SUBMITTED,"{""bid_id"": ""BID-00878"", ""request_id"": ""REQ-081"", ""vendor_id"": ""VND-0298"", ""price"": 9573.54}",e0d69ca93d76094abb7723602bc61e6730cf2db5ae50c5a540d90e9461971d85,b768782b2ba15d8ee5bb10ddfdad3e3c9bef27d3268d38fe2323f550e1ba99ad
AUD-000502,2026-03-05 05:33:00,BID_SUBMITTED,"{""bid_id"": ""BID-00879"", ""request_id"": ""REQ-081"", ""vendor_id"": ""VND-0404"", ""price"": 9476.98}",b768782b2ba15d8ee5bb10ddfdad3e3c9bef27d3268d38fe2323f550e1ba99ad,74a83fc5e4893698f742de1dc893f71ebe1b6c0b0b30f94b4acbbe596aa95ec6
AUD-000503,2026-03-05 05:41:00,BID_SUBMITTED,"{""bid_id"": ""BID-00880"", ""request_id"": ""REQ-081"", ""vendor_id"": ""VND-0298"", ""price"": 9406.71}",74a83fc5e4893698f742de1dc893f71ebe1b6c0b0b30f94b4acbbe596aa95ec6,95a0cefc4a62e4427df044d9abf3ec0a02b85209a5be13907f93539b1d626642
AUD-000504,2026-03-05 05:46:00,BID_SUBMITTED,"{""bid_id"": ""BID-00881"", ""request_id"": ""REQ-081"", ""vendor_id"": ""VND-0298"", ""price"": 9273.69}",95a0cefc4a62e4427df044d9abf3ec0a02b85209a5be13907f93539b1d626642,e4e4ed268c96ae76780f2a497cd27c6facb41c9793399dacec6a0dc988b3ee30
AUD-000505,2026-03-05 05:54:00,BID_SUBMITTED,"{""bid_id"": ""BID-00882"", ""request_id"": ""REQ-081"", ""vendor_id"": ""VND-0435"", ""price"": 9207.34}",e4e4ed268c96ae76780f2a497cd27c6facb41c9793399dacec6a0dc988b3ee30,73a925bc50df0436412083738d58192847d98806ee3086070f4cd1804c2de9a0
AUD-000506,2026-03-05 05:57:00,BID_SUBMITTED,"{""bid_id"": ""BID-00883"", ""request_id"": ""REQ-081"", ""vendor_id"": ""VND-0404"", ""price"": 8990.67}",73a925bc50df0436412083738d58192847d98806ee3086070f4cd1804c2de9a0,ac06c0e1b915febb2b2d4181812a162fcdba06f4c67a9cf48675071f97a45f75
AUD-000507,2026-03-05 06:07:00,BID_SUBMITTED,"{""bid_id"": ""BID-00884"", ""request_id"": ""REQ-081"", ""vendor_id"": ""VND-0471"", ""price"": 8863.47}",ac06c0e1b915febb2b2d4181812a162fcdba06f4c67a9cf48675071f97a45f75,66e41c8a580516043fa610f4466b7d150053997a9efbd55c6066304a67f4644a
AUD-000508,2026-03-05 06:09:00,BID_SUBMITTED,"{""bid_id"": ""BID-00885"", ""request_id"": ""REQ-081"", ""vendor_id"": ""VND-0298"", ""price"": 8648.29}",66e41c8a580516043fa610f4466b7d150053997a9efbd55c6066304a67f4644a,fbc3aaddbaf9e9d22dd2ddc89139ab1a90e254de8763c60d31875854c52a9e65
AUD-000509,2026-03-05 06:17:00,BID_SUBMITTED,"{""bid_id"": ""BID-00886"", ""request_id"": ""REQ-081"", ""vendor_id"": ""VND-0404"", ""price"": 8509.36}",fbc3aaddbaf9e9d22dd2ddc89139ab1a90e254de8763c60d31875854c52a9e65,a47228268386dbaff6ace61864140329457e7c13bea15753877124fca4884b0d
AUD-000510,2026-03-05 06:21:00,BID_SUBMITTED,"{""bid_id"": ""BID-00887"", ""request_id"": ""REQ-081"", ""vendor_id"": ""VND-0471"", ""price"": 8309.5}",a47228268386dbaff6ace61864140329457e7c13bea15753877124fca4884b0d,5c0276387d25391ab8b638fc0bc3f748ff144c6d77d49731d2074c2ffd00c2e4
AUD-000511,2026-03-05 06:25:00,BID_SUBMITTED,"{""bid_id"": ""BID-00888"", ""request_id"": ""REQ-081"", ""vendor_id"": ""VND-0298"", ""price"": 8146.55}",5c0276387d25391ab8b638fc0bc3f748ff144c6d77d49731d2074c2ffd00c2e4,c71b0e497341297ff5c6cf731d3595335ae04a62452c9a9a361349377034549d
AUD-000512,2026-03-05 08:05:00,BID_SUBMITTED,"{""bid_id"": ""BID-00281"", ""request_id"": ""REQ-028"", ""vendor_id"": ""VND-0164"", ""price"": 192953.37}",c71b0e497341297ff5c6cf731d3595335ae04a62452c9a9a361349377034549d,40b3a6dfbe39badcbd2916de8471383040c605e9ec51d1ec63998e33dad42e9b
AUD-000513,2026-03-05 08:15:00,BID_SUBMITTED,"{""bid_id"": ""BID-00282"", ""request_id"": ""REQ-028"", ""vendor_id"": ""VND-0158"", ""price"": 191792.69}",40b3a6dfbe39badcbd2916de8471383040c605e9ec51d1ec63998e33dad42e9b,e51d0e490bd30b909cc887be0d836998933af7d68b400309a1c9e48a0ad40878
AUD-000514,2026-03-05 08:17:00,BID_SUBMITTED,"{""bid_id"": ""BID-00283"", ""request_id"": ""REQ-028"", ""vendor_id"": ""VND-0158"", ""price"": 188386.67}",e51d0e490bd30b909cc887be0d836998933af7d68b400309a1c9e48a0ad40878,254e4c5f2437188d95fd0bd7014abbe4082c8cfed4a0fe95a598dd58b4f472bd
AUD-000515,2026-03-05 08:26:00,BID_SUBMITTED,"{""bid_id"": ""BID-00284"", ""request_id"": ""REQ-028"", ""vendor_id"": ""VND-0164"", ""price"": 185887.52}",254e4c5f2437188d95fd0bd7014abbe4082c8cfed4a0fe95a598dd58b4f472bd,180faa481e8160704e669bd9acb25fa00452044019879a13b2798ac96a819a64
AUD-000516,2026-03-05 08:30:00,BID_SUBMITTED,"{""bid_id"": ""BID-00285"", ""request_id"": ""REQ-028"", ""vendor_id"": ""VND-0164"", ""price"": 182425.58}",180faa481e8160704e669bd9acb25fa00452044019879a13b2798ac96a819a64,9411561b5d9f17fbe4f460eb9788f04b0f6cc199341a275d205fc4bb0009126d
AUD-000517,2026-03-05 08:34:00,BID_SUBMITTED,"{""bid_id"": ""BID-00286"", ""request_id"": ""REQ-028"", ""vendor_id"": ""VND-0164"", ""price"": 177994.4}",9411561b5d9f17fbe4f460eb9788f04b0f6cc199341a275d205fc4bb0009126d,e44bdc646608b53348d953d4334d67d8ec4884713048e13d65ab961412dfb088
AUD-000518,2026-03-05 08:43:00,BID_SUBMITTED,"{""bid_id"": ""BID-00287"", ""request_id"": ""REQ-028"", ""vendor_id"": ""VND-0190"", ""price"": 174780.2}",e44bdc646608b53348d953d4334d67d8ec4884713048e13d65ab961412dfb088,5e240c6f62fb8cacf6802017a03d3f66a5804f6f17936976d2f1244811e10520
AUD-000519,2026-03-05 08:49:00,BID_SUBMITTED,"{""bid_id"": ""BID-00288"", ""request_id"": ""REQ-028"", ""vendor_id"": ""VND-0190"", ""price"": 171632.27}",5e240c6f62fb8cacf6802017a03d3f66a5804f6f17936976d2f1244811e10520,c6f069ed173824e158fcb4b7841a2185d39c95c2f31c0c2dd396fa52ac8db1e1
AUD-000520,2026-03-06 02:00:02,BID_SUBMITTED,"{""bid_id"": ""BID-00588"", ""request_id"": ""REQ-056"", ""vendor_id"": ""VND-0380"", ""price"": 128536.39}",c6f069ed173824e158fcb4b7841a2185d39c95c2f31c0c2dd396fa52ac8db1e1,c88ff2cc7b192c0b5ef229d5100570a74356251df9442acc1b500d5da03e4267
AUD-000521,2026-03-06 02:00:03,BID_SUBMITTED,"{""bid_id"": ""BID-00589"", ""request_id"": ""REQ-056"", ""vendor_id"": ""VND-0169"", ""price"": 128386.39}",c88ff2cc7b192c0b5ef229d5100570a74356251df9442acc1b500d5da03e4267,497d1cf7a541d517ad81e57c735f6a52528db8f1bbc94b36484a97e4bda5d9c7
AUD-000522,2026-03-06 02:00:05,BID_SUBMITTED,"{""bid_id"": ""BID-00590"", ""request_id"": ""REQ-056"", ""vendor_id"": ""VND-0380"", ""price"": 128236.39}",497d1cf7a541d517ad81e57c735f6a52528db8f1bbc94b36484a97e4bda5d9c7,5cde324025c329e5d18703ce97bd2361dcbe12bc96297a8fa18e9e3681d4f24f
AUD-000523,2026-03-06 02:00:07,BID_SUBMITTED,"{""bid_id"": ""BID-00591"", ""request_id"": ""REQ-056"", ""vendor_id"": ""VND-0169"", ""price"": 128086.39}",5cde324025c329e5d18703ce97bd2361dcbe12bc96297a8fa18e9e3681d4f24f,d27c0518dfdd6d671719062881b882d9bbabb3772b3af7f7e34226f3c16aad6f
AUD-000524,2026-03-06 02:00:09,BID_SUBMITTED,"{""bid_id"": ""BID-00592"", ""request_id"": ""REQ-056"", ""vendor_id"": ""VND-0380"", ""price"": 127936.39}",d27c0518dfdd6d671719062881b882d9bbabb3772b3af7f7e34226f3c16aad6f,33e15c9af58193f021670be2ca7e6582a7c9ddd9f62ff07b6808a49a2deb587f
AUD-000525,2026-03-06 02:00:10,BID_SUBMITTED,"{""bid_id"": ""BID-00593"", ""request_id"": ""REQ-056"", ""vendor_id"": ""VND-0169"", ""price"": 127786.39}",33e15c9af58193f021670be2ca7e6582a7c9ddd9f62ff07b6808a49a2deb587f,ef8337715aa5729f7c6ccbf5fedcaf675b69b6a030ac603c292f5f48982988cf
AUD-000526,2026-03-06 02:00:12,BID_SUBMITTED,"{""bid_id"": ""BID-00594"", ""request_id"": ""REQ-056"", ""vendor_id"": ""VND-0380"", ""price"": 127636.39}",ef8337715aa5729f7c6ccbf5fedcaf675b69b6a030ac603c292f5f48982988cf,b9016de9defd91726e5a24214935f7d202188a3e250050260a5460cdbd9155f8
AUD-000527,2026-03-06 02:00:13,BID_SUBMITTED,"{""bid_id"": ""BID-00595"", ""request_id"": ""REQ-056"", ""vendor_id"": ""VND-0169"", ""price"": 127486.39}",b9016de9defd91726e5a24214935f7d202188a3e250050260a5460cdbd9155f8,626f83dbb664c94d3a1d87bd3d630da15e0e56c30749a5542c4b1efe542594d9
AUD-000528,2026-03-06 02:00:14,BID_SUBMITTED,"{""bid_id"": ""BID-00596"", ""request_id"": ""REQ-056"", ""vendor_id"": ""VND-0380"", ""price"": 127336.39}",626f83dbb664c94d3a1d87bd3d630da15e0e56c30749a5542c4b1efe542594d9,69fa7d31c89ecb82a90688c23145280dddf95b255ec0c0f1498615628932fadd
AUD-000529,2026-03-06 02:00:15,BID_SUBMITTED,"{""bid_id"": ""BID-00597"", ""request_id"": ""REQ-056"", ""vendor_id"": ""VND-0169"", ""price"": 127186.39}",69fa7d31c89ecb82a90688c23145280dddf95b255ec0c0f1498615628932fadd,d97173e127d7bca26d1b279589a8ee970cd1bf293c76dcd1814b0cd9323a718c
AUD-000530,2026-03-06 02:06:15,BID_SUBMITTED,"{""bid_id"": ""BID-00598"", ""request_id"": ""REQ-056"", ""vendor_id"": ""VND-0005"", ""price"": 122767.31}",d97173e127d7bca26d1b279589a8ee970cd1bf293c76dcd1814b0cd9323a718c,2090f3e4304616bcbcccc29def952ef3c0f9873d4e36df753c33c6ec8353e0cb
AUD-000531,2026-03-06 02:11:15,BID_SUBMITTED,"{""bid_id"": ""BID-00599"", ""request_id"": ""REQ-056"", ""vendor_id"": ""VND-0035"", ""price"": 124187.19}",2090f3e4304616bcbcccc29def952ef3c0f9873d4e36df753c33c6ec8353e0cb,78751e3c0d767d893043efbc646c787cec6692a6556234a18fb1da021aad12d0
AUD-000532,2026-03-06 20:00:00,PROCUREMENT_REQUEST_CREATED,"{""request_id"": ""REQ-027"", ""title"": ""Carpet & Deep Clean SLA (Lot 027)"", ""max_budget"": 147510.09}",78751e3c0d767d893043efbc646c787cec6692a6556234a18fb1da021aad12d0,019962807e258beb8159da375875ad34faef07cc88d273ea1809750748b90051
AUD-000533,2026-03-07 00:00:00,PROCUREMENT_REQUEST_CREATED,"{""request_id"": ""REQ-091"", ""title"": ""Executive Lunch Board Meetings (Lot 091)"", ""max_budget"": 156244.31}",019962807e258beb8159da375875ad34faef07cc88d273ea1809750748b90051,a6c8b328be1937438e1c130344ea15e4a81483f6937e5ab7c0dea572bfddbaa6
AUD-000534,2026-03-07 14:00:00,PROCUREMENT_REQUEST_CREATED,"{""request_id"": ""REQ-130"", ""title"": ""Supply Chain Warehouse Distribution (Lot 130)"", ""max_budget"": 88360.49}",a6c8b328be1937438e1c130344ea15e4a81483f6937e5ab7c0dea572bfddbaa6,248864b37451d73040e7ccc63e804b5b011d4d19a9a036356356b5c1a40b067f
AUD-000535,2026-03-07 20:05:00,BID_SUBMITTED,"{""bid_id"": ""BID-00271"", ""request_id"": ""REQ-027"", ""vendor_id"": ""VND-0390"", ""price"": 145344.11}",248864b37451d73040e7ccc63e804b5b011d4d19a9a036356356b5c1a40b067f,9ac5974717b2a67f87b1baa698bb405ee08f821fa2c32352a677d358fa1abfc0
AUD-000536,2026-03-07 20:10:00,BID_SUBMITTED,"{""bid_id"": ""BID-00272"", ""request_id"": ""REQ-027"", ""vendor_id"": ""VND-0313"", ""price"": 142995.1}",9ac5974717b2a67f87b1baa698bb405ee08f821fa2c32352a677d358fa1abfc0,d790f9d46677b766bc33fa637de0c44e88a9aaa0577a8d6b2bb08afad3614899
AUD-000537,2026-03-07 20:15:00,BID_SUBMITTED,"{""bid_id"": ""BID-00273"", ""request_id"": ""REQ-027"", ""vendor_id"": ""VND-0313"", ""price"": 140074.64}",d790f9d46677b766bc33fa637de0c44e88a9aaa0577a8d6b2bb08afad3614899,e6889b014a7a75757623d6139bce07b4059fb2490e977fd096f2a4753ac03a57
AUD-000538,2026-03-07 20:22:00,BID_SUBMITTED,"{""bid_id"": ""BID-00274"", ""request_id"": ""REQ-027"", ""vendor_id"": ""VND-0331"", ""price"": 138486.08}",e6889b014a7a75757623d6139bce07b4059fb2490e977fd096f2a4753ac03a57,f623651720da40e3fdebe74f6638267784e0a0cb01c146865705001cbdf52150
AUD-000539,2026-03-07 20:28:00,BID_SUBMITTED,"{""bid_id"": ""BID-00275"", ""request_id"": ""REQ-027"", ""vendor_id"": ""VND-0390"", ""price"": 135207.56}",f623651720da40e3fdebe74f6638267784e0a0cb01c146865705001cbdf52150,b4050591b14acaa2412d01eb96e6313b10ddc8a81660d7ef4a0a8e97b03e06c5
AUD-000540,2026-03-07 20:38:00,BID_SUBMITTED,"{""bid_id"": ""BID-00276"", ""request_id"": ""REQ-027"", ""vendor_id"": ""VND-0313"", ""price"": 134201.95}",b4050591b14acaa2412d01eb96e6313b10ddc8a81660d7ef4a0a8e97b03e06c5,6dfbd2f22554272f805ae19288a87bcf213759cf5bcfede3b44b59cbc2967505
AUD-000541,2026-03-07 20:46:00,BID_SUBMITTED,"{""bid_id"": ""BID-00277"", ""request_id"": ""REQ-027"", ""vendor_id"": ""VND-0331"", ""price"": 131126.69}",6dfbd2f22554272f805ae19288a87bcf213759cf5bcfede3b44b59cbc2967505,fe96dcdf0d0326221a93f08d4ee3a3fc66f62176e2ce295494b881c838f43b40
AUD-000542,2026-03-07 20:50:00,BID_SUBMITTED,"{""bid_id"": ""BID-00278"", ""request_id"": ""REQ-027"", ""vendor_id"": ""VND-0313"", ""price"": 127967.56}",fe96dcdf0d0326221a93f08d4ee3a3fc66f62176e2ce295494b881c838f43b40,f547c7fc891492f3ee56850a2653275662e3c85fc79454ba00fd6e342e7b090d
AUD-000543,2026-03-07 20:53:00,BID_SUBMITTED,"{""bid_id"": ""BID-00279"", ""request_id"": ""REQ-027"", ""vendor_id"": ""VND-0313"", ""price"": 127220.06}",f547c7fc891492f3ee56850a2653275662e3c85fc79454ba00fd6e342e7b090d,f96cb837fca4991ee1dfb06f639fe67225dc85897eec7e1d80490d2c6404a3a9
AUD-000544,2026-03-07 20:59:00,BID_SUBMITTED,"{""bid_id"": ""BID-00280"", ""request_id"": ""REQ-027"", ""vendor_id"": ""VND-0313"", ""price"": 124232.91}",f96cb837fca4991ee1dfb06f639fe67225dc85897eec7e1d80490d2c6404a3a9,0ca61d79620b63a1cd667230d9c0436189cf76000acfa1817065d34b6874eda2
AUD-000545,2026-03-08 00:10:00,BID_SUBMITTED,"{""bid_id"": ""BID-00976"", ""request_id"": ""REQ-091"", ""vendor_id"": ""VND-0451"", ""price"": 152675.36}",0ca61d79620b63a1cd667230d9c0436189cf76000acfa1817065d34b6874eda2,53d50419249e07913d8a9ab3be723eb921c28f48aaa85ac77eadda29967a20e9
AUD-000546,2026-03-08 00:18:00,BID_SUBMITTED,"{""bid_id"": ""BID-00977"", ""request_id"": ""REQ-091"", ""vendor_id"": ""VND-0451"", ""price"": 149430.58}",53d50419249e07913d8a9ab3be723eb921c28f48aaa85ac77eadda29967a20e9,5baa82cfd0912c44659fd1642ccd0159ab3ac02a636d80009f4b70bc6914ddcd
AUD-000547,2026-03-08 00:28:00,BID_SUBMITTED,"{""bid_id"": ""BID-00978"", ""request_id"": ""REQ-091"", ""vendor_id"": ""VND-0128"", ""price"": 145974.83}",5baa82cfd0912c44659fd1642ccd0159ab3ac02a636d80009f4b70bc6914ddcd,d057351c568fcb2f0033bae6fd875d11ec2c26ad39f0858a863988fe29272cb1
AUD-000548,2026-03-08 00:38:00,BID_SUBMITTED,"{""bid_id"": ""BID-00979"", ""request_id"": ""REQ-091"", ""vendor_id"": ""VND-0175"", ""price"": 143658.3}",d057351c568fcb2f0033bae6fd875d11ec2c26ad39f0858a863988fe29272cb1,5aacd07b620783d3fabf96daf71d74e4bae91668ed7772b57b4b443ec20762d8
AUD-000549,2026-03-08 00:42:00,BID_SUBMITTED,"{""bid_id"": ""BID-00980"", ""request_id"": ""REQ-091"", ""vendor_id"": ""VND-0500"", ""price"": 141061.22}",5aacd07b620783d3fabf96daf71d74e4bae91668ed7772b57b4b443ec20762d8,2b03855d9811f8cccc7092c0cfe11d77a8904141910c00d87d5d1d818dc69953
AUD-000550,2026-03-08 00:48:00,BID_SUBMITTED,"{""bid_id"": ""BID-00981"", ""request_id"": ""REQ-091"", ""vendor_id"": ""VND-0175"", ""price"": 139248.59}",2b03855d9811f8cccc7092c0cfe11d77a8904141910c00d87d5d1d818dc69953,6db558b8dddb6640dcc8cc737a64999192a617a2411e841e070eaade8f61c264
AUD-000551,2026-03-08 00:58:00,BID_SUBMITTED,"{""bid_id"": ""BID-00982"", ""request_id"": ""REQ-091"", ""vendor_id"": ""VND-0128"", ""price"": 137258.17}",6db558b8dddb6640dcc8cc737a64999192a617a2411e841e070eaade8f61c264,250185488bc600b1a8d060c07f50e38c465b62f370c5e078d47b4c72dd5be89b
AUD-000552,2026-03-08 14:06:00,BID_SUBMITTED,"{""bid_id"": ""BID-01394"", ""request_id"": ""REQ-130"", ""vendor_id"": ""VND-0165"", ""price"": 87063.95}",250185488bc600b1a8d060c07f50e38c465b62f370c5e078d47b4c72dd5be89b,31d7f050b8d8c6a1c283a0a2fe6fe33da9dfc2061caa7cb209cebc7a5a1b723e
AUD-000553,2026-03-08 14:13:00,BID_SUBMITTED,"{""bid_id"": ""BID-01395"", ""request_id"": ""REQ-130"", ""vendor_id"": ""VND-0077"", ""price"": 85568.47}",31d7f050b8d8c6a1c283a0a2fe6fe33da9dfc2061caa7cb209cebc7a5a1b723e,e654e42d9dd8135f485ca9b3cc205dccdd8ad15a9d98542ea505837be1b3edbe
AUD-000554,2026-03-08 14:20:00,BID_SUBMITTED,"{""bid_id"": ""BID-01396"", ""request_id"": ""REQ-130"", ""vendor_id"": ""VND-0052"", ""price"": 84241.48}",e654e42d9dd8135f485ca9b3cc205dccdd8ad15a9d98542ea505837be1b3edbe,7ab12b5a9ace012bb953bd35673d3af05d7cf3eda7c2347d0ca8a6b5656e757e
AUD-000555,2026-03-08 14:29:00,BID_SUBMITTED,"{""bid_id"": ""BID-01397"", ""request_id"": ""REQ-130"", ""vendor_id"": ""VND-0471"", ""price"": 82785.3}",7ab12b5a9ace012bb953bd35673d3af05d7cf3eda7c2347d0ca8a6b5656e757e,c4ff14b6f78ae84a7b761cc4032c433a3b283c99174f5d780d19a8e63da4ad2a
AUD-000556,2026-03-08 14:33:00,BID_SUBMITTED,"{""bid_id"": ""BID-01398"", ""request_id"": ""REQ-130"", ""vendor_id"": ""VND-0077"", ""price"": 81555.93}",c4ff14b6f78ae84a7b761cc4032c433a3b283c99174f5d780d19a8e63da4ad2a,65fe3571e13bf1bb7d124f9da4053f1971dda2d4ed62c0de7bcb4175dfd1413e
AUD-000557,2026-03-08 14:38:00,BID_SUBMITTED,"{""bid_id"": ""BID-01399"", ""request_id"": ""REQ-130"", ""vendor_id"": ""VND-0471"", ""price"": 79992.36}",65fe3571e13bf1bb7d124f9da4053f1971dda2d4ed62c0de7bcb4175dfd1413e,68439395ef18a9d79f6bc14fca009bdc9b11b20385388a2e4bce80a20f0cf41d
AUD-000558,2026-03-08 14:47:00,BID_SUBMITTED,"{""bid_id"": ""BID-01400"", ""request_id"": ""REQ-130"", ""vendor_id"": ""VND-0165"", ""price"": 79403.29}",68439395ef18a9d79f6bc14fca009bdc9b11b20385388a2e4bce80a20f0cf41d,66cf9aab55bad5941c0430a74c4e8e2f46bb54d4d339dd1eb98f5d4eb50a3bad
AUD-000559,2026-03-08 14:52:00,BID_SUBMITTED,"{""bid_id"": ""BID-01401"", ""request_id"": ""REQ-130"", ""vendor_id"": ""VND-0165"", ""price"": 77835.12}",66cf9aab55bad5941c0430a74c4e8e2f46bb54d4d339dd1eb98f5d4eb50a3bad,b3e6135959a6e721b5fc23936f228f7e6e38483a6f10d090a104186d16c035a3
AUD-000560,2026-03-08 14:59:00,BID_SUBMITTED,"{""bid_id"": ""BID-01402"", ""request_id"": ""REQ-130"", ""vendor_id"": ""VND-0077"", ""price"": 76801.41}",b3e6135959a6e721b5fc23936f228f7e6e38483a6f10d090a104186d16c035a3,d774065e5a607d57ecc376cf97bc04489a08912c9fe6f3d2637fa4266b76e6bc
AUD-000561,2026-03-08 15:04:00,BID_SUBMITTED,"{""bid_id"": ""BID-01403"", ""request_id"": ""REQ-130"", ""vendor_id"": ""VND-0052"", ""price"": 75556.59}",d774065e5a607d57ecc376cf97bc04489a08912c9fe6f3d2637fa4266b76e6bc,e6032896d5d9e43d665badb28dbc8e43a0ea2e17ed246f70f7e34ffdff0b91f2
AUD-000562,2026-03-08 15:10:00,BID_SUBMITTED,"{""bid_id"": ""BID-01404"", ""request_id"": ""REQ-130"", ""vendor_id"": ""VND-0165"", ""price"": 74210.75}",e6032896d5d9e43d665badb28dbc8e43a0ea2e17ed246f70f7e34ffdff0b91f2,5f77ca2436ef7ca4000d4c210a0846248a2521ce36d1262d31474a40bd3ba901
AUD-000563,2026-03-08 15:16:00,BID_SUBMITTED,"{""bid_id"": ""BID-01405"", ""request_id"": ""REQ-130"", ""vendor_id"": ""VND-0052"", ""price"": 72666.87}",5f77ca2436ef7ca4000d4c210a0846248a2521ce36d1262d31474a40bd3ba901,01ebcee5c31ab36d37daf805c2468efe32164e64dfba59803ad9ce19eeeafb46
AUD-000564,2026-03-08 15:23:00,BID_SUBMITTED,"{""bid_id"": ""BID-01406"", ""request_id"": ""REQ-130"", ""vendor_id"": ""VND-0052"", ""price"": 71567.15}",01ebcee5c31ab36d37daf805c2468efe32164e64dfba59803ad9ce19eeeafb46,dea303d48d9af18aa065dceed785bed6c3e21d74d5e3b750552939f5e0391285
AUD-000565,2026-03-08 15:30:00,BID_SUBMITTED,"{""bid_id"": ""BID-01407"", ""request_id"": ""REQ-130"", ""vendor_id"": ""VND-0165"", ""price"": 71046.37}",dea303d48d9af18aa065dceed785bed6c3e21d74d5e3b750552939f5e0391285,49faa929228b77885d7b94ca06961e2be33fe305c29885648ca55ee013428f86
AUD-000566,2026-03-09 05:00:00,PROCUREMENT_REQUEST_CREATED,"{""request_id"": ""REQ-005"", ""title"": ""Steel Tubes & Sheets Supply (Lot 005)"", ""max_budget"": 58030.2}",49faa929228b77885d7b94ca06961e2be33fe305c29885648ca55ee013428f86,ee1625ee106e2c1bc33e600efe3bb0f81c50a34e9bfc83c6a90b46f660c87e11
AUD-000567,2026-03-09 10:00:00,PROCUREMENT_REQUEST_CREATED,"{""request_id"": ""REQ-059"", ""title"": ""General Consumables Lot (Lot 059)"", ""max_budget"": 131939.83}",ee1625ee106e2c1bc33e600efe3bb0f81c50a34e9bfc83c6a90b46f660c87e11,adcb1af18582fc2062150658a85579867d62837917216ef0329a6185375aaeff
AUD-000568,2026-03-09 12:00:00,PROCUREMENT_REQUEST_CREATED,"{""request_id"": ""REQ-040"", ""title"": ""Specialized Window Cleaning Lot (Lot 040)"", ""max_budget"": 53938.5}",adcb1af18582fc2062150658a85579867d62837917216ef0329a6185375aaeff,34c47c056bbad5befd480272537953e906edd677d83b8c888d89ee8a76746b04
AUD-000569,2026-03-10 05:02:00,BID_SUBMITTED,"{""bid_id"": ""BID-00036"", ""request_id"": ""REQ-005"", ""vendor_id"": ""VND-0040"", ""price"": 56880.08}",34c47c056bbad5befd480272537953e906edd677d83b8c888d89ee8a76746b04,156592adfd714b214e2089d190cfd24325d065e5a1797e1b2687a0ed67aa0fe7
AUD-000570,2026-03-10 05:07:00,BID_SUBMITTED,"{""bid_id"": ""BID-00037"", ""request_id"": ""REQ-005"", ""vendor_id"": ""VND-0373"", ""price"": 55746.9}",156592adfd714b214e2089d190cfd24325d065e5a1797e1b2687a0ed67aa0fe7,cc0636ab37dd738a03e819ae747c62875b288a6cffc8e61fccf65a5585130056
AUD-000571,2026-03-10 05:14:00,BID_SUBMITTED,"{""bid_id"": ""BID-00038"", ""request_id"": ""REQ-005"", ""vendor_id"": ""VND-0110"", ""price"": 55000.08}",cc0636ab37dd738a03e819ae747c62875b288a6cffc8e61fccf65a5585130056,2dc53c6aecec32c775eecf4014f205856848d3c7d6fb9711be11e1e0ffdf4aa5
AUD-000572,2026-03-10 05:21:00,BID_SUBMITTED,"{""bid_id"": ""BID-00039"", ""request_id"": ""REQ-005"", ""vendor_id"": ""VND-0040"", ""price"": 54318.02}",2dc53c6aecec32c775eecf4014f205856848d3c7d6fb9711be11e1e0ffdf4aa5,66dc46fe566d37f75688f40e298e1b5da1cb00d7f19e5b2d88cbfb8c229f23d3
AUD-000573,2026-03-10 05:23:00,BID_SUBMITTED,"{""bid_id"": ""BID-00040"", ""request_id"": ""REQ-005"", ""vendor_id"": ""VND-0400"", ""price"": 53398.71}",66dc46fe566d37f75688f40e298e1b5da1cb00d7f19e5b2d88cbfb8c229f23d3,11138671305ee22c7c86fd0548d6ecf045dfe45cd7a125cdfd709fc0d2fbe477
AUD-000574,2026-03-10 05:25:00,BID_SUBMITTED,"{""bid_id"": ""BID-00041"", ""request_id"": ""REQ-005"", ""vendor_id"": ""VND-0040"", ""price"": 52963.61}",11138671305ee22c7c86fd0548d6ecf045dfe45cd7a125cdfd709fc0d2fbe477,a5ac1d6c6b81cb9bd0d5691837cf4f30a91819515c9c22813e3a6818d341f390
AUD-000575,2026-03-10 05:33:00,BID_SUBMITTED,"{""bid_id"": ""BID-00042"", ""request_id"": ""REQ-005"", ""vendor_id"": ""VND-0373"", ""price"": 52410.56}",a5ac1d6c6b81cb9bd0d5691837cf4f30a91819515c9c22813e3a6818d341f390,a306a33b79e7dd4f27e5bb81baa4e8c80440ff5205694f56c958d91ec86c8274
AUD-000576,2026-03-10 10:03:00,BID_SUBMITTED,"{""bid_id"": ""BID-00623"", ""request_id"": ""REQ-059"", ""vendor_id"": ""VND-0224"", ""price"": 129030.6}",a306a33b79e7dd4f27e5bb81baa4e8c80440ff5205694f56c958d91ec86c8274,53c06312abbfe60a957b9d50a72df1fccbc515e8a2b49c7b4c8373b804482ae8
AUD-000577,2026-03-10 10:09:00,BID_SUBMITTED,"{""bid_id"": ""BID-00624"", ""request_id"": ""REQ-059"", ""vendor_id"": ""VND-0292"", ""price"": 126301.36}",53c06312abbfe60a957b9d50a72df1fccbc515e8a2b49c7b4c8373b804482ae8,ff77330bc6fe3189ab85386b5576e1b161bcadc170290da4a81ffcb0aa493aac
AUD-000578,2026-03-10 10:11:00,BID_SUBMITTED,"{""bid_id"": ""BID-00625"", ""request_id"": ""REQ-059"", ""vendor_id"": ""VND-0200"", ""price"": 123909.52}",ff77330bc6fe3189ab85386b5576e1b161bcadc170290da4a81ffcb0aa493aac,8fd4870b1fd46e5c5c9e7ce567b6c07f5dc995a0d1f6d8ac3fae3ba303650762
AUD-000579,2026-03-10 10:18:00,BID_SUBMITTED,"{""bid_id"": ""BID-00626"", ""request_id"": ""REQ-059"", ""vendor_id"": ""VND-0292"", ""price"": 121218.39}",8fd4870b1fd46e5c5c9e7ce567b6c07f5dc995a0d1f6d8ac3fae3ba303650762,9004c8f39ca7d97e8421c18a75f3fa3aba0d8659b5a1279f02ad5e9a21e95c23
AUD-000580,2026-03-10 10:23:00,BID_SUBMITTED,"{""bid_id"": ""BID-00627"", ""request_id"": ""REQ-059"", ""vendor_id"": ""VND-0292"", ""price"": 120391.16}",9004c8f39ca7d97e8421c18a75f3fa3aba0d8659b5a1279f02ad5e9a21e95c23,af48d70e29c6d4fd9c6060eee0bdf669ad5e4da5aa131bf314a71a6fd4cec96b
AUD-000581,2026-03-10 10:25:00,BID_SUBMITTED,"{""bid_id"": ""BID-00628"", ""request_id"": ""REQ-059"", ""vendor_id"": ""VND-0224"", ""price"": 118835.12}",af48d70e29c6d4fd9c6060eee0bdf669ad5e4da5aa131bf314a71a6fd4cec96b,929b4dd1b980dbf993e305ec02846f6b9340e34423fd48d59955db1f6ea9c392
AUD-000582,2026-03-10 10:29:00,BID_SUBMITTED,"{""bid_id"": ""BID-00629"", ""request_id"": ""REQ-059"", ""vendor_id"": ""VND-0200"", ""price"": 117530.69}",929b4dd1b980dbf993e305ec02846f6b9340e34423fd48d59955db1f6ea9c392,6835a6a799ea33349541f6ea63db51b4f20ac98642e60180f195ce8e6d119ddb
AUD-000583,2026-03-10 10:38:00,BID_SUBMITTED,"{""bid_id"": ""BID-00630"", ""request_id"": ""REQ-059"", ""vendor_id"": ""VND-0066"", ""price"": 114705.02}",6835a6a799ea33349541f6ea63db51b4f20ac98642e60180f195ce8e6d119ddb,d3142bfbc4fadb50ae220b228a4a5a402fa0c7024f65c350977d55b1aa926a1e
AUD-000584,2026-03-10 10:43:00,BID_SUBMITTED,"{""bid_id"": ""BID-00631"", ""request_id"": ""REQ-059"", ""vendor_id"": ""VND-0256"", ""price"": 112415.33}",d3142bfbc4fadb50ae220b228a4a5a402fa0c7024f65c350977d55b1aa926a1e,e6116494ed2b8c0ec8db974b9e26b6dcc674cc4e8824df874597c015c63db7dc
AUD-000585,2026-03-10 10:47:00,BID_SUBMITTED,"{""bid_id"": ""BID-00632"", ""request_id"": ""REQ-059"", ""vendor_id"": ""VND-0066"", ""price"": 110814.44}",e6116494ed2b8c0ec8db974b9e26b6dcc674cc4e8824df874597c015c63db7dc,2263f20d9bf3f9724fcd239a458a800e3d0ba0afa40a8257b14e0b19efc22b57
AUD-000586,2026-03-10 10:52:00,BID_SUBMITTED,"{""bid_id"": ""BID-00633"", ""request_id"": ""REQ-059"", ""vendor_id"": ""VND-0066"", ""price"": 110233.87}",2263f20d9bf3f9724fcd239a458a800e3d0ba0afa40a8257b14e0b19efc22b57,cf1623a27b73766cfcd9afc249a0f884051567809e867d9393153e87f8276a6f
AUD-000587,2026-03-10 11:00:00,BID_SUBMITTED,"{""bid_id"": ""BID-00634"", ""request_id"": ""REQ-059"", ""vendor_id"": ""VND-0292"", ""price"": 109245.88}",cf1623a27b73766cfcd9afc249a0f884051567809e867d9393153e87f8276a6f,4f5078db319373bb0b3f21a7f0247ac46b56cce165212e4a7a4a92a021cebd55
AUD-000588,2026-03-10 11:03:00,BID_SUBMITTED,"{""bid_id"": ""BID-00635"", ""request_id"": ""REQ-059"", ""vendor_id"": ""VND-0224"", ""price"": 107200.17}",4f5078db319373bb0b3f21a7f0247ac46b56cce165212e4a7a4a92a021cebd55,c89914a6a2bc5b5aeeac3051870a778cf910e148eceed0f904c3eb7f9cf597d9
AUD-000589,2026-03-10 12:08:00,BID_SUBMITTED,"{""bid_id"": ""BID-00410"", ""request_id"": ""REQ-040"", ""vendor_id"": ""VND-0233"", ""price"": 53015.97}",c89914a6a2bc5b5aeeac3051870a778cf910e148eceed0f904c3eb7f9cf597d9,36b878359cdefb7d6957cb0cad39fb2e817e7bebdf857dbd074de4c46d80048d
AUD-000590,2026-03-10 12:14:00,BID_SUBMITTED,"{""bid_id"": ""BID-00411"", ""request_id"": ""REQ-040"", ""vendor_id"": ""VND-0233"", ""price"": 52719.48}",36b878359cdefb7d6957cb0cad39fb2e817e7bebdf857dbd074de4c46d80048d,929b5801a5d2a2d85b1ae933d2d750b965bc019ce75b8d70b8b4e5fe6c6402fa
AUD-000591,2026-03-10 12:21:00,BID_SUBMITTED,"{""bid_id"": ""BID-00412"", ""request_id"": ""REQ-040"", ""vendor_id"": ""VND-0233"", ""price"": 51938.59}",929b5801a5d2a2d85b1ae933d2d750b965bc019ce75b8d70b8b4e5fe6c6402fa,ba355a2ff86b23cd8ec25428464f54b00c63a80a867f7b1f86653d1ec62dfec8
AUD-000592,2026-03-10 12:29:00,BID_SUBMITTED,"{""bid_id"": ""BID-00413"", ""request_id"": ""REQ-040"", ""vendor_id"": ""VND-0155"", ""price"": 50701.27}",ba355a2ff86b23cd8ec25428464f54b00c63a80a867f7b1f86653d1ec62dfec8,c1c919b638cfb96af9d828df37602e0d7d89557f4f2f9829e0f30b26e8455208
AUD-000593,2026-03-10 12:37:00,BID_SUBMITTED,"{""bid_id"": ""BID-00414"", ""request_id"": ""REQ-040"", ""vendor_id"": ""VND-0098"", ""price"": 49758.53}",c1c919b638cfb96af9d828df37602e0d7d89557f4f2f9829e0f30b26e8455208,00a1f9b7682bedb53c7af88c80e9610ea6480f13252729eb98b9d7576795bfff
AUD-000594,2026-03-10 12:43:00,BID_SUBMITTED,"{""bid_id"": ""BID-00415"", ""request_id"": ""REQ-040"", ""vendor_id"": ""VND-0098"", ""price"": 48741.3}",00a1f9b7682bedb53c7af88c80e9610ea6480f13252729eb98b9d7576795bfff,6a2ca4ba780196241f0b005347cf97d4858db2e98233d2466c11b5d7d86eca9f
AUD-000595,2026-03-10 12:46:00,BID_SUBMITTED,"{""bid_id"": ""BID-00416"", ""request_id"": ""REQ-040"", ""vendor_id"": ""VND-0098"", ""price"": 47802.44}",6a2ca4ba780196241f0b005347cf97d4858db2e98233d2466c11b5d7d86eca9f,c734b3a6fde042ee57d20c8da30d01c0e5397681de099a9226309c544e1953f6
AUD-000596,2026-03-11 04:00:00,PROCUREMENT_REQUEST_CREATED,"{""request_id"": ""REQ-086"", ""title"": ""Event Brochure & Poster Print (Lot 086)"", ""max_budget"": 102073.44}",c734b3a6fde042ee57d20c8da30d01c0e5397681de099a9226309c544e1953f6,e4534de1efe8292dda523b5e55544afdccbee6923016998123d7155bf7d0a882
AUD-000597,2026-03-12 04:10:00,BID_SUBMITTED,"{""bid_id"": ""BID-00929"", ""request_id"": ""REQ-086"", ""vendor_id"": ""VND-0146"", ""price"": 100963.75}",e4534de1efe8292dda523b5e55544afdccbee6923016998123d7155bf7d0a882,a6c6ecb3ad7f00ada9e13c5171770f79dd91289d2776163a75b40472784e1106
AUD-000598,2026-03-12 04:12:00,BID_SUBMITTED,"{""bid_id"": ""BID-00930"", ""request_id"": ""REQ-086"", ""vendor_id"": ""VND-0122"", ""price"": 98446.46}",a6c6ecb3ad7f00ada9e13c5171770f79dd91289d2776163a75b40472784e1106,050372c2f09ed54225921fd3e9bc38750b7e52b1fb69cccd2909e1a7df6be34a
AUD-000599,2026-03-12 04:21:00,BID_SUBMITTED,"{""bid_id"": ""BID-00931"", ""request_id"": ""REQ-086"", ""vendor_id"": ""VND-0079"", ""price"": 96637.13}",050372c2f09ed54225921fd3e9bc38750b7e52b1fb69cccd2909e1a7df6be34a,2ad999266bdafd80cee956f02511ef005f61dac6418e6e0548fce319b3e81965
AUD-000600,2026-03-12 04:26:00,BID_SUBMITTED,"{""bid_id"": ""BID-00932"", ""request_id"": ""REQ-086"", ""vendor_id"": ""VND-0228"", ""price"": 94405.79}",2ad999266bdafd80cee956f02511ef005f61dac6418e6e0548fce319b3e81965,2df2b954fb20fe518ffcbcb2f73b928dd26ddd16dfc188c3708c34c9a4f82164
AUD-000601,2026-03-12 04:33:00,BID_SUBMITTED,"{""bid_id"": ""BID-00933"", ""request_id"": ""REQ-086"", ""vendor_id"": ""VND-0079"", ""price"": 92645.02}",2df2b954fb20fe518ffcbcb2f73b928dd26ddd16dfc188c3708c34c9a4f82164,f9e767474b1622047811da6a3609c8a10473ff5d589a27f1c49fc87e43895948
AUD-000602,2026-03-12 04:36:00,BID_SUBMITTED,"{""bid_id"": ""BID-00934"", ""request_id"": ""REQ-086"", ""vendor_id"": ""VND-0122"", ""price"": 90484.67}",f9e767474b1622047811da6a3609c8a10473ff5d589a27f1c49fc87e43895948,f1934da6ea8fbd88b56283fc04e0dde39ab202f9e231750df59a351ceead2f05
AUD-000603,2026-03-12 04:42:00,BID_SUBMITTED,"{""bid_id"": ""BID-00935"", ""request_id"": ""REQ-086"", ""vendor_id"": ""VND-0122"", ""price"": 89567.89}",f1934da6ea8fbd88b56283fc04e0dde39ab202f9e231750df59a351ceead2f05,264c9565682bad66ad965d6997684906019273d9f6e1ed34f526e23bfb7c70f5
AUD-000604,2026-03-12 04:49:00,BID_SUBMITTED,"{""bid_id"": ""BID-00936"", ""request_id"": ""REQ-086"", ""vendor_id"": ""VND-0079"", ""price"": 87487.53}",264c9565682bad66ad965d6997684906019273d9f6e1ed34f526e23bfb7c70f5,5775e00a264abfc6c570746197aea6e13db5ef1a8c48c91cc9bc7f5a287487c9
AUD-000605,2026-03-12 04:58:00,BID_SUBMITTED,"{""bid_id"": ""BID-00937"", ""request_id"": ""REQ-086"", ""vendor_id"": ""VND-0441"", ""price"": 85645.36}",5775e00a264abfc6c570746197aea6e13db5ef1a8c48c91cc9bc7f5a287487c9,7b17eba828f7530a87601472b95bfc1032f529eb4779ffc42519bdd7e86038c7
AUD-000606,2026-03-12 05:03:00,BID_SUBMITTED,"{""bid_id"": ""BID-00938"", ""request_id"": ""REQ-086"", ""vendor_id"": ""VND-0122"", ""price"": 85142.02}",7b17eba828f7530a87601472b95bfc1032f529eb4779ffc42519bdd7e86038c7,a8cac658635f5d0dd6b84a407ab7f1adce2092bc42285e357ea245717574864a
AUD-000607,2026-03-12 05:06:00,BID_SUBMITTED,"{""bid_id"": ""BID-00939"", ""request_id"": ""REQ-086"", ""vendor_id"": ""VND-0146"", ""price"": 83841.23}",a8cac658635f5d0dd6b84a407ab7f1adce2092bc42285e357ea245717574864a,b452e7ea7840b5bb01a099a28986df352402337824c82e424dc8efcd2866a653
AUD-000608,2026-03-12 10:00:00,PROCUREMENT_REQUEST_CREATED,"{""request_id"": ""REQ-029"", ""title"": ""OS Upgrade Enterprise Agreement (Lot 029)"", ""max_budget"": 55023.36}",b452e7ea7840b5bb01a099a28986df352402337824c82e424dc8efcd2866a653,bd5047a1911ec9140f585135426dddf413689c7da65b5476de5d13da26dd1af3
AUD-000609,2026-03-12 13:00:00,PROCUREMENT_REQUEST_CREATED,"{""request_id"": ""REQ-106"", ""title"": ""Carpet & Deep Clean SLA (Lot 106)"", ""max_budget"": 66768.53}",bd5047a1911ec9140f585135426dddf413689c7da65b5476de5d13da26dd1af3,b008b4fe3592314692db173fdd7b79621a89ac0a7931a558e2c809283cd5b541
AUD-000610,2026-03-12 16:00:00,PROCUREMENT_REQUEST_CREATED,"{""request_id"": ""REQ-089"", ""title"": ""Weekly Friday Happy Hour Snacks (Lot 089)"", ""max_budget"": 165310.12}",b008b4fe3592314692db173fdd7b79621a89ac0a7931a558e2c809283cd5b541,bafb57e7f63c0be86828ab2d3cc2d1287c2d9fcfc70b637e6e49309c0a236934
AUD-000611,2026-03-13 10:02:00,BID_SUBMITTED,"{""bid_id"": ""BID-00289"", ""request_id"": ""REQ-029"", ""vendor_id"": ""VND-0388"", ""price"": 54159.33}",bafb57e7f63c0be86828ab2d3cc2d1287c2d9fcfc70b637e6e49309c0a236934,ce189d8aac1a2635aad84a797f2af6d7a33e8a5f790d7de555c0f2cee9969b4a
AUD-000612,2026-03-13 10:06:00,BID_SUBMITTED,"{""bid_id"": ""BID-00290"", ""request_id"": ""REQ-029"", ""vendor_id"": ""VND-0388"", ""price"": 53435.88}",ce189d8aac1a2635aad84a797f2af6d7a33e8a5f790d7de555c0f2cee9969b4a,1ed8606528a21389b321a22970f14be542747a24f11e572fa7315f0e67f9b142
AUD-000613,2026-03-13 10:14:00,BID_SUBMITTED,"{""bid_id"": ""BID-00291"", ""request_id"": ""REQ-029"", ""vendor_id"": ""VND-0168"", ""price"": 52103.01}",1ed8606528a21389b321a22970f14be542747a24f11e572fa7315f0e67f9b142,95af317e92fc6789bfc3041fd1982c8b55f1df0ca4821cbb894e6142f320497e
AUD-000614,2026-03-13 10:20:00,BID_SUBMITTED,"{""bid_id"": ""BID-00292"", ""request_id"": ""REQ-029"", ""vendor_id"": ""VND-0458"", ""price"": 51648.34}",95af317e92fc6789bfc3041fd1982c8b55f1df0ca4821cbb894e6142f320497e,1003990a716af1b412813733e7fed44fb32a534cb204868fc184ecb54244ad92
AUD-000615,2026-03-13 10:23:00,BID_SUBMITTED,"{""bid_id"": ""BID-00293"", ""request_id"": ""REQ-029"", ""vendor_id"": ""VND-0168"", ""price"": 51380.53}",1003990a716af1b412813733e7fed44fb32a534cb204868fc184ecb54244ad92,17f8cc225c740ccd2c2721912329b54a5743308e7a5fc3a73cf56e58334f65a9
AUD-000616,2026-03-13 10:33:00,BID_SUBMITTED,"{""bid_id"": ""BID-00294"", ""request_id"": ""REQ-029"", ""vendor_id"": ""VND-0019"", ""price"": 50831.21}",17f8cc225c740ccd2c2721912329b54a5743308e7a5fc3a73cf56e58334f65a9,19b0ab80ae6de204c59941c8ec97fdc3b166015f4c13e30bfd73c70b8a30e65c
AUD-000617,2026-03-13 10:37:00,BID_SUBMITTED,"{""bid_id"": ""BID-00295"", ""request_id"": ""REQ-029"", ""vendor_id"": ""VND-0046"", ""price"": 50074.93}",19b0ab80ae6de204c59941c8ec97fdc3b166015f4c13e30bfd73c70b8a30e65c,321b2ed1a1d0712bb3ae94d5d0601d675f65a10ed9e334b8c32ad70817f9311c
AUD-000618,2026-03-13 10:42:00,BID_SUBMITTED,"{""bid_id"": ""BID-00296"", ""request_id"": ""REQ-029"", ""vendor_id"": ""VND-0046"", ""price"": 49355.83}",321b2ed1a1d0712bb3ae94d5d0601d675f65a10ed9e334b8c32ad70817f9311c,70e024d309372d8fe23e5c17d4efe9bafac75fa07c58ee47037c47e171948ec8
AUD-000619,2026-03-13 10:51:00,BID_SUBMITTED,"{""bid_id"": ""BID-00297"", ""request_id"": ""REQ-029"", ""vendor_id"": ""VND-0168"", ""price"": 48782.63}",70e024d309372d8fe23e5c17d4efe9bafac75fa07c58ee47037c47e171948ec8,5f25306df738e2498c8fc020ff5b52ce0a3dcc3de1e7d98ac163905e8f666bda
AUD-000620,2026-03-13 10:53:00,BID_SUBMITTED,"{""bid_id"": ""BID-00298"", ""request_id"": ""REQ-029"", ""vendor_id"": ""VND-0019"", ""price"": 47837.61}",5f25306df738e2498c8fc020ff5b52ce0a3dcc3de1e7d98ac163905e8f666bda,97dc64a95faaf48e7776ad24188d3bb443e039d6e5750a5031e5d7ec705dad0f
AUD-000621,2026-03-13 10:58:00,BID_SUBMITTED,"{""bid_id"": ""BID-00299"", ""request_id"": ""REQ-029"", ""vendor_id"": ""VND-0019"", ""price"": 46841.86}",97dc64a95faaf48e7776ad24188d3bb443e039d6e5750a5031e5d7ec705dad0f,7b60a9b96e7264c61d08f06d3d32036018ec5ce6705b2679f03552d1f9dd314b
AUD-000622,2026-03-13 11:06:00,BID_SUBMITTED,"{""bid_id"": ""BID-00300"", ""request_id"": ""REQ-029"", ""vendor_id"": ""VND-0388"", ""price"": 46035.28}",7b60a9b96e7264c61d08f06d3d32036018ec5ce6705b2679f03552d1f9dd314b,16153035d1ddd2057d3cb506fbb461ca77efb289dfe50cbcee4ad600e174d4c3
AUD-000623,2026-03-13 11:09:00,BID_SUBMITTED,"{""bid_id"": ""BID-00301"", ""request_id"": ""REQ-029"", ""vendor_id"": ""VND-0458"", ""price"": 45330.68}",16153035d1ddd2057d3cb506fbb461ca77efb289dfe50cbcee4ad600e174d4c3,49d78a34364eacf0f3c993b4ee88724ec1fa0ff18a72b875ce2444f0a540ea4e
AUD-000624,2026-03-13 11:18:00,BID_SUBMITTED,"{""bid_id"": ""BID-00302"", ""request_id"": ""REQ-029"", ""vendor_id"": ""VND-0388"", ""price"": 44214.02}",49d78a34364eacf0f3c993b4ee88724ec1fa0ff18a72b875ce2444f0a540ea4e,9e452de37edad2425bf07bd97e16b1b3272b2b524bfde903f7c01fa3847eed97
AUD-000625,2026-03-13 13:10:00,BID_SUBMITTED,"{""bid_id"": ""BID-01142"", ""request_id"": ""REQ-106"", ""vendor_id"": ""VND-0278"", ""price"": 66000.57}",9e452de37edad2425bf07bd97e16b1b3272b2b524bfde903f7c01fa3847eed97,78a1a85de9e959ddbb23a0ee0fb2521a274fcf43d0fe754c2ca8c85c7df62bbc
AUD-000626,2026-03-13 13:19:00,BID_SUBMITTED,"{""bid_id"": ""BID-01143"", ""request_id"": ""REQ-106"", ""vendor_id"": ""VND-0123"", ""price"": 64647.9}",78a1a85de9e959ddbb23a0ee0fb2521a274fcf43d0fe754c2ca8c85c7df62bbc,d15f9df34a63afc53216adffc29f6d37a2301e222f3a99c35295bd5f0302457a
AUD-000627,2026-03-13 13:25:00,BID_SUBMITTED,"{""bid_id"": ""BID-01144"", ""request_id"": ""REQ-106"", ""vendor_id"": ""VND-0294"", ""price"": 63831.95}",d15f9df34a63afc53216adffc29f6d37a2301e222f3a99c35295bd5f0302457a,c0f62103396a689feda08737c7062064e72b7e9d74fd3d46fc437ee9ffa8aafb
AUD-000628,2026-03-13 13:29:00,BID_SUBMITTED,"{""bid_id"": ""BID-01145"", ""request_id"": ""REQ-106"", ""vendor_id"": ""VND-0123"", ""price"": 62706.32}",c0f62103396a689feda08737c7062064e72b7e9d74fd3d46fc437ee9ffa8aafb,4217de428ac21cc271e7943a8949cb08ebd67e5d0dbd365b39f7415b8cccde2f
AUD-000629,2026-03-13 13:36:00,BID_SUBMITTED,"{""bid_id"": ""BID-01146"", ""request_id"": ""REQ-106"", ""vendor_id"": ""VND-0302"", ""price"": 61589.42}",4217de428ac21cc271e7943a8949cb08ebd67e5d0dbd365b39f7415b8cccde2f,b9dbf1133e6beee135d3201d3434bb845b7b84763d660e06d58ea68e16851d15
AUD-000630,2026-03-13 13:44:00,BID_SUBMITTED,"{""bid_id"": ""BID-01147"", ""request_id"": ""REQ-106"", ""vendor_id"": ""VND-0123"", ""price"": 60503.88}",b9dbf1133e6beee135d3201d3434bb845b7b84763d660e06d58ea68e16851d15,d9fac16d3af841a11617020ea1de7d3204ea5615d55bdbd8578de4965bb203bb
AUD-000631,2026-03-13 13:51:00,BID_SUBMITTED,"{""bid_id"": ""BID-01148"", ""request_id"": ""REQ-106"", ""vendor_id"": ""VND-0294"", ""price"": 60105.63}",d9fac16d3af841a11617020ea1de7d3204ea5615d55bdbd8578de4965bb203bb,632e709285d21f70aa01973ff106b16e7a159fd256941528f267997d1786c9fb
AUD-000632,2026-03-13 13:57:00,BID_SUBMITTED,"{""bid_id"": ""BID-01149"", ""request_id"": ""REQ-106"", ""vendor_id"": ""VND-0302"", ""price"": 59428.26}",632e709285d21f70aa01973ff106b16e7a159fd256941528f267997d1786c9fb,4b529410cdd4c8c47b6f5770237f1e803c6f5e4c45fd8fdd8c05a6ea1190a95a
AUD-000633,2026-03-13 14:05:00,BID_SUBMITTED,"{""bid_id"": ""BID-01150"", ""request_id"": ""REQ-106"", ""vendor_id"": ""VND-0278"", ""price"": 58411.58}",4b529410cdd4c8c47b6f5770237f1e803c6f5e4c45fd8fdd8c05a6ea1190a95a,9c5dee66f55d532e710613acbe30579c9d843f83405c9a209cf2f19803897fb2
AUD-000634,2026-03-13 14:12:00,BID_SUBMITTED,"{""bid_id"": ""BID-01151"", ""request_id"": ""REQ-106"", ""vendor_id"": ""VND-0278"", ""price"": 57082.49}",9c5dee66f55d532e710613acbe30579c9d843f83405c9a209cf2f19803897fb2,0e42e10e5efd2526a05d9e1f7c05533e301178739560a43c86b5a09cfe844626
AUD-000635,2026-03-13 16:06:00,BID_SUBMITTED,"{""bid_id"": ""BID-00960"", ""request_id"": ""REQ-089"", ""vendor_id"": ""VND-0132"", ""price"": 163875.25}",0e42e10e5efd2526a05d9e1f7c05533e301178739560a43c86b5a09cfe844626,1beac24e70f38d7643873154c531a642628fcae37d35e4badf821f4767559cd4
AUD-000636,2026-03-13 16:08:00,BID_SUBMITTED,"{""bid_id"": ""BID-00961"", ""request_id"": ""REQ-089"", ""vendor_id"": ""VND-0132"", ""price"": 162680.2}",1beac24e70f38d7643873154c531a642628fcae37d35e4badf821f4767559cd4,0eeb96cd4924152eb8ce9894bb021decd3a2504cba508b587adf7cae3504cd62
AUD-000637,2026-03-13 16:11:00,BID_SUBMITTED,"{""bid_id"": ""BID-00962"", ""request_id"": ""REQ-089"", ""vendor_id"": ""VND-0423"", ""price"": 159769.28}",0eeb96cd4924152eb8ce9894bb021decd3a2504cba508b587adf7cae3504cd62,32f6914cb28837b0d2d131a85a8c9af585ffaea41f8e01eb41479f465bf3f83d
AUD-000638,2026-03-13 16:17:00,BID_SUBMITTED,"{""bid_id"": ""BID-00963"", ""request_id"": ""REQ-089"", ""vendor_id"": ""VND-0327"", ""price"": 156824.14}",32f6914cb28837b0d2d131a85a8c9af585ffaea41f8e01eb41479f465bf3f83d,4ff64f1ac840986ef938d285fda2486ebd4a34304d1943dee22ce547708bd1c0
AUD-000639,2026-03-13 16:26:00,BID_SUBMITTED,"{""bid_id"": ""BID-00964"", ""request_id"": ""REQ-089"", ""vendor_id"": ""VND-0263"", ""price"": 155420.83}",4ff64f1ac840986ef938d285fda2486ebd4a34304d1943dee22ce547708bd1c0,6454fa461276cb088282f5bae9031c2bbd425f2069e33815d97e73bca192a44f
AUD-000640,2026-03-13 16:31:00,BID_SUBMITTED,"{""bid_id"": ""BID-00965"", ""request_id"": ""REQ-089"", ""vendor_id"": ""VND-0327"", ""price"": 153533.59}",6454fa461276cb088282f5bae9031c2bbd425f2069e33815d97e73bca192a44f,ae4f5f7858424d0262feb36387cb087023360e8f4e0b3d722e57eb55a0594bd3
AUD-000641,2026-03-13 16:34:00,BID_SUBMITTED,"{""bid_id"": ""BID-00966"", ""request_id"": ""REQ-089"", ""vendor_id"": ""VND-0263"", ""price"": 151890.36}",ae4f5f7858424d0262feb36387cb087023360e8f4e0b3d722e57eb55a0594bd3,7da86afedbea277f4496f50cc0b05a47638274a0a27034d336ce2037156fcd65
AUD-000642,2026-03-13 16:43:00,BID_SUBMITTED,"{""bid_id"": ""BID-00967"", ""request_id"": ""REQ-089"", ""vendor_id"": ""VND-0132"", ""price"": 150165.53}",7da86afedbea277f4496f50cc0b05a47638274a0a27034d336ce2037156fcd65,c0536c72fb3edf0d14239b5ab798c5aafc207bcc7f61f3df9e73a43566c2e1d3
AUD-000643,2026-03-16 07:00:00,PROCUREMENT_REQUEST_CREATED,"{""request_id"": ""REQ-134"", ""title"": ""Fire Safety Systems Audit (Lot 134)"", ""max_budget"": 107842.93}",c0536c72fb3edf0d14239b5ab798c5aafc207bcc7f61f3df9e73a43566c2e1d3,b0a8aebef685cb2814b873d172960785bb2b8ecd20bed8ec5be1ba016c0cbe11
AUD-000644,2026-03-16 14:00:00,PROCUREMENT_REQUEST_CREATED,"{""request_id"": ""REQ-102"", ""title"": ""Courier & Last-Mile Delivery SLA (Lot 102)"", ""max_budget"": 108940.63}",b0a8aebef685cb2814b873d172960785bb2b8ecd20bed8ec5be1ba016c0cbe11,ce2dcfc2983c513e68aef39a9d4f8d03dfb8aafcf1f98da4cb26adeac9b2b2f0
AUD-000645,2026-03-17 07:09:00,BID_SUBMITTED,"{""bid_id"": ""BID-01444"", ""request_id"": ""REQ-134"", ""vendor_id"": ""VND-0051"", ""price"": 106917.67}",ce2dcfc2983c513e68aef39a9d4f8d03dfb8aafcf1f98da4cb26adeac9b2b2f0,7339dd439e4ed095f1d5316b0680a7819af6f20dc957e87e767068979cdb15b6
AUD-000646,2026-03-17 07:16:00,BID_SUBMITTED,"{""bid_id"": ""BID-01445"", ""request_id"": ""REQ-134"", ""vendor_id"": ""VND-0065"", ""price"": 105622.64}",7339dd439e4ed095f1d5316b0680a7819af6f20dc957e87e767068979cdb15b6,e3c03061ab0546f48e28a3a12024e420b3902e156aca5aa03448db25666334f9
AUD-000647,2026-03-17 07:26:00,BID_SUBMITTED,"{""bid_id"": ""BID-01446"", ""request_id"": ""REQ-134"", ""vendor_id"": ""VND-0363"", ""price"": 103588.56}",e3c03061ab0546f48e28a3a12024e420b3902e156aca5aa03448db25666334f9,b962c7cc747df4604124912d62f1fb4bfbaf9bf435a516ecbec89521b29a07f6
AUD-000648,2026-03-17 07:35:00,BID_SUBMITTED,"{""bid_id"": ""BID-01447"", ""request_id"": ""REQ-134"", ""vendor_id"": ""VND-0363"", ""price"": 101053.37}",b962c7cc747df4604124912d62f1fb4bfbaf9bf435a516ecbec89521b29a07f6,f8e6065dd323076eb7c37349f5eb722d8ceaabc0e4c36b8d50e0527eed2a14af
AUD-000649,2026-03-17 07:44:00,BID_SUBMITTED,"{""bid_id"": ""BID-01448"", ""request_id"": ""REQ-134"", ""vendor_id"": ""VND-0065"", ""price"": 100281.73}",f8e6065dd323076eb7c37349f5eb722d8ceaabc0e4c36b8d50e0527eed2a14af,fd0334f26788ec90a347f95b239844518ea89a5c931510c3c83e2bb9983a7a7c
AUD-000650,2026-03-17 07:53:00,BID_SUBMITTED,"{""bid_id"": ""BID-01449"", ""request_id"": ""REQ-134"", ""vendor_id"": ""VND-0363"", ""price"": 98866.59}",fd0334f26788ec90a347f95b239844518ea89a5c931510c3c83e2bb9983a7a7c,6f5a282f76d42853daeaad43d4685f7e54e08c01fd91c0f4798008766e0a077a
AUD-000651,2026-03-17 07:58:00,BID_SUBMITTED,"{""bid_id"": ""BID-01450"", ""request_id"": ""REQ-134"", ""vendor_id"": ""VND-0051"", ""price"": 97914.12}",6f5a282f76d42853daeaad43d4685f7e54e08c01fd91c0f4798008766e0a077a,7194e7c4f8ac0b69a0dc77d21f3575f1bbb0b47a2f1a2e865cbabc6fa23bda9a
AUD-000652,2026-03-17 08:04:00,BID_SUBMITTED,"{""bid_id"": ""BID-01451"", ""request_id"": ""REQ-134"", ""vendor_id"": ""VND-0363"", ""price"": 95738.28}",7194e7c4f8ac0b69a0dc77d21f3575f1bbb0b47a2f1a2e865cbabc6fa23bda9a,d586f12c811998d15609140543b8d604341e45432d1c15ce528e2da2c20b95c1
AUD-000653,2026-03-17 08:11:00,BID_SUBMITTED,"{""bid_id"": ""BID-01452"", ""request_id"": ""REQ-134"", ""vendor_id"": ""VND-0051"", ""price"": 94508.85}",d586f12c811998d15609140543b8d604341e45432d1c15ce528e2da2c20b95c1,393ba8f31bcaaa566ce2b6a57c6dd4589c37fbaf197e6488e9e8d6d9e0c7d200
AUD-000654,2026-03-17 08:13:00,BID_SUBMITTED,"{""bid_id"": ""BID-01453"", ""request_id"": ""REQ-134"", ""vendor_id"": ""VND-0051"", ""price"": 93179.52}",393ba8f31bcaaa566ce2b6a57c6dd4589c37fbaf197e6488e9e8d6d9e0c7d200,c2589544c3944ba314322ff384ff05b99bcd5119b591526e7b2c53450fbe3da4
AUD-000655,2026-03-17 08:20:00,BID_SUBMITTED,"{""bid_id"": ""BID-01454"", ""request_id"": ""REQ-134"", ""vendor_id"": ""VND-0363"", ""price"": 91827.8}",c2589544c3944ba314322ff384ff05b99bcd5119b591526e7b2c53450fbe3da4,0d8dfa60984f20d644f667f75e8052e001fa5f292ae75169ee56e4444254d524
AUD-000656,2026-03-17 08:24:00,BID_SUBMITTED,"{""bid_id"": ""BID-01455"", ""request_id"": ""REQ-134"", ""vendor_id"": ""VND-0051"", ""price"": 90521.56}",0d8dfa60984f20d644f667f75e8052e001fa5f292ae75169ee56e4444254d524,02e72ebc10a0d92923f01eb768b292ab68ca128a817eaca2cd32b6d70fde9102
AUD-000657,2026-03-17 14:00:01,BID_SUBMITTED,"{""bid_id"": ""BID-01092"", ""request_id"": ""REQ-102"", ""vendor_id"": ""VND-0438"", ""price"": 103343.6}",02e72ebc10a0d92923f01eb768b292ab68ca128a817eaca2cd32b6d70fde9102,c15589cc2fa94d28e6ef0b7a61a08bf5c03a21b3f717b9617a51c431743267c6
AUD-000658,2026-03-17 14:00:02,BID_SUBMITTED,"{""bid_id"": ""BID-01093"", ""request_id"": ""REQ-102"", ""vendor_id"": ""VND-0199"", ""price"": 103193.6}",c15589cc2fa94d28e6ef0b7a61a08bf5c03a21b3f717b9617a51c431743267c6,265b18f19d734884e499756a11acd11a15a6c96a163122cadbadf16cedd40f10
AUD-000659,2026-03-17 14:00:04,BID_SUBMITTED,"{""bid_id"": ""BID-01094"", ""request_id"": ""REQ-102"", ""vendor_id"": ""VND-0438"", ""price"": 103043.6}",265b18f19d734884e499756a11acd11a15a6c96a163122cadbadf16cedd40f10,dd7f99730fe5eeb36497dbaec13caa88877e8542b9bb531c5d370a1441b466bd
AUD-000660,2026-03-17 14:00:05,BID_SUBMITTED,"{""bid_id"": ""BID-01095"", ""request_id"": ""REQ-102"", ""vendor_id"": ""VND-0199"", ""price"": 102893.6}",dd7f99730fe5eeb36497dbaec13caa88877e8542b9bb531c5d370a1441b466bd,fcf16e85207ac6c6820dd8c957b7cf67d709516dbc7d44994e1dedaf0bb891a6
AUD-000661,2026-03-17 14:00:06,BID_SUBMITTED,"{""bid_id"": ""BID-01096"", ""request_id"": ""REQ-102"", ""vendor_id"": ""VND-0438"", ""price"": 102743.6}",fcf16e85207ac6c6820dd8c957b7cf67d709516dbc7d44994e1dedaf0bb891a6,98bf99ec6f4e1a97f0f9b54e23f17d5da733a1d135b168f3da5e848dac8b6e41
AUD-000662,2026-03-17 14:00:07,BID_SUBMITTED,"{""bid_id"": ""BID-01097"", ""request_id"": ""REQ-102"", ""vendor_id"": ""VND-0199"", ""price"": 102593.6}",98bf99ec6f4e1a97f0f9b54e23f17d5da733a1d135b168f3da5e848dac8b6e41,0f406e0ac0eb9f5065da4602f92e6d120acc589cf98b75a772ddad49620adb4d
AUD-000663,2026-03-17 14:00:09,BID_SUBMITTED,"{""bid_id"": ""BID-01098"", ""request_id"": ""REQ-102"", ""vendor_id"": ""VND-0438"", ""price"": 102443.6}",0f406e0ac0eb9f5065da4602f92e6d120acc589cf98b75a772ddad49620adb4d,56856324226163c45545841e2a254c96e1d2c7357bfcfe0a192711a6446fe1ac
AUD-000664,2026-03-17 14:00:10,BID_SUBMITTED,"{""bid_id"": ""BID-01099"", ""request_id"": ""REQ-102"", ""vendor_id"": ""VND-0199"", ""price"": 102293.6}",56856324226163c45545841e2a254c96e1d2c7357bfcfe0a192711a6446fe1ac,a747fa63dbe36b8542611ceaa0ee6056e7a1e25715dcfb20db8c69cfdded555a
AUD-000665,2026-03-17 14:00:11,BID_SUBMITTED,"{""bid_id"": ""BID-01100"", ""request_id"": ""REQ-102"", ""vendor_id"": ""VND-0438"", ""price"": 102143.6}",a747fa63dbe36b8542611ceaa0ee6056e7a1e25715dcfb20db8c69cfdded555a,107415c75c50c2481304f9082562f711d9b598bbe9d24ec967e2cd19760fd373
AUD-000666,2026-03-17 14:00:12,BID_SUBMITTED,"{""bid_id"": ""BID-01101"", ""request_id"": ""REQ-102"", ""vendor_id"": ""VND-0199"", ""price"": 101993.6}",107415c75c50c2481304f9082562f711d9b598bbe9d24ec967e2cd19760fd373,87d0734b031723bd3f8176175bfd29a8ab881fb7e54b039586a8e1f846834a3e
AUD-000667,2026-03-17 14:06:12,BID_SUBMITTED,"{""bid_id"": ""BID-01102"", ""request_id"": ""REQ-102"", ""vendor_id"": ""VND-0005"", ""price"": 98977.29}",87d0734b031723bd3f8176175bfd29a8ab881fb7e54b039586a8e1f846834a3e,9e1d47789dc217f86f60d78b8279b0a71efcc256c55484590a72890c82442a08
AUD-000668,2026-03-17 14:13:12,BID_SUBMITTED,"{""bid_id"": ""BID-01103"", ""request_id"": ""REQ-102"", ""vendor_id"": ""VND-0035"", ""price"": 93789.13}",9e1d47789dc217f86f60d78b8279b0a71efcc256c55484590a72890c82442a08,99925aa548d189f72ff0ba0734d517a2c8b5325a0ff169e3b94715d7f0da0054
AUD-000669,2026-03-18 22:00:00,PROCUREMENT_REQUEST_CREATED,"{""request_id"": ""REQ-132"", ""title"": ""Polymers & Plastic Pellets (Lot 132)"", ""max_budget"": 7458.47}",99925aa548d189f72ff0ba0734d517a2c8b5325a0ff169e3b94715d7f0da0054,0fe1bdf266bf389d38b50665f648a81e5b38de1d549ee148985888bed292e0fe
AUD-000670,2026-03-18 23:00:00,PROCUREMENT_REQUEST_CREATED,"{""request_id"": ""REQ-140"", ""title"": ""Supply Chain Warehouse Distribution (Lot 140)"", ""max_budget"": 172344.53}",0fe1bdf266bf389d38b50665f648a81e5b38de1d549ee148985888bed292e0fe,7f1c58b710a157ef2ddd4edeb2e95805fb1440879cd5e458b16b763ea06284ce
AUD-000671,2026-03-19 00:00:00,PROCUREMENT_REQUEST_CREATED,"{""request_id"": ""REQ-123"", ""title"": ""Specialized Window Cleaning Lot (Lot 123)"", ""max_budget"": 193589.69}",7f1c58b710a157ef2ddd4edeb2e95805fb1440879cd5e458b16b763ea06284ce,7d1f964890fb70f400dec5c289abc5e59bae944a233fe49ca0b97909c4f85786
AUD-000672,2026-03-19 22:06:00,BID_SUBMITTED,"{""bid_id"": ""BID-01421"", ""request_id"": ""REQ-132"", ""vendor_id"": ""VND-0321"", ""price"": 7353.77}",7d1f964890fb70f400dec5c289abc5e59bae944a233fe49ca0b97909c4f85786,7b6586d515e74a8389f6b216f3a856c04a8cf76d1ba31d494f9c9dc8c6eae476
AUD-000673,2026-03-19 22:10:00,BID_SUBMITTED,"{""bid_id"": ""BID-01422"", ""request_id"": ""REQ-132"", ""vendor_id"": ""VND-0269"", ""price"": 7239.77}",7b6586d515e74a8389f6b216f3a856c04a8cf76d1ba31d494f9c9dc8c6eae476,bbff8e12b1cf7dea68da6ebfb3fba4f482735b824e201f3933d3de18e7b5c559
AUD-000674,2026-03-19 22:12:00,BID_SUBMITTED,"{""bid_id"": ""BID-01423"", ""request_id"": ""REQ-132"", ""vendor_id"": ""VND-0039"", ""price"": 7149.39}",bbff8e12b1cf7dea68da6ebfb3fba4f482735b824e201f3933d3de18e7b5c559,8a8ccf4f0fd41f72839632b89b0874ca574ebcac44eeffde0c55dcca34f03140
AUD-000675,2026-03-19 22:21:00,BID_SUBMITTED,"{""bid_id"": ""BID-01424"", ""request_id"": ""REQ-132"", ""vendor_id"": ""VND-0269"", ""price"": 6983.04}",8a8ccf4f0fd41f72839632b89b0874ca574ebcac44eeffde0c55dcca34f03140,ee5bb1ead37295c56b4f3eaa2648dc76f84d1837c8e6fef8e3ebfcb6caf7a40c
AUD-000676,2026-03-19 22:30:00,BID_SUBMITTED,"{""bid_id"": ""BID-01425"", ""request_id"": ""REQ-132"", ""vendor_id"": ""VND-0442"", ""price"": 6944.64}",ee5bb1ead37295c56b4f3eaa2648dc76f84d1837c8e6fef8e3ebfcb6caf7a40c,bd2a759a86cb8bde57af204406705b08f94e210d021372ce1c74952b767400f6
AUD-000677,2026-03-19 22:37:00,BID_SUBMITTED,"{""bid_id"": ""BID-01426"", ""request_id"": ""REQ-132"", ""vendor_id"": ""VND-0442"", ""price"": 6888.52}",bd2a759a86cb8bde57af204406705b08f94e210d021372ce1c74952b767400f6,d2b585328fff1e6b81d6832da157b90c7b8027e3f17e50bbe648bfb7ce8b738a
AUD-000678,2026-03-19 22:47:00,BID_SUBMITTED,"{""bid_id"": ""BID-01427"", ""request_id"": ""REQ-132"", ""vendor_id"": ""VND-0076"", ""price"": 6753.17}",d2b585328fff1e6b81d6832da157b90c7b8027e3f17e50bbe648bfb7ce8b738a,3c83744e0805fb77e15f981083e02c72f8f00c9ce54df94e472b412d97b775f2
AUD-000679,2026-03-19 22:51:00,BID_SUBMITTED,"{""bid_id"": ""BID-01428"", ""request_id"": ""REQ-132"", ""vendor_id"": ""VND-0321"", ""price"": 6614.66}",3c83744e0805fb77e15f981083e02c72f8f00c9ce54df94e472b412d97b775f2,f29d9c8f39c8ba6177d69c5987fec0b3175ba38e766aa984ef0d4aaf56d0e717
AUD-000680,2026-03-19 23:01:00,BID_SUBMITTED,"{""bid_id"": ""BID-01429"", ""request_id"": ""REQ-132"", ""vendor_id"": ""VND-0039"", ""price"": 6472.82}",f29d9c8f39c8ba6177d69c5987fec0b3175ba38e766aa984ef0d4aaf56d0e717,98c5731371d51d627cb922fe410967eef8e2a3b842f7ec7491b916db3f366e81
AUD-000681,2026-03-19 23:08:00,BID_SUBMITTED,"{""bid_id"": ""BID-01516"", ""request_id"": ""REQ-140"", ""vendor_id"": ""VND-0298"", ""price"": 168595.64}",98c5731371d51d627cb922fe410967eef8e2a3b842f7ec7491b916db3f366e81,cff88ff60700887ad1f5f3d48fafa3defc1dcf65e5df4bf7c79f10429dad5cde
AUD-000682,2026-03-19 23:17:00,BID_SUBMITTED,"{""bid_id"": ""BID-01517"", ""request_id"": ""REQ-140"", ""vendor_id"": ""VND-0072"", ""price"": 166950.33}",cff88ff60700887ad1f5f3d48fafa3defc1dcf65e5df4bf7c79f10429dad5cde,044cc4ced4df8c4575435043204d5f7e0d6792f503a139aace33c7a4ce75b8a7
AUD-000683,2026-03-19 23:22:00,BID_SUBMITTED,"{""bid_id"": ""BID-01518"", ""request_id"": ""REQ-140"", ""vendor_id"": ""VND-0112"", ""price"": 163986.71}",044cc4ced4df8c4575435043204d5f7e0d6792f503a139aace33c7a4ce75b8a7,617b76be2ae69384b998a4f1bd1810fa3b28fd30663391975075b2d7f926f6ed
AUD-000684,2026-03-19 23:29:00,BID_SUBMITTED,"{""bid_id"": ""BID-01519"", ""request_id"": ""REQ-140"", ""vendor_id"": ""VND-0112"", ""price"": 160758.27}",617b76be2ae69384b998a4f1bd1810fa3b28fd30663391975075b2d7f926f6ed,dc5e52fbe8badf6e1f9e1a8ade908cd8e1598e9c146aea66158dc35d3679541f
AUD-000685,2026-03-19 23:32:00,BID_SUBMITTED,"{""bid_id"": ""BID-01520"", ""request_id"": ""REQ-140"", ""vendor_id"": ""VND-0298"", ""price"": 157889.5}",dc5e52fbe8badf6e1f9e1a8ade908cd8e1598e9c146aea66158dc35d3679541f,05e117d8382735b795b245015ced2f00b79a11693b30896fcb1c4c51de5d9622
AUD-000686,2026-03-19 23:40:00,BID_SUBMITTED,"{""bid_id"": ""BID-01521"", ""request_id"": ""REQ-140"", ""vendor_id"": ""VND-0298"", ""price"": 156570.8}",05e117d8382735b795b245015ced2f00b79a11693b30896fcb1c4c51de5d9622,75c28323098e2993cae61e7009fc5364f68f8e370a2b5abb15d04836792425d6
AUD-000687,2026-03-19 23:50:00,BID_SUBMITTED,"{""bid_id"": ""BID-01522"", ""request_id"": ""REQ-140"", ""vendor_id"": ""VND-0072"", ""price"": 154844.24}",75c28323098e2993cae61e7009fc5364f68f8e370a2b5abb15d04836792425d6,998d6044fa4a2ed41965d24c430a1de5f7975bd16af0940eace5a687e147b198
AUD-000688,2026-03-19 23:58:00,BID_SUBMITTED,"{""bid_id"": ""BID-01523"", ""request_id"": ""REQ-140"", ""vendor_id"": ""VND-0298"", ""price"": 152893.82}",998d6044fa4a2ed41965d24c430a1de5f7975bd16af0940eace5a687e147b198,22af95ceb10d70f6317cad5a2a90d5e2ee88cf2da707ab08de5cff76be8cb58c
AUD-000689,2026-03-20 00:07:00,BID_SUBMITTED,"{""bid_id"": ""BID-01321"", ""request_id"": ""REQ-123"", ""vendor_id"": ""VND-0386"", ""price"": 191748.33}",22af95ceb10d70f6317cad5a2a90d5e2ee88cf2da707ab08de5cff76be8cb58c,9bbe15f48b07069199787238f54bfad37541a74d7fd41bfeef1472bb5a3a12a3
AUD-000690,2026-03-20 00:08:00,BID_SUBMITTED,"{""bid_id"": ""BID-01524"", ""request_id"": ""REQ-140"", ""vendor_id"": ""VND-0072"", ""price"": 151326.28}",9bbe15f48b07069199787238f54bfad37541a74d7fd41bfeef1472bb5a3a12a3,cf55c729b56d0481cdf2d7af6afc1de4d0bd2243e20b8a2221e27268b137f82c
AUD-000691,2026-03-20 00:10:00,BID_SUBMITTED,"{""bid_id"": ""BID-01322"", ""request_id"": ""REQ-123"", ""vendor_id"": ""VND-0033"", ""price"": 188270.28}",cf55c729b56d0481cdf2d7af6afc1de4d0bd2243e20b8a2221e27268b137f82c,e6cdbedf0186c0d08e6e286adc09f33b3414f5f2a24d5059b4b4265424d26afb
AUD-000692,2026-03-20 00:15:00,BID_SUBMITTED,"{""bid_id"": ""BID-01323"", ""request_id"": ""REQ-123"", ""vendor_id"": ""VND-0033"", ""price"": 185368.21}",e6cdbedf0186c0d08e6e286adc09f33b3414f5f2a24d5059b4b4265424d26afb,efe48d3fa0e0fe59a2309cec77c23ee07a059e3b282b42456ad3cdc1c07b7608
AUD-000693,2026-03-20 00:17:00,BID_SUBMITTED,"{""bid_id"": ""BID-01525"", ""request_id"": ""REQ-140"", ""vendor_id"": ""VND-0072"", ""price"": 150533.74}",efe48d3fa0e0fe59a2309cec77c23ee07a059e3b282b42456ad3cdc1c07b7608,d220b92ee10c668edbb63d5e220417e4ee52ba49ea461b3b0a67ce089beeb35d
AUD-000694,2026-03-20 00:19:00,BID_SUBMITTED,"{""bid_id"": ""BID-01324"", ""request_id"": ""REQ-123"", ""vendor_id"": ""VND-0033"", ""price"": 183550.27}",d220b92ee10c668edbb63d5e220417e4ee52ba49ea461b3b0a67ce089beeb35d,cb349fe5c874b470f0cbfb17289ea392b38d52da5e3fdb01d56059c8beb0d763
AUD-000695,2026-03-20 00:26:00,BID_SUBMITTED,"{""bid_id"": ""BID-01325"", ""request_id"": ""REQ-123"", ""vendor_id"": ""VND-0033"", ""price"": 179069.67}",cb349fe5c874b470f0cbfb17289ea392b38d52da5e3fdb01d56059c8beb0d763,2574574472369ee79537e70c8f9799ad7f7589dfffd9321d644e9ea987ee9fe8
AUD-000696,2026-03-20 00:27:00,BID_SUBMITTED,"{""bid_id"": ""BID-01526"", ""request_id"": ""REQ-140"", ""vendor_id"": ""VND-0072"", ""price"": 147738.35}",2574574472369ee79537e70c8f9799ad7f7589dfffd9321d644e9ea987ee9fe8,1131db7b0e549c9b2cc24abc8c863b121ae341aa3cb441660c5c6fc35a988728
AUD-000697,2026-03-20 00:30:00,BID_SUBMITTED,"{""bid_id"": ""BID-01527"", ""request_id"": ""REQ-140"", ""vendor_id"": ""VND-0112"", ""price"": 144175.29}",1131db7b0e549c9b2cc24abc8c863b121ae341aa3cb441660c5c6fc35a988728,f1f48d9187ed04110b72958a499fcc3886a14624279b94155b18f4953f88ec17
AUD-000698,2026-03-20 00:31:00,BID_SUBMITTED,"{""bid_id"": ""BID-01326"", ""request_id"": ""REQ-123"", ""vendor_id"": ""VND-0033"", ""price"": 176232.37}",f1f48d9187ed04110b72958a499fcc3886a14624279b94155b18f4953f88ec17,6d2ebbebbb8372de238898b01ca2684f00d92d797431f24f4f0c2e699598170b
AUD-000699,2026-03-20 00:36:00,BID_SUBMITTED,"{""bid_id"": ""BID-01327"", ""request_id"": ""REQ-123"", ""vendor_id"": ""VND-0231"", ""price"": 173303.28}",6d2ebbebbb8372de238898b01ca2684f00d92d797431f24f4f0c2e699598170b,b570e242a3ec1707cbcf6e8a45bfc42a7f355d47928068feb65127eac6cfa056
AUD-000700,2026-03-20 00:38:00,BID_SUBMITTED,"{""bid_id"": ""BID-01528"", ""request_id"": ""REQ-140"", ""vendor_id"": ""VND-0112"", ""price"": 141616.39}",b570e242a3ec1707cbcf6e8a45bfc42a7f355d47928068feb65127eac6cfa056,33249463f413c07a16e25ef545707118c177eb9697f2b9d96ed691a73f6de578
AUD-000701,2026-03-20 00:44:00,BID_SUBMITTED,"{""bid_id"": ""BID-01529"", ""request_id"": ""REQ-140"", ""vendor_id"": ""VND-0072"", ""price"": 139959.57}",33249463f413c07a16e25ef545707118c177eb9697f2b9d96ed691a73f6de578,18e36adf0e30bda6dcbcc269f8245177deca79b497fffac59d87112f7cd97dd6
AUD-000702,2026-03-20 00:46:00,BID_SUBMITTED,"{""bid_id"": ""BID-01328"", ""request_id"": ""REQ-123"", ""vendor_id"": ""VND-0231"", ""price"": 171365.75}",18e36adf0e30bda6dcbcc269f8245177deca79b497fffac59d87112f7cd97dd6,bdf06473b809db9f860730120386fccf4c4747f64fb7246af99de5856db53796
AUD-000703,2026-03-20 00:50:00,BID_SUBMITTED,"{""bid_id"": ""BID-01329"", ""request_id"": ""REQ-123"", ""vendor_id"": ""VND-0231"", ""price"": 169034.96}",bdf06473b809db9f860730120386fccf4c4747f64fb7246af99de5856db53796,04e4bdaf5af018792ccef4d9298a74745ef296ec1926a7c22a0c3b6dc577092a
AUD-000704,2026-03-20 00:57:00,BID_SUBMITTED,"{""bid_id"": ""BID-01330"", ""request_id"": ""REQ-123"", ""vendor_id"": ""VND-0452"", ""price"": 165089.3}",04e4bdaf5af018792ccef4d9298a74745ef296ec1926a7c22a0c3b6dc577092a,ed4ce3fcd17a59facaa6fee1e41aad78e98029bfaf82a626ca78e3f669ac1ba6
AUD-000705,2026-03-20 01:00:00,BID_SUBMITTED,"{""bid_id"": ""BID-01331"", ""request_id"": ""REQ-123"", ""vendor_id"": ""VND-0406"", ""price"": 162423.64}",ed4ce3fcd17a59facaa6fee1e41aad78e98029bfaf82a626ca78e3f669ac1ba6,ad480d7ae2444ffc6fc810d0e58a9e595b551f5a9e53e32755cb0c5a02f3b229
AUD-000706,2026-03-20 01:04:00,BID_SUBMITTED,"{""bid_id"": ""BID-01332"", ""request_id"": ""REQ-123"", ""vendor_id"": ""VND-0231"", ""price"": 160579.81}",ad480d7ae2444ffc6fc810d0e58a9e595b551f5a9e53e32755cb0c5a02f3b229,8b28e7b3d377b74421552510527b477aff3d3641096b186015f3381ca6684641
AUD-000707,2026-03-20 01:12:00,BID_SUBMITTED,"{""bid_id"": ""BID-01333"", ""request_id"": ""REQ-123"", ""vendor_id"": ""VND-0406"", ""price"": 157318.65}",8b28e7b3d377b74421552510527b477aff3d3641096b186015f3381ca6684641,9737b21c33d0a3ea694817682c2af390ade0dcaf2cec9ec65459425dce67c1a9
AUD-000708,2026-03-20 01:18:00,BID_SUBMITTED,"{""bid_id"": ""BID-01334"", ""request_id"": ""REQ-123"", ""vendor_id"": ""VND-0033"", ""price"": 155577.61}",9737b21c33d0a3ea694817682c2af390ade0dcaf2cec9ec65459425dce67c1a9,c6f3237362f54cb800fe7119c11e0f9d5e9bb7015eef0025f88f5ad2559eef20
AUD-000709,2026-03-21 07:00:00,PROCUREMENT_REQUEST_CREATED,"{""request_id"": ""REQ-002"", ""title"": ""Shared Pantry Essentials (Lot 002)"", ""max_budget"": 53160.87}",c6f3237362f54cb800fe7119c11e0f9d5e9bb7015eef0025f88f5ad2559eef20,17fa2e3d8c108c8a501a6f9d5eda41bbfae2fcc48724cbad78b2fe89c4216366
AUD-000710,2026-03-21 19:00:00,PROCUREMENT_REQUEST_CREATED,"{""request_id"": ""REQ-087"", ""title"": ""Server Rack Infrastructure Upgrade (Lot 087)"", ""max_budget"": 25567.37}",17fa2e3d8c108c8a501a6f9d5eda41bbfae2fcc48724cbad78b2fe89c4216366,d150b3d8e0a41feca60fcce4d51f4f8c342166a85d1cbaff3a29a9c3af2a7e1f
AUD-000711,2026-03-22 07:07:00,BID_SUBMITTED,"{""bid_id"": ""BID-00009"", ""request_id"": ""REQ-002"", ""vendor_id"": ""VND-0021"", ""price"": 52388.71}",d150b3d8e0a41feca60fcce4d51f4f8c342166a85d1cbaff3a29a9c3af2a7e1f,f5f957e3dcefc7fd13d24b1b29c3558e3429941dfc1332b58b7eaffcb327b72d
AUD-000712,2026-03-22 07:16:00,BID_SUBMITTED,"{""bid_id"": ""BID-00010"", ""request_id"": ""REQ-002"", ""vendor_id"": ""VND-0291"", ""price"": 51504.74}",f5f957e3dcefc7fd13d24b1b29c3558e3429941dfc1332b58b7eaffcb327b72d,514403f1376c9379f0af7facaa6aa309d18c5f4a78ec3a222aba13512cc47042
AUD-000713,2026-03-22 07:18:00,BID_SUBMITTED,"{""bid_id"": ""BID-00011"", ""request_id"": ""REQ-002"", ""vendor_id"": ""VND-0291"", ""price"": 51019.0}",514403f1376c9379f0af7facaa6aa309d18c5f4a78ec3a222aba13512cc47042,8aa32b34dbb2b25a6a4ca8275e595d16799395bd4920786a10e06d2160632254
AUD-000714,2026-03-22 07:20:00,BID_SUBMITTED,"{""bid_id"": ""BID-00012"", ""request_id"": ""REQ-002"", ""vendor_id"": ""VND-0291"", ""price"": 50456.13}",8aa32b34dbb2b25a6a4ca8275e595d16799395bd4920786a10e06d2160632254,4a50581c292d39c8b878eb6a8f5cc71cb7381ce66bc8d29ebc56a1daedecf9af
AUD-000715,2026-03-22 07:28:00,BID_SUBMITTED,"{""bid_id"": ""BID-00013"", ""request_id"": ""REQ-002"", ""vendor_id"": ""VND-0021"", ""price"": 49196.15}",4a50581c292d39c8b878eb6a8f5cc71cb7381ce66bc8d29ebc56a1daedecf9af,384171d5443047be184b2690dd7437a5df81527902c72e9a37cf0e3e95db3504
AUD-000716,2026-03-22 07:37:00,BID_SUBMITTED,"{""bid_id"": ""BID-00014"", ""request_id"": ""REQ-002"", ""vendor_id"": ""VND-0244"", ""price"": 48275.1}",384171d5443047be184b2690dd7437a5df81527902c72e9a37cf0e3e95db3504,084f2654c6511dd81c06fd1677ae7f737cef6af1e40d226fe81a61ac69e8c6bb
AUD-000717,2026-03-22 07:40:00,BID_SUBMITTED,"{""bid_id"": ""BID-00015"", ""request_id"": ""REQ-002"", ""vendor_id"": ""VND-0244"", ""price"": 47962.77}",084f2654c6511dd81c06fd1677ae7f737cef6af1e40d226fe81a61ac69e8c6bb,45b21530f64ead08a07115f71d943badd4b67329fa91815e59b5522276873b43
AUD-000718,2026-03-22 18:00:00,PROCUREMENT_REQUEST_CREATED,"{""request_id"": ""REQ-048"", ""title"": ""Chiller System Maintenance Service (Lot 048)"", ""max_budget"": 143027.84}",45b21530f64ead08a07115f71d943badd4b67329fa91815e59b5522276873b43,6e07b92763fb6416764c1fcc50d4df0a2d23045022d5aac9ff381516a41c0b5d
AUD-000719,2026-03-22 19:08:00,BID_SUBMITTED,"{""bid_id"": ""BID-00940"", ""request_id"": ""REQ-087"", ""vendor_id"": ""VND-0003"", ""price"": 24997.24}",6e07b92763fb6416764c1fcc50d4df0a2d23045022d5aac9ff381516a41c0b5d,547015c6d61d00795cc6d1e14c3ca6f39fbbc0a7653e9db417cb1b6ff3b27e08
AUD-000720,2026-03-22 19:16:00,BID_SUBMITTED,"{""bid_id"": ""BID-00941"", ""request_id"": ""REQ-087"", ""vendor_id"": ""VND-0444"", ""price"": 24769.48}",547015c6d61d00795cc6d1e14c3ca6f39fbbc0a7653e9db417cb1b6ff3b27e08,0b29b6361fa47449f478cbf8fd23da50b78531bcf0d03d753efeae6260532243
AUD-000721,2026-03-22 19:20:00,BID_SUBMITTED,"{""bid_id"": ""BID-00942"", ""request_id"": ""REQ-087"", ""vendor_id"": ""VND-0444"", ""price"": 24275.63}",0b29b6361fa47449f478cbf8fd23da50b78531bcf0d03d753efeae6260532243,ef3cf7352a82ff9c6e075d7d9b0d1d5c41420462442df179a0a4dcc574fe7dc0
AUD-000722,2026-03-22 19:27:00,BID_SUBMITTED,"{""bid_id"": ""BID-00943"", ""request_id"": ""REQ-087"", ""vendor_id"": ""VND-0444"", ""price"": 23931.29}",ef3cf7352a82ff9c6e075d7d9b0d1d5c41420462442df179a0a4dcc574fe7dc0,bfc299846db8060d77397f2c8f3d74ae37fd1d03556b02569f34b022c1254e72
AUD-000723,2026-03-22 19:29:00,BID_SUBMITTED,"{""bid_id"": ""BID-00944"", ""request_id"": ""REQ-087"", ""vendor_id"": ""VND-0444"", ""price"": 23769.74}",bfc299846db8060d77397f2c8f3d74ae37fd1d03556b02569f34b022c1254e72,b55f0fb1a3c4c1fd5bd906b3c31ce09ad40c3d084fc2d4666acbade80fbbc1f9
AUD-000724,2026-03-22 19:39:00,BID_SUBMITTED,"{""bid_id"": ""BID-00945"", ""request_id"": ""REQ-087"", ""vendor_id"": ""VND-0003"", ""price"": 23273.33}",b55f0fb1a3c4c1fd5bd906b3c31ce09ad40c3d084fc2d4666acbade80fbbc1f9,daf1809d341e81cc4b7d491c99c65bbd9b60aae15808f29ae85bbf121ba99f98
AUD-000725,2026-03-22 19:44:00,BID_SUBMITTED,"{""bid_id"": ""BID-00946"", ""request_id"": ""REQ-087"", ""vendor_id"": ""VND-0444"", ""price"": 22889.34}",daf1809d341e81cc4b7d491c99c65bbd9b60aae15808f29ae85bbf121ba99f98,da2e8fa7283bd276804e29484148cb66ff5a19e255bef87ec91b7c77286ddef2
AUD-000726,2026-03-22 19:53:00,BID_SUBMITTED,"{""bid_id"": ""BID-00947"", ""request_id"": ""REQ-087"", ""vendor_id"": ""VND-0490"", ""price"": 22588.28}",da2e8fa7283bd276804e29484148cb66ff5a19e255bef87ec91b7c77286ddef2,cd69ad32eafbf6f9201ad85b887d48e26bc01711e9b59fba61de78b630bfc955
AUD-000727,2026-03-22 19:55:00,BID_SUBMITTED,"{""bid_id"": ""BID-00948"", ""request_id"": ""REQ-087"", ""vendor_id"": ""VND-0036"", ""price"": 22279.72}",cd69ad32eafbf6f9201ad85b887d48e26bc01711e9b59fba61de78b630bfc955,c714427beb5cbb0b1c3eee499a22fa556949db927f8b603800ff9383c4a46c83
AUD-000728,2026-03-23 08:00:00,PROCUREMENT_REQUEST_CREATED,"{""request_id"": ""REQ-098"", ""title"": ""Desktop Workstation Fleet (Lot 098)"", ""max_budget"": 128743.57}",c714427beb5cbb0b1c3eee499a22fa556949db927f8b603800ff9383c4a46c83,38e5fa082efc8a856fe382769690daa85539778210deed8a2663ff9a69bfb4a7
AUD-000729,2026-03-23 18:07:00,BID_SUBMITTED,"{""bid_id"": ""BID-00499"", ""request_id"": ""REQ-048"", ""vendor_id"": ""VND-0355"", ""price"": 139993.64}",38e5fa082efc8a856fe382769690daa85539778210deed8a2663ff9a69bfb4a7,48b944061d6c7240b041417b65caa0866cd2b615c261d9539411676dceb904c7
AUD-000730,2026-03-23 18:15:00,BID_SUBMITTED,"{""bid_id"": ""BID-00500"", ""request_id"": ""REQ-048"", ""vendor_id"": ""VND-0051"", ""price"": 137585.02}",48b944061d6c7240b041417b65caa0866cd2b615c261d9539411676dceb904c7,2de0e90d2e3f908b7a8171a3eea1bd4fb7c9ee2b435bfd8bad972c4b6a5383d8
AUD-000731,2026-03-23 18:20:00,BID_SUBMITTED,"{""bid_id"": ""BID-00501"", ""request_id"": ""REQ-048"", ""vendor_id"": ""VND-0355"", ""price"": 135201.63}",2de0e90d2e3f908b7a8171a3eea1bd4fb7c9ee2b435bfd8bad972c4b6a5383d8,b46136ff227945336f2e62c87f55850493b7310df2bd63c59c170f7580acf56b
AUD-000732,2026-03-23 18:27:00,BID_SUBMITTED,"{""bid_id"": ""BID-00502"", ""request_id"": ""REQ-048"", ""vendor_id"": ""VND-0355"", ""price"": 132347.68}",b46136ff227945336f2e62c87f55850493b7310df2bd63c59c170f7580acf56b,f14078e55fd0e5733bf8129bb2a32eab191bb171f3fc0af357dcdceb39bd3893
AUD-000733,2026-03-23 18:37:00,BID_SUBMITTED,"{""bid_id"": ""BID-00503"", ""request_id"": ""REQ-048"", ""vendor_id"": ""VND-0370"", ""price"": 130941.92}",f14078e55fd0e5733bf8129bb2a32eab191bb171f3fc0af357dcdceb39bd3893,ba9a5059622f3e386519af891eac83b4326efc970b19fe83d7f1e64b838d0a78
AUD-000734,2026-03-23 18:43:00,BID_SUBMITTED,"{""bid_id"": ""BID-00504"", ""request_id"": ""REQ-048"", ""vendor_id"": ""VND-0355"", ""price"": 129439.62}",ba9a5059622f3e386519af891eac83b4326efc970b19fe83d7f1e64b838d0a78,577791a0ebbcd7d3e8473e73c21712c09b8a36fd4cc51293dd073652ea363f1e
AUD-000735,2026-03-23 18:53:00,BID_SUBMITTED,"{""bid_id"": ""BID-00505"", ""request_id"": ""REQ-048"", ""vendor_id"": ""VND-0065"", ""price"": 127309.73}",577791a0ebbcd7d3e8473e73c21712c09b8a36fd4cc51293dd073652ea363f1e,1f2eb9427f4d12bd72260cad3e85d7b32ce675b3c63959520351a4c2c233814d
AUD-000736,2026-03-23 18:57:00,BID_SUBMITTED,"{""bid_id"": ""BID-00506"", ""request_id"": ""REQ-048"", ""vendor_id"": ""VND-0051"", ""price"": 124597.57}",1f2eb9427f4d12bd72260cad3e85d7b32ce675b3c63959520351a4c2c233814d,9c17072bb2b19cadb1ab520e62ea917ac40a92d4d17e6fd290d348c3ce60cd6e
AUD-000737,2026-03-23 19:03:00,BID_SUBMITTED,"{""bid_id"": ""BID-00507"", ""request_id"": ""REQ-048"", ""vendor_id"": ""VND-0371"", ""price"": 121685.05}",9c17072bb2b19cadb1ab520e62ea917ac40a92d4d17e6fd290d348c3ce60cd6e,3191dcde8e686b27b0d0eeaafc391a1d80a26b2d340efd753f87c661bfcce4a8
AUD-000738,2026-03-24 08:09:00,BID_SUBMITTED,"{""bid_id"": ""BID-01052"", ""request_id"": ""REQ-098"", ""vendor_id"": ""VND-0196"", ""price"": 126660.26}",3191dcde8e686b27b0d0eeaafc391a1d80a26b2d340efd753f87c661bfcce4a8,b6eeca01ef891b830da11585c7951e789db3be108eb3994c02df541964f31d58
AUD-000739,2026-03-24 08:16:00,BID_SUBMITTED,"{""bid_id"": ""BID-01053"", ""request_id"": ""REQ-098"", ""vendor_id"": ""VND-0196"", ""price"": 123522.86}",b6eeca01ef891b830da11585c7951e789db3be108eb3994c02df541964f31d58,da2307bb9279cf5e19fb1e607d3be4159a4e35856649fa46931255ea8d4912d2
AUD-000740,2026-03-24 08:20:00,BID_SUBMITTED,"{""bid_id"": ""BID-01054"", ""request_id"": ""REQ-098"", ""vendor_id"": ""VND-0365"", ""price"": 121162.35}",da2307bb9279cf5e19fb1e607d3be4159a4e35856649fa46931255ea8d4912d2,bba5a6dd9be689cb80a66f1702224b96be92e18f10babecb7760a71cc4fb879d
AUD-000741,2026-03-24 08:23:00,BID_SUBMITTED,"{""bid_id"": ""BID-01055"", ""request_id"": ""REQ-098"", ""vendor_id"": ""VND-0365"", ""price"": 118463.27}",bba5a6dd9be689cb80a66f1702224b96be92e18f10babecb7760a71cc4fb879d,5f8e0eafb5585975afbb4195a257da3341c10bb21399ac7b52ee9cbda921feeb
AUD-000742,2026-03-24 08:27:00,BID_SUBMITTED,"{""bid_id"": ""BID-01056"", ""request_id"": ""REQ-098"", ""vendor_id"": ""VND-0457"", ""price"": 117326.56}",5f8e0eafb5585975afbb4195a257da3341c10bb21399ac7b52ee9cbda921feeb,d9fceca32d93c8e59d0182fcc44d666e38162c0bcca051bbd23d07acb1ccaafd
AUD-000743,2026-03-24 08:35:00,BID_SUBMITTED,"{""bid_id"": ""BID-01057"", ""request_id"": ""REQ-098"", ""vendor_id"": ""VND-0249"", ""price"": 116236.7}",d9fceca32d93c8e59d0182fcc44d666e38162c0bcca051bbd23d07acb1ccaafd,abb9dc520a22f952956d36dce88694658bcbbae0dd34137f3a6033d4f212d186
AUD-000744,2026-03-24 08:45:00,BID_SUBMITTED,"{""bid_id"": ""BID-01058"", ""request_id"": ""REQ-098"", ""vendor_id"": ""VND-0365"", ""price"": 114868.73}",abb9dc520a22f952956d36dce88694658bcbbae0dd34137f3a6033d4f212d186,840889615cb8fca6daa21a9b5a97c824f18d1b67266c0a1be39f4ed087bf3963
AUD-000745,2026-03-24 08:47:00,BID_SUBMITTED,"{""bid_id"": ""BID-01059"", ""request_id"": ""REQ-098"", ""vendor_id"": ""VND-0445"", ""price"": 112692.99}",840889615cb8fca6daa21a9b5a97c824f18d1b67266c0a1be39f4ed087bf3963,9b2e9cab5cfed811ccba3779e2747ed20b17cb120324c0bba883a023752c72c7
AUD-000746,2026-03-26 05:00:00,PROCUREMENT_REQUEST_CREATED,"{""request_id"": ""REQ-058"", ""title"": ""Steel Tubes & Sheets Supply (Lot 058)"", ""max_budget"": 85294.28}",9b2e9cab5cfed811ccba3779e2747ed20b17cb120324c0bba883a023752c72c7,63ad9e21590c478ed9abebadce1333b921a3d7b2dd2dfc4494733a29b349ea45
AUD-000747,2026-03-27 05:04:00,BID_SUBMITTED,"{""bid_id"": ""BID-00610"", ""request_id"": ""REQ-058"", ""vendor_id"": ""VND-0082"", ""price"": 83208.73}",63ad9e21590c478ed9abebadce1333b921a3d7b2dd2dfc4494733a29b349ea45,f623d4b07c75869eaee8980e1e3b3d6593591a7d8d876a4ba42c4f1a9ce97f30
AUD-000748,2026-03-27 05:09:00,BID_SUBMITTED,"{""bid_id"": ""BID-00611"", ""request_id"": ""REQ-058"", ""vendor_id"": ""VND-0493"", ""price"": 82637.88}",f623d4b07c75869eaee8980e1e3b3d6593591a7d8d876a4ba42c4f1a9ce97f30,dda12084b1ac4942a7ea6f5224bd386a0abf7ef1c6cd43b475c7b5816192419b
AUD-000749,2026-03-27 05:16:00,BID_SUBMITTED,"{""bid_id"": ""BID-00612"", ""request_id"": ""REQ-058"", ""vendor_id"": ""VND-0403"", ""price"": 81542.01}",dda12084b1ac4942a7ea6f5224bd386a0abf7ef1c6cd43b475c7b5816192419b,7cc0f6e433be25dceca2cd85b37e4ffa1562c17706758d6fb512721e91c7c989
AUD-000750,2026-03-27 05:19:00,BID_SUBMITTED,"{""bid_id"": ""BID-00613"", ""request_id"": ""REQ-058"", ""vendor_id"": ""VND-0198"", ""price"": 79544.95}",7cc0f6e433be25dceca2cd85b37e4ffa1562c17706758d6fb512721e91c7c989,b9093d7c59e464462d37f2021ed062174840099da46beed2889847059f4cab2a
AUD-000751,2026-03-27 05:23:00,BID_SUBMITTED,"{""bid_id"": ""BID-00614"", ""request_id"": ""REQ-058"", ""vendor_id"": ""VND-0403"", ""price"": 78995.17}",b9093d7c59e464462d37f2021ed062174840099da46beed2889847059f4cab2a,268986f093c47d7088102f0c6beccf645610eeccfa550be569df87e247e95675
AUD-000752,2026-03-27 05:25:00,BID_SUBMITTED,"{""bid_id"": ""BID-00615"", ""request_id"": ""REQ-058"", ""vendor_id"": ""VND-0198"", ""price"": 78481.97}",268986f093c47d7088102f0c6beccf645610eeccfa550be569df87e247e95675,b0d31d151bbc431ee5432ce59ac37f43db8fe9b2bb12381a0d9b18afbed1fe90
AUD-000753,2026-03-27 05:29:00,BID_SUBMITTED,"{""bid_id"": ""BID-00616"", ""request_id"": ""REQ-058"", ""vendor_id"": ""VND-0198"", ""price"": 77049.77}",b0d31d151bbc431ee5432ce59ac37f43db8fe9b2bb12381a0d9b18afbed1fe90,344aa4f8e266d859330dbbc9ff27c2910fd39cb1bd18fd5f955fbbff8c4e91f1
AUD-000754,2026-03-27 05:36:00,BID_SUBMITTED,"{""bid_id"": ""BID-00617"", ""request_id"": ""REQ-058"", ""vendor_id"": ""VND-0188"", ""price"": 76215.05}",344aa4f8e266d859330dbbc9ff27c2910fd39cb1bd18fd5f955fbbff8c4e91f1,38356e843a7ca10956f69284780a5e05e19e3d814650e149ccc3fc3e84a77acf
AUD-000755,2026-03-27 05:43:00,BID_SUBMITTED,"{""bid_id"": ""BID-00618"", ""request_id"": ""REQ-058"", ""vendor_id"": ""VND-0198"", ""price"": 74765.85}",38356e843a7ca10956f69284780a5e05e19e3d814650e149ccc3fc3e84a77acf,b58f7fe7fad678062e1b9a2773e15804aff02b06b5c8cfae51ed15639f9fbd61
AUD-000756,2026-03-27 05:48:00,BID_SUBMITTED,"{""bid_id"": ""BID-00619"", ""request_id"": ""REQ-058"", ""vendor_id"": ""VND-0493"", ""price"": 73715.01}",b58f7fe7fad678062e1b9a2773e15804aff02b06b5c8cfae51ed15639f9fbd61,3954c30e22479e8ae6b657507fb3c6854fd8efaf23230eb9484023a97c3b42df
AUD-000757,2026-03-27 05:52:00,BID_SUBMITTED,"{""bid_id"": ""BID-00620"", ""request_id"": ""REQ-058"", ""vendor_id"": ""VND-0082"", ""price"": 71955.35}",3954c30e22479e8ae6b657507fb3c6854fd8efaf23230eb9484023a97c3b42df,934016b8a80bd496eb0b99ba291c5c2fd276773236c9af1a231dcec60b5bc151
AUD-000758,2026-03-27 05:55:00,BID_SUBMITTED,"{""bid_id"": ""BID-00621"", ""request_id"": ""REQ-058"", ""vendor_id"": ""VND-0403"", ""price"": 71438.75}",934016b8a80bd496eb0b99ba291c5c2fd276773236c9af1a231dcec60b5bc151,ab771690f341597d57de549e11c0603fa2625edce954576e1acfa545f9b9212f
AUD-000759,2026-03-27 06:02:00,BID_SUBMITTED,"{""bid_id"": ""BID-00622"", ""request_id"": ""REQ-058"", ""vendor_id"": ""VND-0188"", ""price"": 70439.23}",ab771690f341597d57de549e11c0603fa2625edce954576e1acfa545f9b9212f,30b966b7b0e1e6700603c3d3b32266d40556e9c2bf508f9581b108572a75c15c
AUD-000760,2026-03-27 08:00:00,PROCUREMENT_REQUEST_CREATED,"{""request_id"": ""REQ-003"", ""title"": ""Server Rack Infrastructure Upgrade (Lot 003)"", ""max_budget"": 181719.64}",30b966b7b0e1e6700603c3d3b32266d40556e9c2bf508f9581b108572a75c15c,2adaa148dbd575a3655b8555ac625adbaaa2eecf67c3aa25ba535ded28113198
AUD-000761,2026-03-27 21:00:00,PROCUREMENT_REQUEST_CREATED,"{""request_id"": ""REQ-119"", ""title"": ""Billboard Campaign Printing (Lot 119)"", ""max_budget"": 21275.5}",2adaa148dbd575a3655b8555ac625adbaaa2eecf67c3aa25ba535ded28113198,8a1693f2b9e2fb1bb8a69ac736b35ca31caca302fc268f17311f75ef0ffdf2e3
AUD-000762,2026-03-28 08:07:00,BID_SUBMITTED,"{""bid_id"": ""BID-00016"", ""request_id"": ""REQ-003"", ""vendor_id"": ""VND-0249"", ""price"": 178818.1}",8a1693f2b9e2fb1bb8a69ac736b35ca31caca302fc268f17311f75ef0ffdf2e3,a225da3cd26eac652b03d8d2a3560c5d3aa746c10c60b3023eb03f0d90c38dc6
AUD-000763,2026-03-28 08:17:00,BID_SUBMITTED,"{""bid_id"": ""BID-00017"", ""request_id"": ""REQ-003"", ""vendor_id"": ""VND-0109"", ""price"": 174366.86}",a225da3cd26eac652b03d8d2a3560c5d3aa746c10c60b3023eb03f0d90c38dc6,8c5ae1a760f58c86ffef5820f5a207ba7063851d79cf2bffee486b064b3727bf
AUD-000764,2026-03-28 08:25:00,BID_SUBMITTED,"{""bid_id"": ""BID-00018"", ""request_id"": ""REQ-003"", ""vendor_id"": ""VND-0036"", ""price"": 171912.77}",8c5ae1a760f58c86ffef5820f5a207ba7063851d79cf2bffee486b064b3727bf,3c2338edef5ad823fbeb10be251f00665d0cbd542e1661febd4424a5316f2a5e
AUD-000765,2026-03-28 08:28:00,BID_SUBMITTED,"{""bid_id"": ""BID-00019"", ""request_id"": ""REQ-003"", ""vendor_id"": ""VND-0470"", ""price"": 168326.34}",3c2338edef5ad823fbeb10be251f00665d0cbd542e1661febd4424a5316f2a5e,55cee45492fcb5d4eaa86106fbe93965f88c80a837b85e7b9a08f312ed541608
AUD-000766,2026-03-28 08:33:00,BID_SUBMITTED,"{""bid_id"": ""BID-00020"", ""request_id"": ""REQ-003"", ""vendor_id"": ""VND-0249"", ""price"": 165057.98}",55cee45492fcb5d4eaa86106fbe93965f88c80a837b85e7b9a08f312ed541608,384442accc0e648c2fbdc2f0eb1a4a3faa72a525a40c7994f50f144bb0e29688
AUD-000767,2026-03-28 08:38:00,BID_SUBMITTED,"{""bid_id"": ""BID-00021"", ""request_id"": ""REQ-003"", ""vendor_id"": ""VND-0109"", ""price"": 162742.03}",384442accc0e648c2fbdc2f0eb1a4a3faa72a525a40c7994f50f144bb0e29688,9adcb6153f208d34e6038d84ed9def2b704e852d929c22cbed41f89cc34fd665
AUD-000768,2026-03-28 08:47:00,BID_SUBMITTED,"{""bid_id"": ""BID-00022"", ""request_id"": ""REQ-003"", ""vendor_id"": ""VND-0109"", ""price"": 160825.15}",9adcb6153f208d34e6038d84ed9def2b704e852d929c22cbed41f89cc34fd665,f659cd327b31b0176154d967d82d363b51d7b17fadaf43e43eb751964697c441
AUD-000769,2026-03-28 08:50:00,BID_SUBMITTED,"{""bid_id"": ""BID-00023"", ""request_id"": ""REQ-003"", ""vendor_id"": ""VND-0109"", ""price"": 158683.0}",f659cd327b31b0176154d967d82d363b51d7b17fadaf43e43eb751964697c441,a3524897f553580d74cc63eda4b58c7a5ce657f7a9e49e7c04201193b1b74456
AUD-000770,2026-03-28 08:56:00,BID_SUBMITTED,"{""bid_id"": ""BID-00024"", ""request_id"": ""REQ-003"", ""vendor_id"": ""VND-0036"", ""price"": 156535.18}",a3524897f553580d74cc63eda4b58c7a5ce657f7a9e49e7c04201193b1b74456,fcc74f046b3450c5ccc77a1a2ab2693c9f8fd3cbd735d2fa2144a961d7003a23
AUD-000771,2026-03-28 09:05:00,BID_SUBMITTED,"{""bid_id"": ""BID-00025"", ""request_id"": ""REQ-003"", ""vendor_id"": ""VND-0036"", ""price"": 152767.09}",fcc74f046b3450c5ccc77a1a2ab2693c9f8fd3cbd735d2fa2144a961d7003a23,ecbc73408a71b6fd0d4959a6949bf7200777e9858e50033c7d6832aba3b0441f
AUD-000772,2026-03-28 09:08:00,BID_SUBMITTED,"{""bid_id"": ""BID-00026"", ""request_id"": ""REQ-003"", ""vendor_id"": ""VND-0470"", ""price"": 151724.53}",ecbc73408a71b6fd0d4959a6949bf7200777e9858e50033c7d6832aba3b0441f,9a4964ac250e9b421f6f4c9f26b54bf6b4a32aeda34e692f3ebfb46628af1d83
AUD-000773,2026-03-28 09:15:00,BID_SUBMITTED,"{""bid_id"": ""BID-00027"", ""request_id"": ""REQ-003"", ""vendor_id"": ""VND-0470"", ""price"": 149655.38}",9a4964ac250e9b421f6f4c9f26b54bf6b4a32aeda34e692f3ebfb46628af1d83,eacccdb0c84a9770e1df81c5c8db1ea3d639d44f62a4cc69377fb8f7221ad449
AUD-000774,2026-03-28 09:25:00,BID_SUBMITTED,"{""bid_id"": ""BID-00028"", ""request_id"": ""REQ-003"", ""vendor_id"": ""VND-0249"", ""price"": 146043.82}",eacccdb0c84a9770e1df81c5c8db1ea3d639d44f62a4cc69377fb8f7221ad449,c77cadd00100ef4d67c44cf499b3f84878dfaa4a48fc156adb29a1bdc331757d
AUD-000775,2026-03-28 21:03:00,BID_SUBMITTED,"{""bid_id"": ""BID-01277"", ""request_id"": ""REQ-119"", ""vendor_id"": ""VND-0212"", ""price"": 20773.29}",c77cadd00100ef4d67c44cf499b3f84878dfaa4a48fc156adb29a1bdc331757d,efdfb4ddba9cee07d9c951946c193a8df87a0fd338ee3f3d85e54665dafa5128
AUD-000776,2026-03-28 21:05:00,BID_SUBMITTED,"{""bid_id"": ""BID-01278"", ""request_id"": ""REQ-119"", ""vendor_id"": ""VND-0062"", ""price"": 20358.79}",efdfb4ddba9cee07d9c951946c193a8df87a0fd338ee3f3d85e54665dafa5128,57ea914e0a704399f13091ef22b00c9326d5905ad1cedefc05463d9069b8df54
AUD-000777,2026-03-28 21:13:00,BID_SUBMITTED,"{""bid_id"": ""BID-01279"", ""request_id"": ""REQ-119"", ""vendor_id"": ""VND-0228"", ""price"": 19940.45}",57ea914e0a704399f13091ef22b00c9326d5905ad1cedefc05463d9069b8df54,6516580d1153fc3780b5e51ab5fe12333cd2ed6a2ad2d2a6effa89e256346952
AUD-000778,2026-03-28 21:15:00,BID_SUBMITTED,"{""bid_id"": ""BID-01280"", ""request_id"": ""REQ-119"", ""vendor_id"": ""VND-0062"", ""price"": 19719.2}",6516580d1153fc3780b5e51ab5fe12333cd2ed6a2ad2d2a6effa89e256346952,3fdf6b30894a3b93031ac2093cd66aa46025470b2492fb45b4cfa20f4145dfa3
AUD-000779,2026-03-28 21:19:00,BID_SUBMITTED,"{""bid_id"": ""BID-01281"", ""request_id"": ""REQ-119"", ""vendor_id"": ""VND-0212"", ""price"": 19407.66}",3fdf6b30894a3b93031ac2093cd66aa46025470b2492fb45b4cfa20f4145dfa3,66fe7af72b17a3ea2d0d91846ddb3f41262f1bf4deb61f78fb3dd0bbc61f9c17
AUD-000780,2026-03-28 21:24:00,BID_SUBMITTED,"{""bid_id"": ""BID-01282"", ""request_id"": ""REQ-119"", ""vendor_id"": ""VND-0212"", ""price"": 19115.62}",66fe7af72b17a3ea2d0d91846ddb3f41262f1bf4deb61f78fb3dd0bbc61f9c17,ff705be5bacebe2195e48f56614583bd243318eec58d55f6860c71391b5b0041
AUD-000781,2026-03-28 21:32:00,BID_SUBMITTED,"{""bid_id"": ""BID-01283"", ""request_id"": ""REQ-119"", ""vendor_id"": ""VND-0062"", ""price"": 19000.72}",ff705be5bacebe2195e48f56614583bd243318eec58d55f6860c71391b5b0041,7126ece2d3b2173d4f0e94f7acf1cf3fe9c3cb91260ff6e8be8e6dfe593f3bca
AUD-000782,2026-03-28 21:42:00,BID_SUBMITTED,"{""bid_id"": ""BID-01284"", ""request_id"": ""REQ-119"", ""vendor_id"": ""VND-0212"", ""price"": 18619.63}",7126ece2d3b2173d4f0e94f7acf1cf3fe9c3cb91260ff6e8be8e6dfe593f3bca,c5bacd47c8ff00251b00d62d3d4e04598c233b94532273342fd20eee4c781508
AUD-000783,2026-03-28 21:48:00,BID_SUBMITTED,"{""bid_id"": ""BID-01285"", ""request_id"": ""REQ-119"", ""vendor_id"": ""VND-0062"", ""price"": 18443.83}",c5bacd47c8ff00251b00d62d3d4e04598c233b94532273342fd20eee4c781508,cbace546d2617db4c00b649a855b4d5de0773985f27aa45447856712dcd1d924
AUD-000784,2026-03-28 21:55:00,BID_SUBMITTED,"{""bid_id"": ""BID-01286"", ""request_id"": ""REQ-119"", ""vendor_id"": ""VND-0212"", ""price"": 18297.01}",cbace546d2617db4c00b649a855b4d5de0773985f27aa45447856712dcd1d924,b14a3ddec36d6d04a88a78b9ecd145520e8b1d034b01d85e86498e8cf1297f60
AUD-000785,2026-03-28 21:57:00,BID_SUBMITTED,"{""bid_id"": ""BID-01287"", ""request_id"": ""REQ-119"", ""vendor_id"": ""VND-0062"", ""price"": 18031.39}",b14a3ddec36d6d04a88a78b9ecd145520e8b1d034b01d85e86498e8cf1297f60,05488683cc6ed56e742fa76facfc8cdcbe2cb4ddaf90a8d44598579f736b11a0
AUD-000786,2026-03-28 22:00:00,BID_SUBMITTED,"{""bid_id"": ""BID-01288"", ""request_id"": ""REQ-119"", ""vendor_id"": ""VND-0228"", ""price"": 17797.28}",05488683cc6ed56e742fa76facfc8cdcbe2cb4ddaf90a8d44598579f736b11a0,998490c129d3b48e552708cea2e97ed0daefa6a0a36a3a34800e8c4c7c4beb38
AUD-000787,2026-03-29 12:00:00,PROCUREMENT_REQUEST_CREATED,"{""request_id"": ""REQ-041"", ""title"": ""Shared Pantry Essentials (Lot 041)"", ""max_budget"": 170870.13}",998490c129d3b48e552708cea2e97ed0daefa6a0a36a3a34800e8c4c7c4beb38,054f548a7877d96e5d6a3f8b735568058ee6da9165cd54d648ce3bd469756e8d
AUD-000788,2026-03-30 12:03:00,BID_SUBMITTED,"{""bid_id"": ""BID-00417"", ""request_id"": ""REQ-041"", ""vendor_id"": ""VND-0486"", ""price"": 168933.56}",054f548a7877d96e5d6a3f8b735568058ee6da9165cd54d648ce3bd469756e8d,5127a7ad5c4867f2cbdd32c0770e1cb02512938ccf7067c68f6ac17a603e4582
AUD-000789,2026-03-30 12:09:00,BID_SUBMITTED,"{""bid_id"": ""BID-00418"", ""request_id"": ""REQ-041"", ""vendor_id"": ""VND-0074"", ""price"": 168071.34}",5127a7ad5c4867f2cbdd32c0770e1cb02512938ccf7067c68f6ac17a603e4582,0aa382a3d139b1184325a0ca50256502e18cac6e769ef4128c28454dca2aa3ca
AUD-000790,2026-03-30 12:15:00,BID_SUBMITTED,"{""bid_id"": ""BID-00419"", ""request_id"": ""REQ-041"", ""vendor_id"": ""VND-0486"", ""price"": 166021.15}",0aa382a3d139b1184325a0ca50256502e18cac6e769ef4128c28454dca2aa3ca,052d1927ad593e24da59eaff9c94e270de79d136ebb073364a7e3ad57590e4c5
AUD-000791,2026-03-30 12:19:00,BID_SUBMITTED,"{""bid_id"": ""BID-00420"", ""request_id"": ""REQ-041"", ""vendor_id"": ""VND-0074"", ""price"": 164751.06}",052d1927ad593e24da59eaff9c94e270de79d136ebb073364a7e3ad57590e4c5,8056ff4571b7ff3c8b0483fdb8d8a4e605504e7a8dc271fcf8772405f8a1724a
AUD-000792,2026-03-30 12:29:00,BID_SUBMITTED,"{""bid_id"": ""BID-00421"", ""request_id"": ""REQ-041"", ""vendor_id"": ""VND-0486"", ""price"": 162448.36}",8056ff4571b7ff3c8b0483fdb8d8a4e605504e7a8dc271fcf8772405f8a1724a,499b776038ccc46a29041430db15e0313600acefbe584ea8be524c028b755c20
AUD-000793,2026-03-30 12:31:00,BID_SUBMITTED,"{""bid_id"": ""BID-00422"", ""request_id"": ""REQ-041"", ""vendor_id"": ""VND-0358"", ""price"": 160310.39}",499b776038ccc46a29041430db15e0313600acefbe584ea8be524c028b755c20,51dbe6445979f1e757ee55817646c27a936fd1f6cfef336896f4831176c42ab9
AUD-000794,2026-03-30 12:34:00,BID_SUBMITTED,"{""bid_id"": ""BID-00423"", ""request_id"": ""REQ-041"", ""vendor_id"": ""VND-0074"", ""price"": 158374.12}",51dbe6445979f1e757ee55817646c27a936fd1f6cfef336896f4831176c42ab9,d480116f0bc889c0caa1fa00a576977be53d62b8c62756722972db9e2f1642d4
AUD-000795,2026-03-30 12:41:00,BID_SUBMITTED,"{""bid_id"": ""BID-00424"", ""request_id"": ""REQ-041"", ""vendor_id"": ""VND-0358"", ""price"": 155687.96}",d480116f0bc889c0caa1fa00a576977be53d62b8c62756722972db9e2f1642d4,5f7c2d0b5fdf5bc240f4398521362f4c4d5503fcf5b2b7e8489e034141903175
AUD-000796,2026-04-01 07:00:00,PROCUREMENT_REQUEST_CREATED,"{""request_id"": ""REQ-043"", ""title"": ""Daily Office Cafeteria Food SLA (Lot 043)"", ""max_budget"": 107061.23}",5f7c2d0b5fdf5bc240f4398521362f4c4d5503fcf5b2b7e8489e034141903175,8ec3a5d14543ab56960181589c9390dadfe608778c9ab6ae1df4053107cf436e
AUD-000797,2026-04-02 07:10:00,BID_SUBMITTED,"{""bid_id"": ""BID-00440"", ""request_id"": ""REQ-043"", ""vendor_id"": ""VND-0460"", ""price"": 106140.66}",8ec3a5d14543ab56960181589c9390dadfe608778c9ab6ae1df4053107cf436e,5b3fa7bbf0f873cf81539ab1402ec0c900ccb32c0ee1e5e0146a000eea5d0bf1
AUD-000798,2026-04-02 07:19:00,BID_SUBMITTED,"{""bid_id"": ""BID-00441"", ""request_id"": ""REQ-043"", ""vendor_id"": ""VND-0206"", ""price"": 103586.91}",5b3fa7bbf0f873cf81539ab1402ec0c900ccb32c0ee1e5e0146a000eea5d0bf1,3c0fb0c523cc135a872873a20021c9b068ee2035ead0e33f6cfde5d6152e85dc
AUD-000799,2026-04-02 07:25:00,BID_SUBMITTED,"{""bid_id"": ""BID-00442"", ""request_id"": ""REQ-043"", ""vendor_id"": ""VND-0128"", ""price"": 102634.63}",3c0fb0c523cc135a872873a20021c9b068ee2035ead0e33f6cfde5d6152e85dc,6fe7871c11074e4e29c68a6756507733659288dfc9c323e8eb6772ab987ea43d
AUD-000800,2026-04-02 07:33:00,BID_SUBMITTED,"{""bid_id"": ""BID-00443"", ""request_id"": ""REQ-043"", ""vendor_id"": ""VND-0128"", ""price"": 101979.5}",6fe7871c11074e4e29c68a6756507733659288dfc9c323e8eb6772ab987ea43d,8dd7fb2402028e9799f6e8231242ceb7f1fc5727b17e450833fb836a60589e20
AUD-000801,2026-04-02 07:39:00,BID_SUBMITTED,"{""bid_id"": ""BID-00444"", ""request_id"": ""REQ-043"", ""vendor_id"": ""VND-0128"", ""price"": 100451.23}",8dd7fb2402028e9799f6e8231242ceb7f1fc5727b17e450833fb836a60589e20,aab69c2e2b0974efc409d59553f766849668f643366b289bdee89fb6d99e1f41
AUD-000802,2026-04-02 07:43:00,BID_SUBMITTED,"{""bid_id"": ""BID-00445"", ""request_id"": ""REQ-043"", ""vendor_id"": ""VND-0326"", ""price"": 99441.33}",aab69c2e2b0974efc409d59553f766849668f643366b289bdee89fb6d99e1f41,292378160b0663c6e560539de2af56cc70a6b8e4388abf5b6b3af13aefe66db2
AUD-000803,2026-04-02 07:51:00,BID_SUBMITTED,"{""bid_id"": ""BID-00446"", ""request_id"": ""REQ-043"", ""vendor_id"": ""VND-0128"", ""price"": 98102.59}",292378160b0663c6e560539de2af56cc70a6b8e4388abf5b6b3af13aefe66db2,2239ea2ababaa9bb1c4e18a7d58ced06d8541174702a58056ec858a649097790
AUD-000804,2026-04-02 08:00:00,BID_SUBMITTED,"{""bid_id"": ""BID-00447"", ""request_id"": ""REQ-043"", ""vendor_id"": ""VND-0206"", ""price"": 96730.99}",2239ea2ababaa9bb1c4e18a7d58ced06d8541174702a58056ec858a649097790,e6232b98e3b7e7cbe67f9cc72e60532de936113b84aa0bb83cdf3c0d3f571818
AUD-000805,2026-04-02 08:10:00,BID_SUBMITTED,"{""bid_id"": ""BID-00448"", ""request_id"": ""REQ-043"", ""vendor_id"": ""VND-0460"", ""price"": 95471.93}",e6232b98e3b7e7cbe67f9cc72e60532de936113b84aa0bb83cdf3c0d3f571818,72ede718347e8e396b84e036e954d94d93ecd5b043edf73daccb646f35787a66
AUD-000806,2026-04-02 08:12:00,BID_SUBMITTED,"{""bid_id"": ""BID-00449"", ""request_id"": ""REQ-043"", ""vendor_id"": ""VND-0128"", ""price"": 94195.85}",72ede718347e8e396b84e036e954d94d93ecd5b043edf73daccb646f35787a66,51a8cc82e375400e16c79733d96d29e3a0943431d67e6e057cdede4d44e30eff
AUD-000807,2026-04-02 08:22:00,BID_SUBMITTED,"{""bid_id"": ""BID-00450"", ""request_id"": ""REQ-043"", ""vendor_id"": ""VND-0279"", ""price"": 92403.05}",51a8cc82e375400e16c79733d96d29e3a0943431d67e6e057cdede4d44e30eff,5fa34852cc564aa2760ed5c027ea594595bfe4a668b98378420be177e66740ec
AUD-000808,2026-04-02 08:25:00,BID_SUBMITTED,"{""bid_id"": ""BID-00451"", ""request_id"": ""REQ-043"", ""vendor_id"": ""VND-0460"", ""price"": 90761.64}",5fa34852cc564aa2760ed5c027ea594595bfe4a668b98378420be177e66740ec,dfd35819bfdecceef52cc52afc124d26bf847821d62a0223e91faf51f6f0847e
AUD-000809,2026-04-02 08:32:00,BID_SUBMITTED,"{""bid_id"": ""BID-00452"", ""request_id"": ""REQ-043"", ""vendor_id"": ""VND-0206"", ""price"": 88912.0}",dfd35819bfdecceef52cc52afc124d26bf847821d62a0223e91faf51f6f0847e,9511afa5cf3a6044f3858e7ef70e8bba6e7eaa886836c2c841852e4db09bc258
AUD-000810,2026-04-02 08:34:00,BID_SUBMITTED,"{""bid_id"": ""BID-00453"", ""request_id"": ""REQ-043"", ""vendor_id"": ""VND-0326"", ""price"": 87316.92}",9511afa5cf3a6044f3858e7ef70e8bba6e7eaa886836c2c841852e4db09bc258,42463c259a30cdda91d0935772c6035dbd6b0a783824b7ab10083bd315f6e173
AUD-000811,2026-04-02 08:42:00,BID_SUBMITTED,"{""bid_id"": ""BID-00454"", ""request_id"": ""REQ-043"", ""vendor_id"": ""VND-0460"", ""price"": 85162.62}",42463c259a30cdda91d0935772c6035dbd6b0a783824b7ab10083bd315f6e173,c846f86cf60e9731f5c98fcb027ee5257d93e49b74d56eff20fa150217d1a0ee
AUD-000812,2026-04-03 11:00:00,PROCUREMENT_REQUEST_CREATED,"{""request_id"": ""REQ-124"", ""title"": ""Steel Tubes & Sheets Supply (Lot 124)"", ""max_budget"": 86463.39}",c846f86cf60e9731f5c98fcb027ee5257d93e49b74d56eff20fa150217d1a0ee,2c5f33433eadc4f7754e3d8d20ed94177dfb038598e0d545b5ec66912c339692
AUD-000813,2026-04-04 11:05:00,BID_SUBMITTED,"{""bid_id"": ""BID-01335"", ""request_id"": ""REQ-124"", ""vendor_id"": ""VND-0106"", ""price"": 84983.82}",2c5f33433eadc4f7754e3d8d20ed94177dfb038598e0d545b5ec66912c339692,7067487e37082ff9a6306a6df2d462e25533df423d1d6f67457e167925e3cc4c
AUD-000814,2026-04-04 11:07:00,BID_SUBMITTED,"{""bid_id"": ""BID-01336"", ""request_id"": ""REQ-124"", ""vendor_id"": ""VND-0082"", ""price"": 84166.43}",7067487e37082ff9a6306a6df2d462e25533df423d1d6f67457e167925e3cc4c,4dfd95e962ee3787b5d4a60546f018d9a90a9d8206cf9a437f076d1594ab41e8
AUD-000815,2026-04-04 11:16:00,BID_SUBMITTED,"{""bid_id"": ""BID-01337"", ""request_id"": ""REQ-124"", ""vendor_id"": ""VND-0106"", ""price"": 83611.81}",4dfd95e962ee3787b5d4a60546f018d9a90a9d8206cf9a437f076d1594ab41e8,7d5e4a4a6c8008e2d25d6b01a22c94b1b655f4988eb99b29a89cc5184bc40868
AUD-000816,2026-04-04 11:25:00,BID_SUBMITTED,"{""bid_id"": ""BID-01338"", ""request_id"": ""REQ-124"", ""vendor_id"": ""VND-0082"", ""price"": 82353.75}",7d5e4a4a6c8008e2d25d6b01a22c94b1b655f4988eb99b29a89cc5184bc40868,0d39b4a3d60ceb2fac3b73a0330edc633897a95eddc92170a37be393b40f4797
AUD-000817,2026-04-04 11:33:00,BID_SUBMITTED,"{""bid_id"": ""BID-01339"", ""request_id"": ""REQ-124"", ""vendor_id"": ""VND-0106"", ""price"": 81638.95}",0d39b4a3d60ceb2fac3b73a0330edc633897a95eddc92170a37be393b40f4797,7eca721604dca49e94afee68025a9e43a7cd27635cf1e352b22b4b8ac3ecf9bd
AUD-000818,2026-04-04 11:37:00,BID_SUBMITTED,"{""bid_id"": ""BID-01340"", ""request_id"": ""REQ-124"", ""vendor_id"": ""VND-0137"", ""price"": 80457.07}",7eca721604dca49e94afee68025a9e43a7cd27635cf1e352b22b4b8ac3ecf9bd,4042f2c3f26d5bd637f97f8c8a7d76f623bfc29eb962d3bcd27a42010896b893
AUD-000819,2026-04-09 12:00:00,PROCUREMENT_REQUEST_CREATED,"{""request_id"": ""REQ-114"", ""title"": ""Weekly Friday Happy Hour Snacks (Lot 114)"", ""max_budget"": 179327.99}",4042f2c3f26d5bd637f97f8c8a7d76f623bfc29eb962d3bcd27a42010896b893,dcc3e46bd22723995127256f3a566c07e6af0df90fca3cfd4148b88b651779c2
AUD-000820,2026-04-09 20:00:00,PROCUREMENT_REQUEST_CREATED,"{""request_id"": ""REQ-144"", ""title"": ""Industrial Copper Wire Coils (Lot 144)"", ""max_budget"": 66298.27}",dcc3e46bd22723995127256f3a566c07e6af0df90fca3cfd4148b88b651779c2,6ae71d14b4c2f29f7ee2782e3e60c57a90645dcdbba178f420159e4a31132980
AUD-000821,2026-04-10 12:00:01,BID_SUBMITTED,"{""bid_id"": ""BID-01228"", ""request_id"": ""REQ-114"", ""vendor_id"": ""VND-0054"", ""price"": 170211.59}",6ae71d14b4c2f29f7ee2782e3e60c57a90645dcdbba178f420159e4a31132980,b4818f2208a34d2949fc1b5e495de32235ff294adf96d0a38186221a670c8788
AUD-000822,2026-04-10 12:00:02,BID_SUBMITTED,"{""bid_id"": ""BID-01229"", ""request_id"": ""REQ-114"", ""vendor_id"": ""VND-0408"", ""price"": 170061.59}",b4818f2208a34d2949fc1b5e495de32235ff294adf96d0a38186221a670c8788,15e3c3b633ddc55a3a5d60129c5b486c607ef8aa1e4faf5ce9907139cd223cd3
AUD-000823,2026-04-10 12:00:03,BID_SUBMITTED,"{""bid_id"": ""BID-01230"", ""request_id"": ""REQ-114"", ""vendor_id"": ""VND-0054"", ""price"": 169911.59}",15e3c3b633ddc55a3a5d60129c5b486c607ef8aa1e4faf5ce9907139cd223cd3,3bc0f1262a67418ca6e92e9c9011c87cb09c2669207a1ac130c610ce3fbca406
AUD-000824,2026-04-10 12:00:05,BID_SUBMITTED,"{""bid_id"": ""BID-01231"", ""request_id"": ""REQ-114"", ""vendor_id"": ""VND-0408"", ""price"": 169761.59}",3bc0f1262a67418ca6e92e9c9011c87cb09c2669207a1ac130c610ce3fbca406,2e03ab2ca583774dea8a64cd8142d273937add660803251a6521708f8e8543c7
AUD-000825,2026-04-10 12:00:07,BID_SUBMITTED,"{""bid_id"": ""BID-01232"", ""request_id"": ""REQ-114"", ""vendor_id"": ""VND-0054"", ""price"": 169611.59}",2e03ab2ca583774dea8a64cd8142d273937add660803251a6521708f8e8543c7,a401b77193ae9195009287c3e4860e6c4be470dade8a45418273b2b882ea7397
AUD-000826,2026-04-10 12:00:09,BID_SUBMITTED,"{""bid_id"": ""BID-01233"", ""request_id"": ""REQ-114"", ""vendor_id"": ""VND-0408"", ""price"": 169461.59}",a401b77193ae9195009287c3e4860e6c4be470dade8a45418273b2b882ea7397,c2d26f103e5efec8b8baf8d2b34b86c81bd3598d7f2490dad3844a793dd9b194
AUD-000827,2026-04-10 12:00:10,BID_SUBMITTED,"{""bid_id"": ""BID-01234"", ""request_id"": ""REQ-114"", ""vendor_id"": ""VND-0054"", ""price"": 169311.59}",c2d26f103e5efec8b8baf8d2b34b86c81bd3598d7f2490dad3844a793dd9b194,a5b1670d731393f7cecb4e6ada4aee0dcfcff76dd4e68a7612864699512737ab
AUD-000828,2026-04-10 12:00:12,BID_SUBMITTED,"{""bid_id"": ""BID-01235"", ""request_id"": ""REQ-114"", ""vendor_id"": ""VND-0408"", ""price"": 169161.59}",a5b1670d731393f7cecb4e6ada4aee0dcfcff76dd4e68a7612864699512737ab,e0b9c2a20637b42221463843153252e16de74c8089d5e6b4ca98a3104b54b248
AUD-000829,2026-04-10 12:00:13,BID_SUBMITTED,"{""bid_id"": ""BID-01236"", ""request_id"": ""REQ-114"", ""vendor_id"": ""VND-0054"", ""price"": 169011.59}",e0b9c2a20637b42221463843153252e16de74c8089d5e6b4ca98a3104b54b248,ce343aa1490add6e502eb28426a41b4f94edc338a710d46bf420528fefd73e3d
AUD-000830,2026-04-10 12:00:14,BID_SUBMITTED,"{""bid_id"": ""BID-01237"", ""request_id"": ""REQ-114"", ""vendor_id"": ""VND-0408"", ""price"": 168861.59}",ce343aa1490add6e502eb28426a41b4f94edc338a710d46bf420528fefd73e3d,5b004d76dde48648229b511ecffb4213587119cc7ca92dae156de27fd7eb721c
AUD-000831,2026-04-10 12:05:14,BID_SUBMITTED,"{""bid_id"": ""BID-01238"", ""request_id"": ""REQ-114"", ""vendor_id"": ""VND-0004"", ""price"": 164105.69}",5b004d76dde48648229b511ecffb4213587119cc7ca92dae156de27fd7eb721c,0ebde5ebf4ce0d69cdcc6c7ce433272b4b2a9e99b952fed802576b3853a3a8f9
AUD-000832,2026-04-10 12:11:14,BID_SUBMITTED,"{""bid_id"": ""BID-01239"", ""request_id"": ""REQ-114"", ""vendor_id"": ""VND-0009"", ""price"": 160660.39}",0ebde5ebf4ce0d69cdcc6c7ce433272b4b2a9e99b952fed802576b3853a3a8f9,558e7a743b0b55d558e1909f6a5f4445fe022a5040e9fcbcc1921243c07ad075
AUD-000833,2026-04-10 20:00:02,BID_SUBMITTED,"{""bid_id"": ""BID-01559"", ""request_id"": ""REQ-144"", ""vendor_id"": ""VND-0194"", ""price"": 62833.36}",558e7a743b0b55d558e1909f6a5f4445fe022a5040e9fcbcc1921243c07ad075,829a68d1328bf24918254289b9a9c5d7adb2bbbd95e492e4462e1f5f677616cb
AUD-000834,2026-04-10 20:00:04,BID_SUBMITTED,"{""bid_id"": ""BID-01560"", ""request_id"": ""REQ-144"", ""vendor_id"": ""VND-0040"", ""price"": 62683.36}",829a68d1328bf24918254289b9a9c5d7adb2bbbd95e492e4462e1f5f677616cb,6977bcfef5cded4f58092d9062d6d99600f62837c834d00298250cefd2af4a66
AUD-000835,2026-04-10 20:00:05,BID_SUBMITTED,"{""bid_id"": ""BID-01561"", ""request_id"": ""REQ-144"", ""vendor_id"": ""VND-0194"", ""price"": 62533.36}",6977bcfef5cded4f58092d9062d6d99600f62837c834d00298250cefd2af4a66,267bb6f3a4f193c9eacb5ca7a539385fb1321b4b2ba2536105b9842bcc50d324
AUD-000836,2026-04-10 20:00:07,BID_SUBMITTED,"{""bid_id"": ""BID-01562"", ""request_id"": ""REQ-144"", ""vendor_id"": ""VND-0040"", ""price"": 62383.36}",267bb6f3a4f193c9eacb5ca7a539385fb1321b4b2ba2536105b9842bcc50d324,af003855aa3d56f0721584a57a1a6476d9968e340d1807b7ea95ba6547500f5b
AUD-000837,2026-04-10 20:00:09,BID_SUBMITTED,"{""bid_id"": ""BID-01563"", ""request_id"": ""REQ-144"", ""vendor_id"": ""VND-0194"", ""price"": 62233.36}",af003855aa3d56f0721584a57a1a6476d9968e340d1807b7ea95ba6547500f5b,5b2b34acec9a7e373aef56f182ff2925a820df2535dcff332be3b62b193f6369
AUD-000838,2026-04-10 20:00:11,BID_SUBMITTED,"{""bid_id"": ""BID-01564"", ""request_id"": ""REQ-144"", ""vendor_id"": ""VND-0040"", ""price"": 62083.36}",5b2b34acec9a7e373aef56f182ff2925a820df2535dcff332be3b62b193f6369,83e20847324e32718590442cf0ab1064a2b5256a1e86c1826243bdb1e18b5fa5
AUD-000839,2026-04-10 20:00:13,BID_SUBMITTED,"{""bid_id"": ""BID-01565"", ""request_id"": ""REQ-144"", ""vendor_id"": ""VND-0194"", ""price"": 61933.36}",83e20847324e32718590442cf0ab1064a2b5256a1e86c1826243bdb1e18b5fa5,8b19ff3e2bfa867370690a7a50cac6482fb6431a1fa4c68a108690efffda2b84
AUD-000840,2026-04-10 20:00:14,BID_SUBMITTED,"{""bid_id"": ""BID-01566"", ""request_id"": ""REQ-144"", ""vendor_id"": ""VND-0040"", ""price"": 61783.36}",8b19ff3e2bfa867370690a7a50cac6482fb6431a1fa4c68a108690efffda2b84,8ce337389d3b750222c3666b45dce1c53b2cfc3244f697cf25015b469abf7656
AUD-000841,2026-04-10 20:00:15,BID_SUBMITTED,"{""bid_id"": ""BID-01567"", ""request_id"": ""REQ-144"", ""vendor_id"": ""VND-0194"", ""price"": 61633.36}",8ce337389d3b750222c3666b45dce1c53b2cfc3244f697cf25015b469abf7656,3e3f8f60af60731f8a14457c8362a40e701cb8b5757841e75cf9e4fdb9aceb1f
AUD-000842,2026-04-10 20:00:17,BID_SUBMITTED,"{""bid_id"": ""BID-01568"", ""request_id"": ""REQ-144"", ""vendor_id"": ""VND-0040"", ""price"": 61483.36}",3e3f8f60af60731f8a14457c8362a40e701cb8b5757841e75cf9e4fdb9aceb1f,4772806e0204ec65509f0469fd14caf28799f7a3c8a6372cf5bf09d88bd2bc8b
AUD-000843,2026-04-10 20:09:17,BID_SUBMITTED,"{""bid_id"": ""BID-01569"", ""request_id"": ""REQ-144"", ""vendor_id"": ""VND-0044"", ""price"": 60313.79}",4772806e0204ec65509f0469fd14caf28799f7a3c8a6372cf5bf09d88bd2bc8b,5757e52a95d52b937986c6ff11a08e50b57fbaf123029c520015b3ec49ff529f
AUD-000844,2026-04-10 20:16:17,BID_SUBMITTED,"{""bid_id"": ""BID-01570"", ""request_id"": ""REQ-144"", ""vendor_id"": ""VND-0049"", ""price"": 56726.92}",5757e52a95d52b937986c6ff11a08e50b57fbaf123029c520015b3ec49ff529f,0f8197ac75b97c6806d3b3209ada60a7ec5daf49e9d373ab7b2ce142bd9e2f81
AUD-000845,2026-04-14 07:00:00,PROCUREMENT_REQUEST_CREATED,"{""request_id"": ""REQ-021"", ""title"": ""Shared Pantry Essentials (Lot 021)"", ""max_budget"": 192861.91}",0f8197ac75b97c6806d3b3209ada60a7ec5daf49e9d373ab7b2ce142bd9e2f81,9dcb1838d6723dcd491a827c7ad42a1121bf0c95d4bc62105b0f68a1f8dc6a4a
AUD-000846,2026-04-15 07:08:00,BID_SUBMITTED,"{""bid_id"": ""BID-00209"", ""request_id"": ""REQ-021"", ""vendor_id"": ""VND-0310"", ""price"": 191084.46}",9dcb1838d6723dcd491a827c7ad42a1121bf0c95d4bc62105b0f68a1f8dc6a4a,dd30a2d9dbd4a699b9350e376892bdc6db27e625925dec8c2a47f3d2ab93e170
AUD-000847,2026-04-15 07:17:00,BID_SUBMITTED,"{""bid_id"": ""BID-00210"", ""request_id"": ""REQ-021"", ""vendor_id"": ""VND-0310"", ""price"": 187687.01}",dd30a2d9dbd4a699b9350e376892bdc6db27e625925dec8c2a47f3d2ab93e170,f09184bfad76f29b9a822ba9b57ddcb42448fd9819e9ed97556b1980de6a06d3
AUD-000848,2026-04-15 07:23:00,BID_SUBMITTED,"{""bid_id"": ""BID-00211"", ""request_id"": ""REQ-021"", ""vendor_id"": ""VND-0310"", ""price"": 184700.62}",f09184bfad76f29b9a822ba9b57ddcb42448fd9819e9ed97556b1980de6a06d3,84355f575359a4c31253ac6459feede4221f720440c02f497a91b1972262bff7
AUD-000849,2026-04-15 07:31:00,BID_SUBMITTED,"{""bid_id"": ""BID-00212"", ""request_id"": ""REQ-021"", ""vendor_id"": ""VND-0477"", ""price"": 182872.54}",84355f575359a4c31253ac6459feede4221f720440c02f497a91b1972262bff7,57ea4bb52d0febeeb7fa37200920529a9d73907fcfeae6bb70f6b72c1940c638
AUD-000850,2026-04-15 07:33:00,BID_SUBMITTED,"{""bid_id"": ""BID-00213"", ""request_id"": ""REQ-021"", ""vendor_id"": ""VND-0477"", ""price"": 180299.36}",57ea4bb52d0febeeb7fa37200920529a9d73907fcfeae6bb70f6b72c1940c638,f529b297936b31080fa1a03284c46971d113538aa929a9d9320ac4e3e77028bc
AUD-000851,2026-04-15 07:42:00,BID_SUBMITTED,"{""bid_id"": ""BID-00214"", ""request_id"": ""REQ-021"", ""vendor_id"": ""VND-0362"", ""price"": 177812.65}",f529b297936b31080fa1a03284c46971d113538aa929a9d9320ac4e3e77028bc,56307a7570e837b8da6c6975e408bdaa2aec82f9c4629a7129965fd939cac7df
AUD-000852,2026-04-15 07:46:00,BID_SUBMITTED,"{""bid_id"": ""BID-00215"", ""request_id"": ""REQ-021"", ""vendor_id"": ""VND-0477"", ""price"": 176198.03}",56307a7570e837b8da6c6975e408bdaa2aec82f9c4629a7129965fd939cac7df,93677e5e33e7d5bece1d88d32cf4d3608be8fe85c7dbc136294010212a8148a5
AUD-000853,2026-04-15 07:53:00,BID_SUBMITTED,"{""bid_id"": ""BID-00216"", ""request_id"": ""REQ-021"", ""vendor_id"": ""VND-0477"", ""price"": 172281.2}",93677e5e33e7d5bece1d88d32cf4d3608be8fe85c7dbc136294010212a8148a5,56c2d4bd0c0ecaa60c071d1123548b6eda657c6d3775ad1fb6468d230c79538d
AUD-000854,2026-04-15 08:00:00,BID_SUBMITTED,"{""bid_id"": ""BID-00217"", ""request_id"": ""REQ-021"", ""vendor_id"": ""VND-0310"", ""price"": 168015.44}",56c2d4bd0c0ecaa60c071d1123548b6eda657c6d3775ad1fb6468d230c79538d,8d172a01d65bd107f8c7e9704b27282a02cacca7a734ea01d16ae48af224f9f8
AUD-000855,2026-04-15 08:07:00,BID_SUBMITTED,"{""bid_id"": ""BID-00218"", ""request_id"": ""REQ-021"", ""vendor_id"": ""VND-0477"", ""price"": 166735.95}",8d172a01d65bd107f8c7e9704b27282a02cacca7a734ea01d16ae48af224f9f8,3d79bbf34f2b732358507fb371be2cfae5d173220bd3ddb5b34f2acdbe987f75
AUD-000856,2026-04-15 22:00:00,PROCUREMENT_REQUEST_CREATED,"{""request_id"": ""REQ-063"", ""title"": ""OS Upgrade Enterprise Agreement (Lot 063)"", ""max_budget"": 162248.71}",3d79bbf34f2b732358507fb371be2cfae5d173220bd3ddb5b34f2acdbe987f75,6afb0da573f1bea13239e2f3994b1b7e8b1f706b51f0cf1e6f2025d0b180633f
AUD-000857,2026-04-16 02:00:00,PROCUREMENT_REQUEST_CREATED,"{""request_id"": ""REQ-104"", ""title"": ""Inter-State Freight Shipping (Lot 104)"", ""max_budget"": 140700.33}",6afb0da573f1bea13239e2f3994b1b7e8b1f706b51f0cf1e6f2025d0b180633f,dc69dc6f72fa1774242c795c4449623c08c81fdd67043c96ab33ee566fc46842
AUD-000858,2026-04-16 03:00:00,PROCUREMENT_REQUEST_CREATED,"{""request_id"": ""REQ-147"", ""title"": ""Executive Lunch Board Meetings (Lot 147)"", ""max_budget"": 94556.71}",dc69dc6f72fa1774242c795c4449623c08c81fdd67043c96ab33ee566fc46842,d0b2e24e4a36cd7c1202dbb8b0fb8adf767dde94736ab518464bfb2cf3cffb36
AUD-000859,2026-04-16 10:00:00,PROCUREMENT_REQUEST_CREATED,"{""request_id"": ""REQ-011"", ""title"": ""Access Control Hardware & Service (Lot 011)"", ""max_budget"": 11554.65}",d0b2e24e4a36cd7c1202dbb8b0fb8adf767dde94736ab518464bfb2cf3cffb36,d8430eaab7a82adbe221efcecbf029ea8c69417188bffff67f592358f8d0006d
AUD-000860,2026-04-16 10:00:00,PROCUREMENT_REQUEST_CREATED,"{""request_id"": ""REQ-095"", ""title"": ""BI Analytics Platform Licenses (Lot 095)"", ""max_budget"": 60991.9}",d8430eaab7a82adbe221efcecbf029ea8c69417188bffff67f592358f8d0006d,c485696ed1ef8a924443d927254bd1eb1267bb55290972eb6b12f71cdaf21b57
AUD-000861,2026-04-16 14:00:00,PROCUREMENT_REQUEST_CREATED,"{""request_id"": ""REQ-082"", ""title"": ""Cybersecurity Suite Licenses (Lot 082)"", ""max_budget"": 17714.9}",c485696ed1ef8a924443d927254bd1eb1267bb55290972eb6b12f71cdaf21b57,cbbae0488b5a253457cf8cdaa75590bdf20cdb8e128ac588b46f7b286c9f6986
AUD-000862,2026-04-16 15:00:00,PROCUREMENT_REQUEST_CREATED,"{""request_id"": ""REQ-061"", ""title"": ""Cybersecurity Suite Licenses (Lot 061)"", ""max_budget"": 17143.26}",cbbae0488b5a253457cf8cdaa75590bdf20cdb8e128ac588b46f7b286c9f6986,924f81e90c7fe8490cf6f72a3e28386346c1258ae35e80783865c32bedf7239c
AUD-000863,2026-04-16 22:07:00,BID_SUBMITTED,"{""bid_id"": ""BID-00674"", ""request_id"": ""REQ-063"", ""vendor_id"": ""VND-0019"", ""price"": 158690.66}",924f81e90c7fe8490cf6f72a3e28386346c1258ae35e80783865c32bedf7239c,9c4ddb3c65efeaa86682e74d787e0db3ac474e8e5ee3f77af6d283a4ec564284
AUD-000864,2026-04-16 22:15:00,BID_SUBMITTED,"{""bid_id"": ""BID-00675"", ""request_id"": ""REQ-063"", ""vendor_id"": ""VND-0019"", ""price"": 156711.5}",9c4ddb3c65efeaa86682e74d787e0db3ac474e8e5ee3f77af6d283a4ec564284,a90b2a2fc6c9d0d9258089a56dc05c9686db53e0fabe308ca4869553c44ced7c
AUD-000865,2026-04-16 22:21:00,BID_SUBMITTED,"{""bid_id"": ""BID-00676"", ""request_id"": ""REQ-063"", ""vendor_id"": ""VND-0418"", ""price"": 155611.28}",a90b2a2fc6c9d0d9258089a56dc05c9686db53e0fabe308ca4869553c44ced7c,dcc8a781c8c996f9aee58abba43c11044aa52cbcaf6f81a7e11a6e88b5552f29
AUD-000866,2026-04-16 22:25:00,BID_SUBMITTED,"{""bid_id"": ""BID-00677"", ""request_id"": ""REQ-063"", ""vendor_id"": ""VND-0068"", ""price"": 154408.56}",dcc8a781c8c996f9aee58abba43c11044aa52cbcaf6f81a7e11a6e88b5552f29,465a454f39454e316ee2b4381cf73ffaafc02a056adbf091415146bac9dfbc65
AUD-000867,2026-04-16 22:34:00,BID_SUBMITTED,"{""bid_id"": ""BID-00678"", ""request_id"": ""REQ-063"", ""vendor_id"": ""VND-0354"", ""price"": 151191.17}",465a454f39454e316ee2b4381cf73ffaafc02a056adbf091415146bac9dfbc65,154a6bcd3a10c8ee3a3c9954a37e030a796ee98ee61afc8ef3b737096da7b310
AUD-000868,2026-04-16 22:44:00,BID_SUBMITTED,"{""bid_id"": ""BID-00679"", ""request_id"": ""REQ-063"", ""vendor_id"": ""VND-0068"", ""price"": 149908.45}",154a6bcd3a10c8ee3a3c9954a37e030a796ee98ee61afc8ef3b737096da7b310,266baa65335c9a596f19f7792c10373f232d136478918b94d7bd3a6fd8c1835a
AUD-000869,2026-04-16 22:49:00,BID_SUBMITTED,"{""bid_id"": ""BID-00680"", ""request_id"": ""REQ-063"", ""vendor_id"": ""VND-0418"", ""price"": 146799.38}",266baa65335c9a596f19f7792c10373f232d136478918b94d7bd3a6fd8c1835a,c9c2441fc8e97e12e86f41df17e8c41fd327bb1b0ed0d234da4b4d465b864145
AUD-000870,2026-04-16 22:57:00,BID_SUBMITTED,"{""bid_id"": ""BID-00681"", ""request_id"": ""REQ-063"", ""vendor_id"": ""VND-0418"", ""price"": 143674.15}",c9c2441fc8e97e12e86f41df17e8c41fd327bb1b0ed0d234da4b4d465b864145,70eb2c770d28aa296ee0ac828800681a312907896d4708973e127f43a53478f2
AUD-000871,2026-04-17 01:00:00,PROCUREMENT_REQUEST_CREATED,"{""request_id"": ""REQ-113"", ""title"": ""Fire Safety Systems Audit (Lot 113)"", ""max_budget"": 40923.84}",70eb2c770d28aa296ee0ac828800681a312907896d4708973e127f43a53478f2,05c746f25304da8b8d10baca86a1cd5cb146db2948ae6d9732029c498c35b283
AUD-000872,2026-04-17 02:07:00,BID_SUBMITTED,"{""bid_id"": ""BID-01117"", ""request_id"": ""REQ-104"", ""vendor_id"": ""VND-0409"", ""price"": 139404.39}",05c746f25304da8b8d10baca86a1cd5cb146db2948ae6d9732029c498c35b283,9c3ea499db0b23afc396c2efe29dc43ddeaef1c27421ee5bf6df8cdeca27667a
AUD-000873,2026-04-17 02:13:00,BID_SUBMITTED,"{""bid_id"": ""BID-01118"", ""request_id"": ""REQ-104"", ""vendor_id"": ""VND-0199"", ""price"": 136325.43}",9c3ea499db0b23afc396c2efe29dc43ddeaef1c27421ee5bf6df8cdeca27667a,91ec5bf0916e5c5b9692efff7607ac9fc33fd7f5598f6d77fb83ae72c1745d28
AUD-000874,2026-04-17 02:17:00,BID_SUBMITTED,"{""bid_id"": ""BID-01119"", ""request_id"": ""REQ-104"", ""vendor_id"": ""VND-0409"", ""price"": 135153.33}",91ec5bf0916e5c5b9692efff7607ac9fc33fd7f5598f6d77fb83ae72c1745d28,11748678c4a6aac20b00ee5f23bb07734cd9bfb9c615a744a1029ccd906ccc3f
AUD-000875,2026-04-17 02:20:00,BID_SUBMITTED,"{""bid_id"": ""BID-01120"", ""request_id"": ""REQ-104"", ""vendor_id"": ""VND-0298"", ""price"": 132623.23}",11748678c4a6aac20b00ee5f23bb07734cd9bfb9c615a744a1029ccd906ccc3f,158d3cd2b8fca0da03abe73edca055bd0dc090336e1413d4d55d5d99eb98b7cc
AUD-000876,2026-04-17 02:25:00,BID_SUBMITTED,"{""bid_id"": ""BID-01121"", ""request_id"": ""REQ-104"", ""vendor_id"": ""VND-0324"", ""price"": 131244.08}",158d3cd2b8fca0da03abe73edca055bd0dc090336e1413d4d55d5d99eb98b7cc,07e3052352c5cbda2bc5a63a6cef2d6c8f014961cdac083eb3e0ca5e77a61687
AUD-000877,2026-04-17 02:33:00,BID_SUBMITTED,"{""bid_id"": ""BID-01122"", ""request_id"": ""REQ-104"", ""vendor_id"": ""VND-0298"", ""price"": 129453.34}",07e3052352c5cbda2bc5a63a6cef2d6c8f014961cdac083eb3e0ca5e77a61687,d26f0a028d6f656680ee89a65f9d18484f353ccfa9459c88b9cb0638eb504c43
AUD-000878,2026-04-17 02:37:00,BID_SUBMITTED,"{""bid_id"": ""BID-01123"", ""request_id"": ""REQ-104"", ""vendor_id"": ""VND-0176"", ""price"": 128428.48}",d26f0a028d6f656680ee89a65f9d18484f353ccfa9459c88b9cb0638eb504c43,b0d75c8ef382027d58eb274bb3885a0308a972f205c25a0bab107d11da4bf4b6
AUD-000879,2026-04-17 02:41:00,BID_SUBMITTED,"{""bid_id"": ""BID-01124"", ""request_id"": ""REQ-104"", ""vendor_id"": ""VND-0409"", ""price"": 125716.92}",b0d75c8ef382027d58eb274bb3885a0308a972f205c25a0bab107d11da4bf4b6,032cf2db1df3f8c717ad40545e88f92af3c40a32c3b883316d79f4d09ab327e0
AUD-000880,2026-04-17 02:51:00,BID_SUBMITTED,"{""bid_id"": ""BID-01125"", ""request_id"": ""REQ-104"", ""vendor_id"": ""VND-0409"", ""price"": 123832.18}",032cf2db1df3f8c717ad40545e88f92af3c40a32c3b883316d79f4d09ab327e0,89d5f2113f8f8926ca32c4a1821416210323210be4c5c3a809496aa7f049932b
AUD-000881,2026-04-17 03:00:00,BID_SUBMITTED,"{""bid_id"": ""BID-01126"", ""request_id"": ""REQ-104"", ""vendor_id"": ""VND-0298"", ""price"": 121428.44}",89d5f2113f8f8926ca32c4a1821416210323210be4c5c3a809496aa7f049932b,6b8902074f15c47bd612c03a0782b1caa32e7532400736e48ff76fda7718fbcc
AUD-000882,2026-04-17 03:02:00,BID_SUBMITTED,"{""bid_id"": ""BID-01127"", ""request_id"": ""REQ-104"", ""vendor_id"": ""VND-0199"", ""price"": 120211.79}",6b8902074f15c47bd612c03a0782b1caa32e7532400736e48ff76fda7718fbcc,2d7fd9b6229aac47f41e5e4fc5db013e9193e4e13e95f17c6d8f09d9138f1d3e
AUD-000883,2026-04-17 03:03:00,BID_SUBMITTED,"{""bid_id"": ""BID-01596"", ""request_id"": ""REQ-147"", ""vendor_id"": ""VND-0341"", ""price"": 92537.36}",2d7fd9b6229aac47f41e5e4fc5db013e9193e4e13e95f17c6d8f09d9138f1d3e,e874b0025a4d406ef0675f51a44853fa725a4ddf15b97d1f584f40addba0ea06
AUD-000884,2026-04-17 03:06:00,BID_SUBMITTED,"{""bid_id"": ""BID-01128"", ""request_id"": ""REQ-104"", ""vendor_id"": ""VND-0409"", ""price"": 119372.78}",e874b0025a4d406ef0675f51a44853fa725a4ddf15b97d1f584f40addba0ea06,acd13281967c515822103401b229a518cf72ef960ba67003d742998914e40c34
AUD-000885,2026-04-17 03:08:00,BID_SUBMITTED,"{""bid_id"": ""BID-01597"", ""request_id"": ""REQ-147"", ""vendor_id"": ""VND-0341"", ""price"": 91154.58}",acd13281967c515822103401b229a518cf72ef960ba67003d742998914e40c34,7fff9390a5ed9360a5efbcb83f6ae1eb248528764b0f811cd3eaeb86ef139c7e
AUD-000886,2026-04-17 03:12:00,BID_SUBMITTED,"{""bid_id"": ""BID-01129"", ""request_id"": ""REQ-104"", ""vendor_id"": ""VND-0182"", ""price"": 118261.49}",7fff9390a5ed9360a5efbcb83f6ae1eb248528764b0f811cd3eaeb86ef139c7e,ea6c57ad6ff9abd2f94dfc29ae7df150a3ce0de6f0a3c9c4d0c657e9c9672260
AUD-000887,2026-04-17 03:16:00,BID_SUBMITTED,"{""bid_id"": ""BID-01598"", ""request_id"": ""REQ-147"", ""vendor_id"": ""VND-0341"", ""price"": 89232.22}",ea6c57ad6ff9abd2f94dfc29ae7df150a3ce0de6f0a3c9c4d0c657e9c9672260,81ff3ba4c9d69ab497c6dba38b77ae285e312058c1542783720da6cde0803387
AUD-000888,2026-04-17 03:24:00,BID_SUBMITTED,"{""bid_id"": ""BID-01599"", ""request_id"": ""REQ-147"", ""vendor_id"": ""VND-0496"", ""price"": 87337.78}",81ff3ba4c9d69ab497c6dba38b77ae285e312058c1542783720da6cde0803387,2b2e7fb31acead16ab8210f9f3e24d401c1b87c6f03ba39ff1ac0212a96a8a2e
AUD-000889,2026-04-17 03:34:00,BID_SUBMITTED,"{""bid_id"": ""BID-01600"", ""request_id"": ""REQ-147"", ""vendor_id"": ""VND-0496"", ""price"": 86690.08}",2b2e7fb31acead16ab8210f9f3e24d401c1b87c6f03ba39ff1ac0212a96a8a2e,a14891102dcad1cfbff4a3179f3f9baf21b12f20c695dd1c13e3b2cf66849990
AUD-000890,2026-04-17 03:39:00,BID_SUBMITTED,"{""bid_id"": ""BID-01601"", ""request_id"": ""REQ-147"", ""vendor_id"": ""VND-0341"", ""price"": 85699.06}",a14891102dcad1cfbff4a3179f3f9baf21b12f20c695dd1c13e3b2cf66849990,be80976763724208a9710afe569efb722ef0049aaccbdbe93ceea4cb91e5b805
AUD-000891,2026-04-17 03:46:00,BID_SUBMITTED,"{""bid_id"": ""BID-01602"", ""request_id"": ""REQ-147"", ""vendor_id"": ""VND-0341"", ""price"": 84254.02}",be80976763724208a9710afe569efb722ef0049aaccbdbe93ceea4cb91e5b805,e56b21566f1f86ed2b96bce6ae1a2ec826459d75f1bcd1078f6168f149752ee2
AUD-000892,2026-04-17 03:50:00,BID_SUBMITTED,"{""bid_id"": ""BID-01603"", ""request_id"": ""REQ-147"", ""vendor_id"": ""VND-0341"", ""price"": 83629.29}",e56b21566f1f86ed2b96bce6ae1a2ec826459d75f1bcd1078f6168f149752ee2,aebefdd498f6b222083111e85dd3ecb90d4c369ed5d5e3c095ef2fa96aa08e80
AUD-000893,2026-04-17 03:57:00,BID_SUBMITTED,"{""bid_id"": ""BID-01604"", ""request_id"": ""REQ-147"", ""vendor_id"": ""VND-0496"", ""price"": 82930.06}",aebefdd498f6b222083111e85dd3ecb90d4c369ed5d5e3c095ef2fa96aa08e80,5a7461ff12b6f5f9642b626afa856b6860ad55f57bb26f47a5da014403dca2b1
AUD-000894,2026-04-17 04:02:00,BID_SUBMITTED,"{""bid_id"": ""BID-01605"", ""request_id"": ""REQ-147"", ""vendor_id"": ""VND-0102"", ""price"": 82241.73}",5a7461ff12b6f5f9642b626afa856b6860ad55f57bb26f47a5da014403dca2b1,89289e5f0841c7e65d74d4e478a5be4aadabb84bb99ac78a92b2f437e8279b77
AUD-000895,2026-04-17 04:05:00,BID_SUBMITTED,"{""bid_id"": ""BID-01606"", ""request_id"": ""REQ-147"", ""vendor_id"": ""VND-0102"", ""price"": 81763.58}",89289e5f0841c7e65d74d4e478a5be4aadabb84bb99ac78a92b2f437e8279b77,242c5bc805a256abb362e57bb7678946d86bafa6ba8618316633bcc350f09678
AUD-000896,2026-04-17 04:09:00,BID_SUBMITTED,"{""bid_id"": ""BID-01607"", ""request_id"": ""REQ-147"", ""vendor_id"": ""VND-0102"", ""price"": 80353.25}",242c5bc805a256abb362e57bb7678946d86bafa6ba8618316633bcc350f09678,a0f9d7fb45719c4ee7b6c2d402ee9372b94abc7dbefad2569012e20efe09b966
AUD-000897,2026-04-17 04:12:00,BID_SUBMITTED,"{""bid_id"": ""BID-01608"", ""request_id"": ""REQ-147"", ""vendor_id"": ""VND-0341"", ""price"": 78537.87}",a0f9d7fb45719c4ee7b6c2d402ee9372b94abc7dbefad2569012e20efe09b966,8b4f6237a08235e7904dc83b4c25ee0f3d45dd2bba7ed475bb23d03f675dc9fd
AUD-000898,2026-04-17 04:15:00,BID_SUBMITTED,"{""bid_id"": ""BID-01609"", ""request_id"": ""REQ-147"", ""vendor_id"": ""VND-0341"", ""price"": 78133.83}",8b4f6237a08235e7904dc83b4c25ee0f3d45dd2bba7ed475bb23d03f675dc9fd,815b949946f00da6aa541ba393946a3c8bed12d55c2765bbb363a1b5605e6706
AUD-000899,2026-04-17 04:21:00,BID_SUBMITTED,"{""bid_id"": ""BID-01610"", ""request_id"": ""REQ-147"", ""vendor_id"": ""VND-0102"", ""price"": 76724.68}",815b949946f00da6aa541ba393946a3c8bed12d55c2765bbb363a1b5605e6706,75971794693a3a3b46e8fe3a71ee4d6dd0af72704153775b5b4523abc944aba3
AUD-000900,2026-04-17 10:00:01,BID_SUBMITTED,"{""bid_id"": ""BID-01019"", ""request_id"": ""REQ-095"", ""vendor_id"": ""VND-0059"", ""price"": 57792.31}",75971794693a3a3b46e8fe3a71ee4d6dd0af72704153775b5b4523abc944aba3,998610a4cd5fd8a1914c1c8e517436de14420949008820af7b704c04023d755a
AUD-000901,2026-04-17 10:00:02,BID_SUBMITTED,"{""bid_id"": ""BID-01020"", ""request_id"": ""REQ-095"", ""vendor_id"": ""VND-0352"", ""price"": 57642.31}",998610a4cd5fd8a1914c1c8e517436de14420949008820af7b704c04023d755a,c1170b02c4c5f4b9f29c31ea3d32d9a71a81f56b7bc27a753d90007718412500
AUD-000902,2026-04-17 10:00:03,BID_SUBMITTED,"{""bid_id"": ""BID-01021"", ""request_id"": ""REQ-095"", ""vendor_id"": ""VND-0059"", ""price"": 57492.31}",c1170b02c4c5f4b9f29c31ea3d32d9a71a81f56b7bc27a753d90007718412500,35a1163fb7ccea63e8c34ae8d69d4053c620e5a021818ca24e0223deb20836c8
AUD-000903,2026-04-17 10:00:04,BID_SUBMITTED,"{""bid_id"": ""BID-01022"", ""request_id"": ""REQ-095"", ""vendor_id"": ""VND-0352"", ""price"": 57342.31}",35a1163fb7ccea63e8c34ae8d69d4053c620e5a021818ca24e0223deb20836c8,cfb2628ada02d22f7f28cf521e1d941f0b8ddb21f1d682c7cb9f2a6ff9f81381
AUD-000904,2026-04-17 10:00:05,BID_SUBMITTED,"{""bid_id"": ""BID-01023"", ""request_id"": ""REQ-095"", ""vendor_id"": ""VND-0059"", ""price"": 57192.31}",cfb2628ada02d22f7f28cf521e1d941f0b8ddb21f1d682c7cb9f2a6ff9f81381,45d45877f0cd2e75eccd7dad4a113a299308eb2e2332c2db2b2f391db0779545
AUD-000905,2026-04-17 10:00:06,BID_SUBMITTED,"{""bid_id"": ""BID-01024"", ""request_id"": ""REQ-095"", ""vendor_id"": ""VND-0352"", ""price"": 57042.31}",45d45877f0cd2e75eccd7dad4a113a299308eb2e2332c2db2b2f391db0779545,8fc7674959634f1e0d17efa68634f32aa01e404b403937e29f58d3ec146f0c4f
AUD-000906,2026-04-17 10:00:08,BID_SUBMITTED,"{""bid_id"": ""BID-01025"", ""request_id"": ""REQ-095"", ""vendor_id"": ""VND-0059"", ""price"": 56892.31}",8fc7674959634f1e0d17efa68634f32aa01e404b403937e29f58d3ec146f0c4f,ecf4f326ea71a4af6660eca276fbcc4a2cefea4f6a8594f8b797d388010fcec5
AUD-000907,2026-04-17 10:00:09,BID_SUBMITTED,"{""bid_id"": ""BID-01026"", ""request_id"": ""REQ-095"", ""vendor_id"": ""VND-0352"", ""price"": 56742.31}",ecf4f326ea71a4af6660eca276fbcc4a2cefea4f6a8594f8b797d388010fcec5,d31f46be720f211e580a6911c4f9f2ed3068d35ebd2709c42f88ee6391a8de60
AUD-000908,2026-04-17 10:00:11,BID_SUBMITTED,"{""bid_id"": ""BID-01027"", ""request_id"": ""REQ-095"", ""vendor_id"": ""VND-0059"", ""price"": 56592.31}",d31f46be720f211e580a6911c4f9f2ed3068d35ebd2709c42f88ee6391a8de60,224ce9b15debea13b32bb30fa2c2f988d3b8af8470e125315834c121cc4ae4b0
AUD-000909,2026-04-17 10:00:12,BID_SUBMITTED,"{""bid_id"": ""BID-01028"", ""request_id"": ""REQ-095"", ""vendor_id"": ""VND-0352"", ""price"": 56442.31}",224ce9b15debea13b32bb30fa2c2f988d3b8af8470e125315834c121cc4ae4b0,ab8f70a6a0edc2da2fb150e4958a67924307d4deca11869b82abf48f9fe5771f
AUD-000910,2026-04-17 10:07:00,BID_SUBMITTED,"{""bid_id"": ""BID-00098"", ""request_id"": ""REQ-011"", ""vendor_id"": ""VND-0130"", ""price"": 11343.52}",ab8f70a6a0edc2da2fb150e4958a67924307d4deca11869b82abf48f9fe5771f,3a8171f71b9ca5a1c51fdb0c0f6a2a2ca4b790959fcfdee0f2a30afcb3764c79
AUD-000911,2026-04-17 10:10:12,BID_SUBMITTED,"{""bid_id"": ""BID-01029"", ""request_id"": ""REQ-095"", ""vendor_id"": ""VND-0002"", ""price"": 54951.15}",3a8171f71b9ca5a1c51fdb0c0f6a2a2ca4b790959fcfdee0f2a30afcb3764c79,b16ffe94ebce3bed4fad149565922f131ac4983a71e8956b80cdedf095dd8cad
AUD-000912,2026-04-17 10:15:00,BID_SUBMITTED,"{""bid_id"": ""BID-00099"", ""request_id"": ""REQ-011"", ""vendor_id"": ""VND-0436"", ""price"": 11067.26}",b16ffe94ebce3bed4fad149565922f131ac4983a71e8956b80cdedf095dd8cad,7cf570301e266c2295ba211df009d2a7aeee4ecdd7e12cbd48b6a81c22b50f1f
AUD-000913,2026-04-17 10:17:12,BID_SUBMITTED,"{""bid_id"": ""BID-01030"", ""request_id"": ""REQ-095"", ""vendor_id"": ""VND-0010"", ""price"": 55887.35}",7cf570301e266c2295ba211df009d2a7aeee4ecdd7e12cbd48b6a81c22b50f1f,45008c939c80b78a357b097264ad2d0c3a754fc2cd2b6bf80be4174733b30fef
AUD-000914,2026-04-17 10:18:00,BID_SUBMITTED,"{""bid_id"": ""BID-00100"", ""request_id"": ""REQ-011"", ""vendor_id"": ""VND-0184"", ""price"": 10880.22}",45008c939c80b78a357b097264ad2d0c3a754fc2cd2b6bf80be4174733b30fef,3f13d34d32afdf57a6391889cbf4e3f4e95b3ec15942980a8bc38569f2c47905
AUD-000915,2026-04-17 10:25:00,BID_SUBMITTED,"{""bid_id"": ""BID-00101"", ""request_id"": ""REQ-011"", ""vendor_id"": ""VND-0436"", ""price"": 10704.19}",3f13d34d32afdf57a6391889cbf4e3f4e95b3ec15942980a8bc38569f2c47905,8651bff5f5b891d40ba8caf60cbbf1a81969fcb4717a5bac211fcdc413c1dae7
AUD-000916,2026-04-17 10:35:00,BID_SUBMITTED,"{""bid_id"": ""BID-00102"", ""request_id"": ""REQ-011"", ""vendor_id"": ""VND-0184"", ""price"": 10507.21}",8651bff5f5b891d40ba8caf60cbbf1a81969fcb4717a5bac211fcdc413c1dae7,72885f4a79bbe749a9f3671fbdb38de083ecc9b90af00d91c2838037c9f9bfb5
AUD-000917,2026-04-17 10:43:00,BID_SUBMITTED,"{""bid_id"": ""BID-00103"", ""request_id"": ""REQ-011"", ""vendor_id"": ""VND-0191"", ""price"": 10318.91}",72885f4a79bbe749a9f3671fbdb38de083ecc9b90af00d91c2838037c9f9bfb5,109b3929c02a2e245671c5476cf9d3ecbe7242632c9e3d87fb7cfac10641977e
AUD-000918,2026-04-17 10:50:00,BID_SUBMITTED,"{""bid_id"": ""BID-00104"", ""request_id"": ""REQ-011"", ""vendor_id"": ""VND-0130"", ""price"": 10192.65}",109b3929c02a2e245671c5476cf9d3ecbe7242632c9e3d87fb7cfac10641977e,df00619a25c513cb8fca900c1e867790cdd1b41b9187ab43a6b9e44f874948e5
AUD-000919,2026-04-17 14:08:00,BID_SUBMITTED,"{""bid_id"": ""BID-00889"", ""request_id"": ""REQ-082"", ""vendor_id"": ""VND-0393"", ""price"": 17447.72}",df00619a25c513cb8fca900c1e867790cdd1b41b9187ab43a6b9e44f874948e5,df1d81f1aba2b07053634329d595e4149b75912c2072135d7303a72b242fc381
AUD-000920,2026-04-17 14:13:00,BID_SUBMITTED,"{""bid_id"": ""BID-00890"", ""request_id"": ""REQ-082"", ""vendor_id"": ""VND-0393"", ""price"": 17018.68}",df1d81f1aba2b07053634329d595e4149b75912c2072135d7303a72b242fc381,be82f8bb92d409ccd5a97fd8d8ccea0f7e61fdaead1b09450d304c21be8b19c5
AUD-000921,2026-04-17 14:20:00,BID_SUBMITTED,"{""bid_id"": ""BID-00891"", ""request_id"": ""REQ-082"", ""vendor_id"": ""VND-0393"", ""price"": 16798.16}",be82f8bb92d409ccd5a97fd8d8ccea0f7e61fdaead1b09450d304c21be8b19c5,cc6c660cf9758ef0309345a3697ab54acb80f02c7a318989e885fa156f95edef
AUD-000922,2026-04-17 14:24:00,BID_SUBMITTED,"{""bid_id"": ""BID-00892"", ""request_id"": ""REQ-082"", ""vendor_id"": ""VND-0393"", ""price"": 16562.03}",cc6c660cf9758ef0309345a3697ab54acb80f02c7a318989e885fa156f95edef,7c9476e23cf5f5c90a4e6b0da8d0d6544ec946fdac0095b4681276f103f4bf27
AUD-000923,2026-04-17 14:34:00,BID_SUBMITTED,"{""bid_id"": ""BID-00893"", ""request_id"": ""REQ-082"", ""vendor_id"": ""VND-0234"", ""price"": 16342.5}",7c9476e23cf5f5c90a4e6b0da8d0d6544ec946fdac0095b4681276f103f4bf27,71620904b50dcf18ea886f230e2595b81001c969261584b3c6ba04d4beb8f551
AUD-000924,2026-04-17 14:44:00,BID_SUBMITTED,"{""bid_id"": ""BID-00894"", ""request_id"": ""REQ-082"", ""vendor_id"": ""VND-0393"", ""price"": 15985.23}",71620904b50dcf18ea886f230e2595b81001c969261584b3c6ba04d4beb8f551,b4344fb424d2a36d640499d9d0ad7dc7195cc57e3374828ed9432eb518fefa97
AUD-000925,2026-04-17 14:54:00,BID_SUBMITTED,"{""bid_id"": ""BID-00895"", ""request_id"": ""REQ-082"", ""vendor_id"": ""VND-0393"", ""price"": 15677.72}",b4344fb424d2a36d640499d9d0ad7dc7195cc57e3374828ed9432eb518fefa97,74a444de4878d4a685012c28aee7caf72dcf1a0ac54abc2f048887ca936c1726
AUD-000926,2026-04-17 14:59:00,BID_SUBMITTED,"{""bid_id"": ""BID-00896"", ""request_id"": ""REQ-082"", ""vendor_id"": ""VND-0356"", ""price"": 15531.18}",74a444de4878d4a685012c28aee7caf72dcf1a0ac54abc2f048887ca936c1726,812d7c709d00ffeb21ddb48048a72b58e014bd4b51c5987f4516a9c7882c3f64
AUD-000927,2026-04-17 15:00:02,BID_SUBMITTED,"{""bid_id"": ""BID-00649"", ""request_id"": ""REQ-061"", ""vendor_id"": ""VND-0459"", ""price"": 16136.1}",812d7c709d00ffeb21ddb48048a72b58e014bd4b51c5987f4516a9c7882c3f64,d61ff52fd748324d8847672a61c558f9b152baab322b29272191c655cfe587dd
AUD-000928,2026-04-17 15:00:04,BID_SUBMITTED,"{""bid_id"": ""BID-00650"", ""request_id"": ""REQ-061"", ""vendor_id"": ""VND-0010"", ""price"": 15986.1}",d61ff52fd748324d8847672a61c558f9b152baab322b29272191c655cfe587dd,4825fda341ef2c7fb56dfc938e4f05d5d87f1220fde6d5cae8640448fd784e47
AUD-000929,2026-04-17 15:00:06,BID_SUBMITTED,"{""bid_id"": ""BID-00651"", ""request_id"": ""REQ-061"", ""vendor_id"": ""VND-0459"", ""price"": 15836.1}",4825fda341ef2c7fb56dfc938e4f05d5d87f1220fde6d5cae8640448fd784e47,4ebff0d5e08ec510b471faba178529e3f2e4892b815438880dfe0526ad07272b
AUD-000930,2026-04-17 15:00:08,BID_SUBMITTED,"{""bid_id"": ""BID-00652"", ""request_id"": ""REQ-061"", ""vendor_id"": ""VND-0010"", ""price"": 15686.1}",4ebff0d5e08ec510b471faba178529e3f2e4892b815438880dfe0526ad07272b,669f0efd7ab960a9e5aea18813844a037f3021505be6a7ce02969b0d9bd11209
AUD-000931,2026-04-17 15:00:10,BID_SUBMITTED,"{""bid_id"": ""BID-00653"", ""request_id"": ""REQ-061"", ""vendor_id"": ""VND-0459"", ""price"": 15536.1}",669f0efd7ab960a9e5aea18813844a037f3021505be6a7ce02969b0d9bd11209,0eb28abf443e2b3092eaff6a30faccbd1d0a00f6f142591219e23cb2fdaeb76e
AUD-000932,2026-04-17 15:00:12,BID_SUBMITTED,"{""bid_id"": ""BID-00654"", ""request_id"": ""REQ-061"", ""vendor_id"": ""VND-0010"", ""price"": 15386.1}",0eb28abf443e2b3092eaff6a30faccbd1d0a00f6f142591219e23cb2fdaeb76e,dc79f53fddc8ad2d4eb248f2ce218f0181ea186aa602c4700c0ae963c6cf130c
AUD-000933,2026-04-17 15:00:14,BID_SUBMITTED,"{""bid_id"": ""BID-00655"", ""request_id"": ""REQ-061"", ""vendor_id"": ""VND-0459"", ""price"": 15236.1}",dc79f53fddc8ad2d4eb248f2ce218f0181ea186aa602c4700c0ae963c6cf130c,b45bf406da097eff42153a58a4afbc4999bc3e7be8f23e8378b17b532eab4208
AUD-000934,2026-04-17 15:00:16,BID_SUBMITTED,"{""bid_id"": ""BID-00656"", ""request_id"": ""REQ-061"", ""vendor_id"": ""VND-0010"", ""price"": 15086.1}",b45bf406da097eff42153a58a4afbc4999bc3e7be8f23e8378b17b532eab4208,75835ba3907537c1b00b8a5fc8c02b8295247419da39231a5282880f0d7afba8
AUD-000935,2026-04-17 15:00:17,BID_SUBMITTED,"{""bid_id"": ""BID-00657"", ""request_id"": ""REQ-061"", ""vendor_id"": ""VND-0459"", ""price"": 14936.1}",75835ba3907537c1b00b8a5fc8c02b8295247419da39231a5282880f0d7afba8,cef52987535d6cbd730ac1cdcf2f72a8bff0ed84e1fc2cfa1c304689c8fc77f3
AUD-000936,2026-04-17 15:00:18,BID_SUBMITTED,"{""bid_id"": ""BID-00658"", ""request_id"": ""REQ-061"", ""vendor_id"": ""VND-0010"", ""price"": 14786.1}",cef52987535d6cbd730ac1cdcf2f72a8bff0ed84e1fc2cfa1c304689c8fc77f3,fce773d98d14cf12beafa6db0b671ae8bae315fb253d45f86890d07b64e4f237
AUD-000937,2026-04-17 15:06:00,BID_SUBMITTED,"{""bid_id"": ""BID-00897"", ""request_id"": ""REQ-082"", ""vendor_id"": ""VND-0356"", ""price"": 15231.62}",fce773d98d14cf12beafa6db0b671ae8bae315fb253d45f86890d07b64e4f237,795489aa1365eb6a9867fcd12985cf31ad2c357c40ada3a7572f9db5a3022de8
AUD-000938,2026-04-17 15:07:18,BID_SUBMITTED,"{""bid_id"": ""BID-00659"", ""request_id"": ""REQ-061"", ""vendor_id"": ""VND-0002"", ""price"": 15288.33}",795489aa1365eb6a9867fcd12985cf31ad2c357c40ada3a7572f9db5a3022de8,e6053b1f13560781da9d9d673145f436b29cb023d1d7456a4af5d6afd8686353
AUD-000939,2026-04-17 15:10:00,BID_SUBMITTED,"{""bid_id"": ""BID-00898"", ""request_id"": ""REQ-082"", ""vendor_id"": ""VND-0356"", ""price"": 15115.04}",e6053b1f13560781da9d9d673145f436b29cb023d1d7456a4af5d6afd8686353,8acd48b8e1d0b4dcf8232139bc744ef8ea013927f4a1c5a8c313edfeed0c32bc
AUD-000940,2026-04-17 15:12:18,BID_SUBMITTED,"{""bid_id"": ""BID-00660"", ""request_id"": ""REQ-061"", ""vendor_id"": ""VND-0014"", ""price"": 15646.71}",8acd48b8e1d0b4dcf8232139bc744ef8ea013927f4a1c5a8c313edfeed0c32bc,206e4da870842075bc66da4b86367d69cebf64ec675a23887e9659cb13f98ed3
AUD-000941,2026-04-17 15:17:00,BID_SUBMITTED,"{""bid_id"": ""BID-00899"", ""request_id"": ""REQ-082"", ""vendor_id"": ""VND-0356"", ""price"": 14875.47}",206e4da870842075bc66da4b86367d69cebf64ec675a23887e9659cb13f98ed3,106cc86499d051432052b8ad3639a6bad5a0e0c8de9b31e395705955bf06b23a
AUD-000942,2026-04-17 15:24:00,BID_SUBMITTED,"{""bid_id"": ""BID-00900"", ""request_id"": ""REQ-082"", ""vendor_id"": ""VND-0356"", ""price"": 14766.76}",106cc86499d051432052b8ad3639a6bad5a0e0c8de9b31e395705955bf06b23a,24cdc7fcc45d65b0ddd2818d667cb7829e62d988acf4e4921d33a5dbf7337364
AUD-000943,2026-04-17 15:32:00,BID_SUBMITTED,"{""bid_id"": ""BID-00901"", ""request_id"": ""REQ-082"", ""vendor_id"": ""VND-0356"", ""price"": 14551.06}",24cdc7fcc45d65b0ddd2818d667cb7829e62d988acf4e4921d33a5dbf7337364,a54d77aa4b895a22b1c1c0b9cf19f5291c43c1523fd9f86edd171a6827842e59
AUD-000944,2026-04-17 15:42:00,BID_SUBMITTED,"{""bid_id"": ""BID-00902"", ""request_id"": ""REQ-082"", ""vendor_id"": ""VND-0356"", ""price"": 14260.66}",a54d77aa4b895a22b1c1c0b9cf19f5291c43c1523fd9f86edd171a6827842e59,9abd9c6f482445d7b6a9ec4a8a22c2ede0a40375d78f8317112f6d56489b340f
AUD-000945,2026-04-17 18:00:00,PROCUREMENT_REQUEST_CREATED,"{""request_id"": ""REQ-125"", ""title"": ""Adjustable Standing Desks (Lot 125)"", ""max_budget"": 196901.51}",9abd9c6f482445d7b6a9ec4a8a22c2ede0a40375d78f8317112f6d56489b340f,af82d0a4d96e9569dab87d50adae3577a69af1775b33e1429b9cc5453379e3dc
AUD-000946,2026-04-18 01:08:00,BID_SUBMITTED,"{""bid_id"": ""BID-01221"", ""request_id"": ""REQ-113"", ""vendor_id"": ""VND-0428"", ""price"": 39927.62}",af82d0a4d96e9569dab87d50adae3577a69af1775b33e1429b9cc5453379e3dc,930cc1bdcf253dd942fa03f4ac9d57455f5230698fec7ad2a0104ba7b7ceeae1
AUD-000947,2026-04-18 01:17:00,BID_SUBMITTED,"{""bid_id"": ""BID-01222"", ""request_id"": ""REQ-113"", ""vendor_id"": ""VND-0023"", ""price"": 39309.48}",930cc1bdcf253dd942fa03f4ac9d57455f5230698fec7ad2a0104ba7b7ceeae1,b683e6af74bbfce900b2c5750d678b1625508c9a12b5eefe5a6977b8818214e7
AUD-000948,2026-04-18 01:23:00,BID_SUBMITTED,"{""bid_id"": ""BID-01223"", ""request_id"": ""REQ-113"", ""vendor_id"": ""VND-0150"", ""price"": 38991.76}",b683e6af74bbfce900b2c5750d678b1625508c9a12b5eefe5a6977b8818214e7,388999886c2096c4eb10b9cbe0de1a0b414e0340a3783263f4e25dc802dbbfaa
AUD-000949,2026-04-18 01:30:00,BID_SUBMITTED,"{""bid_id"": ""BID-01224"", ""request_id"": ""REQ-113"", ""vendor_id"": ""VND-0361"", ""price"": 38477.22}",388999886c2096c4eb10b9cbe0de1a0b414e0340a3783263f4e25dc802dbbfaa,57aebd6984dc2d76258dbcfcf20a2fe451ad2f33746c7f5f8630bd4d7f456ca6
AUD-000950,2026-04-18 01:33:00,BID_SUBMITTED,"{""bid_id"": ""BID-01225"", ""request_id"": ""REQ-113"", ""vendor_id"": ""VND-0154"", ""price"": 38210.76}",57aebd6984dc2d76258dbcfcf20a2fe451ad2f33746c7f5f8630bd4d7f456ca6,1d3dda4cd6634567d7abd3acdcd757b488891aae3b1bd8ae5a54f5ea7f4bbd89
AUD-000951,2026-04-18 01:37:00,BID_SUBMITTED,"{""bid_id"": ""BID-01226"", ""request_id"": ""REQ-113"", ""vendor_id"": ""VND-0154"", ""price"": 37381.44}",1d3dda4cd6634567d7abd3acdcd757b488891aae3b1bd8ae5a54f5ea7f4bbd89,0652daa030d48decbfa384286788c3c376f0e9c0917a288ae22d7e628c9be02d
AUD-000952,2026-04-18 01:42:00,BID_SUBMITTED,"{""bid_id"": ""BID-01227"", ""request_id"": ""REQ-113"", ""vendor_id"": ""VND-0023"", ""price"": 36541.49}",0652daa030d48decbfa384286788c3c376f0e9c0917a288ae22d7e628c9be02d,2334b2b1b98f7fdc805ce96765066a1592f6e6cb22fb5c124799b2edb8857163
AUD-000953,2026-04-18 05:00:00,PROCUREMENT_REQUEST_CREATED,"{""request_id"": ""REQ-138"", ""title"": ""OS Upgrade Enterprise Agreement (Lot 138)"", ""max_budget"": 147641.82}",2334b2b1b98f7fdc805ce96765066a1592f6e6cb22fb5c124799b2edb8857163,67a2f5208a94493c41be194909a8db15dc2701ab3848a84d762a076c0bd0cbf9
AUD-000954,2026-04-18 18:05:00,BID_SUBMITTED,"{""bid_id"": ""BID-01341"", ""request_id"": ""REQ-125"", ""vendor_id"": ""VND-0008"", ""price"": 195040.58}",67a2f5208a94493c41be194909a8db15dc2701ab3848a84d762a076c0bd0cbf9,ef2353d3ffb861a288890b72688bf53844e92e6515f380ec4a749839ded786f7
AUD-000955,2026-04-18 18:14:00,BID_SUBMITTED,"{""bid_id"": ""BID-01342"", ""request_id"": ""REQ-125"", ""vendor_id"": ""VND-0042"", ""price"": 193807.39}",ef2353d3ffb861a288890b72688bf53844e92e6515f380ec4a749839ded786f7,fdac63bb04b784fabe2c9bd09cc12a0aa1f7b1ff9b437b0541cd28690a50cebe
AUD-000956,2026-04-18 18:23:00,BID_SUBMITTED,"{""bid_id"": ""BID-01343"", ""request_id"": ""REQ-125"", ""vendor_id"": ""VND-0008"", ""price"": 190172.09}",fdac63bb04b784fabe2c9bd09cc12a0aa1f7b1ff9b437b0541cd28690a50cebe,99c6f760f4c817068402eec31fb35910e6afbaf80fc71d47680d581495db31d0
AUD-000957,2026-04-18 18:25:00,BID_SUBMITTED,"{""bid_id"": ""BID-01344"", ""request_id"": ""REQ-125"", ""vendor_id"": ""VND-0042"", ""price"": 187595.05}",99c6f760f4c817068402eec31fb35910e6afbaf80fc71d47680d581495db31d0,f8e1bb9366762ca1915a0013f7c9a7444aa3a451acd5c4c92d78476b6f8f0854
AUD-000958,2026-04-18 18:33:00,BID_SUBMITTED,"{""bid_id"": ""BID-01345"", ""request_id"": ""REQ-125"", ""vendor_id"": ""VND-0008"", ""price"": 183954.95}",f8e1bb9366762ca1915a0013f7c9a7444aa3a451acd5c4c92d78476b6f8f0854,267dcc545476e28c61ccba3005eb6a91f1b9f58e595d5ac951b354586ee71a9f
AUD-000959,2026-04-18 18:42:00,BID_SUBMITTED,"{""bid_id"": ""BID-01346"", ""request_id"": ""REQ-125"", ""vendor_id"": ""VND-0189"", ""price"": 181119.66}",267dcc545476e28c61ccba3005eb6a91f1b9f58e595d5ac951b354586ee71a9f,76a15c750ebd5f91dee2064aeaac1b0133e314fae93559ba71dc8b7f1ce1cd88
AUD-000960,2026-04-18 18:44:00,BID_SUBMITTED,"{""bid_id"": ""BID-01347"", ""request_id"": ""REQ-125"", ""vendor_id"": ""VND-0008"", ""price"": 177218.3}",76a15c750ebd5f91dee2064aeaac1b0133e314fae93559ba71dc8b7f1ce1cd88,11a6131e5e476fc9b6defa166277eb7c8be0876b33d13852198cb9697618e9dd
AUD-000961,2026-04-18 18:52:00,BID_SUBMITTED,"{""bid_id"": ""BID-01348"", ""request_id"": ""REQ-125"", ""vendor_id"": ""VND-0042"", ""price"": 174493.74}",11a6131e5e476fc9b6defa166277eb7c8be0876b33d13852198cb9697618e9dd,8b453e356580067c1101453b69f9ec62cd20b4365073dcdaca909a94457015b0
AUD-000962,2026-04-18 19:00:00,PROCUREMENT_REQUEST_CREATED,"{""request_id"": ""REQ-077"", ""title"": ""Stationery Bulk Annual Contract (Lot 077)"", ""max_budget"": 51565.26}",8b453e356580067c1101453b69f9ec62cd20b4365073dcdaca909a94457015b0,baa5db36551d096f3a4bdb86fb36228f3bd262f2f4f5f2d2e3fe45eca57a9639
AUD-000963,2026-04-18 19:02:00,BID_SUBMITTED,"{""bid_id"": ""BID-01349"", ""request_id"": ""REQ-125"", ""vendor_id"": ""VND-0189"", ""price"": 171674.97}",baa5db36551d096f3a4bdb86fb36228f3bd262f2f4f5f2d2e3fe45eca57a9639,dbc7c4321730537c882fb0d1e11a3dcdc58da4ca905d3296b26482ebed661187
AUD-000964,2026-04-18 19:11:00,BID_SUBMITTED,"{""bid_id"": ""BID-01350"", ""request_id"": ""REQ-125"", ""vendor_id"": ""VND-0189"", ""price"": 170164.74}",dbc7c4321730537c882fb0d1e11a3dcdc58da4ca905d3296b26482ebed661187,b97eff668a1f3cd5783e4de778e934678e0a4973adf73cccc6ab3d44a08ac0b0
AUD-000965,2026-04-18 20:00:00,PROCUREMENT_REQUEST_CREATED,"{""request_id"": ""REQ-020"", ""title"": ""Daily Office Janitorial Contract (Lot 020)"", ""max_budget"": 134438.99}",b97eff668a1f3cd5783e4de778e934678e0a4973adf73cccc6ab3d44a08ac0b0,a824043765bd713eef5cf540e255148674c03ea5772324fca0ffc6e9192ee83d
AUD-000966,2026-04-18 20:00:00,PROCUREMENT_REQUEST_CREATED,"{""request_id"": ""REQ-150"", ""title"": ""Adhesives & Resins Bulk (Lot 150)"", ""max_budget"": 166508.6}",a824043765bd713eef5cf540e255148674c03ea5772324fca0ffc6e9192ee83d,4b888b865b84261bde8c67dd580504e7c832736c7fdc585c7a70c32cfa064537
AUD-000967,2026-04-19 05:02:00,BID_SUBMITTED,"{""bid_id"": ""BID-01492"", ""request_id"": ""REQ-138"", ""vendor_id"": ""VND-0289"", ""price"": 145820.01}",4b888b865b84261bde8c67dd580504e7c832736c7fdc585c7a70c32cfa064537,0ab2fa246aa78af176fa437d85c2cc22006051c6f9b150813fde81f32d4959bb
AUD-000968,2026-04-19 05:09:00,BID_SUBMITTED,"{""bid_id"": ""BID-01493"", ""request_id"": ""REQ-138"", ""vendor_id"": ""VND-0289"", ""price"": 143681.51}",0ab2fa246aa78af176fa437d85c2cc22006051c6f9b150813fde81f32d4959bb,72bedd72995c4e2e8e274e8b00f7f1b7fda603079aa468a8579e1139cc2498a4
AUD-000969,2026-04-19 05:12:00,BID_SUBMITTED,"{""bid_id"": ""BID-01494"", ""request_id"": ""REQ-138"", ""vendor_id"": ""VND-0284"", ""price"": 141295.62}",72bedd72995c4e2e8e274e8b00f7f1b7fda603079aa468a8579e1139cc2498a4,9e4a78135d59672968f43faf4c97ad33039fd0d551a554df471cd1b3b6634be5
AUD-000970,2026-04-19 05:22:00,BID_SUBMITTED,"{""bid_id"": ""BID-01495"", ""request_id"": ""REQ-138"", ""vendor_id"": ""VND-0421"", ""price"": 138525.7}",9e4a78135d59672968f43faf4c97ad33039fd0d551a554df471cd1b3b6634be5,817f206fae75a0b6098957524bfa2d912e644b46fb78042339ed97c85f53cbd5
AUD-000971,2026-04-19 05:28:00,BID_SUBMITTED,"{""bid_id"": ""BID-01496"", ""request_id"": ""REQ-138"", ""vendor_id"": ""VND-0246"", ""price"": 135107.81}",817f206fae75a0b6098957524bfa2d912e644b46fb78042339ed97c85f53cbd5,f32750ce668081421fb3e01868943bbbe67d0834210c163f979f5242f7f5025a
AUD-000972,2026-04-19 05:38:00,BID_SUBMITTED,"{""bid_id"": ""BID-01497"", ""request_id"": ""REQ-138"", ""vendor_id"": ""VND-0418"", ""price"": 133035.39}",f32750ce668081421fb3e01868943bbbe67d0834210c163f979f5242f7f5025a,3f044a820dcfc65caf48e7e22f3042137a0704ef9f4c02655f103f78e7301779
AUD-000973,2026-04-19 05:47:00,BID_SUBMITTED,"{""bid_id"": ""BID-01498"", ""request_id"": ""REQ-138"", ""vendor_id"": ""VND-0289"", ""price"": 132134.88}",3f044a820dcfc65caf48e7e22f3042137a0704ef9f4c02655f103f78e7301779,c1e2ab406497b2769d7044011bbc7a55d77917b4524d71a654ff998c21a07a05
AUD-000974,2026-04-19 05:50:00,BID_SUBMITTED,"{""bid_id"": ""BID-01499"", ""request_id"": ""REQ-138"", ""vendor_id"": ""VND-0162"", ""price"": 129514.16}",c1e2ab406497b2769d7044011bbc7a55d77917b4524d71a654ff998c21a07a05,74b0a78b8d45aab99cc2a2ad690aa25af14ef2efb5832024949d5db56cabade8
AUD-000975,2026-04-19 05:56:00,BID_SUBMITTED,"{""bid_id"": ""BID-01500"", ""request_id"": ""REQ-138"", ""vendor_id"": ""VND-0162"", ""price"": 127225.15}",74b0a78b8d45aab99cc2a2ad690aa25af14ef2efb5832024949d5db56cabade8,d4dbf6634cd9bd3baaccf14392b103a98279057a267da57a37f81a26c0e32a44
AUD-000976,2026-04-19 06:03:00,BID_SUBMITTED,"{""bid_id"": ""BID-01501"", ""request_id"": ""REQ-138"", ""vendor_id"": ""VND-0289"", ""price"": 126454.74}",d4dbf6634cd9bd3baaccf14392b103a98279057a267da57a37f81a26c0e32a44,ad5735800418a220c4336e94bc3ba3233106af1a739b4243dc4a1ddfb9ecf186
AUD-000977,2026-04-19 06:12:00,BID_SUBMITTED,"{""bid_id"": ""BID-01502"", ""request_id"": ""REQ-138"", ""vendor_id"": ""VND-0289"", ""price"": 123853.5}",ad5735800418a220c4336e94bc3ba3233106af1a739b4243dc4a1ddfb9ecf186,87c6fa3502d6dfadb5a0422b629276708976f2e4dd49b228aa42915e33ba8007
AUD-000978,2026-04-19 06:21:00,BID_SUBMITTED,"{""bid_id"": ""BID-01503"", ""request_id"": ""REQ-138"", ""vendor_id"": ""VND-0418"", ""price"": 121964.33}",87c6fa3502d6dfadb5a0422b629276708976f2e4dd49b228aa42915e33ba8007,74a840e8af1fc9c625c361da4289eea2f279360b1e4af393014d8a82e20d6e53
AUD-000979,2026-04-19 06:29:00,BID_SUBMITTED,"{""bid_id"": ""BID-01504"", ""request_id"": ""REQ-138"", ""vendor_id"": ""VND-0289"", ""price"": 119564.53}",74a840e8af1fc9c625c361da4289eea2f279360b1e4af393014d8a82e20d6e53,50422a8a17d2b29e51e870883d6ab584277bb17e17afd70ac308c0cd699a62a2
AUD-000980,2026-04-19 06:35:00,BID_SUBMITTED,"{""bid_id"": ""BID-01505"", ""request_id"": ""REQ-138"", ""vendor_id"": ""VND-0144"", ""price"": 116669.67}",50422a8a17d2b29e51e870883d6ab584277bb17e17afd70ac308c0cd699a62a2,251a590d65f74b0cf387af07f007ea3a2767ad59b408a1de4ab7c03e10d94e4b
AUD-000981,2026-04-19 15:00:00,PROCUREMENT_REQUEST_CREATED,"{""request_id"": ""REQ-052"", ""title"": ""OS Upgrade Enterprise Agreement (Lot 052)"", ""max_budget"": 99515.78}",251a590d65f74b0cf387af07f007ea3a2767ad59b408a1de4ab7c03e10d94e4b,129142e385522c010cea76ed203dac98d1c3ab71460be4d60650c4419dd5b89e
AUD-000982,2026-04-19 19:10:00,BID_SUBMITTED,"{""bid_id"": ""BID-00831"", ""request_id"": ""REQ-077"", ""vendor_id"": ""VND-0006"", ""price"": 50625.06}",129142e385522c010cea76ed203dac98d1c3ab71460be4d60650c4419dd5b89e,55e6c50b59d11a0ec8ffe8efd75ba54a4e49cf20b2b6d728df81e81e6a0ea61f
AUD-000983,2026-04-19 19:14:00,BID_SUBMITTED,"{""bid_id"": ""BID-00832"", ""request_id"": ""REQ-077"", ""vendor_id"": ""VND-0358"", ""price"": 49741.35}",55e6c50b59d11a0ec8ffe8efd75ba54a4e49cf20b2b6d728df81e81e6a0ea61f,ad801241bc25326bd2ff8aae92b7b04c6e2dd4d95b051e194a7e7d9cf0265761
AUD-000984,2026-04-19 19:17:00,BID_SUBMITTED,"{""bid_id"": ""BID-00833"", ""request_id"": ""REQ-077"", ""vendor_id"": ""VND-0006"", ""price"": 48666.28}",ad801241bc25326bd2ff8aae92b7b04c6e2dd4d95b051e194a7e7d9cf0265761,33df01c62dbc4bf1d39de54ce99c61d8ad801156e94ac6c570b8e314562ce3fc
AUD-000985,2026-04-19 19:20:00,BID_SUBMITTED,"{""bid_id"": ""BID-00834"", ""request_id"": ""REQ-077"", ""vendor_id"": ""VND-0396"", ""price"": 48147.79}",33df01c62dbc4bf1d39de54ce99c61d8ad801156e94ac6c570b8e314562ce3fc,2f93ea0fc4d372184634a20e60cbe5a996fed2de2d5209859ef30e98214cacc7
AUD-000986,2026-04-19 19:25:00,BID_SUBMITTED,"{""bid_id"": ""BID-00835"", ""request_id"": ""REQ-077"", ""vendor_id"": ""VND-0006"", ""price"": 47715.76}",2f93ea0fc4d372184634a20e60cbe5a996fed2de2d5209859ef30e98214cacc7,c9d61e1e52c8a4922723a9c60f19f1d58663a5605a08d8cbebbf430df1102471
AUD-000987,2026-04-19 19:30:00,BID_SUBMITTED,"{""bid_id"": ""BID-00836"", ""request_id"": ""REQ-077"", ""vendor_id"": ""VND-0358"", ""price"": 46683.67}",c9d61e1e52c8a4922723a9c60f19f1d58663a5605a08d8cbebbf430df1102471,dcc2d3b6e86327ac8949c5a4cac20232a605ad81c81ceff545fee57eb876a890
AUD-000988,2026-04-19 19:36:00,BID_SUBMITTED,"{""bid_id"": ""BID-00837"", ""request_id"": ""REQ-077"", ""vendor_id"": ""VND-0358"", ""price"": 45793.47}",dcc2d3b6e86327ac8949c5a4cac20232a605ad81c81ceff545fee57eb876a890,f77075ac83b77a1c064a5e3f91011abed9cd8abccfb905555ea4adf975ad75e1
AUD-000989,2026-04-19 19:45:00,BID_SUBMITTED,"{""bid_id"": ""BID-00838"", ""request_id"": ""REQ-077"", ""vendor_id"": ""VND-0379"", ""price"": 45528.41}",f77075ac83b77a1c064a5e3f91011abed9cd8abccfb905555ea4adf975ad75e1,45e09a28d3dc89dbc52e18e9ee7a837484c60a56d63a3a9230f6b12bf3db8c6d
AUD-000990,2026-04-19 19:54:00,BID_SUBMITTED,"{""bid_id"": ""BID-00839"", ""request_id"": ""REQ-077"", ""vendor_id"": ""VND-0379"", ""price"": 44674.11}",45e09a28d3dc89dbc52e18e9ee7a837484c60a56d63a3a9230f6b12bf3db8c6d,7156dedc51312ab303a423374cde7dba155a84357380a6d887d7f21548ab09a2
AUD-000991,2026-04-19 19:56:00,BID_SUBMITTED,"{""bid_id"": ""BID-00840"", ""request_id"": ""REQ-077"", ""vendor_id"": ""VND-0358"", ""price"": 44241.22}",7156dedc51312ab303a423374cde7dba155a84357380a6d887d7f21548ab09a2,3b05e2cda328f23fa217e03b0b8aa06a68848bc576332d40894e4d5b59c9a2bb
AUD-000992,2026-04-19 20:07:00,BID_SUBMITTED,"{""bid_id"": ""BID-01632"", ""request_id"": ""REQ-150"", ""vendor_id"": ""VND-0134"", ""price"": 165083.08}",3b05e2cda328f23fa217e03b0b8aa06a68848bc576332d40894e4d5b59c9a2bb,4c5a2f78e873f4026fe09102b0b082b75f9ca385b5bfb9e6af0331fc5a7005a8
AUD-000993,2026-04-19 20:10:00,BID_SUBMITTED,"{""bid_id"": ""BID-00195"", ""request_id"": ""REQ-020"", ""vendor_id"": ""VND-0207"", ""price"": 133421.73}",4c5a2f78e873f4026fe09102b0b082b75f9ca385b5bfb9e6af0331fc5a7005a8,bf95623a79ff2fa22bf5bac7d352e69ce1e9321002a9ab11da6996b925a4b10a
AUD-000994,2026-04-19 20:12:00,BID_SUBMITTED,"{""bid_id"": ""BID-01633"", ""request_id"": ""REQ-150"", ""vendor_id"": ""VND-0325"", ""price"": 162746.37}",bf95623a79ff2fa22bf5bac7d352e69ce1e9321002a9ab11da6996b925a4b10a,d210cca631b0c2deaa8e8882de12135dcee0ad05ac259fed62ed52b7dbf5316d
AUD-000995,2026-04-19 20:14:00,BID_SUBMITTED,"{""bid_id"": ""BID-00196"", ""request_id"": ""REQ-020"", ""vendor_id"": ""VND-0259"", ""price"": 131186.15}",d210cca631b0c2deaa8e8882de12135dcee0ad05ac259fed62ed52b7dbf5316d,9e19cb01ce08196821550b8033dafb8d1057f97b3b597e299c4b47f5b49e3b80
AUD-000996,2026-04-19 20:16:00,BID_SUBMITTED,"{""bid_id"": ""BID-00197"", ""request_id"": ""REQ-020"", ""vendor_id"": ""VND-0302"", ""price"": 129210.85}",9e19cb01ce08196821550b8033dafb8d1057f97b3b597e299c4b47f5b49e3b80,74ca1fdf0fec46d5bd560119df09457088ee4ac42e83a8df2aa345a80d4af137
AUD-000997,2026-04-19 20:18:00,BID_SUBMITTED,"{""bid_id"": ""BID-01634"", ""request_id"": ""REQ-150"", ""vendor_id"": ""VND-0153"", ""price"": 160765.45}",74ca1fdf0fec46d5bd560119df09457088ee4ac42e83a8df2aa345a80d4af137,1807dabe5cc1a2d8194f38ec335db6152381698ba17040f5bf81608f8da210e7
AUD-000998,2026-04-19 20:20:00,BID_SUBMITTED,"{""bid_id"": ""BID-00198"", ""request_id"": ""REQ-020"", ""vendor_id"": ""VND-0346"", ""price"": 128243.93}",1807dabe5cc1a2d8194f38ec335db6152381698ba17040f5bf81608f8da210e7,91538b340f7e1b1d785856e20002e1dbf8dfdf80258774aedff1332692c16c1c
AUD-000999,2026-04-19 20:20:00,BID_SUBMITTED,"{""bid_id"": ""BID-01635"", ""request_id"": ""REQ-150"", ""vendor_id"": ""VND-0325"", ""price"": 158881.63}",91538b340f7e1b1d785856e20002e1dbf8dfdf80258774aedff1332692c16c1c,a0e8963b347e1a6641c505bac176d99aa8a4ac848ff23c67dd93f47fb83da728
AUD-001000,2026-04-19 20:26:00,BID_SUBMITTED,"{""bid_id"": ""BID-01636"", ""request_id"": ""REQ-150"", ""vendor_id"": ""VND-0153"", ""price"": 156280.21}",a0e8963b347e1a6641c505bac176d99aa8a4ac848ff23c67dd93f47fb83da728,703be6a3f5a05dcd617bf851c0dcc0dbf4f464a9084f70fcb70972491585b464
AUD-001001,2026-04-19 20:27:00,BID_SUBMITTED,"{""bid_id"": ""BID-00199"", ""request_id"": ""REQ-020"", ""vendor_id"": ""VND-0207"", ""price"": 127180.39}",703be6a3f5a05dcd617bf851c0dcc0dbf4f464a9084f70fcb70972491585b464,e5082873b826ed76b11f678a98148ececffdd6b938a45cedd36e2e3c557f8ba7
AUD-001002,2026-04-19 20:35:00,BID_SUBMITTED,"{""bid_id"": ""BID-01637"", ""request_id"": ""REQ-150"", ""vendor_id"": ""VND-0325"", ""price"": 155151.52}",e5082873b826ed76b11f678a98148ececffdd6b938a45cedd36e2e3c557f8ba7,33ea877ffbb6c4b644a615b683e8ebfddc78385c2dcd2b5bc46613d02c6a3bcc
AUD-001003,2026-04-19 20:37:00,BID_SUBMITTED,"{""bid_id"": ""BID-00200"", ""request_id"": ""REQ-020"", ""vendor_id"": ""VND-0259"", ""price"": 125970.98}",33ea877ffbb6c4b644a615b683e8ebfddc78385c2dcd2b5bc46613d02c6a3bcc,b05fcbe4ddef665dc59fbb92b9d6c09620f817e906553065656ad226b495d60f
AUD-001004,2026-04-19 20:42:00,BID_SUBMITTED,"{""bid_id"": ""BID-01638"", ""request_id"": ""REQ-150"", ""vendor_id"": ""VND-0134"", ""price"": 153078.0}",b05fcbe4ddef665dc59fbb92b9d6c09620f817e906553065656ad226b495d60f,b710b3e501d3971b3cf0b1ca71da642261bc6262e99d70e75325a9f3f04ac779
AUD-001005,2026-04-19 20:43:00,BID_SUBMITTED,"{""bid_id"": ""BID-00201"", ""request_id"": ""REQ-020"", ""vendor_id"": ""VND-0207"", ""price"": 123209.86}",b710b3e501d3971b3cf0b1ca71da642261bc6262e99d70e75325a9f3f04ac779,01896a48def9b49417b4c564d46ad7503ae4120b14145e4c0ed639e9af7d2831
AUD-001006,2026-04-19 20:46:00,BID_SUBMITTED,"{""bid_id"": ""BID-01639"", ""request_id"": ""REQ-150"", ""vendor_id"": ""VND-0325"", ""price"": 149598.82}",01896a48def9b49417b4c564d46ad7503ae4120b14145e4c0ed639e9af7d2831,9e191c8289625ddcdd9bfbf1a150b3bead397a989ff21ac8c8293769c7abddba
AUD-001007,2026-04-19 20:50:00,BID_SUBMITTED,"{""bid_id"": ""BID-01640"", ""request_id"": ""REQ-150"", ""vendor_id"": ""VND-0153"", ""price"": 146000.19}",9e191c8289625ddcdd9bfbf1a150b3bead397a989ff21ac8c8293769c7abddba,db8737b4e236136f45f4a706663929d813f992553307b2fdfb6948317d9f602f
AUD-001008,2026-04-19 20:53:00,BID_SUBMITTED,"{""bid_id"": ""BID-00202"", ""request_id"": ""REQ-020"", ""vendor_id"": ""VND-0120"", ""price"": 121028.91}",db8737b4e236136f45f4a706663929d813f992553307b2fdfb6948317d9f602f,3409d9c1d8d526c81c2e920755d016a945384574f4c3c9a532e1d93528d7a39f
AUD-001009,2026-04-19 20:55:00,BID_SUBMITTED,"{""bid_id"": ""BID-01641"", ""request_id"": ""REQ-150"", ""vendor_id"": ""VND-0153"", ""price"": 142437.39}",3409d9c1d8d526c81c2e920755d016a945384574f4c3c9a532e1d93528d7a39f,a0ed23e176d80b4fb2e655f7e9e5d26ffc1a53aa22ae749484cd720ca7d58c75
AUD-001010,2026-04-19 20:59:00,BID_SUBMITTED,"{""bid_id"": ""BID-00203"", ""request_id"": ""REQ-020"", ""vendor_id"": ""VND-0207"", ""price"": 120120.78}",a0ed23e176d80b4fb2e655f7e9e5d26ffc1a53aa22ae749484cd720ca7d58c75,5a00f5b6853e7bf2ac4c6f8de121b9bfe79d09f3db6ee4f483aaad14f897fa12
AUD-001011,2026-04-19 21:05:00,BID_SUBMITTED,"{""bid_id"": ""BID-01642"", ""request_id"": ""REQ-150"", ""vendor_id"": ""VND-0325"", ""price"": 140552.38}",5a00f5b6853e7bf2ac4c6f8de121b9bfe79d09f3db6ee4f483aaad14f897fa12,beaf3a74d93ac0a4cc904e85976539afc3f3a97dec0c0f0a4ba8a246dea15560
AUD-001012,2026-04-19 21:09:00,BID_SUBMITTED,"{""bid_id"": ""BID-00204"", ""request_id"": ""REQ-020"", ""vendor_id"": ""VND-0452"", ""price"": 118238.54}",beaf3a74d93ac0a4cc904e85976539afc3f3a97dec0c0f0a4ba8a246dea15560,350fcd6a17503761cd4023b4a028e53476992ecef6cee2cbbe84d591243d7b7f
AUD-001013,2026-04-19 21:10:00,BID_SUBMITTED,"{""bid_id"": ""BID-01643"", ""request_id"": ""REQ-150"", ""vendor_id"": ""VND-0134"", ""price"": 137425.94}",350fcd6a17503761cd4023b4a028e53476992ecef6cee2cbbe84d591243d7b7f,08724f8476c019852776296bb65fda1ecfee980e3a64dfbc7ba588f5c4473d0c
AUD-001014,2026-04-19 21:13:00,BID_SUBMITTED,"{""bid_id"": ""BID-00205"", ""request_id"": ""REQ-020"", ""vendor_id"": ""VND-0259"", ""price"": 117248.56}",08724f8476c019852776296bb65fda1ecfee980e3a64dfbc7ba588f5c4473d0c,5897a59bf62a513ba3ddb61657d65b6a85daf08602c2c970cc0bdf48f025cb95
AUD-001015,2026-04-19 21:19:00,BID_SUBMITTED,"{""bid_id"": ""BID-01644"", ""request_id"": ""REQ-150"", ""vendor_id"": ""VND-0153"", ""price"": 135437.42}",5897a59bf62a513ba3ddb61657d65b6a85daf08602c2c970cc0bdf48f025cb95,8d1d246e8414b14d5b6f7e5278e38ce3bfa10331195517ba63dc24de80113bbc
AUD-001016,2026-04-19 21:20:00,BID_SUBMITTED,"{""bid_id"": ""BID-00206"", ""request_id"": ""REQ-020"", ""vendor_id"": ""VND-0120"", ""price"": 115117.61}",8d1d246e8414b14d5b6f7e5278e38ce3bfa10331195517ba63dc24de80113bbc,166cdce5d8e02b4f565e777e798e34d5bf25adc8d5736cee6f8e9850657389f3
AUD-001017,2026-04-19 21:22:00,BID_SUBMITTED,"{""bid_id"": ""BID-00207"", ""request_id"": ""REQ-020"", ""vendor_id"": ""VND-0346"", ""price"": 112414.81}",166cdce5d8e02b4f565e777e798e34d5bf25adc8d5736cee6f8e9850657389f3,4b0b0433a65dc59bf3a62de0b31895a4e5892a042d6327488117d28ba45429b0
AUD-001018,2026-04-19 21:25:00,BID_SUBMITTED,"{""bid_id"": ""BID-00208"", ""request_id"": ""REQ-020"", ""vendor_id"": ""VND-0346"", ""price"": 109910.7}",4b0b0433a65dc59bf3a62de0b31895a4e5892a042d6327488117d28ba45429b0,5f58f21e58b33c122e213ced7ef57129635c034297d45d2969d49c4a176aa1ac
AUD-001019,2026-04-20 15:04:00,BID_SUBMITTED,"{""bid_id"": ""BID-00544"", ""request_id"": ""REQ-052"", ""vendor_id"": ""VND-0246"", ""price"": 97233.7}",5f58f21e58b33c122e213ced7ef57129635c034297d45d2969d49c4a176aa1ac,dac10e7eab01fcac9bf28559ec7dda553014669f17247de0be32bb37170ea224
AUD-001020,2026-04-20 15:12:00,BID_SUBMITTED,"{""bid_id"": ""BID-00545"", ""request_id"": ""REQ-052"", ""vendor_id"": ""VND-0246"", ""price"": 95601.0}",dac10e7eab01fcac9bf28559ec7dda553014669f17247de0be32bb37170ea224,88b3ea9985d0bbec74751dfe4635f70b7a708c0ed0660a7050c07464fb81f96e
AUD-001021,2026-04-20 15:19:00,BID_SUBMITTED,"{""bid_id"": ""BID-00546"", ""request_id"": ""REQ-052"", ""vendor_id"": ""VND-0394"", ""price"": 93281.24}",88b3ea9985d0bbec74751dfe4635f70b7a708c0ed0660a7050c07464fb81f96e,7dcbb2ace34c4a98b594b608e8c50a766f55c794df052e53f4511c0b20afb468
AUD-001022,2026-04-20 15:22:00,BID_SUBMITTED,"{""bid_id"": ""BID-00547"", ""request_id"": ""REQ-052"", ""vendor_id"": ""VND-0360"", ""price"": 92352.56}",7dcbb2ace34c4a98b594b608e8c50a766f55c794df052e53f4511c0b20afb468,464c9c3a70b40f1031c997c48372bc9ef94974d7a43040f2f8d1dc6f744c7a41
AUD-001023,2026-04-20 15:28:00,BID_SUBMITTED,"{""bid_id"": ""BID-00548"", ""request_id"": ""REQ-052"", ""vendor_id"": ""VND-0360"", ""price"": 90868.65}",464c9c3a70b40f1031c997c48372bc9ef94974d7a43040f2f8d1dc6f744c7a41,d7a29208a82e2914cf3625210347a5678f72b2f7818077883483d6490e39ac32
AUD-001024,2026-04-20 15:34:00,BID_SUBMITTED,"{""bid_id"": ""BID-00549"", ""request_id"": ""REQ-052"", ""vendor_id"": ""VND-0246"", ""price"": 88873.37}",d7a29208a82e2914cf3625210347a5678f72b2f7818077883483d6490e39ac32,9745a6d2953030994adae5ff2e2f16e8573e89456e383b34f1e5dfdf3a5a8c00
AUD-001025,2026-04-20 15:44:00,BID_SUBMITTED,"{""bid_id"": ""BID-00550"", ""request_id"": ""REQ-052"", ""vendor_id"": ""VND-0360"", ""price"": 87508.72}",9745a6d2953030994adae5ff2e2f16e8573e89456e383b34f1e5dfdf3a5a8c00,f7f79b841e859904c97ba7da577860d35eac82cd809dabb39b029ddbbc34bd4e
AUD-001026,2026-04-20 15:50:00,BID_SUBMITTED,"{""bid_id"": ""BID-00551"", ""request_id"": ""REQ-052"", ""vendor_id"": ""VND-0360"", ""price"": 85762.32}",f7f79b841e859904c97ba7da577860d35eac82cd809dabb39b029ddbbc34bd4e,6b123af5b0fffe43515a9e4c068ec224f1c90c4c00b84b492f3777ccf8cec91e
AUD-001027,2026-04-20 15:55:00,BID_SUBMITTED,"{""bid_id"": ""BID-00552"", ""request_id"": ""REQ-052"", ""vendor_id"": ""VND-0246"", ""price"": 83989.09}",6b123af5b0fffe43515a9e4c068ec224f1c90c4c00b84b492f3777ccf8cec91e,b7be8c2c803e1ac39ec3f536b1a24229e262c35a1f89846d6f616d48866efbaf
AUD-001028,2026-04-22 02:00:00,PROCUREMENT_REQUEST_CREATED,"{""request_id"": ""REQ-009"", ""title"": ""Server Rack Infrastructure Upgrade (Lot 009)"", ""max_budget"": 17746.4}",b7be8c2c803e1ac39ec3f536b1a24229e262c35a1f89846d6f616d48866efbaf,5ef37425104433ba8c68fc5be466dc0a047dff1d338448f51fab63d69db157e5
AUD-001029,2026-04-23 02:00:01,BID_SUBMITTED,"{""bid_id"": ""BID-00079"", ""request_id"": ""REQ-009"", ""vendor_id"": ""VND-0344"", ""price"": 16709.08}",5ef37425104433ba8c68fc5be466dc0a047dff1d338448f51fab63d69db157e5,07e613c8e2f13bec1b03385688e4d631339b2323143f775c4d28a79d883f9d96
AUD-001030,2026-04-23 02:00:03,BID_SUBMITTED,"{""bid_id"": ""BID-00080"", ""request_id"": ""REQ-009"", ""vendor_id"": ""VND-0018"", ""price"": 16559.08}",07e613c8e2f13bec1b03385688e4d631339b2323143f775c4d28a79d883f9d96,8dff424c29fdb6909cb3fac547a4138518935dd36bcdeab6adf2bf6c06ada5b5
AUD-001031,2026-04-23 02:00:05,BID_SUBMITTED,"{""bid_id"": ""BID-00081"", ""request_id"": ""REQ-009"", ""vendor_id"": ""VND-0344"", ""price"": 16409.08}",8dff424c29fdb6909cb3fac547a4138518935dd36bcdeab6adf2bf6c06ada5b5,cdb4a40dc3a4d8a2d8314638b9291b4b62bf4e8531d997f440e75f3a4ae5a271
AUD-001032,2026-04-23 02:00:06,BID_SUBMITTED,"{""bid_id"": ""BID-00082"", ""request_id"": ""REQ-009"", ""vendor_id"": ""VND-0018"", ""price"": 16259.08}",cdb4a40dc3a4d8a2d8314638b9291b4b62bf4e8531d997f440e75f3a4ae5a271,ac2b25070731dac246916a4a951f0894e9a026837c1854fca20512b52e0d4349
AUD-001033,2026-04-23 02:00:07,BID_SUBMITTED,"{""bid_id"": ""BID-00083"", ""request_id"": ""REQ-009"", ""vendor_id"": ""VND-0344"", ""price"": 16109.08}",ac2b25070731dac246916a4a951f0894e9a026837c1854fca20512b52e0d4349,c78d59dd9fe5fc55ec955a97266edccb3b5fe99740676bacd8aee13cd67fdbd1
AUD-001034,2026-04-23 02:00:09,BID_SUBMITTED,"{""bid_id"": ""BID-00084"", ""request_id"": ""REQ-009"", ""vendor_id"": ""VND-0018"", ""price"": 15959.08}",c78d59dd9fe5fc55ec955a97266edccb3b5fe99740676bacd8aee13cd67fdbd1,311441f9c82bd60a1106d71292208a7ef601eb4bdabc5dc7c52e0ee187cad221
AUD-001035,2026-04-23 02:00:11,BID_SUBMITTED,"{""bid_id"": ""BID-00085"", ""request_id"": ""REQ-009"", ""vendor_id"": ""VND-0344"", ""price"": 15809.08}",311441f9c82bd60a1106d71292208a7ef601eb4bdabc5dc7c52e0ee187cad221,cdce467eb53cd776bc99ddeb2c59b9f46a2e0cb0863fef777a544f174ebd781e
AUD-001036,2026-04-23 02:00:12,BID_SUBMITTED,"{""bid_id"": ""BID-00086"", ""request_id"": ""REQ-009"", ""vendor_id"": ""VND-0018"", ""price"": 15659.08}",cdce467eb53cd776bc99ddeb2c59b9f46a2e0cb0863fef777a544f174ebd781e,914c3d97a0f9416e29ccc85a9be51b4274ac0dd69d9e284f4553d8a29934c63c
AUD-001037,2026-04-23 02:00:14,BID_SUBMITTED,"{""bid_id"": ""BID-00087"", ""request_id"": ""REQ-009"", ""vendor_id"": ""VND-0344"", ""price"": 15509.08}",914c3d97a0f9416e29ccc85a9be51b4274ac0dd69d9e284f4553d8a29934c63c,c96d00e64cb1dab167d348c961ea8d6d425105b7e21bd593424a65f4762cb6df
AUD-001038,2026-04-23 02:00:15,BID_SUBMITTED,"{""bid_id"": ""BID-00088"", ""request_id"": ""REQ-009"", ""vendor_id"": ""VND-0018"", ""price"": 15359.08}",c96d00e64cb1dab167d348c961ea8d6d425105b7e21bd593424a65f4762cb6df,889824d80eb615ee7b032c3b413623263e69b0db581db332bfe206ef54d3cedb
AUD-001039,2026-04-23 02:07:15,BID_SUBMITTED,"{""bid_id"": ""BID-00089"", ""request_id"": ""REQ-009"", ""vendor_id"": ""VND-0003"", ""price"": 15836.01}",889824d80eb615ee7b032c3b413623263e69b0db581db332bfe206ef54d3cedb,85c623c864466884132d77044e2087d27f3fcc8b82c5e45c87993ac25b176d87
AUD-001040,2026-04-23 02:16:15,BID_SUBMITTED,"{""bid_id"": ""BID-00090"", ""request_id"": ""REQ-009"", ""vendor_id"": ""VND-0017"", ""price"": 15271.85}",85c623c864466884132d77044e2087d27f3fcc8b82c5e45c87993ac25b176d87,1ae1779b8c43ffbb4ffb85425355bc08a5a52f7960ae6eb58b2aec2fe1c7391e
AUD-001041,2026-04-23 15:00:00,PROCUREMENT_REQUEST_CREATED,"{""request_id"": ""REQ-036"", ""title"": ""Specialized Window Cleaning Lot (Lot 036)"", ""max_budget"": 73153.74}",1ae1779b8c43ffbb4ffb85425355bc08a5a52f7960ae6eb58b2aec2fe1c7391e,a529ad04faf3e027559dab4dae4d1d97d461544b321567a08828146ae97ce8a1
AUD-001042,2026-04-23 20:00:00,PROCUREMENT_REQUEST_CREATED,"{""request_id"": ""REQ-094"", ""title"": ""Courier & Last-Mile Delivery SLA (Lot 094)"", ""max_budget"": 107049.28}",a529ad04faf3e027559dab4dae4d1d97d461544b321567a08828146ae97ce8a1,499e4c1ea4acf2d83276c15f8ab1fcb7b9960b2bf5bae93731fc15327b7f1af7
AUD-001043,2026-04-23 23:00:00,PROCUREMENT_REQUEST_CREATED,"{""request_id"": ""REQ-055"", ""title"": ""Fire Safety Systems Audit (Lot 055)"", ""max_budget"": 170745.2}",499e4c1ea4acf2d83276c15f8ab1fcb7b9960b2bf5bae93731fc15327b7f1af7,f79279ea802121d64c51ddb2db48af11663f1a8a3c964ff97d2f1d7a959c2b4c
AUD-001044,2026-04-24 15:06:00,BID_SUBMITTED,"{""bid_id"": ""BID-00366"", ""request_id"": ""REQ-036"", ""vendor_id"": ""VND-0155"", ""price"": 71980.24}",f79279ea802121d64c51ddb2db48af11663f1a8a3c964ff97d2f1d7a959c2b4c,e8b53d4510343cc719c9c252d07970b0c673df8456f37b361f42574d65ac10b6
AUD-001045,2026-04-24 15:13:00,BID_SUBMITTED,"{""bid_id"": ""BID-00367"", ""request_id"": ""REQ-036"", ""vendor_id"": ""VND-0299"", ""price"": 70949.12}",e8b53d4510343cc719c9c252d07970b0c673df8456f37b361f42574d65ac10b6,6c159481eee73ae49e8f3d1cf471a65ab8dc1775fe69e6fe6c0e1617a39ad9ce
AUD-001046,2026-04-24 15:23:00,BID_SUBMITTED,"{""bid_id"": ""BID-00368"", ""request_id"": ""REQ-036"", ""vendor_id"": ""VND-0314"", ""price"": 70223.22}",6c159481eee73ae49e8f3d1cf471a65ab8dc1775fe69e6fe6c0e1617a39ad9ce,f001cae40df0c55ce725007abab9092348e458a3fe7493b361219376dbd4bc67
AUD-001047,2026-04-24 15:32:00,BID_SUBMITTED,"{""bid_id"": ""BID-00369"", ""request_id"": ""REQ-036"", ""vendor_id"": ""VND-0299"", ""price"": 69217.62}",f001cae40df0c55ce725007abab9092348e458a3fe7493b361219376dbd4bc67,67d59d8d330876985c44cf9f13445e7386da500a780861757b5deb3af3da3cf3
AUD-001048,2026-04-24 15:39:00,BID_SUBMITTED,"{""bid_id"": ""BID-00370"", ""request_id"": ""REQ-036"", ""vendor_id"": ""VND-0314"", ""price"": 67605.78}",67d59d8d330876985c44cf9f13445e7386da500a780861757b5deb3af3da3cf3,9dff2d66da0537b0c656cbb34cb9af287d27280bfd08ad0997871d204c97e296
AUD-001049,2026-04-24 15:44:00,BID_SUBMITTED,"{""bid_id"": ""BID-00371"", ""request_id"": ""REQ-036"", ""vendor_id"": ""VND-0314"", ""price"": 66708.07}",9dff2d66da0537b0c656cbb34cb9af287d27280bfd08ad0997871d204c97e296,7de1f487e5b1541d4f5fb120a85f0ef520414f24eaebf3659e8ad8046e9cd80c
AUD-001050,2026-04-24 15:50:00,BID_SUBMITTED,"{""bid_id"": ""BID-00372"", ""request_id"": ""REQ-036"", ""vendor_id"": ""VND-0141"", ""price"": 66179.84}",7de1f487e5b1541d4f5fb120a85f0ef520414f24eaebf3659e8ad8046e9cd80c,11d4bef4b4a7c9aef0372e9971a687b8956f7b9aa60425336ef3501718cb97e6
AUD-001051,2026-04-24 15:58:00,BID_SUBMITTED,"{""bid_id"": ""BID-00373"", ""request_id"": ""REQ-036"", ""vendor_id"": ""VND-0406"", ""price"": 64611.7}",11d4bef4b4a7c9aef0372e9971a687b8956f7b9aa60425336ef3501718cb97e6,20f62eb280992be5e695a6c54d77c9211a03a1ccd823a4c0c95d493209ca2b56
AUD-001052,2026-04-24 16:05:00,BID_SUBMITTED,"{""bid_id"": ""BID-00374"", ""request_id"": ""REQ-036"", ""vendor_id"": ""VND-0314"", ""price"": 64091.69}",20f62eb280992be5e695a6c54d77c9211a03a1ccd823a4c0c95d493209ca2b56,5347ace5aaebb95bd8af4645b43e3f1b187866e4d669ca47487bb9e2282ec370
AUD-001053,2026-04-24 16:10:00,BID_SUBMITTED,"{""bid_id"": ""BID-00375"", ""request_id"": ""REQ-036"", ""vendor_id"": ""VND-0155"", ""price"": 63284.34}",5347ace5aaebb95bd8af4645b43e3f1b187866e4d669ca47487bb9e2282ec370,938306049c05e3c2027fdd3f35145367ede27ba895b30fe313a68294db32368b
AUD-001054,2026-04-24 16:17:00,BID_SUBMITTED,"{""bid_id"": ""BID-00376"", ""request_id"": ""REQ-036"", ""vendor_id"": ""VND-0299"", ""price"": 62270.98}",938306049c05e3c2027fdd3f35145367ede27ba895b30fe313a68294db32368b,980e4fdb0ccf6fab1f92ec60f2465f880224d32bf7413594c63f9fa50ab41ac1
AUD-001055,2026-04-24 16:26:00,BID_SUBMITTED,"{""bid_id"": ""BID-00377"", ""request_id"": ""REQ-036"", ""vendor_id"": ""VND-0314"", ""price"": 61008.92}",980e4fdb0ccf6fab1f92ec60f2465f880224d32bf7413594c63f9fa50ab41ac1,917a19f600b9332692493fca5d87c8e97b8c9e98a348001b41a40efb5e4834eb
AUD-001056,2026-04-24 20:03:00,BID_SUBMITTED,"{""bid_id"": ""BID-01007"", ""request_id"": ""REQ-094"", ""vendor_id"": ""VND-0438"", ""price"": 105731.94}",917a19f600b9332692493fca5d87c8e97b8c9e98a348001b41a40efb5e4834eb,8cd61adfcdc8e4960e5406482200a3363eec0c5c861d4bd8ebea6b3df662ad2d
AUD-001057,2026-04-24 20:08:00,BID_SUBMITTED,"{""bid_id"": ""BID-01008"", ""request_id"": ""REQ-094"", ""vendor_id"": ""VND-0131"", ""price"": 104671.26}",8cd61adfcdc8e4960e5406482200a3363eec0c5c861d4bd8ebea6b3df662ad2d,9843197389d85579a9b98cd265c522fe86358434faa6d2f34d74b2f2ab25c990
AUD-001058,2026-04-24 20:15:00,BID_SUBMITTED,"{""bid_id"": ""BID-01009"", ""request_id"": ""REQ-094"", ""vendor_id"": ""VND-0131"", ""price"": 103298.31}",9843197389d85579a9b98cd265c522fe86358434faa6d2f34d74b2f2ab25c990,b05f68c76a2da46e66c88bbbf48728b39fed788e0d7dc093ee2f9a0ee54bc199
AUD-001059,2026-04-24 20:17:00,BID_SUBMITTED,"{""bid_id"": ""BID-01010"", ""request_id"": ""REQ-094"", ""vendor_id"": ""VND-0438"", ""price"": 101144.21}",b05f68c76a2da46e66c88bbbf48728b39fed788e0d7dc093ee2f9a0ee54bc199,647cff00cbdf4ca32998e6a8d7f7a95ce377c45f2781f1f0a6154fe386f5fa6c
AUD-001060,2026-04-24 20:26:00,BID_SUBMITTED,"{""bid_id"": ""BID-01011"", ""request_id"": ""REQ-094"", ""vendor_id"": ""VND-0131"", ""price"": 98854.24}",647cff00cbdf4ca32998e6a8d7f7a95ce377c45f2781f1f0a6154fe386f5fa6c,874ef3c2ca29492cf1867ce64e7b22f7432af2ace51f9162a46bd88fb43ebc61
AUD-001061,2026-04-24 20:36:00,BID_SUBMITTED,"{""bid_id"": ""BID-01012"", ""request_id"": ""REQ-094"", ""vendor_id"": ""VND-0443"", ""price"": 97905.26}",874ef3c2ca29492cf1867ce64e7b22f7432af2ace51f9162a46bd88fb43ebc61,98f703d428069d2e49ed2419b13bb2e2d795b3e9955b66f208d03773fb33ea1d
AUD-001062,2026-04-24 20:40:00,BID_SUBMITTED,"{""bid_id"": ""BID-01013"", ""request_id"": ""REQ-094"", ""vendor_id"": ""VND-0427"", ""price"": 97001.56}",98f703d428069d2e49ed2419b13bb2e2d795b3e9955b66f208d03773fb33ea1d,d05bb4777a24788b249bebb3b28b01f77885c11daf40e5ccbaaf87220191d2fc
AUD-001063,2026-04-24 20:43:00,BID_SUBMITTED,"{""bid_id"": ""BID-01014"", ""request_id"": ""REQ-094"", ""vendor_id"": ""VND-0443"", ""price"": 95813.83}",d05bb4777a24788b249bebb3b28b01f77885c11daf40e5ccbaaf87220191d2fc,40670a6f2dc0eb56c05942e02defcf354a39a0f8020b5941462d41c0080579f3
AUD-001064,2026-04-24 20:50:00,BID_SUBMITTED,"{""bid_id"": ""BID-01015"", ""request_id"": ""REQ-094"", ""vendor_id"": ""VND-0443"", ""price"": 94540.24}",40670a6f2dc0eb56c05942e02defcf354a39a0f8020b5941462d41c0080579f3,06e19b144d0c5d634c836d4a47fa37006ff857350f1d745c37f3a17741ee360f
AUD-001065,2026-04-24 20:59:00,BID_SUBMITTED,"{""bid_id"": ""BID-01016"", ""request_id"": ""REQ-094"", ""vendor_id"": ""VND-0182"", ""price"": 93157.09}",06e19b144d0c5d634c836d4a47fa37006ff857350f1d745c37f3a17741ee360f,b0739071cc50a118e8aabb1dda453d438ebde1660a608f5dc70cb54b3faa0513
AUD-001066,2026-04-24 21:03:00,BID_SUBMITTED,"{""bid_id"": ""BID-01017"", ""request_id"": ""REQ-094"", ""vendor_id"": ""VND-0438"", ""price"": 92298.73}",b0739071cc50a118e8aabb1dda453d438ebde1660a608f5dc70cb54b3faa0513,e473af01f93e9dd8b0b2d9f1ba9e677b9079d761a28b5ff473c3bbac56b60bca
AUD-001067,2026-04-24 21:05:00,BID_SUBMITTED,"{""bid_id"": ""BID-01018"", ""request_id"": ""REQ-094"", ""vendor_id"": ""VND-0438"", ""price"": 91795.8}",e473af01f93e9dd8b0b2d9f1ba9e677b9079d761a28b5ff473c3bbac56b60bca,0591e46e0150eb480edcdd021dc29a674b2a7e9eb500c8cf4c87dc571e5ac2ee
AUD-001068,2026-04-24 23:00:01,BID_SUBMITTED,"{""bid_id"": ""BID-00576"", ""request_id"": ""REQ-055"", ""vendor_id"": ""VND-0115"", ""price"": 162057.94}",0591e46e0150eb480edcdd021dc29a674b2a7e9eb500c8cf4c87dc571e5ac2ee,6ae017dfac8ca43c7fcd6a6ab08ce41b8cacf0a8b7a9895ec08f1270e781a9e0
AUD-001069,2026-04-24 23:00:02,BID_SUBMITTED,"{""bid_id"": ""BID-00577"", ""request_id"": ""REQ-055"", ""vendor_id"": ""VND-0203"", ""price"": 161907.94}",6ae017dfac8ca43c7fcd6a6ab08ce41b8cacf0a8b7a9895ec08f1270e781a9e0,c5f69be875f7edc4b537f5d3d9934773eb92723ac8b8ceb1b86d70c1baef9658
AUD-001070,2026-04-24 23:00:03,BID_SUBMITTED,"{""bid_id"": ""BID-00578"", ""request_id"": ""REQ-055"", ""vendor_id"": ""VND-0115"", ""price"": 161757.94}",c5f69be875f7edc4b537f5d3d9934773eb92723ac8b8ceb1b86d70c1baef9658,bcd75cf97f48ab6c65cebe3fe588247f200ef20cfef88e7fb8d07dee87401883
AUD-001071,2026-04-24 23:00:04,BID_SUBMITTED,"{""bid_id"": ""BID-00579"", ""request_id"": ""REQ-055"", ""vendor_id"": ""VND-0203"", ""price"": 161607.94}",bcd75cf97f48ab6c65cebe3fe588247f200ef20cfef88e7fb8d07dee87401883,4988c2be5528b696ed08495822b1f09d0c58f00b0dfb94b72fa0ecafa979bb18
AUD-001072,2026-04-24 23:00:05,BID_SUBMITTED,"{""bid_id"": ""BID-00580"", ""request_id"": ""REQ-055"", ""vendor_id"": ""VND-0115"", ""price"": 161457.94}",4988c2be5528b696ed08495822b1f09d0c58f00b0dfb94b72fa0ecafa979bb18,19783fe68e1e8641d12e06b24fd6bb19add98d10a6261343ea67a511bfc7d99c
AUD-001073,2026-04-24 23:00:07,BID_SUBMITTED,"{""bid_id"": ""BID-00581"", ""request_id"": ""REQ-055"", ""vendor_id"": ""VND-0203"", ""price"": 161307.94}",19783fe68e1e8641d12e06b24fd6bb19add98d10a6261343ea67a511bfc7d99c,25d2b476fc09eb73cf712c8d483ec3098038f3698170df80fd07fb9794b55389
AUD-001074,2026-04-24 23:00:09,BID_SUBMITTED,"{""bid_id"": ""BID-00582"", ""request_id"": ""REQ-055"", ""vendor_id"": ""VND-0115"", ""price"": 161157.94}",25d2b476fc09eb73cf712c8d483ec3098038f3698170df80fd07fb9794b55389,184ca3ce39d53766505ed0e202af979c22dff2b4cdc908b8134cd8fbbd08115a
AUD-001075,2026-04-24 23:00:11,BID_SUBMITTED,"{""bid_id"": ""BID-00583"", ""request_id"": ""REQ-055"", ""vendor_id"": ""VND-0203"", ""price"": 161007.94}",184ca3ce39d53766505ed0e202af979c22dff2b4cdc908b8134cd8fbbd08115a,43e7bd7095a1309cb56b49538d21cee773104d8cfd6f3a90b4d84e5a8f33856e
AUD-001076,2026-04-24 23:00:12,BID_SUBMITTED,"{""bid_id"": ""BID-00584"", ""request_id"": ""REQ-055"", ""vendor_id"": ""VND-0115"", ""price"": 160857.94}",43e7bd7095a1309cb56b49538d21cee773104d8cfd6f3a90b4d84e5a8f33856e,08065ff8b151dce8f15b7f51059bd38e064aac106b2b66a7a4ac537916cd8dd2
AUD-001077,2026-04-24 23:00:13,BID_SUBMITTED,"{""bid_id"": ""BID-00585"", ""request_id"": ""REQ-055"", ""vendor_id"": ""VND-0203"", ""price"": 160707.94}",08065ff8b151dce8f15b7f51059bd38e064aac106b2b66a7a4ac537916cd8dd2,ce552df39019eda741d8f25c6546ccb6b3b706e765125a4bf0d8c92dc4b33885
AUD-001078,2026-04-24 23:05:13,BID_SUBMITTED,"{""bid_id"": ""BID-00586"", ""request_id"": ""REQ-055"", ""vendor_id"": ""VND-0015"", ""price"": 151741.35}",ce552df39019eda741d8f25c6546ccb6b3b706e765125a4bf0d8c92dc4b33885,cec7bd386ed128422325f8048f0e3e014c86b52002c54d821da4bba1807560c4
AUD-001079,2026-04-24 23:15:13,BID_SUBMITTED,"{""bid_id"": ""BID-00587"", ""request_id"": ""REQ-055"", ""vendor_id"": ""VND-0023"", ""price"": 153985.98}",cec7bd386ed128422325f8048f0e3e014c86b52002c54d821da4bba1807560c4,af926383ef02caa1a953609620a1a0c4d31cc38431e21674d825003b05d9bbbc
AUD-001080,2026-04-25 01:00:00,PROCUREMENT_REQUEST_CREATED,"{""request_id"": ""REQ-101"", ""title"": ""Fire Safety Systems Audit (Lot 101)"", ""max_budget"": 183442.56}",af926383ef02caa1a953609620a1a0c4d31cc38431e21674d825003b05d9bbbc,bb2257bee0341000260ba8c4419480d40eacc20dbde28796fa6614bea931a223
AUD-001081,2026-04-25 11:00:00,PROCUREMENT_REQUEST_CREATED,"{""request_id"": ""REQ-129"", ""title"": ""Event Brochure & Poster Print (Lot 129)"", ""max_budget"": 176975.91}",bb2257bee0341000260ba8c4419480d40eacc20dbde28796fa6614bea931a223,aec9a2b02c1559afa632f6c12499d8fd0c39153d96ec1a8d80146894c0162dbe
AUD-001082,2026-04-25 19:00:00,PROCUREMENT_REQUEST_CREATED,"{""request_id"": ""REQ-025"", ""title"": ""Access Control Hardware & Service (Lot 025)"", ""max_budget"": 86664.7}",aec9a2b02c1559afa632f6c12499d8fd0c39153d96ec1a8d80146894c0162dbe,e170723c8254d9fe410b82fce5b5f411ecccc1dead0d40476d86225add44dba3
AUD-001083,2026-04-26 01:09:00,BID_SUBMITTED,"{""bid_id"": ""BID-01081"", ""request_id"": ""REQ-101"", ""vendor_id"": ""VND-0410"", ""price"": 180841.9}",e170723c8254d9fe410b82fce5b5f411ecccc1dead0d40476d86225add44dba3,dd960da6603fe4e9dd11db444dfbfcffd3162183c1b4c30a866c73bd51dc983a
AUD-001084,2026-04-26 01:18:00,BID_SUBMITTED,"{""bid_id"": ""BID-01082"", ""request_id"": ""REQ-101"", ""vendor_id"": ""VND-0428"", ""price"": 176819.89}",dd960da6603fe4e9dd11db444dfbfcffd3162183c1b4c30a866c73bd51dc983a,2111a2cd033d80c8b1889f90df0fe11898850e395c7e0601adf89c6059711eb1
AUD-001085,2026-04-26 01:26:00,BID_SUBMITTED,"{""bid_id"": ""BID-01083"", ""request_id"": ""REQ-101"", ""vendor_id"": ""VND-0240"", ""price"": 175024.04}",2111a2cd033d80c8b1889f90df0fe11898850e395c7e0601adf89c6059711eb1,f229e1fc587d636e3d18e81981b2667e408dcf740682b3b6baa3e42f57eeebeb
AUD-001086,2026-04-26 01:31:00,BID_SUBMITTED,"{""bid_id"": ""BID-01084"", ""request_id"": ""REQ-101"", ""vendor_id"": ""VND-0115"", ""price"": 171388.24}",f229e1fc587d636e3d18e81981b2667e408dcf740682b3b6baa3e42f57eeebeb,ba1f085fdd1b7909e04f9ea9030618ebb4f4e193373f7ed87906a6324f4867f6
AUD-001087,2026-04-26 01:38:00,BID_SUBMITTED,"{""bid_id"": ""BID-01085"", ""request_id"": ""REQ-101"", ""vendor_id"": ""VND-0115"", ""price"": 168127.84}",ba1f085fdd1b7909e04f9ea9030618ebb4f4e193373f7ed87906a6324f4867f6,b88f1a0c7c7fa10184a9779e35b2b59c5fc0d2bd4649c6c4f5ea9ac0b9e72ab0
AUD-001088,2026-04-26 01:48:00,BID_SUBMITTED,"{""bid_id"": ""BID-01086"", ""request_id"": ""REQ-101"", ""vendor_id"": ""VND-0392"", ""price"": 164074.46}",b88f1a0c7c7fa10184a9779e35b2b59c5fc0d2bd4649c6c4f5ea9ac0b9e72ab0,1318fa11047343e665109e3efcb04902b725643b3f9e80207f4a078dfab73be5
AUD-001089,2026-04-26 01:54:00,BID_SUBMITTED,"{""bid_id"": ""BID-01087"", ""request_id"": ""REQ-101"", ""vendor_id"": ""VND-0428"", ""price"": 163222.18}",1318fa11047343e665109e3efcb04902b725643b3f9e80207f4a078dfab73be5,c0f49b1babad4a7d5286e40eefa9331e8178a4fb692cbe94cb1e47ede2b8e686
AUD-001090,2026-04-26 02:02:00,BID_SUBMITTED,"{""bid_id"": ""BID-01088"", ""request_id"": ""REQ-101"", ""vendor_id"": ""VND-0371"", ""price"": 161468.23}",c0f49b1babad4a7d5286e40eefa9331e8178a4fb692cbe94cb1e47ede2b8e686,748749bf1eb861cee4c0cf1aa8caa39e1b315ab5c2722196d7a72dea4069e377
AUD-001091,2026-04-26 02:09:00,BID_SUBMITTED,"{""bid_id"": ""BID-01089"", ""request_id"": ""REQ-101"", ""vendor_id"": ""VND-0115"", ""price"": 158242.78}",748749bf1eb861cee4c0cf1aa8caa39e1b315ab5c2722196d7a72dea4069e377,cc5afc9c92705d39b89b993e71dd054a1094f8f542d3de1bcb2c90e49239f0da
AUD-001092,2026-04-26 02:13:00,BID_SUBMITTED,"{""bid_id"": ""BID-01090"", ""request_id"": ""REQ-101"", ""vendor_id"": ""VND-0240"", ""price"": 155696.49}",cc5afc9c92705d39b89b993e71dd054a1094f8f542d3de1bcb2c90e49239f0da,4ae6a989bc4b71970f5345f649d1a90e7200e066f7f41b9bd92b1569b66e9202
AUD-001093,2026-04-26 02:18:00,BID_SUBMITTED,"{""bid_id"": ""BID-01091"", ""request_id"": ""REQ-101"", ""vendor_id"": ""VND-0392"", ""price"": 153940.63}",4ae6a989bc4b71970f5345f649d1a90e7200e066f7f41b9bd92b1569b66e9202,40a854ba531ff58b150d34e505a79e36420f4f9baf96873f5807f99ed59070b0
AUD-001094,2026-04-26 11:02:00,BID_SUBMITTED,"{""bid_id"": ""BID-01384"", ""request_id"": ""REQ-129"", ""vendor_id"": ""VND-0384"", ""price"": 172833.31}",40a854ba531ff58b150d34e505a79e36420f4f9baf96873f5807f99ed59070b0,e72fed672887350199526651c567cf92b8250d6b2833af77b9a9807a4c0dcad7
AUD-001095,2026-04-26 11:06:00,BID_SUBMITTED,"{""bid_id"": ""BID-01385"", ""request_id"": ""REQ-129"", ""vendor_id"": ""VND-0028"", ""price"": 170527.86}",e72fed672887350199526651c567cf92b8250d6b2833af77b9a9807a4c0dcad7,9a934f9aebcd7cd92ccc46725da79cc771d2a159727f9e9aca832eeae402ee4c
AUD-001096,2026-04-26 11:16:00,BID_SUBMITTED,"{""bid_id"": ""BID-01386"", ""request_id"": ""REQ-129"", ""vendor_id"": ""VND-0441"", ""price"": 167383.02}",9a934f9aebcd7cd92ccc46725da79cc771d2a159727f9e9aca832eeae402ee4c,524d42ca3f2959fa2a7e9eb7292cb741caebe7637f4ffe13192cadfdcefe9f19
AUD-001097,2026-04-26 11:23:00,BID_SUBMITTED,"{""bid_id"": ""BID-01387"", ""request_id"": ""REQ-129"", ""vendor_id"": ""VND-0441"", ""price"": 163311.29}",524d42ca3f2959fa2a7e9eb7292cb741caebe7637f4ffe13192cadfdcefe9f19,463fa650dd8a42cfc42d50a170e9cfc277163d866c9c9352dbe380b2f2f0a9be
AUD-001098,2026-04-26 11:29:00,BID_SUBMITTED,"{""bid_id"": ""BID-01388"", ""request_id"": ""REQ-129"", ""vendor_id"": ""VND-0028"", ""price"": 162190.56}",463fa650dd8a42cfc42d50a170e9cfc277163d866c9c9352dbe380b2f2f0a9be,5b2c3a1a19d9f06164e91e47c2c9f2a259b5493a7a05a66795cece5e7128ff44
AUD-001099,2026-04-26 11:37:00,BID_SUBMITTED,"{""bid_id"": ""BID-01389"", ""request_id"": ""REQ-129"", ""vendor_id"": ""VND-0384"", ""price"": 160184.03}",5b2c3a1a19d9f06164e91e47c2c9f2a259b5493a7a05a66795cece5e7128ff44,49fb03453bc18f077ebbf378e8793aa24f535e31d382d653c4ed7f64c1dc931e
AUD-001100,2026-04-26 11:47:00,BID_SUBMITTED,"{""bid_id"": ""BID-01390"", ""request_id"": ""REQ-129"", ""vendor_id"": ""VND-0028"", ""price"": 156953.31}",49fb03453bc18f077ebbf378e8793aa24f535e31d382d653c4ed7f64c1dc931e,0b93f37883fb1056ee0655085d1040dc0d18cd6d2787d9640cfe3e96e81bc595
AUD-001101,2026-04-26 11:51:00,BID_SUBMITTED,"{""bid_id"": ""BID-01391"", ""request_id"": ""REQ-129"", ""vendor_id"": ""VND-0028"", ""price"": 155249.32}",0b93f37883fb1056ee0655085d1040dc0d18cd6d2787d9640cfe3e96e81bc595,3f8ce2c637d0dc6ee605fff09f00f4e9421ff280ae72590c323d37c38cb86009
AUD-001102,2026-04-26 11:57:00,BID_SUBMITTED,"{""bid_id"": ""BID-01392"", ""request_id"": ""REQ-129"", ""vendor_id"": ""VND-0028"", ""price"": 152316.29}",3f8ce2c637d0dc6ee605fff09f00f4e9421ff280ae72590c323d37c38cb86009,7af3542dfdcf5fefd5b1b042cba5f1c37e2058190beb62644849ed35ee1e555b
AUD-001103,2026-04-26 12:07:00,BID_SUBMITTED,"{""bid_id"": ""BID-01393"", ""request_id"": ""REQ-129"", ""vendor_id"": ""VND-0384"", ""price"": 149949.13}",7af3542dfdcf5fefd5b1b042cba5f1c37e2058190beb62644849ed35ee1e555b,78fe2eb51db4b30f7322249f53c115fe5bd315906cc73ba853c5d8f8a5ffbb88
AUD-001104,2026-04-26 19:05:00,BID_SUBMITTED,"{""bid_id"": ""BID-00253"", ""request_id"": ""REQ-025"", ""vendor_id"": ""VND-0209"", ""price"": 85408.77}",78fe2eb51db4b30f7322249f53c115fe5bd315906cc73ba853c5d8f8a5ffbb88,cfeb043824290eda3a2131e164fab12f87a75e82ff83f3b9e0c3bc7c658afb99
AUD-001105,2026-04-26 19:14:00,BID_SUBMITTED,"{""bid_id"": ""BID-00254"", ""request_id"": ""REQ-025"", ""vendor_id"": ""VND-0209"", ""price"": 84894.0}",cfeb043824290eda3a2131e164fab12f87a75e82ff83f3b9e0c3bc7c658afb99,fcae070d48b7e70bf80fd051526887fd06fd77512e69102d53a741e9ca5774cd
AUD-001106,2026-04-26 19:22:00,BID_SUBMITTED,"{""bid_id"": ""BID-00255"", ""request_id"": ""REQ-025"", ""vendor_id"": ""VND-0261"", ""price"": 83579.45}",fcae070d48b7e70bf80fd051526887fd06fd77512e69102d53a741e9ca5774cd,2922f7aaf81e675c8edecd76171d4053c8981930e30ee5dbbcf74de1e8d8ffa6
AUD-001107,2026-04-26 19:27:00,BID_SUBMITTED,"{""bid_id"": ""BID-00256"", ""request_id"": ""REQ-025"", ""vendor_id"": ""VND-0261"", ""price"": 81788.07}",2922f7aaf81e675c8edecd76171d4053c8981930e30ee5dbbcf74de1e8d8ffa6,ef6e2825adf76477d83ca2ef5382a2f16d43e7e2a3f725f4e7584740b9b0795e
AUD-001108,2026-04-26 19:30:00,BID_SUBMITTED,"{""bid_id"": ""BID-00257"", ""request_id"": ""REQ-025"", ""vendor_id"": ""VND-0261"", ""price"": 80442.54}",ef6e2825adf76477d83ca2ef5382a2f16d43e7e2a3f725f4e7584740b9b0795e,efd9512a2b945b9116d37d41fcd66e01742353c0bdf8e1031728748a5e80198b
AUD-001109,2026-04-26 19:37:00,BID_SUBMITTED,"{""bid_id"": ""BID-00258"", ""request_id"": ""REQ-025"", ""vendor_id"": ""VND-0261"", ""price"": 80009.86}",efd9512a2b945b9116d37d41fcd66e01742353c0bdf8e1031728748a5e80198b,ecc064f85baad6534d4d692bc2651ee38e4ffe23f45b12502dbc9d972b80f577
AUD-001110,2026-04-28 11:00:00,PROCUREMENT_REQUEST_CREATED,"{""request_id"": ""REQ-149"", ""title"": ""Laser Printer Toners & Papers (Lot 149)"", ""max_budget"": 101371.43}",ecc064f85baad6534d4d692bc2651ee38e4ffe23f45b12502dbc9d972b80f577,ecb6135266995905c521b7966a320e43ad964669d574437b56ac15f0c7cf417a
AUD-001111,2026-04-29 11:09:00,BID_SUBMITTED,"{""bid_id"": ""BID-01624"", ""request_id"": ""REQ-149"", ""vendor_id"": ""VND-0475"", ""price"": 99272.04}",ecb6135266995905c521b7966a320e43ad964669d574437b56ac15f0c7cf417a,3e940a5fe6b89db27efc94a0b64718d9cc4999c11ebf5481f69c6e8b27f00da8
AUD-001112,2026-04-29 11:14:00,BID_SUBMITTED,"{""bid_id"": ""BID-01625"", ""request_id"": ""REQ-149"", ""vendor_id"": ""VND-0043"", ""price"": 98545.24}",3e940a5fe6b89db27efc94a0b64718d9cc4999c11ebf5481f69c6e8b27f00da8,1669e7a2d24120ead2db501e1e2c0b835faac3cb4092c5faed8cd6c3560d949a
AUD-001113,2026-04-29 11:21:00,BID_SUBMITTED,"{""bid_id"": ""BID-01626"", ""request_id"": ""REQ-149"", ""vendor_id"": ""VND-0021"", ""price"": 97175.82}",1669e7a2d24120ead2db501e1e2c0b835faac3cb4092c5faed8cd6c3560d949a,90f29b3d01f9d161c62754a30382a56ec81595358a46eeadb1562133314e0bf2
AUD-001114,2026-04-29 11:28:00,BID_SUBMITTED,"{""bid_id"": ""BID-01627"", ""request_id"": ""REQ-149"", ""vendor_id"": ""VND-0020"", ""price"": 96303.66}",90f29b3d01f9d161c62754a30382a56ec81595358a46eeadb1562133314e0bf2,cebd024c293de389aaac41086c37f70d466fd98d915f57b8fffe8367e007b23e
AUD-001115,2026-04-29 11:35:00,BID_SUBMITTED,"{""bid_id"": ""BID-01628"", ""request_id"": ""REQ-149"", ""vendor_id"": ""VND-0475"", ""price"": 94321.78}",cebd024c293de389aaac41086c37f70d466fd98d915f57b8fffe8367e007b23e,83fde6661f7ea36c64e29707c648c057a1badefebbc42ea2929cb425565980d4
AUD-001116,2026-04-29 11:43:00,BID_SUBMITTED,"{""bid_id"": ""BID-01629"", ""request_id"": ""REQ-149"", ""vendor_id"": ""VND-0475"", ""price"": 93665.18}",83fde6661f7ea36c64e29707c648c057a1badefebbc42ea2929cb425565980d4,e630e4585ef3e33ecbb59b19d04082223d2e2f46be18135d83e0bf04eaafd828
AUD-001117,2026-04-29 11:48:00,BID_SUBMITTED,"{""bid_id"": ""BID-01630"", ""request_id"": ""REQ-149"", ""vendor_id"": ""VND-0292"", ""price"": 92822.28}",e630e4585ef3e33ecbb59b19d04082223d2e2f46be18135d83e0bf04eaafd828,b0a54fc58ce0bf8ef5f7d912dcfb791681db5e425a880912ab633679f76963c8
AUD-001118,2026-04-29 11:57:00,BID_SUBMITTED,"{""bid_id"": ""BID-01631"", ""request_id"": ""REQ-149"", ""vendor_id"": ""VND-0497"", ""price"": 91483.8}",b0a54fc58ce0bf8ef5f7d912dcfb791681db5e425a880912ab633679f76963c8,2bf3c0f2e70cd6071b20bbfb3884ae02fad43e930bec888b01be3e5447fb0b8b
AUD-001119,2026-04-29 22:00:00,PROCUREMENT_REQUEST_CREATED,"{""request_id"": ""REQ-053"", ""title"": ""Polymers & Plastic Pellets (Lot 053)"", ""max_budget"": 37326.04}",2bf3c0f2e70cd6071b20bbfb3884ae02fad43e930bec888b01be3e5447fb0b8b,ddbc3e43ebcdf822c2b5ce84fd238da5555eb41fb3c3504b03de0a63da92f8b4
AUD-001120,2026-04-30 18:00:00,PROCUREMENT_REQUEST_CREATED,"{""request_id"": ""REQ-057"", ""title"": ""Specialized Window Cleaning Lot (Lot 057)"", ""max_budget"": 95147.63}",ddbc3e43ebcdf822c2b5ce84fd238da5555eb41fb3c3504b03de0a63da92f8b4,4a0a16abd7b6e71d74aecb96cf21f11237aad9d679df8a839c73bc73a9756cc6
AUD-001121,2026-04-30 20:00:00,PROCUREMENT_REQUEST_CREATED,"{""request_id"": ""REQ-127"", ""title"": ""Specialized Window Cleaning Lot (Lot 127)"", ""max_budget"": 128760.9}",4a0a16abd7b6e71d74aecb96cf21f11237aad9d679df8a839c73bc73a9756cc6,86d006aee42766b9f71b58a8c4e794d58c8fec91822da0e8797682e6f5d264ff
AUD-001122,2026-04-30 21:00:00,PROCUREMENT_REQUEST_CREATED,"{""request_id"": ""REQ-024"", ""title"": ""Specialized Window Cleaning Lot (Lot 024)"", ""max_budget"": 15190.29}",86d006aee42766b9f71b58a8c4e794d58c8fec91822da0e8797682e6f5d264ff,1b209e39f10ea2f662309a29ab029516cf7364564f47dbc58104d3b4c26fddfa
AUD-001123,2026-04-30 22:08:00,BID_SUBMITTED,"{""bid_id"": ""BID-00553"", ""request_id"": ""REQ-053"", ""vendor_id"": ""VND-0219"", ""price"": 37040.88}",1b209e39f10ea2f662309a29ab029516cf7364564f47dbc58104d3b4c26fddfa,562ad784288a18072bbaa9ad004dd8966bd8f99432c05d350dc258de400af8d1
AUD-001124,2026-04-30 22:12:00,BID_SUBMITTED,"{""bid_id"": ""BID-00554"", ""request_id"": ""REQ-053"", ""vendor_id"": ""VND-0219"", ""price"": 36450.93}",562ad784288a18072bbaa9ad004dd8966bd8f99432c05d350dc258de400af8d1,76563c3ea7271c66284e4a6d4af07b18965543942b26550b1341759f6ae5999f
AUD-001125,2026-04-30 22:15:00,BID_SUBMITTED,"{""bid_id"": ""BID-00555"", ""request_id"": ""REQ-053"", ""vendor_id"": ""VND-0442"", ""price"": 35572.86}",76563c3ea7271c66284e4a6d4af07b18965543942b26550b1341759f6ae5999f,4015bb6994243e1ba49810db68f741c4159062347db972ace94edb807677a2a3
AUD-001126,2026-04-30 22:17:00,BID_SUBMITTED,"{""bid_id"": ""BID-00556"", ""request_id"": ""REQ-053"", ""vendor_id"": ""VND-0316"", ""price"": 34977.11}",4015bb6994243e1ba49810db68f741c4159062347db972ace94edb807677a2a3,968682016f2d3f3ad62b96589cc187d2ad477c57e3b85b23f19abdf0c9b4264e
AUD-001127,2026-04-30 22:19:00,BID_SUBMITTED,"{""bid_id"": ""BID-00557"", ""request_id"": ""REQ-053"", ""vendor_id"": ""VND-0219"", ""price"": 34651.3}",968682016f2d3f3ad62b96589cc187d2ad477c57e3b85b23f19abdf0c9b4264e,77f60434c83464fd03dae475744c99c599f5900adb4c3f38827ec5f025e6293f
AUD-001128,2026-04-30 22:29:00,BID_SUBMITTED,"{""bid_id"": ""BID-00558"", ""request_id"": ""REQ-053"", ""vendor_id"": ""VND-0442"", ""price"": 34126.95}",77f60434c83464fd03dae475744c99c599f5900adb4c3f38827ec5f025e6293f,939f754f58f75b1148e91f0454112baa67addaf572b3fa598c9248337b5ebed5
AUD-001129,2026-04-30 22:37:00,BID_SUBMITTED,"{""bid_id"": ""BID-00559"", ""request_id"": ""REQ-053"", ""vendor_id"": ""VND-0442"", ""price"": 33667.21}",939f754f58f75b1148e91f0454112baa67addaf572b3fa598c9248337b5ebed5,e56a40d93cddfa1d394f98bebfce14f36f269975876a865a1d8ebaa7ebe3bc36
AUD-001130,2026-04-30 22:47:00,BID_SUBMITTED,"{""bid_id"": ""BID-00560"", ""request_id"": ""REQ-053"", ""vendor_id"": ""VND-0316"", ""price"": 33067.57}",e56a40d93cddfa1d394f98bebfce14f36f269975876a865a1d8ebaa7ebe3bc36,c072def99fb4dc59037e45ace7856132ee3d7a387a50263e90b77adc32751b01
AUD-001131,2026-04-30 22:50:00,BID_SUBMITTED,"{""bid_id"": ""BID-00561"", ""request_id"": ""REQ-053"", ""vendor_id"": ""VND-0058"", ""price"": 32801.26}",c072def99fb4dc59037e45ace7856132ee3d7a387a50263e90b77adc32751b01,bd553fec02795c3d4959da5fa6baf8de95deded861ce942685af0672f0c10c2a
AUD-001132,2026-04-30 22:55:00,BID_SUBMITTED,"{""bid_id"": ""BID-00562"", ""request_id"": ""REQ-053"", ""vendor_id"": ""VND-0219"", ""price"": 32585.41}",bd553fec02795c3d4959da5fa6baf8de95deded861ce942685af0672f0c10c2a,217638b2da20e88f7a377e59ed341bb2c17825d6481f897ac581e97a5b2407a8
AUD-001133,2026-04-30 23:03:00,BID_SUBMITTED,"{""bid_id"": ""BID-00563"", ""request_id"": ""REQ-053"", ""vendor_id"": ""VND-0111"", ""price"": 32072.92}",217638b2da20e88f7a377e59ed341bb2c17825d6481f897ac581e97a5b2407a8,850cd1f0200ff4deb15cfe4167aa6a6b32164189a3556b82bfcf6f92d920e322
AUD-001134,2026-05-01 13:00:00,PROCUREMENT_REQUEST_CREATED,"{""request_id"": ""REQ-032"", ""title"": ""Polymers & Plastic Pellets (Lot 032)"", ""max_budget"": 115239.4}",850cd1f0200ff4deb15cfe4167aa6a6b32164189a3556b82bfcf6f92d920e322,61452e8fa06ca314e5b97b9f8bd0a182f1466f8f02a0cd49df46fbe4ee471af0
AUD-001135,2026-05-01 18:10:00,BID_SUBMITTED,"{""bid_id"": ""BID-00600"", ""request_id"": ""REQ-057"", ""vendor_id"": ""VND-0259"", ""price"": 94049.05}",61452e8fa06ca314e5b97b9f8bd0a182f1466f8f02a0cd49df46fbe4ee471af0,4b8d8759d7be31bea2cfa5fdfd2d430a6bbb49f90afbd87ca70881b2e34d35da
AUD-001136,2026-05-01 18:15:00,BID_SUBMITTED,"{""bid_id"": ""BID-00601"", ""request_id"": ""REQ-057"", ""vendor_id"": ""VND-0259"", ""price"": 93563.82}",4b8d8759d7be31bea2cfa5fdfd2d430a6bbb49f90afbd87ca70881b2e34d35da,b20860f384e3102d951c1684fd434700216cb03160d899cc60c83465f79d23cd
AUD-001137,2026-05-01 18:21:00,BID_SUBMITTED,"{""bid_id"": ""BID-00602"", ""request_id"": ""REQ-057"", ""vendor_id"": ""VND-0259"", ""price"": 92040.96}",b20860f384e3102d951c1684fd434700216cb03160d899cc60c83465f79d23cd,d5e4aac81836bdf9e1ece0201be82c425c95578acbf31994525ebffa87ff5680
AUD-001138,2026-05-01 18:30:00,BID_SUBMITTED,"{""bid_id"": ""BID-00603"", ""request_id"": ""REQ-057"", ""vendor_id"": ""VND-0390"", ""price"": 90434.45}",d5e4aac81836bdf9e1ece0201be82c425c95578acbf31994525ebffa87ff5680,d694929b7ba4662061697176ad9c1942e4a3810936b5030314af254f87a933d0
AUD-001139,2026-05-01 18:39:00,BID_SUBMITTED,"{""bid_id"": ""BID-00604"", ""request_id"": ""REQ-057"", ""vendor_id"": ""VND-0259"", ""price"": 88912.09}",d694929b7ba4662061697176ad9c1942e4a3810936b5030314af254f87a933d0,d384a45b9b25ceb31e5a8ffebdc70d5251f007796f88d1c0fe66e2b169977885
AUD-001140,2026-05-01 18:49:00,BID_SUBMITTED,"{""bid_id"": ""BID-00605"", ""request_id"": ""REQ-057"", ""vendor_id"": ""VND-0406"", ""price"": 87165.03}",d384a45b9b25ceb31e5a8ffebdc70d5251f007796f88d1c0fe66e2b169977885,e015ff4630bd6332f25aa867e3bbaddb76ddca393bac0aeb75f61dae31b96c62
AUD-001141,2026-05-01 18:57:00,BID_SUBMITTED,"{""bid_id"": ""BID-00606"", ""request_id"": ""REQ-057"", ""vendor_id"": ""VND-0406"", ""price"": 86466.72}",e015ff4630bd6332f25aa867e3bbaddb76ddca393bac0aeb75f61dae31b96c62,beb3948c7eb8f5798cba0768b8ccac1e77d6dc3e7c65c5dbe8bcf7aee0935fab
AUD-001142,2026-05-01 19:04:00,BID_SUBMITTED,"{""bid_id"": ""BID-00607"", ""request_id"": ""REQ-057"", ""vendor_id"": ""VND-0406"", ""price"": 85631.46}",beb3948c7eb8f5798cba0768b8ccac1e77d6dc3e7c65c5dbe8bcf7aee0935fab,33b9f0d0f3af8fb28336912bb8aebe9fc43e939864d6047268beef6d7d8557b8
AUD-001143,2026-05-01 19:06:00,BID_SUBMITTED,"{""bid_id"": ""BID-00608"", ""request_id"": ""REQ-057"", ""vendor_id"": ""VND-0390"", ""price"": 83765.42}",33b9f0d0f3af8fb28336912bb8aebe9fc43e939864d6047268beef6d7d8557b8,4d888f6bcf333772a2e062cef51097f16ef9bf05aca5077afb1473a97a596ace
AUD-001144,2026-05-01 19:14:00,BID_SUBMITTED,"{""bid_id"": ""BID-00609"", ""request_id"": ""REQ-057"", ""vendor_id"": ""VND-0259"", ""price"": 83344.15}",4d888f6bcf333772a2e062cef51097f16ef9bf05aca5077afb1473a97a596ace,af7182fe936dd79d6b783ea5de984bcb32a22895cdefd4882715edf0c178230d
AUD-001145,2026-05-01 20:05:00,BID_SUBMITTED,"{""bid_id"": ""BID-01363"", ""request_id"": ""REQ-127"", ""vendor_id"": ""VND-0259"", ""price"": 125808.11}",af7182fe936dd79d6b783ea5de984bcb32a22895cdefd4882715edf0c178230d,67732ebc15effd1df2ca6bafbef6c0313e2a21c56d094ccbb5ad1090eac1ecef
AUD-001146,2026-05-01 20:12:00,BID_SUBMITTED,"{""bid_id"": ""BID-01364"", ""request_id"": ""REQ-127"", ""vendor_id"": ""VND-0207"", ""price"": 124952.16}",67732ebc15effd1df2ca6bafbef6c0313e2a21c56d094ccbb5ad1090eac1ecef,99f827d8a7c150d79cc1e2eb287614e67c0e38c55ca9a8394f9b3ae35375a700
AUD-001147,2026-05-01 20:16:00,BID_SUBMITTED,"{""bid_id"": ""BID-01365"", ""request_id"": ""REQ-127"", ""vendor_id"": ""VND-0033"", ""price"": 122706.58}",99f827d8a7c150d79cc1e2eb287614e67c0e38c55ca9a8394f9b3ae35375a700,595b301cf921672ddd89e9be222f0ec7016d4d1d9fa0929b4eb631580c20cf4c
AUD-001148,2026-05-01 20:19:00,BID_SUBMITTED,"{""bid_id"": ""BID-01366"", ""request_id"": ""REQ-127"", ""vendor_id"": ""VND-0033"", ""price"": 120293.53}",595b301cf921672ddd89e9be222f0ec7016d4d1d9fa0929b4eb631580c20cf4c,7936a1ceda02242ae1873599abfa9f41a6ec74c12d84ff255b49496737a8605e
AUD-001149,2026-05-01 20:26:00,BID_SUBMITTED,"{""bid_id"": ""BID-01367"", ""request_id"": ""REQ-127"", ""vendor_id"": ""VND-0120"", ""price"": 117992.97}",7936a1ceda02242ae1873599abfa9f41a6ec74c12d84ff255b49496737a8605e,5f97629c1429fb6db31299709ed8ffdd7f394417120b71ce73b958f0cc18e17b
AUD-001150,2026-05-01 20:34:00,BID_SUBMITTED,"{""bid_id"": ""BID-01368"", ""request_id"": ""REQ-127"", ""vendor_id"": ""VND-0120"", ""price"": 116166.87}",5f97629c1429fb6db31299709ed8ffdd7f394417120b71ce73b958f0cc18e17b,f4dcfb11b4c49936153f60be4b026c60344a76023986462ed22b3bfee01f728b
AUD-001151,2026-05-01 20:44:00,BID_SUBMITTED,"{""bid_id"": ""BID-01369"", ""request_id"": ""REQ-127"", ""vendor_id"": ""VND-0033"", ""price"": 113748.12}",f4dcfb11b4c49936153f60be4b026c60344a76023986462ed22b3bfee01f728b,f4ab83a53ab954e3e924b10f0b50e4585f03cad85a3fb3e5eb85b73d08002386
AUD-001152,2026-05-01 20:52:00,BID_SUBMITTED,"{""bid_id"": ""BID-01370"", ""request_id"": ""REQ-127"", ""vendor_id"": ""VND-0259"", ""price"": 111018.72}",f4ab83a53ab954e3e924b10f0b50e4585f03cad85a3fb3e5eb85b73d08002386,7bab499920bf6231b71f370d5649221f5ddb3eeee980fe24d5fc0164eaf1bf4d
AUD-001153,2026-05-01 20:56:00,BID_SUBMITTED,"{""bid_id"": ""BID-01371"", ""request_id"": ""REQ-127"", ""vendor_id"": ""VND-0259"", ""price"": 109618.54}",7bab499920bf6231b71f370d5649221f5ddb3eeee980fe24d5fc0164eaf1bf4d,6e5cb1c8d422ff9216f67c9448c9e27f14fb43d69a60d1ca9ac0cc8537d9be1d
AUD-001154,2026-05-01 21:00:00,BID_SUBMITTED,"{""bid_id"": ""BID-01372"", ""request_id"": ""REQ-127"", ""vendor_id"": ""VND-0233"", ""price"": 107830.68}",6e5cb1c8d422ff9216f67c9448c9e27f14fb43d69a60d1ca9ac0cc8537d9be1d,39affd118794e901742acba52a6558af94abef1c979ed3cabe2bbddfb90fd530
AUD-001155,2026-05-01 21:00:01,BID_SUBMITTED,"{""bid_id"": ""BID-00241"", ""request_id"": ""REQ-024"", ""vendor_id"": ""VND-0268"", ""price"": 14280.78}",39affd118794e901742acba52a6558af94abef1c979ed3cabe2bbddfb90fd530,1942d9ebdfa6998b2c661e1ade1e6fb21dabc666c3178da23caf88d5de80d2c2
AUD-001156,2026-05-01 21:00:02,BID_SUBMITTED,"{""bid_id"": ""BID-00242"", ""request_id"": ""REQ-024"", ""vendor_id"": ""VND-0259"", ""price"": 14130.78}",1942d9ebdfa6998b2c661e1ade1e6fb21dabc666c3178da23caf88d5de80d2c2,dbfa2a96d3baa6a5294dba66d2b904cde5c0f44379ccc0db144276e76b43b0b2
AUD-001157,2026-05-01 21:00:04,BID_SUBMITTED,"{""bid_id"": ""BID-00243"", ""request_id"": ""REQ-024"", ""vendor_id"": ""VND-0268"", ""price"": 13980.78}",dbfa2a96d3baa6a5294dba66d2b904cde5c0f44379ccc0db144276e76b43b0b2,58d2aec96f06ecd903c07ac8d29b716bbac259f9b312347b40c936fb0c4723d4
AUD-001158,2026-05-01 21:00:06,BID_SUBMITTED,"{""bid_id"": ""BID-00244"", ""request_id"": ""REQ-024"", ""vendor_id"": ""VND-0259"", ""price"": 13830.78}",58d2aec96f06ecd903c07ac8d29b716bbac259f9b312347b40c936fb0c4723d4,77d76fe0e4e61a3eedcb711bc375edf039f02f152b37c191c91159fa930bae6c
AUD-001159,2026-05-01 21:00:07,BID_SUBMITTED,"{""bid_id"": ""BID-00245"", ""request_id"": ""REQ-024"", ""vendor_id"": ""VND-0268"", ""price"": 13680.78}",77d76fe0e4e61a3eedcb711bc375edf039f02f152b37c191c91159fa930bae6c,fbf00082c2dd307664ffd996787af3c9297c3c6f14d725dbd7a17e7380610bdc
AUD-001160,2026-05-01 21:00:09,BID_SUBMITTED,"{""bid_id"": ""BID-00246"", ""request_id"": ""REQ-024"", ""vendor_id"": ""VND-0259"", ""price"": 13530.78}",fbf00082c2dd307664ffd996787af3c9297c3c6f14d725dbd7a17e7380610bdc,0f5da3772d1919861df455a97b0841281bc884fe42a624f426395aaafb70c5c3
AUD-001161,2026-05-01 21:00:11,BID_SUBMITTED,"{""bid_id"": ""BID-00247"", ""request_id"": ""REQ-024"", ""vendor_id"": ""VND-0268"", ""price"": 13380.78}",0f5da3772d1919861df455a97b0841281bc884fe42a624f426395aaafb70c5c3,d1c5252ba53f5e53f7dd837a2b8e4b161b779140a2c40e826feaf57141920183
AUD-001162,2026-05-01 21:00:13,BID_SUBMITTED,"{""bid_id"": ""BID-00248"", ""request_id"": ""REQ-024"", ""vendor_id"": ""VND-0259"", ""price"": 13230.78}",d1c5252ba53f5e53f7dd837a2b8e4b161b779140a2c40e826feaf57141920183,e89994ef930e97e111571e1299b01e594fc5e172d360da7bd1d9683ce5733359
AUD-001163,2026-05-01 21:00:15,BID_SUBMITTED,"{""bid_id"": ""BID-00249"", ""request_id"": ""REQ-024"", ""vendor_id"": ""VND-0268"", ""price"": 13080.78}",e89994ef930e97e111571e1299b01e594fc5e172d360da7bd1d9683ce5733359,fc508fa0a9c601b4ba17c8bf83f2129e87f89eec80ede74514b1a43eb10afae2
AUD-001164,2026-05-01 21:00:17,BID_SUBMITTED,"{""bid_id"": ""BID-00250"", ""request_id"": ""REQ-024"", ""vendor_id"": ""VND-0259"", ""price"": 12930.78}",fc508fa0a9c601b4ba17c8bf83f2129e87f89eec80ede74514b1a43eb10afae2,9049f0f239be1dcc2e16b5b9c650b7333fa012bf96f93599ffabdc80c308fa9f
AUD-001165,2026-05-01 21:04:00,BID_SUBMITTED,"{""bid_id"": ""BID-01373"", ""request_id"": ""REQ-127"", ""vendor_id"": ""VND-0231"", ""price"": 105417.82}",9049f0f239be1dcc2e16b5b9c650b7333fa012bf96f93599ffabdc80c308fa9f,d11715f75e7e40eef5a6eab34d0f80d7a339eda1378016e15fb5d408b3c7e610
AUD-001166,2026-05-01 21:08:17,BID_SUBMITTED,"{""bid_id"": ""BID-00251"", ""request_id"": ""REQ-024"", ""vendor_id"": ""VND-0033"", ""price"": 13779.15}",d11715f75e7e40eef5a6eab34d0f80d7a339eda1378016e15fb5d408b3c7e610,d471180f8bd3d08e707f091e8f0cd5bc70e275827bce425adcbdddb8713787e4
AUD-001167,2026-05-01 21:13:00,BID_SUBMITTED,"{""bid_id"": ""BID-01374"", ""request_id"": ""REQ-127"", ""vendor_id"": ""VND-0207"", ""price"": 104241.23}",d471180f8bd3d08e707f091e8f0cd5bc70e275827bce425adcbdddb8713787e4,1733e62ee033366ee3bc3639e87337318981fcaf0f1967772dfdc167347f947d
AUD-001168,2026-05-01 21:15:17,BID_SUBMITTED,"{""bid_id"": ""BID-00252"", ""request_id"": ""REQ-024"", ""vendor_id"": ""VND-0055"", ""price"": 13263.96}",1733e62ee033366ee3bc3639e87337318981fcaf0f1967772dfdc167347f947d,3fdc4c4b656bbc14edce9eb1495e647d51badb4e4726b716ddee855dd34a0b9b
AUD-001169,2026-05-01 22:00:00,PROCUREMENT_REQUEST_CREATED,"{""request_id"": ""REQ-088"", ""title"": ""Supply Chain Warehouse Distribution (Lot 088)"", ""max_budget"": 133072.12}",3fdc4c4b656bbc14edce9eb1495e647d51badb4e4726b716ddee855dd34a0b9b,06f7712cdd31bb2012dcaca460d5ed11ae274f91a0296ce3d19f7972cc80d46d
AUD-001170,2026-05-02 13:00:02,BID_SUBMITTED,"{""bid_id"": ""BID-00327"", ""request_id"": ""REQ-032"", ""vendor_id"": ""VND-0149"", ""price"": 109327.43}",06f7712cdd31bb2012dcaca460d5ed11ae274f91a0296ce3d19f7972cc80d46d,9e8816e668788f639355b1dac01fdccc90aa298a9185b0ffb2db908e300b807c
AUD-001171,2026-05-02 13:00:04,BID_SUBMITTED,"{""bid_id"": ""BID-00328"", ""request_id"": ""REQ-032"", ""vendor_id"": ""VND-0121"", ""price"": 109177.43}",9e8816e668788f639355b1dac01fdccc90aa298a9185b0ffb2db908e300b807c,c0543acd74bcea2604894065cafa1a7e3550741843ea28d061902f57067fdc7c
AUD-001172,2026-05-02 13:00:06,BID_SUBMITTED,"{""bid_id"": ""BID-00329"", ""request_id"": ""REQ-032"", ""vendor_id"": ""VND-0149"", ""price"": 109027.43}",c0543acd74bcea2604894065cafa1a7e3550741843ea28d061902f57067fdc7c,561341a3a724be6da52bcc6633f6094aa62743277966e065a03e89d42dc8a9d8
AUD-001173,2026-05-02 13:00:08,BID_SUBMITTED,"{""bid_id"": ""BID-00330"", ""request_id"": ""REQ-032"", ""vendor_id"": ""VND-0121"", ""price"": 108877.43}",561341a3a724be6da52bcc6633f6094aa62743277966e065a03e89d42dc8a9d8,ea1a1aba48905334c038e39e419e2ef7033fd545dcf2157f9904423e53a63327
AUD-001174,2026-05-02 13:00:10,BID_SUBMITTED,"{""bid_id"": ""BID-00331"", ""request_id"": ""REQ-032"", ""vendor_id"": ""VND-0149"", ""price"": 108727.43}",ea1a1aba48905334c038e39e419e2ef7033fd545dcf2157f9904423e53a63327,fbf782874ae0f0e5441ceaf8be0487e0c094cb4c9596c324fdf292a4bea68f32
AUD-001175,2026-05-02 13:00:12,BID_SUBMITTED,"{""bid_id"": ""BID-00332"", ""request_id"": ""REQ-032"", ""vendor_id"": ""VND-0121"", ""price"": 108577.43}",fbf782874ae0f0e5441ceaf8be0487e0c094cb4c9596c324fdf292a4bea68f32,81c704e7d0085e90bbbf5fd21968b5e2fd63ded3fa0d136b96de41e9737c82ee
AUD-001176,2026-05-02 13:00:13,BID_SUBMITTED,"{""bid_id"": ""BID-00333"", ""request_id"": ""REQ-032"", ""vendor_id"": ""VND-0149"", ""price"": 108427.43}",81c704e7d0085e90bbbf5fd21968b5e2fd63ded3fa0d136b96de41e9737c82ee,5c5aec9a16a420e9f75e3bbb8ec8ce43e3af59743b492f662de4441c06394a19
AUD-001177,2026-05-02 13:00:14,BID_SUBMITTED,"{""bid_id"": ""BID-00334"", ""request_id"": ""REQ-032"", ""vendor_id"": ""VND-0121"", ""price"": 108277.43}",5c5aec9a16a420e9f75e3bbb8ec8ce43e3af59743b492f662de4441c06394a19,5875ace76b04329aa382c43c981af57f732b51fa7ad2f2bf19bdcd58c0926e88
AUD-001178,2026-05-02 13:00:16,BID_SUBMITTED,"{""bid_id"": ""BID-00335"", ""request_id"": ""REQ-032"", ""vendor_id"": ""VND-0149"", ""price"": 108127.43}",5875ace76b04329aa382c43c981af57f732b51fa7ad2f2bf19bdcd58c0926e88,61059ff43e0409dda4f667aa6f1bd503be6fc1fa2dc57314090de2f760010782
AUD-001179,2026-05-02 13:00:17,BID_SUBMITTED,"{""bid_id"": ""BID-00336"", ""request_id"": ""REQ-032"", ""vendor_id"": ""VND-0121"", ""price"": 107977.43}",61059ff43e0409dda4f667aa6f1bd503be6fc1fa2dc57314090de2f760010782,f02920380ed6f3b57e4bb034c657a871ebd9b1b8a95645d0a9f7620515614fd3
AUD-001180,2026-05-02 13:06:17,BID_SUBMITTED,"{""bid_id"": ""BID-00337"", ""request_id"": ""REQ-032"", ""vendor_id"": ""VND-0016"", ""price"": 105962.54}",f02920380ed6f3b57e4bb034c657a871ebd9b1b8a95645d0a9f7620515614fd3,3d6a5ab4dc069463ffbbef00b82cb7407f84d3004f1a31d79ad0feb5da70b599
AUD-001181,2026-05-02 13:14:17,BID_SUBMITTED,"{""bid_id"": ""BID-00338"", ""request_id"": ""REQ-032"", ""vendor_id"": ""VND-0031"", ""price"": 102219.53}",3d6a5ab4dc069463ffbbef00b82cb7407f84d3004f1a31d79ad0feb5da70b599,1754cc197895ace31a7fed3d3d9f197623982d2fb91d50c14f0f7a2dfe9dc468
AUD-001182,2026-05-02 22:06:00,BID_SUBMITTED,"{""bid_id"": ""BID-00949"", ""request_id"": ""REQ-088"", ""vendor_id"": ""VND-0041"", ""price"": 132124.29}",1754cc197895ace31a7fed3d3d9f197623982d2fb91d50c14f0f7a2dfe9dc468,fb07635dc5a09edc5003819db4d6cb09ae13a7866caaa8893ca451727a9d7d36
AUD-001183,2026-05-02 22:15:00,BID_SUBMITTED,"{""bid_id"": ""BID-00950"", ""request_id"": ""REQ-088"", ""vendor_id"": ""VND-0041"", ""price"": 131235.08}",fb07635dc5a09edc5003819db4d6cb09ae13a7866caaa8893ca451727a9d7d36,740672e00ec8578d136cc3c7a79472baef21433532a6c31d16eb164000923361
AUD-001184,2026-05-02 22:17:00,BID_SUBMITTED,"{""bid_id"": ""BID-00951"", ""request_id"": ""REQ-088"", ""vendor_id"": ""VND-0061"", ""price"": 129541.85}",740672e00ec8578d136cc3c7a79472baef21433532a6c31d16eb164000923361,031067771f12b0f201e9c250837c91b9c61692c6c3feb674dd2a9ce1c73167fe
AUD-001185,2026-05-02 22:22:00,BID_SUBMITTED,"{""bid_id"": ""BID-00952"", ""request_id"": ""REQ-088"", ""vendor_id"": ""VND-0061"", ""price"": 128489.13}",031067771f12b0f201e9c250837c91b9c61692c6c3feb674dd2a9ce1c73167fe,461dbc79249b1fce98329bc49be569aa1d1fba9252140b7f2d7eed3e840b82ab
AUD-001186,2026-05-02 22:32:00,BID_SUBMITTED,"{""bid_id"": ""BID-00953"", ""request_id"": ""REQ-088"", ""vendor_id"": ""VND-0427"", ""price"": 125927.69}",461dbc79249b1fce98329bc49be569aa1d1fba9252140b7f2d7eed3e840b82ab,1ee3dfb1193275fd65b777563b31d88ca711f740c878c4a8e6104bd3fe32dbe9
AUD-001187,2026-05-02 22:36:00,BID_SUBMITTED,"{""bid_id"": ""BID-00954"", ""request_id"": ""REQ-088"", ""vendor_id"": ""VND-0005"", ""price"": 122879.9}",1ee3dfb1193275fd65b777563b31d88ca711f740c878c4a8e6104bd3fe32dbe9,1b44d2726d48b05233d9bcad28103b1a35a5d9ddf44d105a85c1af5cb74747ca
AUD-001188,2026-05-02 22:43:00,BID_SUBMITTED,"{""bid_id"": ""BID-00955"", ""request_id"": ""REQ-088"", ""vendor_id"": ""VND-0005"", ""price"": 120601.0}",1b44d2726d48b05233d9bcad28103b1a35a5d9ddf44d105a85c1af5cb74747ca,8107d09cc946f9625e6605852f47ebc6929ad6b0da6058f5bbc48148e11569da
AUD-001189,2026-05-02 22:53:00,BID_SUBMITTED,"{""bid_id"": ""BID-00956"", ""request_id"": ""REQ-088"", ""vendor_id"": ""VND-0086"", ""price"": 118662.88}",8107d09cc946f9625e6605852f47ebc6929ad6b0da6058f5bbc48148e11569da,97117036a96eb4e40b0ec7113d62af2f07f2dc5314750f895dc9be6ea874e2bd
AUD-001190,2026-05-02 22:55:00,BID_SUBMITTED,"{""bid_id"": ""BID-00957"", ""request_id"": ""REQ-088"", ""vendor_id"": ""VND-0427"", ""price"": 117777.1}",97117036a96eb4e40b0ec7113d62af2f07f2dc5314750f895dc9be6ea874e2bd,5679d68857093a7aef4693ad7327ce220abeebe8403e556958195532c7b56efd
AUD-001191,2026-05-02 23:05:00,BID_SUBMITTED,"{""bid_id"": ""BID-00958"", ""request_id"": ""REQ-088"", ""vendor_id"": ""VND-0041"", ""price"": 115782.76}",5679d68857093a7aef4693ad7327ce220abeebe8403e556958195532c7b56efd,89838ef710dff3eba747c1b506eac82ccd6b0c7ddccdc29aab29b654fd1c8afa
AUD-001192,2026-05-02 23:11:00,BID_SUBMITTED,"{""bid_id"": ""BID-00959"", ""request_id"": ""REQ-088"", ""vendor_id"": ""VND-0041"", ""price"": 113010.97}",89838ef710dff3eba747c1b506eac82ccd6b0c7ddccdc29aab29b654fd1c8afa,63ae15193022cda9839a959019cb1e9f55e5e7291d9250e0d63d573dfb93630c
AUD-001193,2026-05-04 03:00:00,PROCUREMENT_REQUEST_CREATED,"{""request_id"": ""REQ-074"", ""title"": ""Ergonomic Seating Bulk Order (Lot 074)"", ""max_budget"": 176176.87}",63ae15193022cda9839a959019cb1e9f55e5e7291d9250e0d63d573dfb93630c,000026045627172659c1fa73a04f05a811cc3798c191a1963c7748a1abe327d5
AUD-001194,2026-05-04 14:00:00,PROCUREMENT_REQUEST_CREATED,"{""request_id"": ""REQ-073"", ""title"": ""Office Electrical Maintenance (Lot 073)"", ""max_budget"": 44951.85}",000026045627172659c1fa73a04f05a811cc3798c191a1963c7748a1abe327d5,6aa0ff9f4b28d52c181d3410a42f6c951a8ee9ad9df04afff3cb05deb6939698
AUD-001195,2026-05-05 03:00:00,PROCUREMENT_REQUEST_CREATED,"{""request_id"": ""REQ-131"", ""title"": ""Shared Pantry Essentials (Lot 131)"", ""max_budget"": 36635.51}",6aa0ff9f4b28d52c181d3410a42f6c951a8ee9ad9df04afff3cb05deb6939698,ea148e6ecdf9c569e3b1a2458185a2f43737df8778ed33cc1eceee308e681af3
AUD-001196,2026-05-05 03:07:00,BID_SUBMITTED,"{""bid_id"": ""BID-00795"", ""request_id"": ""REQ-074"", ""vendor_id"": ""VND-0124"", ""price"": 171959.47}",ea148e6ecdf9c569e3b1a2458185a2f43737df8778ed33cc1eceee308e681af3,f0db053de438370d4d026b6f7347f6777c604a7c1079d1e490df790e0137cbe2
AUD-001197,2026-05-05 03:12:00,BID_SUBMITTED,"{""bid_id"": ""BID-00796"", ""request_id"": ""REQ-074"", ""vendor_id"": ""VND-0262"", ""price"": 170335.3}",f0db053de438370d4d026b6f7347f6777c604a7c1079d1e490df790e0137cbe2,845026c16463d6f377033f65d1da84f249a44a193211ffd3130a4147832025ca
AUD-001198,2026-05-05 03:19:00,BID_SUBMITTED,"{""bid_id"": ""BID-00797"", ""request_id"": ""REQ-074"", ""vendor_id"": ""VND-0425"", ""price"": 168051.19}",845026c16463d6f377033f65d1da84f249a44a193211ffd3130a4147832025ca,c70774b9eb84c82407e5b2a560d9e0ade4aef402194f02a2a588c568b051b4c3
AUD-001199,2026-05-05 03:25:00,BID_SUBMITTED,"{""bid_id"": ""BID-00798"", ""request_id"": ""REQ-074"", ""vendor_id"": ""VND-0425"", ""price"": 166335.19}",c70774b9eb84c82407e5b2a560d9e0ade4aef402194f02a2a588c568b051b4c3,e8005f55de7bc756c67c4d6a6e2e2c06a25b58243874ac295d2c008452833def
AUD-001200,2026-05-05 03:34:00,BID_SUBMITTED,"{""bid_id"": ""BID-00799"", ""request_id"": ""REQ-074"", ""vendor_id"": ""VND-0139"", ""price"": 162671.78}",e8005f55de7bc756c67c4d6a6e2e2c06a25b58243874ac295d2c008452833def,ea618a1607e3a137747fb0c8a92d109e301c3d850315421bde046ae00629d8ee
AUD-001201,2026-05-05 03:37:00,BID_SUBMITTED,"{""bid_id"": ""BID-00800"", ""request_id"": ""REQ-074"", ""vendor_id"": ""VND-0262"", ""price"": 159039.67}",ea618a1607e3a137747fb0c8a92d109e301c3d850315421bde046ae00629d8ee,e8875914c97650a0d8cf31ca01181bd56ee8c7e75705761c3ad13e40da7ade2b
AUD-001202,2026-05-05 03:47:00,BID_SUBMITTED,"{""bid_id"": ""BID-00801"", ""request_id"": ""REQ-074"", ""vendor_id"": ""VND-0139"", ""price"": 155415.39}",e8875914c97650a0d8cf31ca01181bd56ee8c7e75705761c3ad13e40da7ade2b,d4986f769c9ad7d5696108536b92182dc874d953a2272747f8823d3d2747a931
AUD-001203,2026-05-05 03:55:00,BID_SUBMITTED,"{""bid_id"": ""BID-00802"", ""request_id"": ""REQ-074"", ""vendor_id"": ""VND-0262"", ""price"": 151941.86}",d4986f769c9ad7d5696108536b92182dc874d953a2272747f8823d3d2747a931,7a4ed014985db13d074414434f0becf4005d59caa420150eabab3875178e8336
AUD-001204,2026-05-05 03:59:00,BID_SUBMITTED,"{""bid_id"": ""BID-00803"", ""request_id"": ""REQ-074"", ""vendor_id"": ""VND-0425"", ""price"": 149926.78}",7a4ed014985db13d074414434f0becf4005d59caa420150eabab3875178e8336,b4a2b65aa1110f92c6dd1cb58d8661ba540683c6efba496c3bac2863345c3c6d
AUD-001205,2026-05-05 04:06:00,BID_SUBMITTED,"{""bid_id"": ""BID-00804"", ""request_id"": ""REQ-074"", ""vendor_id"": ""VND-0124"", ""price"": 146201.56}",b4a2b65aa1110f92c6dd1cb58d8661ba540683c6efba496c3bac2863345c3c6d,6d4b2720e13f06cec235869e08a21966cc52f787eaeb31ba6d79086ed935b080
AUD-001206,2026-05-05 08:00:00,PROCUREMENT_REQUEST_CREATED,"{""request_id"": ""REQ-068"", ""title"": ""Laser Printer Toners & Papers (Lot 068)"", ""max_budget"": 55431.06}",6d4b2720e13f06cec235869e08a21966cc52f787eaeb31ba6d79086ed935b080,1a34d88849b8e945de4b824cb7c40905b890765adca5ce5a4e8739565389fcf2
AUD-001207,2026-05-05 14:03:00,BID_SUBMITTED,"{""bid_id"": ""BID-00780"", ""request_id"": ""REQ-073"", ""vendor_id"": ""VND-0015"", ""price"": 44458.75}",1a34d88849b8e945de4b824cb7c40905b890765adca5ce5a4e8739565389fcf2,51397da8793ea746c326dba4a0aa04b996871136c86e7da69616b9f96da44009
AUD-001208,2026-05-05 14:09:00,BID_SUBMITTED,"{""bid_id"": ""BID-00781"", ""request_id"": ""REQ-073"", ""vendor_id"": ""VND-0361"", ""price"": 44179.69}",51397da8793ea746c326dba4a0aa04b996871136c86e7da69616b9f96da44009,783a76f1794ea8339849b133a87ab9f4848df608ca6d3d63a38d39c0b8b26b87
AUD-001209,2026-05-05 14:15:00,BID_SUBMITTED,"{""bid_id"": ""BID-00782"", ""request_id"": ""REQ-073"", ""vendor_id"": ""VND-0337"", ""price"": 43671.51}",783a76f1794ea8339849b133a87ab9f4848df608ca6d3d63a38d39c0b8b26b87,bd11f7bdbfbfea95efa35d819f9e8a08761ae8a952656df650a5c9bda52590df
AUD-001210,2026-05-05 14:21:00,BID_SUBMITTED,"{""bid_id"": ""BID-00783"", ""request_id"": ""REQ-073"", ""vendor_id"": ""VND-0015"", ""price"": 42880.07}",bd11f7bdbfbfea95efa35d819f9e8a08761ae8a952656df650a5c9bda52590df,86bd1ab2945139570a48efc3b13c0c5391b00a236c266517201efd448a13d4f6
AUD-001211,2026-05-05 14:26:00,BID_SUBMITTED,"{""bid_id"": ""BID-00784"", ""request_id"": ""REQ-073"", ""vendor_id"": ""VND-0091"", ""price"": 42537.09}",86bd1ab2945139570a48efc3b13c0c5391b00a236c266517201efd448a13d4f6,a628ec994977495dcd3fe168bc21d3231dfb204800436039519bdaa0d006b4a5
AUD-001212,2026-05-05 14:34:00,BID_SUBMITTED,"{""bid_id"": ""BID-00785"", ""request_id"": ""REQ-073"", ""vendor_id"": ""VND-0364"", ""price"": 41639.2}",a628ec994977495dcd3fe168bc21d3231dfb204800436039519bdaa0d006b4a5,70db9c479af0628139d986232dfbad14948f5dffb2843652688eeb2106abdd96
AUD-001213,2026-05-05 14:38:00,BID_SUBMITTED,"{""bid_id"": ""BID-00786"", ""request_id"": ""REQ-073"", ""vendor_id"": ""VND-0337"", ""price"": 41164.85}",70db9c479af0628139d986232dfbad14948f5dffb2843652688eeb2106abdd96,4c14f5219d72d98b14e67a250c9c356799c6396dbaa7c40f95eff5e1bdb15540
AUD-001214,2026-05-05 14:47:00,BID_SUBMITTED,"{""bid_id"": ""BID-00787"", ""request_id"": ""REQ-073"", ""vendor_id"": ""VND-0337"", ""price"": 40938.07}",4c14f5219d72d98b14e67a250c9c356799c6396dbaa7c40f95eff5e1bdb15540,72d586f4b113b10276890ac719d359a079022036bc2c18f8412e9baa233621fa
AUD-001215,2026-05-05 14:55:00,BID_SUBMITTED,"{""bid_id"": ""BID-00788"", ""request_id"": ""REQ-073"", ""vendor_id"": ""VND-0015"", ""price"": 40520.97}",72d586f4b113b10276890ac719d359a079022036bc2c18f8412e9baa233621fa,e862736b53a93ea7f623007cf89d955cfbbd3c76cb7435c2e565646ade2093bb
AUD-001216,2026-05-05 14:57:00,BID_SUBMITTED,"{""bid_id"": ""BID-00789"", ""request_id"": ""REQ-073"", ""vendor_id"": ""VND-0361"", ""price"": 40003.7}",e862736b53a93ea7f623007cf89d955cfbbd3c76cb7435c2e565646ade2093bb,bd0e3b9ebfdb32b4ea600d89cbe7edf9d6b15a9d69ce4cbbd11b919426da1a46
AUD-001217,2026-05-05 15:02:00,BID_SUBMITTED,"{""bid_id"": ""BID-00790"", ""request_id"": ""REQ-073"", ""vendor_id"": ""VND-0243"", ""price"": 39237.18}",bd0e3b9ebfdb32b4ea600d89cbe7edf9d6b15a9d69ce4cbbd11b919426da1a46,5662797155c2fb2c180c9dbf41670be3faff57605b7e1f5d39024ceff8fcdee7
AUD-001218,2026-05-05 15:07:00,BID_SUBMITTED,"{""bid_id"": ""BID-00791"", ""request_id"": ""REQ-073"", ""vendor_id"": ""VND-0015"", ""price"": 38470.84}",5662797155c2fb2c180c9dbf41670be3faff57605b7e1f5d39024ceff8fcdee7,1132db6fe89c11a683b2477936ced7e2ed1317676bfe051305807bff866328af
AUD-001219,2026-05-05 15:16:00,BID_SUBMITTED,"{""bid_id"": ""BID-00792"", ""request_id"": ""REQ-073"", ""vendor_id"": ""VND-0337"", ""price"": 37867.12}",1132db6fe89c11a683b2477936ced7e2ed1317676bfe051305807bff866328af,a8108973d096da46346195409fc2e3f204ea2d403433e538887e783316fa7b5c
AUD-001220,2026-05-05 15:22:00,BID_SUBMITTED,"{""bid_id"": ""BID-00793"", ""request_id"": ""REQ-073"", ""vendor_id"": ""VND-0337"", ""price"": 37406.28}",a8108973d096da46346195409fc2e3f204ea2d403433e538887e783316fa7b5c,32f9b1852896ce67f666dc2d785280530ab68427ae4afd98160cad4c5e24bac2
AUD-001221,2026-05-05 15:32:00,BID_SUBMITTED,"{""bid_id"": ""BID-00794"", ""request_id"": ""REQ-073"", ""vendor_id"": ""VND-0265"", ""price"": 37092.08}",32f9b1852896ce67f666dc2d785280530ab68427ae4afd98160cad4c5e24bac2,37ec4e2d203da3d49b08f641439ea59fc65956d4b14ed92fc4f684d333b1d5bd
AUD-001222,2026-05-06 03:04:00,BID_SUBMITTED,"{""bid_id"": ""BID-01408"", ""request_id"": ""REQ-131"", ""vendor_id"": ""VND-0104"", ""price"": 35868.18}",37ec4e2d203da3d49b08f641439ea59fc65956d4b14ed92fc4f684d333b1d5bd,61dd1cc215668113fcaea83df0398473886e799041b9b1c1597bdaa97f13bf93
AUD-001223,2026-05-06 03:13:00,BID_SUBMITTED,"{""bid_id"": ""BID-01409"", ""request_id"": ""REQ-131"", ""vendor_id"": ""VND-0104"", ""price"": 35577.37}",61dd1cc215668113fcaea83df0398473886e799041b9b1c1597bdaa97f13bf93,bf09dc056477df7ed38125f61851896ab8f3870b16c4c2c6ab136e39c03168a0
AUD-001224,2026-05-06 03:20:00,BID_SUBMITTED,"{""bid_id"": ""BID-01410"", ""request_id"": ""REQ-131"", ""vendor_id"": ""VND-0379"", ""price"": 35017.4}",bf09dc056477df7ed38125f61851896ab8f3870b16c4c2c6ab136e39c03168a0,8a0ba45203cf19e0e252a53eabe1e33307cafbafad23b62b2fbf274c58fde55d
AUD-001225,2026-05-06 03:28:00,BID_SUBMITTED,"{""bid_id"": ""BID-01411"", ""request_id"": ""REQ-131"", ""vendor_id"": ""VND-0104"", ""price"": 34293.25}",8a0ba45203cf19e0e252a53eabe1e33307cafbafad23b62b2fbf274c58fde55d,6e825b437d9164f1ee0da88e6423675b968e60050689d79bfa95881fc5479e62
AUD-001226,2026-05-06 03:38:00,BID_SUBMITTED,"{""bid_id"": ""BID-01412"", ""request_id"": ""REQ-131"", ""vendor_id"": ""VND-0432"", ""price"": 34083.36}",6e825b437d9164f1ee0da88e6423675b968e60050689d79bfa95881fc5479e62,604eff7c7611820e0c5d61f24dcfc6707e28c7efe2e00e8b126cb29cae26c3d8
AUD-001227,2026-05-06 03:45:00,BID_SUBMITTED,"{""bid_id"": ""BID-01413"", ""request_id"": ""REQ-131"", ""vendor_id"": ""VND-0096"", ""price"": 33527.84}",604eff7c7611820e0c5d61f24dcfc6707e28c7efe2e00e8b126cb29cae26c3d8,989b8a0be3d55c439d4df281b6297f056f2c5689924119ca8aca25f64471caad
AUD-001228,2026-05-06 03:50:00,BID_SUBMITTED,"{""bid_id"": ""BID-01414"", ""request_id"": ""REQ-131"", ""vendor_id"": ""VND-0220"", ""price"": 33000.86}",989b8a0be3d55c439d4df281b6297f056f2c5689924119ca8aca25f64471caad,5013525712e5dc9d342ecca03e0cf0c2d6ab34a002be889045a7aebf64117439
AUD-001229,2026-05-06 03:57:00,BID_SUBMITTED,"{""bid_id"": ""BID-01415"", ""request_id"": ""REQ-131"", ""vendor_id"": ""VND-0220"", ""price"": 32383.42}",5013525712e5dc9d342ecca03e0cf0c2d6ab34a002be889045a7aebf64117439,b5b67f123fc80e4a602e5b3c613bb0d3d59c74498c7c97bb3f1fddf2043313a2
AUD-001230,2026-05-06 04:03:00,BID_SUBMITTED,"{""bid_id"": ""BID-01416"", ""request_id"": ""REQ-131"", ""vendor_id"": ""VND-0335"", ""price"": 31593.51}",b5b67f123fc80e4a602e5b3c613bb0d3d59c74498c7c97bb3f1fddf2043313a2,f52bffa535450ef12c56094e9f8b343fe286360fbb50aceee7c45e1a0ceb1c8d
AUD-001231,2026-05-06 04:11:00,BID_SUBMITTED,"{""bid_id"": ""BID-01417"", ""request_id"": ""REQ-131"", ""vendor_id"": ""VND-0379"", ""price"": 31415.85}",f52bffa535450ef12c56094e9f8b343fe286360fbb50aceee7c45e1a0ceb1c8d,93fb6af9ec4233dce479257cd89cdb58f75db17e86d751b1c5d8ac82b4505af7
AUD-001232,2026-05-06 04:15:00,BID_SUBMITTED,"{""bid_id"": ""BID-01418"", ""request_id"": ""REQ-131"", ""vendor_id"": ""VND-0432"", ""price"": 30923.08}",93fb6af9ec4233dce479257cd89cdb58f75db17e86d751b1c5d8ac82b4505af7,8dd8de93d4ad5c33734a28886fbdf6428993b617b278f10ef2aa874cf5265cf4
AUD-001233,2026-05-06 04:19:00,BID_SUBMITTED,"{""bid_id"": ""BID-01419"", ""request_id"": ""REQ-131"", ""vendor_id"": ""VND-0220"", ""price"": 30393.86}",8dd8de93d4ad5c33734a28886fbdf6428993b617b278f10ef2aa874cf5265cf4,3075cdb0466804a700c05e2b1f058de833ddd8eed9d7c788747970ccaaed96ba
AUD-001234,2026-05-06 04:25:00,BID_SUBMITTED,"{""bid_id"": ""BID-01420"", ""request_id"": ""REQ-131"", ""vendor_id"": ""VND-0220"", ""price"": 30170.87}",3075cdb0466804a700c05e2b1f058de833ddd8eed9d7c788747970ccaaed96ba,2898207f4d24bf8caffa5ad0f4638b0949d1847963f74d68f1af1b20a0a0dae9
AUD-001235,2026-05-06 08:04:00,BID_SUBMITTED,"{""bid_id"": ""BID-00722"", ""request_id"": ""REQ-068"", ""vendor_id"": ""VND-0475"", ""price"": 54257.63}",2898207f4d24bf8caffa5ad0f4638b0949d1847963f74d68f1af1b20a0a0dae9,6e6652dc9348a507328d4a9c56de151052d789a1819aa9493007d4c56962c344
AUD-001236,2026-05-06 08:12:00,BID_SUBMITTED,"{""bid_id"": ""BID-00723"", ""request_id"": ""REQ-068"", ""vendor_id"": ""VND-0475"", ""price"": 53526.91}",6e6652dc9348a507328d4a9c56de151052d789a1819aa9493007d4c56962c344,a27a95c6d77814d78f3a00cc96296c126b6dd0035c5835ce983c66dcd3d89c57
AUD-001237,2026-05-06 08:16:00,BID_SUBMITTED,"{""bid_id"": ""BID-00724"", ""request_id"": ""REQ-068"", ""vendor_id"": ""VND-0475"", ""price"": 52191.66}",a27a95c6d77814d78f3a00cc96296c126b6dd0035c5835ce983c66dcd3d89c57,86233d8ba00407bbc075dfd1d34bf1e70755c9d2116a90a84feb987bf3fc97e8
AUD-001238,2026-05-06 08:19:00,BID_SUBMITTED,"{""bid_id"": ""BID-00725"", ""request_id"": ""REQ-068"", ""vendor_id"": ""VND-0096"", ""price"": 51661.52}",86233d8ba00407bbc075dfd1d34bf1e70755c9d2116a90a84feb987bf3fc97e8,81230d339ba057dddb8af66b341bd5fee0a8bf7955989428753303bb48f99882
AUD-001239,2026-05-06 08:27:00,BID_SUBMITTED,"{""bid_id"": ""BID-00726"", ""request_id"": ""REQ-068"", ""vendor_id"": ""VND-0475"", ""price"": 51002.21}",81230d339ba057dddb8af66b341bd5fee0a8bf7955989428753303bb48f99882,f8b2a5f074543d14ef8efcc9077999696f66baf6f57e0504184c75b3bc0d5fab
AUD-001240,2026-05-06 08:33:00,BID_SUBMITTED,"{""bid_id"": ""BID-00727"", ""request_id"": ""REQ-068"", ""vendor_id"": ""VND-0096"", ""price"": 50414.54}",f8b2a5f074543d14ef8efcc9077999696f66baf6f57e0504184c75b3bc0d5fab,bfd42e2bbf55eca18e3a46c22a3032ce2d176e43d07b61e83f6eb980f1c66765
AUD-001241,2026-05-06 08:35:00,BID_SUBMITTED,"{""bid_id"": ""BID-00728"", ""request_id"": ""REQ-068"", ""vendor_id"": ""VND-0096"", ""price"": 49700.51}",bfd42e2bbf55eca18e3a46c22a3032ce2d176e43d07b61e83f6eb980f1c66765,c1643998f55a5c49bbca3a54da9e4a3ec14253023ee9bfdffba3b88dc59cb821
AUD-001242,2026-05-06 08:45:00,BID_SUBMITTED,"{""bid_id"": ""BID-00729"", ""request_id"": ""REQ-068"", ""vendor_id"": ""VND-0096"", ""price"": 48832.68}",c1643998f55a5c49bbca3a54da9e4a3ec14253023ee9bfdffba3b88dc59cb821,bef845e95727b44ed26ef3eb68f09ab2df1bc851749a4c0001d172dc2e635bc0
AUD-001243,2026-05-06 17:00:00,PROCUREMENT_REQUEST_CREATED,"{""request_id"": ""REQ-120"", ""title"": ""Polymers & Plastic Pellets (Lot 120)"", ""max_budget"": 177071.19}",bef845e95727b44ed26ef3eb68f09ab2df1bc851749a4c0001d172dc2e635bc0,86e4aebf328f82c70c8ee829623e5dedf543fa50c70bffdb7773e07013a4a267
AUD-001244,2026-05-07 03:00:00,PROCUREMENT_REQUEST_CREATED,"{""request_id"": ""REQ-072"", ""title"": ""Annual Corporate Gala Catering (Lot 072)"", ""max_budget"": 106280.24}",86e4aebf328f82c70c8ee829623e5dedf543fa50c70bffdb7773e07013a4a267,bd7a12a12889b181e3036521e53f57bf9113f53c6751f87a1f2ca6888d588557
AUD-001245,2026-05-07 14:00:00,PROCUREMENT_REQUEST_CREATED,"{""request_id"": ""REQ-062"", ""title"": ""Shared Pantry Essentials (Lot 062)"", ""max_budget"": 104938.02}",bd7a12a12889b181e3036521e53f57bf9113f53c6751f87a1f2ca6888d588557,b1a6702307727669b37df1b1328db94e12924484722ee9fa5beac8e8ec8e36f6
AUD-001246,2026-05-07 17:05:00,BID_SUBMITTED,"{""bid_id"": ""BID-01289"", ""request_id"": ""REQ-120"", ""vendor_id"": ""VND-0482"", ""price"": 173875.95}",b1a6702307727669b37df1b1328db94e12924484722ee9fa5beac8e8ec8e36f6,d8af660c17bed90b18f136686a72b2b691fc83653b038da1a6c20d909be40242
AUD-001247,2026-05-07 17:15:00,BID_SUBMITTED,"{""bid_id"": ""BID-01290"", ""request_id"": ""REQ-120"", ""vendor_id"": ""VND-0381"", ""price"": 170864.43}",d8af660c17bed90b18f136686a72b2b691fc83653b038da1a6c20d909be40242,44de06c28ea0c047f49e3c9a1db02639d249d4586cc2a7ecb358cb527dc51008
AUD-001248,2026-05-07 17:21:00,BID_SUBMITTED,"{""bid_id"": ""BID-01291"", ""request_id"": ""REQ-120"", ""vendor_id"": ""VND-0325"", ""price"": 169182.04}",44de06c28ea0c047f49e3c9a1db02639d249d4586cc2a7ecb358cb527dc51008,42c94ce3bd09bcf29539d427a7d8aba80a8150eb6798022fe429c89c12c14cac
AUD-001249,2026-05-07 17:24:00,BID_SUBMITTED,"{""bid_id"": ""BID-01292"", ""request_id"": ""REQ-120"", ""vendor_id"": ""VND-0482"", ""price"": 167241.82}",42c94ce3bd09bcf29539d427a7d8aba80a8150eb6798022fe429c89c12c14cac,5c381585d88ab273ab8e709c0879c450cdd7676e874e243843a9a5baabbc8584
AUD-001250,2026-05-07 17:32:00,BID_SUBMITTED,"{""bid_id"": ""BID-01293"", ""request_id"": ""REQ-120"", ""vendor_id"": ""VND-0455"", ""price"": 164158.73}",5c381585d88ab273ab8e709c0879c450cdd7676e874e243843a9a5baabbc8584,b31186529a24f3c4ff9c2331842483db6436805d8edeb1a59fc42b46db3e5aef
AUD-001251,2026-05-07 17:39:00,BID_SUBMITTED,"{""bid_id"": ""BID-01294"", ""request_id"": ""REQ-120"", ""vendor_id"": ""VND-0121"", ""price"": 162194.38}",b31186529a24f3c4ff9c2331842483db6436805d8edeb1a59fc42b46db3e5aef,42da9e85db7cd0d825513b67a766b8228a6a192bba12edbb21dc42a32bbbffb8
AUD-001252,2026-05-07 17:41:00,BID_SUBMITTED,"{""bid_id"": ""BID-01295"", ""request_id"": ""REQ-120"", ""vendor_id"": ""VND-0121"", ""price"": 159456.94}",42da9e85db7cd0d825513b67a766b8228a6a192bba12edbb21dc42a32bbbffb8,cb230397caabecaf130bb0b1ca3355cf3acaf7029023b7b51ef6aa4dc6c6c50e
AUD-001253,2026-05-07 17:48:00,BID_SUBMITTED,"{""bid_id"": ""BID-01296"", ""request_id"": ""REQ-120"", ""vendor_id"": ""VND-0121"", ""price"": 158119.87}",cb230397caabecaf130bb0b1ca3355cf3acaf7029023b7b51ef6aa4dc6c6c50e,f80894de7849b781881be258485d092756dcd09b0982fd83696cc725ed349b1b
AUD-001254,2026-05-07 17:57:00,BID_SUBMITTED,"{""bid_id"": ""BID-01297"", ""request_id"": ""REQ-120"", ""vendor_id"": ""VND-0381"", ""price"": 154731.1}",f80894de7849b781881be258485d092756dcd09b0982fd83696cc725ed349b1b,06b279ac003db2efa8b3eb77a55e0be19290343c850da9360e88e3e3d2ce45da
AUD-001255,2026-05-07 17:59:00,BID_SUBMITTED,"{""bid_id"": ""BID-01298"", ""request_id"": ""REQ-120"", ""vendor_id"": ""VND-0381"", ""price"": 153506.19}",06b279ac003db2efa8b3eb77a55e0be19290343c850da9360e88e3e3d2ce45da,6123c10040e4825c912edc0541d84d2c65d728d46883e4da1e0645b0117bbf2d
AUD-001256,2026-05-07 18:06:00,BID_SUBMITTED,"{""bid_id"": ""BID-01299"", ""request_id"": ""REQ-120"", ""vendor_id"": ""VND-0325"", ""price"": 152125.6}",6123c10040e4825c912edc0541d84d2c65d728d46883e4da1e0645b0117bbf2d,e3d5dff3fffa9396197b0791c0d345f5197416e84a2fed296d59ab89cfb99664
AUD-001257,2026-05-07 18:09:00,BID_SUBMITTED,"{""bid_id"": ""BID-01300"", ""request_id"": ""REQ-120"", ""vendor_id"": ""VND-0325"", ""price"": 149059.56}",e3d5dff3fffa9396197b0791c0d345f5197416e84a2fed296d59ab89cfb99664,f13be445a4a028ccf8163baad0112a439dde25c1e8f17833dbe6535153e67aeb
AUD-001258,2026-05-07 18:14:00,BID_SUBMITTED,"{""bid_id"": ""BID-01301"", ""request_id"": ""REQ-120"", ""vendor_id"": ""VND-0455"", ""price"": 146109.43}",f13be445a4a028ccf8163baad0112a439dde25c1e8f17833dbe6535153e67aeb,8b2ad8154c7021ca98bbbad0fd072871bea23b272c74273c2bdfe0e6ca4a78cf
AUD-001259,2026-05-08 03:00:00,PROCUREMENT_REQUEST_CREATED,"{""request_id"": ""REQ-148"", ""title"": ""Enterprise Laptops Purchase (Lot 148)"", ""max_budget"": 74770.66}",8b2ad8154c7021ca98bbbad0fd072871bea23b272c74273c2bdfe0e6ca4a78cf,791e530fa92a12fcb7f6a7811ccd0b0b7f34156d7aa36137f18439c82cfca15c
AUD-001260,2026-05-08 03:00:02,BID_SUBMITTED,"{""bid_id"": ""BID-00768"", ""request_id"": ""REQ-072"", ""vendor_id"": ""VND-0009"", ""price"": 100816.23}",791e530fa92a12fcb7f6a7811ccd0b0b7f34156d7aa36137f18439c82cfca15c,8985a974a5771af6cd989fd1338f860e03e4827920859ef80686486ecfbbe034
AUD-001261,2026-05-08 03:00:03,BID_SUBMITTED,"{""bid_id"": ""BID-00769"", ""request_id"": ""REQ-072"", ""vendor_id"": ""VND-0004"", ""price"": 100666.23}",8985a974a5771af6cd989fd1338f860e03e4827920859ef80686486ecfbbe034,91ff52886c01c649adecc8979da766a8d341d7d252d305989db92431edccff2a
AUD-001262,2026-05-08 03:00:04,BID_SUBMITTED,"{""bid_id"": ""BID-00770"", ""request_id"": ""REQ-072"", ""vendor_id"": ""VND-0009"", ""price"": 100516.23}",91ff52886c01c649adecc8979da766a8d341d7d252d305989db92431edccff2a,cf5a3065089bf33003d3deca68ae2fecf8b1fe1e420ccc790e5253cf454ebc31
AUD-001263,2026-05-08 03:00:05,BID_SUBMITTED,"{""bid_id"": ""BID-00771"", ""request_id"": ""REQ-072"", ""vendor_id"": ""VND-0004"", ""price"": 100366.23}",cf5a3065089bf33003d3deca68ae2fecf8b1fe1e420ccc790e5253cf454ebc31,c3b9275225a470fde5fcf0b22cba99c8d6075fbc654a9f8dacb2db6d937b15fe
AUD-001264,2026-05-08 03:00:06,BID_SUBMITTED,"{""bid_id"": ""BID-00772"", ""request_id"": ""REQ-072"", ""vendor_id"": ""VND-0009"", ""price"": 100216.23}",c3b9275225a470fde5fcf0b22cba99c8d6075fbc654a9f8dacb2db6d937b15fe,e9d320e5a913cc95a944b4239fd984e5d73b140e00a1948fe8f9f504afece538
AUD-001265,2026-05-08 03:00:08,BID_SUBMITTED,"{""bid_id"": ""BID-00773"", ""request_id"": ""REQ-072"", ""vendor_id"": ""VND-0004"", ""price"": 100066.23}",e9d320e5a913cc95a944b4239fd984e5d73b140e00a1948fe8f9f504afece538,7a4feacce2103e53b6a77009d85ed3799b8659968a9abe4a061ccf0e2d4918f6
AUD-001266,2026-05-08 03:00:10,BID_SUBMITTED,"{""bid_id"": ""BID-00774"", ""request_id"": ""REQ-072"", ""vendor_id"": ""VND-0009"", ""price"": 99916.23}",7a4feacce2103e53b6a77009d85ed3799b8659968a9abe4a061ccf0e2d4918f6,54eeab006f8fd90a0edef4ccba27148cf9cbeea00556603adc93342d702b676a
AUD-001267,2026-05-08 03:00:12,BID_SUBMITTED,"{""bid_id"": ""BID-00775"", ""request_id"": ""REQ-072"", ""vendor_id"": ""VND-0004"", ""price"": 99766.23}",54eeab006f8fd90a0edef4ccba27148cf9cbeea00556603adc93342d702b676a,455e53c2de08b60463965e254ef2046b89b6a112ca93c05c2a68df05540691a5
AUD-001268,2026-05-08 03:00:14,BID_SUBMITTED,"{""bid_id"": ""BID-00776"", ""request_id"": ""REQ-072"", ""vendor_id"": ""VND-0009"", ""price"": 99616.23}",455e53c2de08b60463965e254ef2046b89b6a112ca93c05c2a68df05540691a5,6aa9c7e707d300ff2266b6db0e8baa78ed34a353ad1393c063e8397f75afaae6
AUD-001269,2026-05-08 03:00:16,BID_SUBMITTED,"{""bid_id"": ""BID-00777"", ""request_id"": ""REQ-072"", ""vendor_id"": ""VND-0004"", ""price"": 99466.23}",6aa9c7e707d300ff2266b6db0e8baa78ed34a353ad1393c063e8397f75afaae6,66025d58664a90952d793eabab734aa43036720836c68915863f634630926e29
AUD-001270,2026-05-08 03:07:16,BID_SUBMITTED,"{""bid_id"": ""BID-00778"", ""request_id"": ""REQ-072"", ""vendor_id"": ""VND-0012"", ""price"": 93752.97}",66025d58664a90952d793eabab734aa43036720836c68915863f634630926e29,de07777a00610033b7c4def218d448c2058a56e734c22bee4687c041486de392
AUD-001271,2026-05-08 03:13:16,BID_SUBMITTED,"{""bid_id"": ""BID-00779"", ""request_id"": ""REQ-072"", ""vendor_id"": ""VND-0027"", ""price"": 93810.26}",de07777a00610033b7c4def218d448c2058a56e734c22bee4687c041486de392,f298c6c7aa6b874c6569bdd38485a1e801a41f775a7738569af13c63490e4fec
AUD-001272,2026-05-08 14:03:00,BID_SUBMITTED,"{""bid_id"": ""BID-00661"", ""request_id"": ""REQ-062"", ""vendor_id"": ""VND-0497"", ""price"": 102369.18}",f298c6c7aa6b874c6569bdd38485a1e801a41f775a7738569af13c63490e4fec,00ae055067a3a0215ad3a1c3dea004569509c2882beeac6ce92de1013a208412
AUD-001273,2026-05-08 14:09:00,BID_SUBMITTED,"{""bid_id"": ""BID-00662"", ""request_id"": ""REQ-062"", ""vendor_id"": ""VND-0497"", ""price"": 100512.48}",00ae055067a3a0215ad3a1c3dea004569509c2882beeac6ce92de1013a208412,7957693b0084e4f8cd276b2285eb5b9841a3a2578582326a1f655ad8849deaab
AUD-001274,2026-05-08 14:11:00,BID_SUBMITTED,"{""bid_id"": ""BID-00663"", ""request_id"": ""REQ-062"", ""vendor_id"": ""VND-0224"", ""price"": 98368.98}",7957693b0084e4f8cd276b2285eb5b9841a3a2578582326a1f655ad8849deaab,436bfa27b17cd2275bb5dd935c2677f93cfcdfb0fe4da5d613ac3248111d793b
AUD-001275,2026-05-08 14:19:00,BID_SUBMITTED,"{""bid_id"": ""BID-00664"", ""request_id"": ""REQ-062"", ""vendor_id"": ""VND-0497"", ""price"": 96744.53}",436bfa27b17cd2275bb5dd935c2677f93cfcdfb0fe4da5d613ac3248111d793b,3a8f7c6f5e9680a928d9ce4c6fb6593766fa630eece2ef5dcb6263384a019c65
AUD-001276,2026-05-08 14:23:00,BID_SUBMITTED,"{""bid_id"": ""BID-00665"", ""request_id"": ""REQ-062"", ""vendor_id"": ""VND-0267"", ""price"": 94451.29}",3a8f7c6f5e9680a928d9ce4c6fb6593766fa630eece2ef5dcb6263384a019c65,a582851b826fd2f5a8c8895f2b57808636e4f15c72c20e503f0665d1bce2727c
AUD-001277,2026-05-08 14:30:00,BID_SUBMITTED,"{""bid_id"": ""BID-00666"", ""request_id"": ""REQ-062"", ""vendor_id"": ""VND-0497"", ""price"": 93532.18}",a582851b826fd2f5a8c8895f2b57808636e4f15c72c20e503f0665d1bce2727c,29320075d9db1ea78f6cfca37e6018ff32b2f4eb0437482fb0d98cb2dd9ed7c7
AUD-001278,2026-05-08 14:32:00,BID_SUBMITTED,"{""bid_id"": ""BID-00667"", ""request_id"": ""REQ-062"", ""vendor_id"": ""VND-0267"", ""price"": 91354.79}",29320075d9db1ea78f6cfca37e6018ff32b2f4eb0437482fb0d98cb2dd9ed7c7,ae7a67a9c9fa0c1335860a8d76e1560462028fe081ef6798b2c6043b0dea657b
AUD-001279,2026-05-08 14:36:00,BID_SUBMITTED,"{""bid_id"": ""BID-00668"", ""request_id"": ""REQ-062"", ""vendor_id"": ""VND-0267"", ""price"": 89166.73}",ae7a67a9c9fa0c1335860a8d76e1560462028fe081ef6798b2c6043b0dea657b,b8f9e104af531de5373be665b25f04b32300c55cc97cc49d1f98ce7e3377c466
AUD-001280,2026-05-08 14:45:00,BID_SUBMITTED,"{""bid_id"": ""BID-00669"", ""request_id"": ""REQ-062"", ""vendor_id"": ""VND-0224"", ""price"": 87029.64}",b8f9e104af531de5373be665b25f04b32300c55cc97cc49d1f98ce7e3377c466,a29ea77d6dc248ff67420c27186513f9bc758e97eef4fb9328c83bc2387d098a
AUD-001281,2026-05-08 14:54:00,BID_SUBMITTED,"{""bid_id"": ""BID-00670"", ""request_id"": ""REQ-062"", ""vendor_id"": ""VND-0224"", ""price"": 86056.56}",a29ea77d6dc248ff67420c27186513f9bc758e97eef4fb9328c83bc2387d098a,10e85346123d97dba91fd48a8200c62a1546c23cbeddd74497348c8877106df0
AUD-001282,2026-05-08 14:59:00,BID_SUBMITTED,"{""bid_id"": ""BID-00671"", ""request_id"": ""REQ-062"", ""vendor_id"": ""VND-0021"", ""price"": 85470.93}",10e85346123d97dba91fd48a8200c62a1546c23cbeddd74497348c8877106df0,ca8959f4c72362417201ef4ce63f9cc8856d4f8a87022d9a3c2d5216068a22bc
AUD-001283,2026-05-08 15:04:00,BID_SUBMITTED,"{""bid_id"": ""BID-00672"", ""request_id"": ""REQ-062"", ""vendor_id"": ""VND-0267"", ""price"": 83474.51}",ca8959f4c72362417201ef4ce63f9cc8856d4f8a87022d9a3c2d5216068a22bc,4f789ef227fa5c184439a796ee2d3e57d2df43de2e049c8cacb31a8200d1dd10
AUD-001284,2026-05-08 15:08:00,BID_SUBMITTED,"{""bid_id"": ""BID-00673"", ""request_id"": ""REQ-062"", ""vendor_id"": ""VND-0497"", ""price"": 82488.24}",4f789ef227fa5c184439a796ee2d3e57d2df43de2e049c8cacb31a8200d1dd10,f835c4d83d081171f8d818850b5e80303bc990610ddf992de043d13ab0c71770
AUD-001285,2026-05-09 03:04:00,BID_SUBMITTED,"{""bid_id"": ""BID-01611"", ""request_id"": ""REQ-148"", ""vendor_id"": ""VND-0143"", ""price"": 74039.02}",f835c4d83d081171f8d818850b5e80303bc990610ddf992de043d13ab0c71770,db2dde4cdd84091292e635314305cbfd9eef6a6b0d3a4334bc8ec713daa71523
AUD-001286,2026-05-09 03:08:00,BID_SUBMITTED,"{""bid_id"": ""BID-01612"", ""request_id"": ""REQ-148"", ""vendor_id"": ""VND-0249"", ""price"": 72644.61}",db2dde4cdd84091292e635314305cbfd9eef6a6b0d3a4334bc8ec713daa71523,2be1053c42cb8a2a02f5c3612a190f0e03574209697f684ac8411a25148721fe
AUD-001287,2026-05-09 03:11:00,BID_SUBMITTED,"{""bid_id"": ""BID-01613"", ""request_id"": ""REQ-148"", ""vendor_id"": ""VND-0439"", ""price"": 71555.11}",2be1053c42cb8a2a02f5c3612a190f0e03574209697f684ac8411a25148721fe,745603e636b0d03a05c21adf1a64fa5bdc3eaa6454177739441e68c14f4d0e60
AUD-001288,2026-05-09 03:17:00,BID_SUBMITTED,"{""bid_id"": ""BID-01614"", ""request_id"": ""REQ-148"", ""vendor_id"": ""VND-0439"", ""price"": 70014.55}",745603e636b0d03a05c21adf1a64fa5bdc3eaa6454177739441e68c14f4d0e60,074808df9fcc563e3db5e0cf00edd3bbf302c83a755ef339eda8ec3532d9aa54
AUD-001289,2026-05-09 03:27:00,BID_SUBMITTED,"{""bid_id"": ""BID-01615"", ""request_id"": ""REQ-148"", ""vendor_id"": ""VND-0196"", ""price"": 69078.05}",074808df9fcc563e3db5e0cf00edd3bbf302c83a755ef339eda8ec3532d9aa54,e14633f2173e2b23aae9527ce0bd17731a7379ab74a9d25aa6e577dbef21a51e
AUD-001290,2026-05-09 03:37:00,BID_SUBMITTED,"{""bid_id"": ""BID-01616"", ""request_id"": ""REQ-148"", ""vendor_id"": ""VND-0109"", ""price"": 68467.54}",e14633f2173e2b23aae9527ce0bd17731a7379ab74a9d25aa6e577dbef21a51e,712c39450f861b7c76152dee2aa724098deb951d61a32ad344ca015c48a09262
AUD-001291,2026-05-09 03:47:00,BID_SUBMITTED,"{""bid_id"": ""BID-01617"", ""request_id"": ""REQ-148"", ""vendor_id"": ""VND-0365"", ""price"": 67277.68}",712c39450f861b7c76152dee2aa724098deb951d61a32ad344ca015c48a09262,db4148d1f7c7d394e5954e533444afbd399867117ec74fae7ab54c9cac34c7d3
AUD-001292,2026-05-09 03:52:00,BID_SUBMITTED,"{""bid_id"": ""BID-01618"", ""request_id"": ""REQ-148"", ""vendor_id"": ""VND-0249"", ""price"": 66646.24}",db4148d1f7c7d394e5954e533444afbd399867117ec74fae7ab54c9cac34c7d3,5aaed7859019e736ee5cf698fffd4f4376cfd8f68d07aec1e6d055554603dfd6
AUD-001293,2026-05-09 03:55:00,BID_SUBMITTED,"{""bid_id"": ""BID-01619"", ""request_id"": ""REQ-148"", ""vendor_id"": ""VND-0196"", ""price"": 66242.28}",5aaed7859019e736ee5cf698fffd4f4376cfd8f68d07aec1e6d055554603dfd6,60d886e78677e711c202a5ea707b7ad6a7b249891a32262e08d7177a69fb078e
AUD-001294,2026-05-09 04:04:00,BID_SUBMITTED,"{""bid_id"": ""BID-01620"", ""request_id"": ""REQ-148"", ""vendor_id"": ""VND-0109"", ""price"": 65003.22}",60d886e78677e711c202a5ea707b7ad6a7b249891a32262e08d7177a69fb078e,0b8d8ed80ee0735f135f43fff1be2e0106fb3366d02686646da775f71d65f0f1
AUD-001295,2026-05-09 04:06:00,BID_SUBMITTED,"{""bid_id"": ""BID-01621"", ""request_id"": ""REQ-148"", ""vendor_id"": ""VND-0143"", ""price"": 64448.97}",0b8d8ed80ee0735f135f43fff1be2e0106fb3366d02686646da775f71d65f0f1,a7c68bfaba8e67ba2227950c171fb4edeee655b5a61bf5d28056ea49b5eb4114
AUD-001296,2026-05-09 04:12:00,BID_SUBMITTED,"{""bid_id"": ""BID-01622"", ""request_id"": ""REQ-148"", ""vendor_id"": ""VND-0365"", ""price"": 63295.52}",a7c68bfaba8e67ba2227950c171fb4edeee655b5a61bf5d28056ea49b5eb4114,4e14019b1f67e6b833e77bdc6cc4730636fb8429b4a772fa980902754f61528e
AUD-001297,2026-05-09 04:19:00,BID_SUBMITTED,"{""bid_id"": ""BID-01623"", ""request_id"": ""REQ-148"", ""vendor_id"": ""VND-0109"", ""price"": 62428.78}",4e14019b1f67e6b833e77bdc6cc4730636fb8429b4a772fa980902754f61528e,aa2e8a25f2ffca38ccfaf5cd96bec983d7b787bf1b9dd51f966469eb604595ea
AUD-001298,2026-05-10 08:00:00,PROCUREMENT_REQUEST_CREATED,"{""request_id"": ""REQ-139"", ""title"": ""Conference Room Furniture Setup (Lot 139)"", ""max_budget"": 41545.33}",aa2e8a25f2ffca38ccfaf5cd96bec983d7b787bf1b9dd51f966469eb604595ea,777caa0f0298591eb57aa3069dca3e9295fae0b2a193a0fe80ade533f868d509
AUD-001299,2026-05-10 18:00:00,PROCUREMENT_REQUEST_CREATED,"{""request_id"": ""REQ-115"", ""title"": ""Daily Office Janitorial Contract (Lot 115)"", ""max_budget"": 132587.05}",777caa0f0298591eb57aa3069dca3e9295fae0b2a193a0fe80ade533f868d509,37e2742115d36ff3c12384590245a1a199dedcb133fd4716855394238e4d7a19
AUD-001300,2026-05-11 08:04:00,BID_SUBMITTED,"{""bid_id"": ""BID-01506"", ""request_id"": ""REQ-139"", ""vendor_id"": ""VND-0147"", ""price"": 40814.71}",37e2742115d36ff3c12384590245a1a199dedcb133fd4716855394238e4d7a19,ac465508bf34b0d9f10e2c263e8dbd287021738fda8b4d198eddf91757e992ed
AUD-001301,2026-05-11 08:10:00,BID_SUBMITTED,"{""bid_id"": ""BID-01507"", ""request_id"": ""REQ-139"", ""vendor_id"": ""VND-0485"", ""price"": 40568.5}",ac465508bf34b0d9f10e2c263e8dbd287021738fda8b4d198eddf91757e992ed,28322d84c48f1df3d05b37d30f921dcb3197ed7e008db51e0087456723dac381
AUD-001302,2026-05-11 08:19:00,BID_SUBMITTED,"{""bid_id"": ""BID-01508"", ""request_id"": ""REQ-139"", ""vendor_id"": ""VND-0485"", ""price"": 40343.51}",28322d84c48f1df3d05b37d30f921dcb3197ed7e008db51e0087456723dac381,f06d113e2dcee5bc6f983e81106ec57824e3d12e91355a4f29035e300bb24c9a
AUD-001303,2026-05-11 08:22:00,BID_SUBMITTED,"{""bid_id"": ""BID-01509"", ""request_id"": ""REQ-139"", ""vendor_id"": ""VND-0147"", ""price"": 40039.47}",f06d113e2dcee5bc6f983e81106ec57824e3d12e91355a4f29035e300bb24c9a,040ccfca55cc1df20f7cd043669444e046a0490841074f35e0aae2a9f3dbebf0
AUD-001304,2026-05-11 08:28:00,BID_SUBMITTED,"{""bid_id"": ""BID-01510"", ""request_id"": ""REQ-139"", ""vendor_id"": ""VND-0488"", ""price"": 39637.43}",040ccfca55cc1df20f7cd043669444e046a0490841074f35e0aae2a9f3dbebf0,3fe621d7cc87277190d608f913a2d1b25004766fbe927e3bb92e26e0c4e4bd51
AUD-001305,2026-05-11 08:30:00,BID_SUBMITTED,"{""bid_id"": ""BID-01511"", ""request_id"": ""REQ-139"", ""vendor_id"": ""VND-0488"", ""price"": 38759.18}",3fe621d7cc87277190d608f913a2d1b25004766fbe927e3bb92e26e0c4e4bd51,043cffd15979a9a68827376edc23e38a9e75bb7087d76324511033e1bd6cb397
AUD-001306,2026-05-11 08:34:00,BID_SUBMITTED,"{""bid_id"": ""BID-01512"", ""request_id"": ""REQ-139"", ""vendor_id"": ""VND-0147"", ""price"": 38097.31}",043cffd15979a9a68827376edc23e38a9e75bb7087d76324511033e1bd6cb397,18a8b616c25731d1290af5d1eaf00b6b6d6fc5b48779fa2f63f9ab38ceefd94b
AUD-001307,2026-05-11 08:38:00,BID_SUBMITTED,"{""bid_id"": ""BID-01513"", ""request_id"": ""REQ-139"", ""vendor_id"": ""VND-0295"", ""price"": 37625.08}",18a8b616c25731d1290af5d1eaf00b6b6d6fc5b48779fa2f63f9ab38ceefd94b,21a01d4eb6b86cd1f721b9401042906b704352089cb51fc22b3f27e4bb0993e5
AUD-001308,2026-05-11 08:43:00,BID_SUBMITTED,"{""bid_id"": ""BID-01514"", ""request_id"": ""REQ-139"", ""vendor_id"": ""VND-0488"", ""price"": 36848.1}",21a01d4eb6b86cd1f721b9401042906b704352089cb51fc22b3f27e4bb0993e5,e54a44dc0b9e8a4f0b5b24574f921a40138b8923f2a3ad1f82e59470d33ce8f1
AUD-001309,2026-05-11 08:53:00,BID_SUBMITTED,"{""bid_id"": ""BID-01515"", ""request_id"": ""REQ-139"", ""vendor_id"": ""VND-0295"", ""price"": 36530.61}",e54a44dc0b9e8a4f0b5b24574f921a40138b8923f2a3ad1f82e59470d33ce8f1,7608193e38db01e8ce7138abf8c8bd13093efcf8bef69e5a8d9ea06ddb977c58
AUD-001310,2026-05-11 18:08:00,BID_SUBMITTED,"{""bid_id"": ""BID-01240"", ""request_id"": ""REQ-115"", ""vendor_id"": ""VND-0346"", ""price"": 130444.39}",7608193e38db01e8ce7138abf8c8bd13093efcf8bef69e5a8d9ea06ddb977c58,1714ecab9b4269d445065019d799fee90ccf7a13c45430fe7dbfd55e5c2279ee
AUD-001311,2026-05-11 18:10:00,BID_SUBMITTED,"{""bid_id"": ""BID-01241"", ""request_id"": ""REQ-115"", ""vendor_id"": ""VND-0346"", ""price"": 127720.06}",1714ecab9b4269d445065019d799fee90ccf7a13c45430fe7dbfd55e5c2279ee,0731a01e48645bf1266d6fde26796279b43af9ef11af63f899a44e9b55747e86
AUD-001312,2026-05-11 18:12:00,BID_SUBMITTED,"{""bid_id"": ""BID-01242"", ""request_id"": ""REQ-115"", ""vendor_id"": ""VND-0302"", ""price"": 126402.46}",0731a01e48645bf1266d6fde26796279b43af9ef11af63f899a44e9b55747e86,cf3624e8e7c8099cfd8ed00929f53c6dbdcc4e844ecedf6ebae94e3ae8da8e7e
AUD-001313,2026-05-11 18:18:00,BID_SUBMITTED,"{""bid_id"": ""BID-01243"", ""request_id"": ""REQ-115"", ""vendor_id"": ""VND-0302"", ""price"": 125592.5}",cf3624e8e7c8099cfd8ed00929f53c6dbdcc4e844ecedf6ebae94e3ae8da8e7e,ec0b07938662f48a53a6234aaa2df8ea6009f1af14fb9632ab8864e46a090396
AUD-001314,2026-05-11 18:28:00,BID_SUBMITTED,"{""bid_id"": ""BID-01244"", ""request_id"": ""REQ-115"", ""vendor_id"": ""VND-0259"", ""price"": 122591.84}",ec0b07938662f48a53a6234aaa2df8ea6009f1af14fb9632ab8864e46a090396,5d88e4c4cb7b1598fa73695a312ac25d79783773f41035174a7fb9898a607ed9
AUD-001315,2026-05-11 18:33:00,BID_SUBMITTED,"{""bid_id"": ""BID-01245"", ""request_id"": ""REQ-115"", ""vendor_id"": ""VND-0259"", ""price"": 121730.69}",5d88e4c4cb7b1598fa73695a312ac25d79783773f41035174a7fb9898a607ed9,891bc804d0c23036f94d34c4ed307d4561b2c901fe487b733d10fe96a54604cb
AUD-001316,2026-05-12 12:00:00,PROCUREMENT_REQUEST_CREATED,"{""request_id"": ""REQ-004"", ""title"": ""Bulk Equipment Shipping Services (Lot 004)"", ""max_budget"": 53661.51}",891bc804d0c23036f94d34c4ed307d4561b2c901fe487b733d10fe96a54604cb,ca079a7502133a7e28963d5436f68c2db1068424643ca94e1135e1d294707b9f
AUD-001317,2026-05-13 00:00:00,PROCUREMENT_REQUEST_CREATED,"{""request_id"": ""REQ-099"", ""title"": ""BI Analytics Platform Licenses (Lot 099)"", ""max_budget"": 160593.26}",ca079a7502133a7e28963d5436f68c2db1068424643ca94e1135e1d294707b9f,bfdedefbd234fd90bc540ababe8029a80c562f64f75909252ea5e3767658a42d
AUD-001318,2026-05-13 12:04:00,BID_SUBMITTED,"{""bid_id"": ""BID-00029"", ""request_id"": ""REQ-004"", ""vendor_id"": ""VND-0226"", ""price"": 52848.63}",bfdedefbd234fd90bc540ababe8029a80c562f64f75909252ea5e3767658a42d,db5c71db71f9c29156092f61c52461452575cce85b1ea3a5d473ea637aedb7e4
AUD-001319,2026-05-13 12:07:00,BID_SUBMITTED,"{""bid_id"": ""BID-00030"", ""request_id"": ""REQ-004"", ""vendor_id"": ""VND-0498"", ""price"": 52074.73}",db5c71db71f9c29156092f61c52461452575cce85b1ea3a5d473ea637aedb7e4,1032191284a4286361785ff8240bf38698d7a71a5c2b640e908648682ad78880
AUD-001320,2026-05-13 12:14:00,BID_SUBMITTED,"{""bid_id"": ""BID-00031"", ""request_id"": ""REQ-004"", ""vendor_id"": ""VND-0052"", ""price"": 50933.9}",1032191284a4286361785ff8240bf38698d7a71a5c2b640e908648682ad78880,33b825988357679729af21d7d5dab59acd42e56455b7bf559d745670b19b0447
AUD-001321,2026-05-13 12:19:00,BID_SUBMITTED,"{""bid_id"": ""BID-00032"", ""request_id"": ""REQ-004"", ""vendor_id"": ""VND-0322"", ""price"": 49902.38}",33b825988357679729af21d7d5dab59acd42e56455b7bf559d745670b19b0447,e01c16b177cb2daf2fc3785ad79375b55b0068b583aa50b318d3b2627d413721
AUD-001322,2026-05-13 12:29:00,BID_SUBMITTED,"{""bid_id"": ""BID-00033"", ""request_id"": ""REQ-004"", ""vendor_id"": ""VND-0216"", ""price"": 48809.37}",e01c16b177cb2daf2fc3785ad79375b55b0068b583aa50b318d3b2627d413721,f9951088f27520ed4c2c82265dc4c70b19069f0bbf5fa4830bfe6f7f57ed536b
AUD-001323,2026-05-13 12:35:00,BID_SUBMITTED,"{""bid_id"": ""BID-00034"", ""request_id"": ""REQ-004"", ""vendor_id"": ""VND-0322"", ""price"": 47970.83}",f9951088f27520ed4c2c82265dc4c70b19069f0bbf5fa4830bfe6f7f57ed536b,87d74a7d1cf8e6fb333687e553a8f610f6aa2285416a6836e7eeb069588a4704
AUD-001324,2026-05-13 12:41:00,BID_SUBMITTED,"{""bid_id"": ""BID-00035"", ""request_id"": ""REQ-004"", ""vendor_id"": ""VND-0322"", ""price"": 47557.88}",87d74a7d1cf8e6fb333687e553a8f610f6aa2285416a6836e7eeb069588a4704,63c5c2bcdb6b00c3dd832a8b11992e25261ca9d4bc772cb5e9b8ed5f1980c720
AUD-001325,2026-05-14 00:08:00,BID_SUBMITTED,"{""bid_id"": ""BID-01060"", ""request_id"": ""REQ-099"", ""vendor_id"": ""VND-0367"", ""price"": 158275.36}",63c5c2bcdb6b00c3dd832a8b11992e25261ca9d4bc772cb5e9b8ed5f1980c720,cce24d1e9ef9cb4900d6ba2ed8d782a7180a936769a813926e957aa84b8320db
AUD-001326,2026-05-14 00:13:00,BID_SUBMITTED,"{""bid_id"": ""BID-01061"", ""request_id"": ""REQ-099"", ""vendor_id"": ""VND-0234"", ""price"": 157281.13}",cce24d1e9ef9cb4900d6ba2ed8d782a7180a936769a813926e957aa84b8320db,8624d6e0eae2b1fc7905ccbefedd061aac56062da43bf90c353707f5317f47b3
AUD-001327,2026-05-14 00:15:00,BID_SUBMITTED,"{""bid_id"": ""BID-01062"", ""request_id"": ""REQ-099"", ""vendor_id"": ""VND-0002"", ""price"": 156242.95}",8624d6e0eae2b1fc7905ccbefedd061aac56062da43bf90c353707f5317f47b3,18c8aa121b1d0d32adb81232f46846a6b9321e1f7122d71b2560332bfb4063f8
AUD-001328,2026-05-14 00:23:00,BID_SUBMITTED,"{""bid_id"": ""BID-01063"", ""request_id"": ""REQ-099"", ""vendor_id"": ""VND-0479"", ""price"": 152553.48}",18c8aa121b1d0d32adb81232f46846a6b9321e1f7122d71b2560332bfb4063f8,76b18d11e9a1f061f31aabfcbe82eb6d751535802fb2cafd8c867824f357c8b6
AUD-001329,2026-05-14 00:25:00,BID_SUBMITTED,"{""bid_id"": ""BID-01064"", ""request_id"": ""REQ-099"", ""vendor_id"": ""VND-0002"", ""price"": 149619.55}",76b18d11e9a1f061f31aabfcbe82eb6d751535802fb2cafd8c867824f357c8b6,a5cc8dce361045390ec5b840fe8f018894d8c794129985665f9bebaeabc25032
AUD-001330,2026-05-14 00:34:00,BID_SUBMITTED,"{""bid_id"": ""BID-01065"", ""request_id"": ""REQ-099"", ""vendor_id"": ""VND-0367"", ""price"": 146955.45}",a5cc8dce361045390ec5b840fe8f018894d8c794129985665f9bebaeabc25032,875c0957652a5f53980c29df2e62ca7016c3e1ec509c9195fdd20bbc8897e67b
AUD-001331,2026-05-14 00:44:00,BID_SUBMITTED,"{""bid_id"": ""BID-01066"", ""request_id"": ""REQ-099"", ""vendor_id"": ""VND-0234"", ""price"": 145627.84}",875c0957652a5f53980c29df2e62ca7016c3e1ec509c9195fdd20bbc8897e67b,8a76a40935f0dd5fc24a0910a524dd16cf75e3ec566acdff438141e0a7967d0a
AUD-001332,2026-05-14 20:00:00,PROCUREMENT_REQUEST_CREATED,"{""request_id"": ""REQ-093"", ""title"": ""Server Rack Infrastructure Upgrade (Lot 093)"", ""max_budget"": 44734.46}",8a76a40935f0dd5fc24a0910a524dd16cf75e3ec566acdff438141e0a7967d0a,2c6b23320cbf37413f5b227e8c68ebc1b440a7b94084d58127105a2e5bfb69f9
AUD-001333,2026-05-15 12:00:00,PROCUREMENT_REQUEST_CREATED,"{""request_id"": ""REQ-078"", ""title"": ""Elevator Periodic Service SLA (Lot 078)"", ""max_budget"": 92991.67}",2c6b23320cbf37413f5b227e8c68ebc1b440a7b94084d58127105a2e5bfb69f9,7922aaac99f92ef1d8e255231a5e66c5ca796586182dffdf9a2d0cda87a3d3e0
AUD-001334,2026-05-15 20:00:00,PROCUREMENT_REQUEST_CREATED,"{""request_id"": ""REQ-054"", ""title"": ""Adhesives & Resins Bulk (Lot 054)"", ""max_budget"": 189411.14}",7922aaac99f92ef1d8e255231a5e66c5ca796586182dffdf9a2d0cda87a3d3e0,8d63eb8bf1dcc1c0c69c1f51e073dff4fe9035d00bd6278259123d9c04fef78e
AUD-001335,2026-05-15 20:00:01,BID_SUBMITTED,"{""bid_id"": ""BID-00995"", ""request_id"": ""REQ-093"", ""vendor_id"": ""VND-0245"", ""price"": 42347.74}",8d63eb8bf1dcc1c0c69c1f51e073dff4fe9035d00bd6278259123d9c04fef78e,498bc03dc7506b020a92b8345c3f28430042bbb5c08ff3dafb27eabbf4c653f6
AUD-001336,2026-05-15 20:00:02,BID_SUBMITTED,"{""bid_id"": ""BID-00996"", ""request_id"": ""REQ-093"", ""vendor_id"": ""VND-0317"", ""price"": 42197.74}",498bc03dc7506b020a92b8345c3f28430042bbb5c08ff3dafb27eabbf4c653f6,020b1f596829a0e193c95ed0c8d18468499c05175ee429e60b4c9ea68d6129c2
AUD-001337,2026-05-15 20:00:03,BID_SUBMITTED,"{""bid_id"": ""BID-00997"", ""request_id"": ""REQ-093"", ""vendor_id"": ""VND-0245"", ""price"": 42047.74}",020b1f596829a0e193c95ed0c8d18468499c05175ee429e60b4c9ea68d6129c2,91c129dcf8b6c120f6579b501acf202ae0d6f9fd79fb8aed5e417d7b37756cf2
AUD-001338,2026-05-15 20:00:05,BID_SUBMITTED,"{""bid_id"": ""BID-00998"", ""request_id"": ""REQ-093"", ""vendor_id"": ""VND-0317"", ""price"": 41897.74}",91c129dcf8b6c120f6579b501acf202ae0d6f9fd79fb8aed5e417d7b37756cf2,561007cddf0a842b08529136d070598303a30eb670534e3b6e307edf4cd68876
AUD-001339,2026-05-15 20:00:07,BID_SUBMITTED,"{""bid_id"": ""BID-00999"", ""request_id"": ""REQ-093"", ""vendor_id"": ""VND-0245"", ""price"": 41747.74}",561007cddf0a842b08529136d070598303a30eb670534e3b6e307edf4cd68876,c021b160b5821c275e19bf3c33f824dc835f8064b275b9bd292b6aa121bf6e18
AUD-001340,2026-05-15 20:00:09,BID_SUBMITTED,"{""bid_id"": ""BID-01000"", ""request_id"": ""REQ-093"", ""vendor_id"": ""VND-0317"", ""price"": 41597.74}",c021b160b5821c275e19bf3c33f824dc835f8064b275b9bd292b6aa121bf6e18,d8a377db51e1ad97db83cc8b5a154ba86f96e87dc24b50c452d88baef22e334b
AUD-001341,2026-05-15 20:00:11,BID_SUBMITTED,"{""bid_id"": ""BID-01001"", ""request_id"": ""REQ-093"", ""vendor_id"": ""VND-0245"", ""price"": 41447.74}",d8a377db51e1ad97db83cc8b5a154ba86f96e87dc24b50c452d88baef22e334b,153d17683b3c0266d41ad307fb79c66dce40b51ae98b8eddb2d6aa73e83fa7a5
AUD-001342,2026-05-15 20:00:12,BID_SUBMITTED,"{""bid_id"": ""BID-01002"", ""request_id"": ""REQ-093"", ""vendor_id"": ""VND-0317"", ""price"": 41297.74}",153d17683b3c0266d41ad307fb79c66dce40b51ae98b8eddb2d6aa73e83fa7a5,569f2564182e44a0448dea5d8ed52de4daed0e609b32f81b987f35f6909244b5
AUD-001343,2026-05-15 20:00:13,BID_SUBMITTED,"{""bid_id"": ""BID-01003"", ""request_id"": ""REQ-093"", ""vendor_id"": ""VND-0245"", ""price"": 41147.74}",569f2564182e44a0448dea5d8ed52de4daed0e609b32f81b987f35f6909244b5,973355e753b18d21cd0fa331c50d33ba0a7caf98842335a6e9cc45e872ee3c10
AUD-001344,2026-05-15 20:00:15,BID_SUBMITTED,"{""bid_id"": ""BID-01004"", ""request_id"": ""REQ-093"", ""vendor_id"": ""VND-0317"", ""price"": 40997.74}",973355e753b18d21cd0fa331c50d33ba0a7caf98842335a6e9cc45e872ee3c10,7b142dcf47a26ea4e0d427c260ba42a4d2a8a29067f163d1575a5470ea3e74bd
AUD-001345,2026-05-15 20:05:15,BID_SUBMITTED,"{""bid_id"": ""BID-01005"", ""request_id"": ""REQ-093"", ""vendor_id"": ""VND-0003"", ""price"": 40227.98}",7b142dcf47a26ea4e0d427c260ba42a4d2a8a29067f163d1575a5470ea3e74bd,5f93a8b0e786539d8aa760b5a3de8bb17b2fc6b95cbd5bd2baf1de67ce74e346
AUD-001346,2026-05-15 20:14:15,BID_SUBMITTED,"{""bid_id"": ""BID-01006"", ""request_id"": ""REQ-093"", ""vendor_id"": ""VND-0017"", ""price"": 40008.25}",5f93a8b0e786539d8aa760b5a3de8bb17b2fc6b95cbd5bd2baf1de67ce74e346,4446fc0e06b17c65c8d9d6ab29b3e913017474c45c86eccd1d86ba9853b2fbc2
AUD-001347,2026-05-16 12:03:00,BID_SUBMITTED,"{""bid_id"": ""BID-00841"", ""request_id"": ""REQ-078"", ""vendor_id"": ""VND-0135"", ""price"": 92387.13}",4446fc0e06b17c65c8d9d6ab29b3e913017474c45c86eccd1d86ba9853b2fbc2,b37b95d3d880efb271489ad0ac482ff31e8309cd235e6d3bff74de44c5066675
AUD-001348,2026-05-16 12:12:00,BID_SUBMITTED,"{""bid_id"": ""BID-00842"", ""request_id"": ""REQ-078"", ""vendor_id"": ""VND-0410"", ""price"": 90734.63}",b37b95d3d880efb271489ad0ac482ff31e8309cd235e6d3bff74de44c5066675,1190fd069db24f49c60d134310c482bd55d38db5ff812d184f499cb5e245f1e8
AUD-001349,2026-05-16 12:14:00,BID_SUBMITTED,"{""bid_id"": ""BID-00843"", ""request_id"": ""REQ-078"", ""vendor_id"": ""VND-0410"", ""price"": 89801.65}",1190fd069db24f49c60d134310c482bd55d38db5ff812d184f499cb5e245f1e8,d659bc41c048096b8f5150146880d380ad94865bccd3943c9de09112facce8fc
AUD-001350,2026-05-16 12:16:00,BID_SUBMITTED,"{""bid_id"": ""BID-00844"", ""request_id"": ""REQ-078"", ""vendor_id"": ""VND-0115"", ""price"": 87892.15}",d659bc41c048096b8f5150146880d380ad94865bccd3943c9de09112facce8fc,bac0f8304001ea1f807952a6b3af004b6ead39dea7a6ec044b5c8568665b48dc
AUD-001351,2026-05-16 12:23:00,BID_SUBMITTED,"{""bid_id"": ""BID-00845"", ""request_id"": ""REQ-078"", ""vendor_id"": ""VND-0410"", ""price"": 86819.49}",bac0f8304001ea1f807952a6b3af004b6ead39dea7a6ec044b5c8568665b48dc,384d320337cb54bd942cc26165a8c753d19e9168b3ba3fd099160c012c38c776
AUD-001352,2026-05-16 12:26:00,BID_SUBMITTED,"{""bid_id"": ""BID-00846"", ""request_id"": ""REQ-078"", ""vendor_id"": ""VND-0410"", ""price"": 85103.0}",384d320337cb54bd942cc26165a8c753d19e9168b3ba3fd099160c012c38c776,9e2692d8e7f62b54dc885cbcbf76a280b4ff61f469666bafc09851de578af5bf
AUD-001353,2026-05-16 12:30:00,BID_SUBMITTED,"{""bid_id"": ""BID-00847"", ""request_id"": ""REQ-078"", ""vendor_id"": ""VND-0115"", ""price"": 84661.02}",9e2692d8e7f62b54dc885cbcbf76a280b4ff61f469666bafc09851de578af5bf,9f50d3869ce9697b8013fc502bf988c52a17756c735ffa4b5a1b57491e0ac8e2
AUD-001354,2026-05-16 14:00:00,PROCUREMENT_REQUEST_CREATED,"{""request_id"": ""REQ-116"", ""title"": ""BI Analytics Platform Licenses (Lot 116)"", ""max_budget"": 34660.34}",9f50d3869ce9697b8013fc502bf988c52a17756c735ffa4b5a1b57491e0ac8e2,e16b3e40e50d5bb41fd4e79d5f4f459e82cf0af42504b5ba05c45c5feb8377f2
AUD-001355,2026-05-16 20:02:00,BID_SUBMITTED,"{""bid_id"": ""BID-00564"", ""request_id"": ""REQ-054"", ""vendor_id"": ""VND-0058"", ""price"": 186746.61}",e16b3e40e50d5bb41fd4e79d5f4f459e82cf0af42504b5ba05c45c5feb8377f2,0a2cee0da1f438c94a731a1f73fc21ef6ebace647d02474dbc8e0ef958094e4a
AUD-001356,2026-05-16 20:06:00,BID_SUBMITTED,"{""bid_id"": ""BID-00565"", ""request_id"": ""REQ-054"", ""vendor_id"": ""VND-0325"", ""price"": 183325.12}",0a2cee0da1f438c94a731a1f73fc21ef6ebace647d02474dbc8e0ef958094e4a,7484778a77c8c62bf9f5d0062adcf3c7dd855127c6eaba23e1b0aa222e16036f
AUD-001357,2026-05-16 20:10:00,BID_SUBMITTED,"{""bid_id"": ""BID-00566"", ""request_id"": ""REQ-054"", ""vendor_id"": ""VND-0058"", ""price"": 182362.05}",7484778a77c8c62bf9f5d0062adcf3c7dd855127c6eaba23e1b0aa222e16036f,f34c3e3f3894811d82d788dce614571b81a41b5ed281e5cb3478b4e2b6cdc479
AUD-001358,2026-05-16 20:19:00,BID_SUBMITTED,"{""bid_id"": ""BID-00567"", ""request_id"": ""REQ-054"", ""vendor_id"": ""VND-0468"", ""price"": 181408.85}",f34c3e3f3894811d82d788dce614571b81a41b5ed281e5cb3478b4e2b6cdc479,5dcd47faf07ae5c5e597ad62a7636f81c527e38f136f876f422999e81ff6d792
AUD-001359,2026-05-16 20:25:00,BID_SUBMITTED,"{""bid_id"": ""BID-00568"", ""request_id"": ""REQ-054"", ""vendor_id"": ""VND-0325"", ""price"": 178604.25}",5dcd47faf07ae5c5e597ad62a7636f81c527e38f136f876f422999e81ff6d792,f9ac0a8ef26c90b0e82a7ba8bc1972e49dbd913e09a34c0c64d42f26069f8573
AUD-001360,2026-05-16 20:31:00,BID_SUBMITTED,"{""bid_id"": ""BID-00569"", ""request_id"": ""REQ-054"", ""vendor_id"": ""VND-0276"", ""price"": 176382.87}",f9ac0a8ef26c90b0e82a7ba8bc1972e49dbd913e09a34c0c64d42f26069f8573,e53983a9fd896f22a90f2175ee013559d075f0514ca41b8589f751a531eff986
AUD-001361,2026-05-16 20:33:00,BID_SUBMITTED,"{""bid_id"": ""BID-00570"", ""request_id"": ""REQ-054"", ""vendor_id"": ""VND-0468"", ""price"": 172373.99}",e53983a9fd896f22a90f2175ee013559d075f0514ca41b8589f751a531eff986,90f5f9bff0de1a1fa0159f4be9d9f186e36c5f9bcc28aaddde1fdebbee492f0d
AUD-001362,2026-05-16 20:39:00,BID_SUBMITTED,"{""bid_id"": ""BID-00571"", ""request_id"": ""REQ-054"", ""vendor_id"": ""VND-0325"", ""price"": 168729.63}",90f5f9bff0de1a1fa0159f4be9d9f186e36c5f9bcc28aaddde1fdebbee492f0d,f0bda27ef3ba48064d5312ff92ca2be4130cf73efeb203135a79376207f8ab22
AUD-001363,2026-05-16 20:42:00,BID_SUBMITTED,"{""bid_id"": ""BID-00572"", ""request_id"": ""REQ-054"", ""vendor_id"": ""VND-0047"", ""price"": 167670.44}",f0bda27ef3ba48064d5312ff92ca2be4130cf73efeb203135a79376207f8ab22,0c339bdf39e03e96b2f6d82866dce6715a6cdb6ced066c891391e39513d21ad5
AUD-001364,2026-05-16 20:49:00,BID_SUBMITTED,"{""bid_id"": ""BID-00573"", ""request_id"": ""REQ-054"", ""vendor_id"": ""VND-0219"", ""price"": 165305.63}",0c339bdf39e03e96b2f6d82866dce6715a6cdb6ced066c891391e39513d21ad5,7a8f9461bf4f603192ecb1486474571d29b641f79754d4fcc677ef5e9c50bf5a
AUD-001365,2026-05-16 20:53:00,BID_SUBMITTED,"{""bid_id"": ""BID-00574"", ""request_id"": ""REQ-054"", ""vendor_id"": ""VND-0058"", ""price"": 162827.33}",7a8f9461bf4f603192ecb1486474571d29b641f79754d4fcc677ef5e9c50bf5a,cd17e7320840d8f5bd49db71942457541872fb7e49b8a081a90464967212c16d
AUD-001366,2026-05-16 20:56:00,BID_SUBMITTED,"{""bid_id"": ""BID-00575"", ""request_id"": ""REQ-054"", ""vendor_id"": ""VND-0325"", ""price"": 161500.91}",cd17e7320840d8f5bd49db71942457541872fb7e49b8a081a90464967212c16d,1c28ce0a9125e999e8890c40334dfd2a1ddbd41864b92706fb0598440e666f82
AUD-001367,2026-05-17 14:08:00,BID_SUBMITTED,"{""bid_id"": ""BID-01246"", ""request_id"": ""REQ-116"", ""vendor_id"": ""VND-0393"", ""price"": 33967.69}",1c28ce0a9125e999e8890c40334dfd2a1ddbd41864b92706fb0598440e666f82,2592e7fca097228ba765fbb63f4ebaa3936f6b16b3c785a9b6e53d7c1d8186b9
AUD-001368,2026-05-17 14:15:00,BID_SUBMITTED,"{""bid_id"": ""BID-01247"", ""request_id"": ""REQ-116"", ""vendor_id"": ""VND-0144"", ""price"": 33726.17}",2592e7fca097228ba765fbb63f4ebaa3936f6b16b3c785a9b6e53d7c1d8186b9,75137a5132dd5c297570b0778d8302513ccc49231b583370bbba9844fba06a28
AUD-001369,2026-05-17 14:23:00,BID_SUBMITTED,"{""bid_id"": ""BID-01248"", ""request_id"": ""REQ-116"", ""vendor_id"": ""VND-0144"", ""price"": 33248.12}",75137a5132dd5c297570b0778d8302513ccc49231b583370bbba9844fba06a28,b233c95c3c06cccbaa36ffc00688cdfb53052ca97cdc85bd2df87bb95c300935
AUD-001370,2026-05-17 14:27:00,BID_SUBMITTED,"{""bid_id"": ""BID-01249"", ""request_id"": ""REQ-116"", ""vendor_id"": ""VND-0234"", ""price"": 32970.96}",b233c95c3c06cccbaa36ffc00688cdfb53052ca97cdc85bd2df87bb95c300935,f691df2142c27cb162e89e0b1f86d30ca9f6ea98415db6c42b79bc2332cacc27
AUD-001371,2026-05-17 14:34:00,BID_SUBMITTED,"{""bid_id"": ""BID-01250"", ""request_id"": ""REQ-116"", ""vendor_id"": ""VND-0393"", ""price"": 32541.31}",f691df2142c27cb162e89e0b1f86d30ca9f6ea98415db6c42b79bc2332cacc27,85c3ad35b70d1ba049f6f8e7d297eec006a2d69acf4b74a0d1f9b921150f5704
AUD-001372,2026-05-17 14:43:00,BID_SUBMITTED,"{""bid_id"": ""BID-01251"", ""request_id"": ""REQ-116"", ""vendor_id"": ""VND-0144"", ""price"": 32275.66}",85c3ad35b70d1ba049f6f8e7d297eec006a2d69acf4b74a0d1f9b921150f5704,632e1046fea68300a9d5d7c39d48c532ad4b8841bff63e84507875b587eef1d6
AUD-001373,2026-05-17 14:53:00,BID_SUBMITTED,"{""bid_id"": ""BID-01252"", ""request_id"": ""REQ-116"", ""vendor_id"": ""VND-0459"", ""price"": 31531.72}",632e1046fea68300a9d5d7c39d48c532ad4b8841bff63e84507875b587eef1d6,e35e7a4eb4cc4125a80fb2bb6c32fa85ec1fef247b0de7df611c7131696add13
AUD-001374,2026-05-17 15:01:00,BID_SUBMITTED,"{""bid_id"": ""BID-01253"", ""request_id"": ""REQ-116"", ""vendor_id"": ""VND-0459"", ""price"": 30841.26}",e35e7a4eb4cc4125a80fb2bb6c32fa85ec1fef247b0de7df611c7131696add13,b0dbbd987eb27a07084ec1f7961ac22c29649e341c659baf8b1b7ffd6edf2aef
AUD-001375,2026-05-18 00:00:00,PROCUREMENT_REQUEST_CREATED,"{""request_id"": ""REQ-038"", ""title"": ""Specialized Window Cleaning Lot (Lot 038)"", ""max_budget"": 34493.13}",b0dbbd987eb27a07084ec1f7961ac22c29649e341c659baf8b1b7ffd6edf2aef,af37f0b87de1a05c7a6e51eaef1f6493a4a09dffee812abb1da4f6e6e782581a
AUD-001376,2026-05-18 13:00:00,PROCUREMENT_REQUEST_CREATED,"{""request_id"": ""REQ-051"", ""title"": ""Chiller System Maintenance Service (Lot 051)"", ""max_budget"": 94368.63}",af37f0b87de1a05c7a6e51eaef1f6493a4a09dffee812abb1da4f6e6e782581a,b625c54d9247720e81b41d4792fb30e32bce2fcbae700e9b7a6d3c9c8b17732c
AUD-001377,2026-05-19 00:08:00,BID_SUBMITTED,"{""bid_id"": ""BID-00386"", ""request_id"": ""REQ-038"", ""vendor_id"": ""VND-0033"", ""price"": 34308.84}",b625c54d9247720e81b41d4792fb30e32bce2fcbae700e9b7a6d3c9c8b17732c,761acc9b6e970fe47b24dc2df3806b62ee414849df7fea2217b0732564cf2c86
AUD-001378,2026-05-19 00:12:00,BID_SUBMITTED,"{""bid_id"": ""BID-00387"", ""request_id"": ""REQ-038"", ""vendor_id"": ""VND-0172"", ""price"": 33492.49}",761acc9b6e970fe47b24dc2df3806b62ee414849df7fea2217b0732564cf2c86,d52ed608efc85eae3e1d6b27cf8b7fda4ebf62b3f89091376f572f80b1226d3b
AUD-001379,2026-05-19 00:22:00,BID_SUBMITTED,"{""bid_id"": ""BID-00388"", ""request_id"": ""REQ-038"", ""vendor_id"": ""VND-0278"", ""price"": 32710.07}",d52ed608efc85eae3e1d6b27cf8b7fda4ebf62b3f89091376f572f80b1226d3b,07d6a4776564ac43f5d0bf4d98711e76e42ca2c006697009275a7c1ea4c7f36c
AUD-001380,2026-05-19 00:32:00,BID_SUBMITTED,"{""bid_id"": ""BID-00389"", ""request_id"": ""REQ-038"", ""vendor_id"": ""VND-0233"", ""price"": 32388.88}",07d6a4776564ac43f5d0bf4d98711e76e42ca2c006697009275a7c1ea4c7f36c,7d1dac1c6366bd52142594ac39ce09027d452b83adb3446d69c05321461aa676
AUD-001381,2026-05-19 00:38:00,BID_SUBMITTED,"{""bid_id"": ""BID-00390"", ""request_id"": ""REQ-038"", ""vendor_id"": ""VND-0033"", ""price"": 31698.85}",7d1dac1c6366bd52142594ac39ce09027d452b83adb3446d69c05321461aa676,da3f1449137094d9a8e02e9555f1d5dd01306e1093b19934a037dd6357d9a62c
AUD-001382,2026-05-19 00:45:00,BID_SUBMITTED,"{""bid_id"": ""BID-00391"", ""request_id"": ""REQ-038"", ""vendor_id"": ""VND-0172"", ""price"": 31288.74}",da3f1449137094d9a8e02e9555f1d5dd01306e1093b19934a037dd6357d9a62c,0d30b4197e1576443ce732629f48455024e71e284228966045916184d9c80be6
AUD-001383,2026-05-19 00:50:00,BID_SUBMITTED,"{""bid_id"": ""BID-00392"", ""request_id"": ""REQ-038"", ""vendor_id"": ""VND-0406"", ""price"": 30845.06}",0d30b4197e1576443ce732629f48455024e71e284228966045916184d9c80be6,a1a04497bf6603a77ea3516cd5b341e3fcb41b74b6ac32716b860941d2be2594
AUD-001384,2026-05-19 00:53:00,BID_SUBMITTED,"{""bid_id"": ""BID-00393"", ""request_id"": ""REQ-038"", ""vendor_id"": ""VND-0323"", ""price"": 30551.51}",a1a04497bf6603a77ea3516cd5b341e3fcb41b74b6ac32716b860941d2be2594,2d7725414581de955692f088c7bd8bfc38da8eb0ff43ebf4ec8e03ad8d335a2c
AUD-001385,2026-05-19 00:55:00,BID_SUBMITTED,"{""bid_id"": ""BID-00394"", ""request_id"": ""REQ-038"", ""vendor_id"": ""VND-0323"", ""price"": 29792.81}",2d7725414581de955692f088c7bd8bfc38da8eb0ff43ebf4ec8e03ad8d335a2c,fb3aaf3ff25ba18527aca36998244ac947b7ac23eb30a07fd5c6c7451fbb8326
AUD-001386,2026-05-19 01:03:00,BID_SUBMITTED,"{""bid_id"": ""BID-00395"", ""request_id"": ""REQ-038"", ""vendor_id"": ""VND-0278"", ""price"": 29402.35}",fb3aaf3ff25ba18527aca36998244ac947b7ac23eb30a07fd5c6c7451fbb8326,4612a075f193710029cb15726fd3408f286719145a4d701dfb2fbbd9889cab5a
AUD-001387,2026-05-19 01:05:00,BID_SUBMITTED,"{""bid_id"": ""BID-00396"", ""request_id"": ""REQ-038"", ""vendor_id"": ""VND-0268"", ""price"": 28975.43}",4612a075f193710029cb15726fd3408f286719145a4d701dfb2fbbd9889cab5a,02c258cfde19ef46fb66d27b6ebf85ba67a80110e9cfd7146c97879f1a69ef7e
AUD-001388,2026-05-19 01:14:00,BID_SUBMITTED,"{""bid_id"": ""BID-00397"", ""request_id"": ""REQ-038"", ""vendor_id"": ""VND-0323"", ""price"": 28731.23}",02c258cfde19ef46fb66d27b6ebf85ba67a80110e9cfd7146c97879f1a69ef7e,299d36c33a08fca0fefab404132a0e0f42ceeb7c5fbc9b7186e26cd941ae28c9
AUD-001389,2026-05-19 01:21:00,BID_SUBMITTED,"{""bid_id"": ""BID-00398"", ""request_id"": ""REQ-038"", ""vendor_id"": ""VND-0172"", ""price"": 28338.24}",299d36c33a08fca0fefab404132a0e0f42ceeb7c5fbc9b7186e26cd941ae28c9,09b2178f4f34adabff1c6e5d70eb17124c29921b49b799d1c8238f789afa8703
AUD-001390,2026-05-19 01:24:00,BID_SUBMITTED,"{""bid_id"": ""BID-00399"", ""request_id"": ""REQ-038"", ""vendor_id"": ""VND-0268"", ""price"": 27642.64}",09b2178f4f34adabff1c6e5d70eb17124c29921b49b799d1c8238f789afa8703,8ed1146e19b1e3d0d003a7ab21ec12b166ae2691f944b72a13b9990b39b41bf8
AUD-001391,2026-05-19 03:00:00,PROCUREMENT_REQUEST_CREATED,"{""request_id"": ""REQ-143"", ""title"": ""Industrial Cleaning Solvents (Lot 143)"", ""max_budget"": 143497.35}",8ed1146e19b1e3d0d003a7ab21ec12b166ae2691f944b72a13b9990b39b41bf8,38ab5c53299f75d3e8be054b8ccce119513e8a37d935ddd910a1b62cc878273e
AUD-001392,2026-05-19 13:05:00,BID_SUBMITTED,"{""bid_id"": ""BID-00535"", ""request_id"": ""REQ-051"", ""vendor_id"": ""VND-0015"", ""price"": 93749.69}",38ab5c53299f75d3e8be054b8ccce119513e8a37d935ddd910a1b62cc878273e,6bd51ef062bc49c3c84cfd7041b56bf5b6b990dabd083f989dc08d52865cee60
AUD-001393,2026-05-19 13:12:00,BID_SUBMITTED,"{""bid_id"": ""BID-00536"", ""request_id"": ""REQ-051"", ""vendor_id"": ""VND-0015"", ""price"": 93263.53}",6bd51ef062bc49c3c84cfd7041b56bf5b6b990dabd083f989dc08d52865cee60,67bbeac7700351a7bf84124f8d48361171f08a30e9dc1752e96e286c9579ff75
AUD-001394,2026-05-19 13:20:00,BID_SUBMITTED,"{""bid_id"": ""BID-00537"", ""request_id"": ""REQ-051"", ""vendor_id"": ""VND-0370"", ""price"": 90954.03}",67bbeac7700351a7bf84124f8d48361171f08a30e9dc1752e96e286c9579ff75,25afeb8701985ae356cceb6cc9e66d0af14a2fbb0ffd7c3e18b1a93e1c66eee9
AUD-001395,2026-05-19 13:25:00,BID_SUBMITTED,"{""bid_id"": ""BID-00538"", ""request_id"": ""REQ-051"", ""vendor_id"": ""VND-0065"", ""price"": 89630.29}",25afeb8701985ae356cceb6cc9e66d0af14a2fbb0ffd7c3e18b1a93e1c66eee9,45498fd3877f650a7ba0bda83a086572a65b7e0c447125851a63f3e3342d8259
AUD-001396,2026-05-19 13:28:00,BID_SUBMITTED,"{""bid_id"": ""BID-00539"", ""request_id"": ""REQ-051"", ""vendor_id"": ""VND-0015"", ""price"": 89022.0}",45498fd3877f650a7ba0bda83a086572a65b7e0c447125851a63f3e3342d8259,307aebb503ebf88f4548e923cfd7d7c6ab2ba293b5fae8379993b0a87053b508
AUD-001397,2026-05-19 13:34:00,BID_SUBMITTED,"{""bid_id"": ""BID-00540"", ""request_id"": ""REQ-051"", ""vendor_id"": ""VND-0370"", ""price"": 88018.99}",307aebb503ebf88f4548e923cfd7d7c6ab2ba293b5fae8379993b0a87053b508,645df9e2ef7f4b69ef8927e9d4114b4bc3ad90bc2047f4f7b56eac2e0e769c90
AUD-001398,2026-05-19 13:38:00,BID_SUBMITTED,"{""bid_id"": ""BID-00541"", ""request_id"": ""REQ-051"", ""vendor_id"": ""VND-0065"", ""price"": 86905.16}",645df9e2ef7f4b69ef8927e9d4114b4bc3ad90bc2047f4f7b56eac2e0e769c90,a18e4ff38fd7042dda467807bc2df654a037e5bea9eba78d993c507de6e43c44
AUD-001399,2026-05-19 13:40:00,BID_SUBMITTED,"{""bid_id"": ""BID-00542"", ""request_id"": ""REQ-051"", ""vendor_id"": ""VND-0065"", ""price"": 86351.72}",a18e4ff38fd7042dda467807bc2df654a037e5bea9eba78d993c507de6e43c44,e67233eb46032d044dbe0db195659b04dd191cef3342526cfafc1909d7b81928
AUD-001400,2026-05-19 13:45:00,BID_SUBMITTED,"{""bid_id"": ""BID-00543"", ""request_id"": ""REQ-051"", ""vendor_id"": ""VND-0065"", ""price"": 85159.9}",e67233eb46032d044dbe0db195659b04dd191cef3342526cfafc1909d7b81928,8d758638b492f995f01a6c1c9ebdf398008fbf7a313f10f70b094984e7adff01
AUD-001401,2026-05-19 22:00:00,PROCUREMENT_REQUEST_CREATED,"{""request_id"": ""REQ-067"", ""title"": ""Steel Tubes & Sheets Supply (Lot 067)"", ""max_budget"": 44265.94}",8d758638b492f995f01a6c1c9ebdf398008fbf7a313f10f70b094984e7adff01,3f598fd1f1649562c41e610f990b4f61028612d8631269c406027f5aa2802da1
AUD-001402,2026-05-20 03:06:00,BID_SUBMITTED,"{""bid_id"": ""BID-01552"", ""request_id"": ""REQ-143"", ""vendor_id"": ""VND-0325"", ""price"": 141140.13}",3f598fd1f1649562c41e610f990b4f61028612d8631269c406027f5aa2802da1,51d559f599161a4ffc4b9708ec1999e0db664798c869b2833e5c42f0b3686c48
AUD-001403,2026-05-20 03:15:00,BID_SUBMITTED,"{""bid_id"": ""BID-01553"", ""request_id"": ""REQ-143"", ""vendor_id"": ""VND-0031"", ""price"": 139175.8}",51d559f599161a4ffc4b9708ec1999e0db664798c869b2833e5c42f0b3686c48,f484216adeb6271293f150aaa00947c75d864328b9a1b6480f3a870187e423bb
AUD-001404,2026-05-20 03:17:00,BID_SUBMITTED,"{""bid_id"": ""BID-01554"", ""request_id"": ""REQ-143"", ""vendor_id"": ""VND-0153"", ""price"": 136662.66}",f484216adeb6271293f150aaa00947c75d864328b9a1b6480f3a870187e423bb,e72b8ba8423d52b167fd44d6710feb64bb6de0fb3d7041a8f4f7ddb82c4066b7
AUD-001405,2026-05-20 03:23:00,BID_SUBMITTED,"{""bid_id"": ""BID-01555"", ""request_id"": ""REQ-143"", ""vendor_id"": ""VND-0325"", ""price"": 134162.81}",e72b8ba8423d52b167fd44d6710feb64bb6de0fb3d7041a8f4f7ddb82c4066b7,bb0fd44c16ed156393cfd013ea8d70a15dfd54ccac1728f1c5823844162432aa
AUD-001406,2026-05-20 03:31:00,BID_SUBMITTED,"{""bid_id"": ""BID-01556"", ""request_id"": ""REQ-143"", ""vendor_id"": ""VND-0153"", ""price"": 131613.57}",bb0fd44c16ed156393cfd013ea8d70a15dfd54ccac1728f1c5823844162432aa,fc7af40386c1acc047d2f776045af51b308091bf5cb10511205135dabeed78b8
AUD-001407,2026-05-20 03:40:00,BID_SUBMITTED,"{""bid_id"": ""BID-01557"", ""request_id"": ""REQ-143"", ""vendor_id"": ""VND-0227"", ""price"": 130945.75}",fc7af40386c1acc047d2f776045af51b308091bf5cb10511205135dabeed78b8,02e91023f3512155f1c82b45d339531e127ae9b28641a9a0a2aef96d4e1f935c
AUD-001408,2026-05-20 03:43:00,BID_SUBMITTED,"{""bid_id"": ""BID-01558"", ""request_id"": ""REQ-143"", ""vendor_id"": ""VND-0359"", ""price"": 129149.02}",02e91023f3512155f1c82b45d339531e127ae9b28641a9a0a2aef96d4e1f935c,4fdf09811a4d7e272aacb29ff0e9ed5b8b059c7724cf5da9483c94c775aed9aa
AUD-001409,2026-05-20 22:02:00,BID_SUBMITTED,"{""bid_id"": ""BID-00712"", ""request_id"": ""REQ-067"", ""vendor_id"": ""VND-0446"", ""price"": 43303.53}",4fdf09811a4d7e272aacb29ff0e9ed5b8b059c7724cf5da9483c94c775aed9aa,4adeafa7099e6e30ca5a2e48fdbb0b6e03291f662c06c9a3667ff99246eea7a7
AUD-001410,2026-05-20 22:05:00,BID_SUBMITTED,"{""bid_id"": ""BID-00713"", ""request_id"": ""REQ-067"", ""vendor_id"": ""VND-0446"", ""price"": 42435.52}",4adeafa7099e6e30ca5a2e48fdbb0b6e03291f662c06c9a3667ff99246eea7a7,9defd9255867c64d8c4e46dbc1bf3588cd7dce95231330d5cb6dd118289e654f
AUD-001411,2026-05-20 22:15:00,BID_SUBMITTED,"{""bid_id"": ""BID-00714"", ""request_id"": ""REQ-067"", ""vendor_id"": ""VND-0137"", ""price"": 41656.29}",9defd9255867c64d8c4e46dbc1bf3588cd7dce95231330d5cb6dd118289e654f,8765bda83a93721b26b033b3156aeaff39f3e182ab4643a3305b85121fda5c7e
AUD-001412,2026-05-20 22:20:00,BID_SUBMITTED,"{""bid_id"": ""BID-00715"", ""request_id"": ""REQ-067"", ""vendor_id"": ""VND-0230"", ""price"": 40639.29}",8765bda83a93721b26b033b3156aeaff39f3e182ab4643a3305b85121fda5c7e,7a299fc2f804ee148c48d464f60d601a9909006206fd215123ee3e84703273cb
AUD-001413,2026-05-20 22:28:00,BID_SUBMITTED,"{""bid_id"": ""BID-00716"", ""request_id"": ""REQ-067"", ""vendor_id"": ""VND-0464"", ""price"": 40386.52}",7a299fc2f804ee148c48d464f60d601a9909006206fd215123ee3e84703273cb,b6fcd781c01dbea9a7566ff37fd445e7002dc57f360ddd90e9249f228871c5a6
AUD-001414,2026-05-20 22:38:00,BID_SUBMITTED,"{""bid_id"": ""BID-00717"", ""request_id"": ""REQ-067"", ""vendor_id"": ""VND-0464"", ""price"": 39846.45}",b6fcd781c01dbea9a7566ff37fd445e7002dc57f360ddd90e9249f228871c5a6,61836779ea6e64321b85e21890bfb0748e97cacbe0d5ff824c75054661fe5ee1
AUD-001415,2026-05-20 22:43:00,BID_SUBMITTED,"{""bid_id"": ""BID-00718"", ""request_id"": ""REQ-067"", ""vendor_id"": ""VND-0230"", ""price"": 39190.8}",61836779ea6e64321b85e21890bfb0748e97cacbe0d5ff824c75054661fe5ee1,22f740b79b02216a6e5cf31522933ebaa758e5eaa0e7083c4f816df8b295532c
AUD-001416,2026-05-20 22:51:00,BID_SUBMITTED,"{""bid_id"": ""BID-00719"", ""request_id"": ""REQ-067"", ""vendor_id"": ""VND-0230"", ""price"": 38760.6}",22f740b79b02216a6e5cf31522933ebaa758e5eaa0e7083c4f816df8b295532c,1d50f1dffdb0b4b944f175a13a160faf578097126bfc4e83200f17ba82151e96
AUD-001417,2026-05-20 23:01:00,BID_SUBMITTED,"{""bid_id"": ""BID-00720"", ""request_id"": ""REQ-067"", ""vendor_id"": ""VND-0137"", ""price"": 38177.57}",1d50f1dffdb0b4b944f175a13a160faf578097126bfc4e83200f17ba82151e96,4454e33381cb997e2b4022e353f03a903f4dd77d8aa0211a355ecf0ad764b08a
AUD-001418,2026-05-20 23:05:00,BID_SUBMITTED,"{""bid_id"": ""BID-00721"", ""request_id"": ""REQ-067"", ""vendor_id"": ""VND-0464"", ""price"": 37469.35}",4454e33381cb997e2b4022e353f03a903f4dd77d8aa0211a355ecf0ad764b08a,485c4696ec4991b2b1b8cf48c59d77a8cb0f219d0b3069e3ab462a6c16a96a8e
AUD-001419,2026-05-21 19:00:00,PROCUREMENT_REQUEST_CREATED,"{""request_id"": ""REQ-035"", ""title"": ""Water Treatment Chemicals (Lot 035)"", ""max_budget"": 123662.82}",485c4696ec4991b2b1b8cf48c59d77a8cb0f219d0b3069e3ab462a6c16a96a8e,42ca80fa478d1f511c85e09d50cc8818e6784de4828404e691c83d1c78605e2b
AUD-001420,2026-05-22 19:05:00,BID_SUBMITTED,"{""bid_id"": ""BID-00358"", ""request_id"": ""REQ-035"", ""vendor_id"": ""VND-0321"", ""price"": 122443.85}",42ca80fa478d1f511c85e09d50cc8818e6784de4828404e691c83d1c78605e2b,8d4da6e75c4fc9837c21b4e229e248890a81a21ad3a38328dd62fe794aed288c
AUD-001421,2026-05-22 19:14:00,BID_SUBMITTED,"{""bid_id"": ""BID-00359"", ""request_id"": ""REQ-035"", ""vendor_id"": ""VND-0321"", ""price"": 120247.93}",8d4da6e75c4fc9837c21b4e229e248890a81a21ad3a38328dd62fe794aed288c,383415801826360fb4be9b4bfa73df667b71fab209b1c9fb66edfd028181d9a7
AUD-001422,2026-05-22 19:19:00,BID_SUBMITTED,"{""bid_id"": ""BID-00360"", ""request_id"": ""REQ-035"", ""vendor_id"": ""VND-0321"", ""price"": 119424.32}",383415801826360fb4be9b4bfa73df667b71fab209b1c9fb66edfd028181d9a7,a748ef14937179641965fce60a366ce03d236acb3f7b8ae1785f11060eee04c4
AUD-001423,2026-05-22 19:21:00,BID_SUBMITTED,"{""bid_id"": ""BID-00361"", ""request_id"": ""REQ-035"", ""vendor_id"": ""VND-0489"", ""price"": 118185.98}",a748ef14937179641965fce60a366ce03d236acb3f7b8ae1785f11060eee04c4,e268b19686b1bd62df0ce9485a074439f457d1ca6739d2024bbaa12f12e67072
AUD-001424,2026-05-22 19:31:00,BID_SUBMITTED,"{""bid_id"": ""BID-00362"", ""request_id"": ""REQ-035"", ""vendor_id"": ""VND-0489"", ""price"": 117150.29}",e268b19686b1bd62df0ce9485a074439f457d1ca6739d2024bbaa12f12e67072,0056573c8f56c2de084a09c56096b42248b62b24ca743d300de75fa26c124758
AUD-001425,2026-05-22 19:38:00,BID_SUBMITTED,"{""bid_id"": ""BID-00363"", ""request_id"": ""REQ-035"", ""vendor_id"": ""VND-0489"", ""price"": 115441.31}",0056573c8f56c2de084a09c56096b42248b62b24ca743d300de75fa26c124758,61e0a308510f86b285e6ca49f33f474e11d6e1350175fbdac8d2ddfeb82fc5ec
AUD-001426,2026-05-22 19:40:00,BID_SUBMITTED,"{""bid_id"": ""BID-00364"", ""request_id"": ""REQ-035"", ""vendor_id"": ""VND-0321"", ""price"": 112654.51}",61e0a308510f86b285e6ca49f33f474e11d6e1350175fbdac8d2ddfeb82fc5ec,676161b9eb37adf06dc28d297e383d1b7ce8b01f58fdab732d597d1f24f4d3d7
AUD-001427,2026-05-22 19:43:00,BID_SUBMITTED,"{""bid_id"": ""BID-00365"", ""request_id"": ""REQ-035"", ""vendor_id"": ""VND-0489"", ""price"": 109979.73}",676161b9eb37adf06dc28d297e383d1b7ce8b01f58fdab732d597d1f24f4d3d7,4ec606903bf24d7628e3256bba01d65b189381e9405d959189c098e79f566397
AUD-001428,2026-05-23 04:00:00,PROCUREMENT_REQUEST_CREATED,"{""request_id"": ""REQ-107"", ""title"": ""Specialized Window Cleaning Lot (Lot 107)"", ""max_budget"": 172149.96}",4ec606903bf24d7628e3256bba01d65b189381e9405d959189c098e79f566397,48c1b47bd2e43640402d14f31623f0c17e43fbc52e3c788e36c1b110d90ac8fe
AUD-001429,2026-05-23 16:00:00,PROCUREMENT_REQUEST_CREATED,"{""request_id"": ""REQ-064"", ""title"": ""Bulk Equipment Shipping Services (Lot 064)"", ""max_budget"": 94551.78}",48c1b47bd2e43640402d14f31623f0c17e43fbc52e3c788e36c1b110d90ac8fe,08890a7ea348f78f00d320675901c05932ce28376dd10f2f7549c7437876e4cb
AUD-001430,2026-05-23 17:00:00,PROCUREMENT_REQUEST_CREATED,"{""request_id"": ""REQ-111"", ""title"": ""Carpet & Deep Clean SLA (Lot 111)"", ""max_budget"": 32438.75}",08890a7ea348f78f00d320675901c05932ce28376dd10f2f7549c7437876e4cb,f071713ea559bded0c50f48fa6fb8776a0b4456afa9e8e44c78f01a039b834b5
AUD-001431,2026-05-24 04:03:00,BID_SUBMITTED,"{""bid_id"": ""BID-01152"", ""request_id"": ""REQ-107"", ""vendor_id"": ""VND-0033"", ""price"": 170422.79}",f071713ea559bded0c50f48fa6fb8776a0b4456afa9e8e44c78f01a039b834b5,83ef81d9057d734abe7f67948d0fe89f51e6b1d3070a14b33b458ca6400378ae
AUD-001432,2026-05-24 04:06:00,BID_SUBMITTED,"{""bid_id"": ""BID-01153"", ""request_id"": ""REQ-107"", ""vendor_id"": ""VND-0259"", ""price"": 169001.77}",83ef81d9057d734abe7f67948d0fe89f51e6b1d3070a14b33b458ca6400378ae,d89dd783d4b544b17a53d266341574fea9e3ea2f8031ac1a438d7bddf609f761
AUD-001433,2026-05-24 04:15:00,BID_SUBMITTED,"{""bid_id"": ""BID-01154"", ""request_id"": ""REQ-107"", ""vendor_id"": ""VND-0268"", ""price"": 167941.14}",d89dd783d4b544b17a53d266341574fea9e3ea2f8031ac1a438d7bddf609f761,e3d62c1eb180981b606d266f3ae47b411bede0e03453caa746afdb973909e526
AUD-001434,2026-05-24 04:23:00,BID_SUBMITTED,"{""bid_id"": ""BID-01155"", ""request_id"": ""REQ-107"", ""vendor_id"": ""VND-0390"", ""price"": 166920.64}",e3d62c1eb180981b606d266f3ae47b411bede0e03453caa746afdb973909e526,8979b8119ab72d3c6ed68772fafcba6f927a2ff4310f6f2d4cd444aa0c4ca772
AUD-001435,2026-05-24 04:26:00,BID_SUBMITTED,"{""bid_id"": ""BID-01156"", ""request_id"": ""REQ-107"", ""vendor_id"": ""VND-0390"", ""price"": 163532.17}",8979b8119ab72d3c6ed68772fafcba6f927a2ff4310f6f2d4cd444aa0c4ca772,d6ed5b3642c22c5984719a4ee983fbed6c5c092ea9e6c1b10ce0df69bbbb62ac
AUD-001436,2026-05-24 04:30:00,BID_SUBMITTED,"{""bid_id"": ""BID-01157"", ""request_id"": ""REQ-107"", ""vendor_id"": ""VND-0268"", ""price"": 161856.12}",d6ed5b3642c22c5984719a4ee983fbed6c5c092ea9e6c1b10ce0df69bbbb62ac,f5a0f03dbe20d9cd634f4d3e6f008c7edf6c25c33661c510da0874f40ebacb91
AUD-001437,2026-05-24 04:38:00,BID_SUBMITTED,"{""bid_id"": ""BID-01158"", ""request_id"": ""REQ-107"", ""vendor_id"": ""VND-0268"", ""price"": 158927.06}",f5a0f03dbe20d9cd634f4d3e6f008c7edf6c25c33661c510da0874f40ebacb91,f56cd83164419fb9357de20b74707a5c2559625aad0cf4e8acc19e9d9eb79805
AUD-001438,2026-05-24 04:44:00,BID_SUBMITTED,"{""bid_id"": ""BID-01159"", ""request_id"": ""REQ-107"", ""vendor_id"": ""VND-0233"", ""price"": 157403.41}",f56cd83164419fb9357de20b74707a5c2559625aad0cf4e8acc19e9d9eb79805,c29f2de5375d514ee59faadff93f666ddb4d7b9b3ce93325ad76ef69cc9cedb0
AUD-001439,2026-05-24 04:48:00,BID_SUBMITTED,"{""bid_id"": ""BID-01160"", ""request_id"": ""REQ-107"", ""vendor_id"": ""VND-0123"", ""price"": 154644.19}",c29f2de5375d514ee59faadff93f666ddb4d7b9b3ce93325ad76ef69cc9cedb0,d3e71d0ad1704e5dacaacfd81bd8467758e1c02878599bb0e5ccdd998847272a
AUD-001440,2026-05-24 07:00:00,PROCUREMENT_REQUEST_CREATED,"{""request_id"": ""REQ-023"", ""title"": ""Reception Lounge Renovation (Lot 023)"", ""max_budget"": 187680.38}",d3e71d0ad1704e5dacaacfd81bd8467758e1c02878599bb0e5ccdd998847272a,ef056ba07b0e66f99902ec0575a5d7a8cc8d0a2a9b2dad10dce3d91e98028c35
AUD-001441,2026-05-24 11:00:00,PROCUREMENT_REQUEST_CREATED,"{""request_id"": ""REQ-142"", ""title"": ""Annual Report High-Volume Print (Lot 142)"", ""max_budget"": 110454.78}",ef056ba07b0e66f99902ec0575a5d7a8cc8d0a2a9b2dad10dce3d91e98028c35,16ddf532724ab5e0bf418f567838ae571b3fa94e134ce4a1282c215238611115
AUD-001442,2026-05-24 16:07:00,BID_SUBMITTED,"{""bid_id"": ""BID-00682"", ""request_id"": ""REQ-064"", ""vendor_id"": ""VND-0438"", ""price"": 94017.78}",16ddf532724ab5e0bf418f567838ae571b3fa94e134ce4a1282c215238611115,df9339d3803431330508412dceeeb5076a2bf2d3072e49ebc7b8dbb073f51c10
AUD-001443,2026-05-24 16:10:00,BID_SUBMITTED,"{""bid_id"": ""BID-00683"", ""request_id"": ""REQ-064"", ""vendor_id"": ""VND-0438"", ""price"": 93132.33}",df9339d3803431330508412dceeeb5076a2bf2d3072e49ebc7b8dbb073f51c10,eef9b390b90d36eec4b0e562b5aab18c458bd45edb929ac6e63f99bb6d43f78e
AUD-001444,2026-05-24 16:13:00,BID_SUBMITTED,"{""bid_id"": ""BID-00684"", ""request_id"": ""REQ-064"", ""vendor_id"": ""VND-0005"", ""price"": 92404.7}",eef9b390b90d36eec4b0e562b5aab18c458bd45edb929ac6e63f99bb6d43f78e,2320a7e6f1dd61329ec202d8e12aaf774462e24401aa7f654a1e3493b1a31225
AUD-001445,2026-05-24 16:20:00,BID_SUBMITTED,"{""bid_id"": ""BID-00685"", ""request_id"": ""REQ-064"", ""vendor_id"": ""VND-0100"", ""price"": 91301.74}",2320a7e6f1dd61329ec202d8e12aaf774462e24401aa7f654a1e3493b1a31225,3f552280362558222f957bcead4b9fbe30ba1ff2176781489d2c3711ecda9122
AUD-001446,2026-05-24 16:23:00,BID_SUBMITTED,"{""bid_id"": ""BID-00686"", ""request_id"": ""REQ-064"", ""vendor_id"": ""VND-0100"", ""price"": 89683.53}",3f552280362558222f957bcead4b9fbe30ba1ff2176781489d2c3711ecda9122,490c76aaadbf2047466d98b9342382f56611444707bc708646d5746277d41079
AUD-001447,2026-05-24 16:29:00,BID_SUBMITTED,"{""bid_id"": ""BID-00687"", ""request_id"": ""REQ-064"", ""vendor_id"": ""VND-0131"", ""price"": 88434.01}",490c76aaadbf2047466d98b9342382f56611444707bc708646d5746277d41079,2239eea5559591ff5b9a0708564d086b1fb20e71e139ef9557c00dd44a4937ab
AUD-001448,2026-05-24 16:32:00,BID_SUBMITTED,"{""bid_id"": ""BID-00688"", ""request_id"": ""REQ-064"", ""vendor_id"": ""VND-0100"", ""price"": 87550.48}",2239eea5559591ff5b9a0708564d086b1fb20e71e139ef9557c00dd44a4937ab,5085ffdecded5af1762d2a65420246f49931a03821cfb14ca9e92869a1b1eb14
AUD-001449,2026-05-24 16:35:00,BID_SUBMITTED,"{""bid_id"": ""BID-00689"", ""request_id"": ""REQ-064"", ""vendor_id"": ""VND-0131"", ""price"": 86663.32}",5085ffdecded5af1762d2a65420246f49931a03821cfb14ca9e92869a1b1eb14,7592b8bbf20f79ca3ed1cc84264f328307718684ba59de766f2d226482306987
AUD-001450,2026-05-24 16:44:00,BID_SUBMITTED,"{""bid_id"": ""BID-00690"", ""request_id"": ""REQ-064"", ""vendor_id"": ""VND-0216"", ""price"": 86146.55}",7592b8bbf20f79ca3ed1cc84264f328307718684ba59de766f2d226482306987,bcae2614b5aba1a690cb836eaae27a515a6a7f7de5a78b467203f91e596078cd
AUD-001451,2026-05-24 16:52:00,BID_SUBMITTED,"{""bid_id"": ""BID-00691"", ""request_id"": ""REQ-064"", ""vendor_id"": ""VND-0005"", ""price"": 84046.12}",bcae2614b5aba1a690cb836eaae27a515a6a7f7de5a78b467203f91e596078cd,a2673cd4675ed068ba9aae7f14c51887ddd5b82f45de8860d41350680ebd8de5
AUD-001452,2026-05-24 16:59:00,BID_SUBMITTED,"{""bid_id"": ""BID-00692"", ""request_id"": ""REQ-064"", ""vendor_id"": ""VND-0005"", ""price"": 82143.7}",a2673cd4675ed068ba9aae7f14c51887ddd5b82f45de8860d41350680ebd8de5,34ba93a2b847e6abc338aceb41ee2f77816805a76e0f190630d064c1b1bdc5f0
AUD-001453,2026-05-24 17:08:00,BID_SUBMITTED,"{""bid_id"": ""BID-00693"", ""request_id"": ""REQ-064"", ""vendor_id"": ""VND-0438"", ""price"": 81116.34}",34ba93a2b847e6abc338aceb41ee2f77816805a76e0f190630d064c1b1bdc5f0,c4cb8b576d9823ef16dc04c190c627f5909503ad50fe976043e48b8cfd618d1d
AUD-001454,2026-05-24 17:09:00,BID_SUBMITTED,"{""bid_id"": ""BID-01199"", ""request_id"": ""REQ-111"", ""vendor_id"": ""VND-0437"", ""price"": 32197.31}",c4cb8b576d9823ef16dc04c190c627f5909503ad50fe976043e48b8cfd618d1d,f7e37f579c2cf8a3cfc0dc0c92af647818ea35a5fdf9ae16cbbb12de6779f59a
AUD-001455,2026-05-24 17:11:00,BID_SUBMITTED,"{""bid_id"": ""BID-01200"", ""request_id"": ""REQ-111"", ""vendor_id"": ""VND-0323"", ""price"": 31908.36}",f7e37f579c2cf8a3cfc0dc0c92af647818ea35a5fdf9ae16cbbb12de6779f59a,7a31850cb0e0ffcba806ed8c72fa991c0b78398738476d1f82583e2a4516ce21
AUD-001456,2026-05-24 17:16:00,BID_SUBMITTED,"{""bid_id"": ""BID-01201"", ""request_id"": ""REQ-111"", ""vendor_id"": ""VND-0302"", ""price"": 31127.71}",7a31850cb0e0ffcba806ed8c72fa991c0b78398738476d1f82583e2a4516ce21,27bc7670277a6f1b520fffa85410a33808794aab5ea3eb222b968ddc80540067
AUD-001457,2026-05-24 17:20:00,BID_SUBMITTED,"{""bid_id"": ""BID-01202"", ""request_id"": ""REQ-111"", ""vendor_id"": ""VND-0055"", ""price"": 30770.04}",27bc7670277a6f1b520fffa85410a33808794aab5ea3eb222b968ddc80540067,a39b2abc6a3ab08910c76285288ff0a2ec56bcbaf9114b1b3087cc30260530cf
AUD-001458,2026-05-24 17:28:00,BID_SUBMITTED,"{""bid_id"": ""BID-01203"", ""request_id"": ""REQ-111"", ""vendor_id"": ""VND-0323"", ""price"": 30256.37}",a39b2abc6a3ab08910c76285288ff0a2ec56bcbaf9114b1b3087cc30260530cf,6a7ae804feefc944a2bb4f2636c8b2e9ea83a9427982bef73dc337d0caf4dbb2
AUD-001459,2026-05-24 17:30:00,BID_SUBMITTED,"{""bid_id"": ""BID-01204"", ""request_id"": ""REQ-111"", ""vendor_id"": ""VND-0302"", ""price"": 30099.68}",6a7ae804feefc944a2bb4f2636c8b2e9ea83a9427982bef73dc337d0caf4dbb2,79d31b039cdf629e8bf824dfd10a35daf69709c39cd5826e6afc75786c49161e
AUD-001460,2026-05-24 17:39:00,BID_SUBMITTED,"{""bid_id"": ""BID-01205"", ""request_id"": ""REQ-111"", ""vendor_id"": ""VND-0437"", ""price"": 29477.54}",79d31b039cdf629e8bf824dfd10a35daf69709c39cd5826e6afc75786c49161e,1d22ca306ea2633b68d6bc363c9e8f74c702c233c5cd208fa57fa388a9c6b072
AUD-001461,2026-05-24 17:42:00,BID_SUBMITTED,"{""bid_id"": ""BID-01206"", ""request_id"": ""REQ-111"", ""vendor_id"": ""VND-0437"", ""price"": 29238.77}",1d22ca306ea2633b68d6bc363c9e8f74c702c233c5cd208fa57fa388a9c6b072,bdb1cf3edebd38d9ee8052faf0e8c01e17ab1700adee5025149021d0a9d464b2
AUD-001462,2026-05-24 17:45:00,BID_SUBMITTED,"{""bid_id"": ""BID-01207"", ""request_id"": ""REQ-111"", ""vendor_id"": ""VND-0302"", ""price"": 29000.36}",bdb1cf3edebd38d9ee8052faf0e8c01e17ab1700adee5025149021d0a9d464b2,18f02dc3471ae04418f057379a59081894f6b647c9790c61847159b259767c45
AUD-001463,2026-05-24 17:47:00,BID_SUBMITTED,"{""bid_id"": ""BID-01208"", ""request_id"": ""REQ-111"", ""vendor_id"": ""VND-0437"", ""price"": 28659.07}",18f02dc3471ae04418f057379a59081894f6b647c9790c61847159b259767c45,558bbc6df1bc9dd6390fb9fbbda4882306d9832fcbd1223e92a1f2353f1b1ea3
AUD-001464,2026-05-24 17:51:00,BID_SUBMITTED,"{""bid_id"": ""BID-01209"", ""request_id"": ""REQ-111"", ""vendor_id"": ""VND-0123"", ""price"": 28312.0}",558bbc6df1bc9dd6390fb9fbbda4882306d9832fcbd1223e92a1f2353f1b1ea3,42a20313b8245ebbaaa774b42d7d8c27d685b6b2af16704db1fcea139fd1f8ad
AUD-001465,2026-05-24 17:55:00,BID_SUBMITTED,"{""bid_id"": ""BID-01210"", ""request_id"": ""REQ-111"", ""vendor_id"": ""VND-0437"", ""price"": 27722.28}",42a20313b8245ebbaaa774b42d7d8c27d685b6b2af16704db1fcea139fd1f8ad,b8c77bdf0a66fcd95b5880bf301ccb5181fb585eb20dbc955c5390d913066d5b
AUD-001466,2026-05-24 18:05:00,BID_SUBMITTED,"{""bid_id"": ""BID-01211"", ""request_id"": ""REQ-111"", ""vendor_id"": ""VND-0055"", ""price"": 27454.66}",b8c77bdf0a66fcd95b5880bf301ccb5181fb585eb20dbc955c5390d913066d5b,5438f165dfe66bec94f2340c26be977278fdb36c7bd18f0ebe0577298e9a8f36
AUD-001467,2026-05-24 18:14:00,BID_SUBMITTED,"{""bid_id"": ""BID-01212"", ""request_id"": ""REQ-111"", ""vendor_id"": ""VND-0323"", ""price"": 26875.08}",5438f165dfe66bec94f2340c26be977278fdb36c7bd18f0ebe0577298e9a8f36,d50f2caf2ebb26a5d839170833019c921074cdaf3c05441dc00efd4926efae78
AUD-001468,2026-05-25 07:03:00,BID_SUBMITTED,"{""bid_id"": ""BID-00232"", ""request_id"": ""REQ-023"", ""vendor_id"": ""VND-0081"", ""price"": 184665.4}",d50f2caf2ebb26a5d839170833019c921074cdaf3c05441dc00efd4926efae78,b971da036c726e257e377428b47cc115691172ca8e25f0cfc512050d1f31cd0f
AUD-001469,2026-05-25 07:13:00,BID_SUBMITTED,"{""bid_id"": ""BID-00233"", ""request_id"": ""REQ-023"", ""vendor_id"": ""VND-0485"", ""price"": 181879.7}",b971da036c726e257e377428b47cc115691172ca8e25f0cfc512050d1f31cd0f,b2de63ccdb1993d5f753d9588c8a75e7464e8da32f02709211d93d82391a156f
AUD-001470,2026-05-25 07:16:00,BID_SUBMITTED,"{""bid_id"": ""BID-00234"", ""request_id"": ""REQ-023"", ""vendor_id"": ""VND-0081"", ""price"": 177968.15}",b2de63ccdb1993d5f753d9588c8a75e7464e8da32f02709211d93d82391a156f,7da8086eb9e96ebe33ae8d73d8443b8ddc73747d97e43a3be36519f07b2c50b5
AUD-001471,2026-05-25 07:24:00,BID_SUBMITTED,"{""bid_id"": ""BID-00235"", ""request_id"": ""REQ-023"", ""vendor_id"": ""VND-0353"", ""price"": 173607.64}",7da8086eb9e96ebe33ae8d73d8443b8ddc73747d97e43a3be36519f07b2c50b5,730bc94bb0c422f8acf3dc9ff1ab7d1ba3dbd89882cc5f9cd17d65e487689e6b
AUD-001472,2026-05-25 07:31:00,BID_SUBMITTED,"{""bid_id"": ""BID-00236"", ""request_id"": ""REQ-023"", ""vendor_id"": ""VND-0081"", ""price"": 169979.6}",730bc94bb0c422f8acf3dc9ff1ab7d1ba3dbd89882cc5f9cd17d65e487689e6b,6d9552f7de1d315efa1ba61d7fa3759e76e63d1b9fe6b9e683b577d62f17adb1
AUD-001473,2026-05-25 07:35:00,BID_SUBMITTED,"{""bid_id"": ""BID-00237"", ""request_id"": ""REQ-023"", ""vendor_id"": ""VND-0469"", ""price"": 165937.66}",6d9552f7de1d315efa1ba61d7fa3759e76e63d1b9fe6b9e683b577d62f17adb1,b36a20d43f70bff920d2952d5cd88cf81b62c37ce1e68aa14715479458929738
AUD-001474,2026-05-25 07:43:00,BID_SUBMITTED,"{""bid_id"": ""BID-00238"", ""request_id"": ""REQ-023"", ""vendor_id"": ""VND-0353"", ""price"": 163108.54}",b36a20d43f70bff920d2952d5cd88cf81b62c37ce1e68aa14715479458929738,37887f3fdea39382c7e134631273b6107484528522ab5205af014ef6ed7560d6
AUD-001475,2026-05-25 07:45:00,BID_SUBMITTED,"{""bid_id"": ""BID-00239"", ""request_id"": ""REQ-023"", ""vendor_id"": ""VND-0469"", ""price"": 162161.68}",37887f3fdea39382c7e134631273b6107484528522ab5205af014ef6ed7560d6,aec6f03e5784f1b09ee47ba4d60fdd0062ead4e5b60b6b5f5d50452db3c23a47
AUD-001476,2026-05-25 07:54:00,BID_SUBMITTED,"{""bid_id"": ""BID-00240"", ""request_id"": ""REQ-023"", ""vendor_id"": ""VND-0353"", ""price"": 159036.53}",aec6f03e5784f1b09ee47ba4d60fdd0062ead4e5b60b6b5f5d50452db3c23a47,ab923ed9a1051cf1e97398a1c51cf946c80d464d1406cab256f9281c84f1a499
AUD-001477,2026-05-25 11:03:00,BID_SUBMITTED,"{""bid_id"": ""BID-01542"", ""request_id"": ""REQ-142"", ""vendor_id"": ""VND-0105"", ""price"": 108443.45}",ab923ed9a1051cf1e97398a1c51cf946c80d464d1406cab256f9281c84f1a499,d2ba16156dd6e12eda4ca8c568b926b6a9a4152754cf956d5a86daa54ad7cd59
AUD-001478,2026-05-25 11:09:00,BID_SUBMITTED,"{""bid_id"": ""BID-01543"", ""request_id"": ""REQ-142"", ""vendor_id"": ""VND-0160"", ""price"": 106917.77}",d2ba16156dd6e12eda4ca8c568b926b6a9a4152754cf956d5a86daa54ad7cd59,bdb91fcfda4bbf9d55aa4fd1a4147025e36c139661c0f79d6d7fb589d90b3d93
AUD-001479,2026-05-25 11:16:00,BID_SUBMITTED,"{""bid_id"": ""BID-01544"", ""request_id"": ""REQ-142"", ""vendor_id"": ""VND-0105"", ""price"": 104902.97}",bdb91fcfda4bbf9d55aa4fd1a4147025e36c139661c0f79d6d7fb589d90b3d93,f0332476e65db2c17c50fe1962363dda28630a9a35745f22fd0697cd471972a3
AUD-001480,2026-05-25 11:19:00,BID_SUBMITTED,"{""bid_id"": ""BID-01545"", ""request_id"": ""REQ-142"", ""vendor_id"": ""VND-0105"", ""price"": 104038.64}",f0332476e65db2c17c50fe1962363dda28630a9a35745f22fd0697cd471972a3,6428a7e9fd5ea03c4afe775e2370b8b15957d8aaabd872392a5add672dd990bd
AUD-001481,2026-05-25 11:27:00,BID_SUBMITTED,"{""bid_id"": ""BID-01546"", ""request_id"": ""REQ-142"", ""vendor_id"": ""VND-0105"", ""price"": 101901.46}",6428a7e9fd5ea03c4afe775e2370b8b15957d8aaabd872392a5add672dd990bd,4f7d44376178de9f078a43a73cced7f3f0640f1e9cfb08d24b7a75f66641d314
AUD-001482,2026-05-25 11:29:00,BID_SUBMITTED,"{""bid_id"": ""BID-01547"", ""request_id"": ""REQ-142"", ""vendor_id"": ""VND-0105"", ""price"": 100714.0}",4f7d44376178de9f078a43a73cced7f3f0640f1e9cfb08d24b7a75f66641d314,cb06639fc3bf930187ef7ec849667672d028aeca7a3089732b20aed69311a321
AUD-001483,2026-05-25 11:35:00,BID_SUBMITTED,"{""bid_id"": ""BID-01548"", ""request_id"": ""REQ-142"", ""vendor_id"": ""VND-0105"", ""price"": 98285.57}",cb06639fc3bf930187ef7ec849667672d028aeca7a3089732b20aed69311a321,3f22732917e4b764f85bc19d9bf306b289b9fce2fa60fa8c430a7bb74d08bd82
AUD-001484,2026-05-25 11:44:00,BID_SUBMITTED,"{""bid_id"": ""BID-01549"", ""request_id"": ""REQ-142"", ""vendor_id"": ""VND-0476"", ""price"": 96928.1}",3f22732917e4b764f85bc19d9bf306b289b9fce2fa60fa8c430a7bb74d08bd82,1f3761c8b3ce0003b0aee502a9eba86508b9a1188faa3f0326de7b4deda5e36e
AUD-001485,2026-05-25 11:48:00,BID_SUBMITTED,"{""bid_id"": ""BID-01550"", ""request_id"": ""REQ-142"", ""vendor_id"": ""VND-0476"", ""price"": 95260.35}",1f3761c8b3ce0003b0aee502a9eba86508b9a1188faa3f0326de7b4deda5e36e,e4a52af0da44226ce82a300e36260b167f8cfda3004e0979a0adca97395617a1
AUD-001486,2026-05-25 11:52:00,BID_SUBMITTED,"{""bid_id"": ""BID-01551"", ""request_id"": ""REQ-142"", ""vendor_id"": ""VND-0160"", ""price"": 93846.58}",e4a52af0da44226ce82a300e36260b167f8cfda3004e0979a0adca97395617a1,b56a9c81cb34806ae0c6e4e36ac945991a63fdf96fa8fc71cd6a75893c0edf32
AUD-001487,2026-05-26 09:00:00,PROCUREMENT_REQUEST_CREATED,"{""request_id"": ""REQ-076"", ""title"": ""Adjustable Standing Desks (Lot 076)"", ""max_budget"": 174762.79}",b56a9c81cb34806ae0c6e4e36ac945991a63fdf96fa8fc71cd6a75893c0edf32,2b17dd59a035832c16f2d54eaff7e67c57ef0c98165e43b2870f29ac87dbd22c
AUD-001488,2026-05-27 09:08:00,BID_SUBMITTED,"{""bid_id"": ""BID-00818"", ""request_id"": ""REQ-076"", ""vendor_id"": ""VND-0499"", ""price"": 172057.05}",2b17dd59a035832c16f2d54eaff7e67c57ef0c98165e43b2870f29ac87dbd22c,0ec42b40b25116cfc3e96c2411bea11555655f14a56d1df286cff8a040343014
AUD-001489,2026-05-27 09:15:00,BID_SUBMITTED,"{""bid_id"": ""BID-00819"", ""request_id"": ""REQ-076"", ""vendor_id"": ""VND-0262"", ""price"": 167771.2}",0ec42b40b25116cfc3e96c2411bea11555655f14a56d1df286cff8a040343014,080b84620443a67962efea186fb8057b2d9c905ed582ff60a1b8ce6b447cba14
AUD-001490,2026-05-27 09:20:00,BID_SUBMITTED,"{""bid_id"": ""BID-00820"", ""request_id"": ""REQ-076"", ""vendor_id"": ""VND-0042"", ""price"": 165726.91}",080b84620443a67962efea186fb8057b2d9c905ed582ff60a1b8ce6b447cba14,bcd223eb839e78b1dc99793a6725ce36ea0b2e27cb6c132263368f2ee498946c
AUD-001491,2026-05-27 09:28:00,BID_SUBMITTED,"{""bid_id"": ""BID-00821"", ""request_id"": ""REQ-076"", ""vendor_id"": ""VND-0147"", ""price"": 161755.81}",bcd223eb839e78b1dc99793a6725ce36ea0b2e27cb6c132263368f2ee498946c,f39fc733c1b5c63354ce14a3c7d61f639dd01c116be540e093108f305e986aa1
AUD-001492,2026-05-27 09:32:00,BID_SUBMITTED,"{""bid_id"": ""BID-00822"", ""request_id"": ""REQ-076"", ""vendor_id"": ""VND-0295"", ""price"": 160208.07}",f39fc733c1b5c63354ce14a3c7d61f639dd01c116be540e093108f305e986aa1,a13db9e45714d7fa49dca2413b6d478fccbd9d026b747aee5dac17876b4abec6
AUD-001493,2026-05-27 09:42:00,BID_SUBMITTED,"{""bid_id"": ""BID-00823"", ""request_id"": ""REQ-076"", ""vendor_id"": ""VND-0147"", ""price"": 157054.93}",a13db9e45714d7fa49dca2413b6d478fccbd9d026b747aee5dac17876b4abec6,94020a0bf7bfa7be02701fbab8692dd5c6917d4471e7f4f935b5042e7a939cac
AUD-001494,2026-05-27 09:44:00,BID_SUBMITTED,"{""bid_id"": ""BID-00824"", ""request_id"": ""REQ-076"", ""vendor_id"": ""VND-0147"", ""price"": 155882.8}",94020a0bf7bfa7be02701fbab8692dd5c6917d4471e7f4f935b5042e7a939cac,f269604ee395422ca10da46d6e1d63d43175429d7230d1fb378e4951d12ec661
AUD-001495,2026-05-27 09:50:00,BID_SUBMITTED,"{""bid_id"": ""BID-00825"", ""request_id"": ""REQ-076"", ""vendor_id"": ""VND-0042"", ""price"": 152370.62}",f269604ee395422ca10da46d6e1d63d43175429d7230d1fb378e4951d12ec661,01cbe5ea344ff902d69d3f77e1613f1ff1c6c636e6bb3ba80f8dd26f4b53ea87
AUD-001496,2026-05-27 09:52:00,BID_SUBMITTED,"{""bid_id"": ""BID-00826"", ""request_id"": ""REQ-076"", ""vendor_id"": ""VND-0419"", ""price"": 149979.21}",01cbe5ea344ff902d69d3f77e1613f1ff1c6c636e6bb3ba80f8dd26f4b53ea87,f19b938185f15f4c8127c3e1d15bfa70998298a32ea6b6fb2a32a074f549cd2b
AUD-001497,2026-05-27 09:55:00,BID_SUBMITTED,"{""bid_id"": ""BID-00827"", ""request_id"": ""REQ-076"", ""vendor_id"": ""VND-0499"", ""price"": 146245.69}",f19b938185f15f4c8127c3e1d15bfa70998298a32ea6b6fb2a32a074f549cd2b,00a754544fde4249d13b11920721abe06292d2fc035efc2dc7751fe1b19772d8
AUD-001498,2026-05-27 09:57:00,BID_SUBMITTED,"{""bid_id"": ""BID-00828"", ""request_id"": ""REQ-076"", ""vendor_id"": ""VND-0262"", ""price"": 143068.88}",00a754544fde4249d13b11920721abe06292d2fc035efc2dc7751fe1b19772d8,75477ca006ed60c1388eec15e1ec1523a840f2aa6a0e39bc9ad79203ff10e77d
AUD-001499,2026-05-27 10:07:00,BID_SUBMITTED,"{""bid_id"": ""BID-00829"", ""request_id"": ""REQ-076"", ""vendor_id"": ""VND-0042"", ""price"": 141265.49}",75477ca006ed60c1388eec15e1ec1523a840f2aa6a0e39bc9ad79203ff10e77d,11da998c76614d599d6901d76486ae55a3b7d2349fdac439565510ab638553e7
AUD-001500,2026-05-27 10:11:00,BID_SUBMITTED,"{""bid_id"": ""BID-00830"", ""request_id"": ""REQ-076"", ""vendor_id"": ""VND-0093"", ""price"": 139218.84}",11da998c76614d599d6901d76486ae55a3b7d2349fdac439565510ab638553e7,4474630f8f7783fcb8fd819c17c10083686ed4f7e00a5a90124888e1e768a15a
AUD-001501,2026-05-29 20:00:00,PROCUREMENT_REQUEST_CREATED,"{""request_id"": ""REQ-075"", ""title"": ""Water Treatment Chemicals (Lot 075)"", ""max_budget"": 176518.46}",4474630f8f7783fcb8fd819c17c10083686ed4f7e00a5a90124888e1e768a15a,e58995e0cababa95af1c0327f120897ac1bdbae81a8693adea80d08dd4c4e19b
AUD-001502,2026-05-30 11:00:00,PROCUREMENT_REQUEST_CREATED,"{""request_id"": ""REQ-137"", ""title"": ""Supply Chain Warehouse Distribution (Lot 137)"", ""max_budget"": 20484.28}",e58995e0cababa95af1c0327f120897ac1bdbae81a8693adea80d08dd4c4e19b,d496a39cba1e2e08f68ec30543dc4829e020c2144163e657ba605b710c2b420d
AUD-001503,2026-05-30 19:00:00,PROCUREMENT_REQUEST_CREATED,"{""request_id"": ""REQ-015"", ""title"": ""Shared Pantry Essentials (Lot 015)"", ""max_budget"": 108822.03}",d496a39cba1e2e08f68ec30543dc4829e020c2144163e657ba605b710c2b420d,43e701e8cd3d16ae4ce553fd84ae8f2ee77c3ec836e0f6d7c29018dcde08e01c
AUD-001504,2026-05-30 20:04:00,BID_SUBMITTED,"{""bid_id"": ""BID-00805"", ""request_id"": ""REQ-075"", ""vendor_id"": ""VND-0134"", ""price"": 173408.09}",43e701e8cd3d16ae4ce553fd84ae8f2ee77c3ec836e0f6d7c29018dcde08e01c,c30eb173a6daeb8ea6de6a88a2dc9cc058bd7114e31d280398d8107e1cf14f13
AUD-001505,2026-05-30 20:06:00,BID_SUBMITTED,"{""bid_id"": ""BID-00806"", ""request_id"": ""REQ-075"", ""vendor_id"": ""VND-0134"", ""price"": 170340.5}",c30eb173a6daeb8ea6de6a88a2dc9cc058bd7114e31d280398d8107e1cf14f13,dc448248d69b8cd2940e3c694108aa9df9797d36cfab94c361cc09ad38535a90
AUD-001506,2026-05-30 20:10:00,BID_SUBMITTED,"{""bid_id"": ""BID-00807"", ""request_id"": ""REQ-075"", ""vendor_id"": ""VND-0277"", ""price"": 168556.94}",dc448248d69b8cd2940e3c694108aa9df9797d36cfab94c361cc09ad38535a90,cc88fb1cfee8cbdf2005127d980375ac006a0897f115e74bd19176c928f04b01
AUD-001507,2026-05-30 20:19:00,BID_SUBMITTED,"{""bid_id"": ""BID-00808"", ""request_id"": ""REQ-075"", ""vendor_id"": ""VND-0149"", ""price"": 165136.98}",cc88fb1cfee8cbdf2005127d980375ac006a0897f115e74bd19176c928f04b01,ef319f7bdf7b23ccecffb31bb777fa36a2876bf03ccb3f4f4be3efb3591132c6
AUD-001508,2026-05-30 20:27:00,BID_SUBMITTED,"{""bid_id"": ""BID-00809"", ""request_id"": ""REQ-075"", ""vendor_id"": ""VND-0494"", ""price"": 163883.9}",ef319f7bdf7b23ccecffb31bb777fa36a2876bf03ccb3f4f4be3efb3591132c6,35ece286d6a795e1b6c4340006e2e4b44c00465914f320ef77570e65abee0851
AUD-001509,2026-05-30 20:35:00,BID_SUBMITTED,"{""bid_id"": ""BID-00810"", ""request_id"": ""REQ-075"", ""vendor_id"": ""VND-0076"", ""price"": 161657.01}",35ece286d6a795e1b6c4340006e2e4b44c00465914f320ef77570e65abee0851,8a5b084bb4fd7cb5e8515a7543e25c5b188a20b2f117f1761423c3b62e500e93
AUD-001510,2026-05-30 20:37:00,BID_SUBMITTED,"{""bid_id"": ""BID-00811"", ""request_id"": ""REQ-075"", ""vendor_id"": ""VND-0277"", ""price"": 159609.41}",8a5b084bb4fd7cb5e8515a7543e25c5b188a20b2f117f1761423c3b62e500e93,7ff1efba529717c1c7f4270c18ccc3314ce51c2d2ad373eed35e2975f93021f8
AUD-001511,2026-05-30 20:44:00,BID_SUBMITTED,"{""bid_id"": ""BID-00812"", ""request_id"": ""REQ-075"", ""vendor_id"": ""VND-0149"", ""price"": 158174.8}",7ff1efba529717c1c7f4270c18ccc3314ce51c2d2ad373eed35e2975f93021f8,b895919670f666c31e393eb7b6b9bc62aea165933ec9d1cb07fcc0b0871ea780
AUD-001512,2026-05-30 20:54:00,BID_SUBMITTED,"{""bid_id"": ""BID-00813"", ""request_id"": ""REQ-075"", ""vendor_id"": ""VND-0494"", ""price"": 154562.06}",b895919670f666c31e393eb7b6b9bc62aea165933ec9d1cb07fcc0b0871ea780,9ca2e0e6e084b7c8cb692df5456cadf1eeccea337ea49502bee267dfb8089e67
AUD-001513,2026-05-30 20:56:00,BID_SUBMITTED,"{""bid_id"": ""BID-00814"", ""request_id"": ""REQ-075"", ""vendor_id"": ""VND-0368"", ""price"": 153733.87}",9ca2e0e6e084b7c8cb692df5456cadf1eeccea337ea49502bee267dfb8089e67,896ebafc42e34ad95c737db9c18a4672e36e60af38ce43892ec8b487f9f812fa
AUD-001514,2026-05-30 21:01:00,BID_SUBMITTED,"{""bid_id"": ""BID-00815"", ""request_id"": ""REQ-075"", ""vendor_id"": ""VND-0076"", ""price"": 150709.61}",896ebafc42e34ad95c737db9c18a4672e36e60af38ce43892ec8b487f9f812fa,34688bd8611e00333ceddf37b88f2b721be265bf02975470ab4a62a70ceae2f2
AUD-001515,2026-05-30 21:07:00,BID_SUBMITTED,"{""bid_id"": ""BID-00816"", ""request_id"": ""REQ-075"", ""vendor_id"": ""VND-0076"", ""price"": 147312.66}",34688bd8611e00333ceddf37b88f2b721be265bf02975470ab4a62a70ceae2f2,9f5f39901e437b1fe89b8dbe9e9b065e24c4c2f0a01bc4267c05726f6bccea85
AUD-001516,2026-05-30 21:17:00,BID_SUBMITTED,"{""bid_id"": ""BID-00817"", ""request_id"": ""REQ-075"", ""vendor_id"": ""VND-0368"", ""price"": 146273.49}",9f5f39901e437b1fe89b8dbe9e9b065e24c4c2f0a01bc4267c05726f6bccea85,7f11631d90dd1497b9de85995ab57b2f07510229f8e75db2d2b304d267d43075
AUD-001517,2026-05-31 11:08:00,BID_SUBMITTED,"{""bid_id"": ""BID-01478"", ""request_id"": ""REQ-137"", ""vendor_id"": ""VND-0176"", ""price"": 20125.72}",7f11631d90dd1497b9de85995ab57b2f07510229f8e75db2d2b304d267d43075,5d46590922c3ed662f6492da7ee67cbecae493266a7d8d638e3c395829c05b63
AUD-001518,2026-05-31 11:18:00,BID_SUBMITTED,"{""bid_id"": ""BID-01479"", ""request_id"": ""REQ-137"", ""vendor_id"": ""VND-0176"", ""price"": 19871.5}",5d46590922c3ed662f6492da7ee67cbecae493266a7d8d638e3c395829c05b63,d4bc233ac06497685203ffd61ff93cb5e59229f4ca18e6990740a3e42faa5b2c
AUD-001519,2026-05-31 11:27:00,BID_SUBMITTED,"{""bid_id"": ""BID-01480"", ""request_id"": ""REQ-137"", ""vendor_id"": ""VND-0216"", ""price"": 19508.85}",d4bc233ac06497685203ffd61ff93cb5e59229f4ca18e6990740a3e42faa5b2c,0cc776bb9658287573acab7aee1f14092751a0d99414f720d2410c42c147e646
AUD-001520,2026-05-31 11:35:00,BID_SUBMITTED,"{""bid_id"": ""BID-01481"", ""request_id"": ""REQ-137"", ""vendor_id"": ""VND-0216"", ""price"": 19337.87}",0cc776bb9658287573acab7aee1f14092751a0d99414f720d2410c42c147e646,1823fbe38a47f4d4572727edc9f2663492f36209e9bb509f4b59f7f2c508585a
AUD-001521,2026-05-31 11:39:00,BID_SUBMITTED,"{""bid_id"": ""BID-01482"", ""request_id"": ""REQ-137"", ""vendor_id"": ""VND-0035"", ""price"": 18916.32}",1823fbe38a47f4d4572727edc9f2663492f36209e9bb509f4b59f7f2c508585a,fabcbc576a2a60a5224e78b94d2aa48c5bed973a04dec6aebd664a9de13cdbe0
AUD-001522,2026-05-31 11:43:00,BID_SUBMITTED,"{""bid_id"": ""BID-01483"", ""request_id"": ""REQ-137"", ""vendor_id"": ""VND-0035"", ""price"": 18444.37}",fabcbc576a2a60a5224e78b94d2aa48c5bed973a04dec6aebd664a9de13cdbe0,667c203f7c95cb9fa0942315c5e55b080328141bb55950b47678115244241d34
AUD-001523,2026-05-31 11:45:00,BID_SUBMITTED,"{""bid_id"": ""BID-01484"", ""request_id"": ""REQ-137"", ""vendor_id"": ""VND-0216"", ""price"": 18347.87}",667c203f7c95cb9fa0942315c5e55b080328141bb55950b47678115244241d34,1dc4fb6d12c3cdfa650648bd60f34002c545c1c29416d2bd489e6e6b41abe8e9
AUD-001524,2026-05-31 11:54:00,BID_SUBMITTED,"{""bid_id"": ""BID-01485"", ""request_id"": ""REQ-137"", ""vendor_id"": ""VND-0216"", ""price"": 17991.43}",1dc4fb6d12c3cdfa650648bd60f34002c545c1c29416d2bd489e6e6b41abe8e9,9eff5d5fbb0349332d3dbf8ce39186b4fb2b3e60b10286a10261a7e3c97859bc
AUD-001525,2026-05-31 11:58:00,BID_SUBMITTED,"{""bid_id"": ""BID-01486"", ""request_id"": ""REQ-137"", ""vendor_id"": ""VND-0176"", ""price"": 17550.65}",9eff5d5fbb0349332d3dbf8ce39186b4fb2b3e60b10286a10261a7e3c97859bc,193fe0ffbb8202bbfc3c0d78215ad0a23fbde8ab96cb79060e1e406873af5ddd
AUD-001526,2026-05-31 12:06:00,BID_SUBMITTED,"{""bid_id"": ""BID-01487"", ""request_id"": ""REQ-137"", ""vendor_id"": ""VND-0086"", ""price"": 17414.73}",193fe0ffbb8202bbfc3c0d78215ad0a23fbde8ab96cb79060e1e406873af5ddd,9ec0100fa9fbdd8668f6ee9b629c5983fecfa137d05947896af23be122909de5
AUD-001527,2026-05-31 12:14:00,BID_SUBMITTED,"{""bid_id"": ""BID-01488"", ""request_id"": ""REQ-137"", ""vendor_id"": ""VND-0176"", ""price"": 17016.42}",9ec0100fa9fbdd8668f6ee9b629c5983fecfa137d05947896af23be122909de5,8dc1510734391d8f2fe0239e66af71db36caa8700aeadbdd6911dc72645edc6c
AUD-001528,2026-05-31 12:24:00,BID_SUBMITTED,"{""bid_id"": ""BID-01489"", ""request_id"": ""REQ-137"", ""vendor_id"": ""VND-0385"", ""price"": 16870.15}",8dc1510734391d8f2fe0239e66af71db36caa8700aeadbdd6911dc72645edc6c,1fe294a6cafaca5ffbed60ff37dd1ed93fe75f00b96453d5c5e0d5f89097e7d5
AUD-001529,2026-05-31 12:33:00,BID_SUBMITTED,"{""bid_id"": ""BID-01490"", ""request_id"": ""REQ-137"", ""vendor_id"": ""VND-0176"", ""price"": 16599.54}",1fe294a6cafaca5ffbed60ff37dd1ed93fe75f00b96453d5c5e0d5f89097e7d5,3457e63e6aadabc82a4934133f98f6c0ed7e8b0072932d6aef01470bd4bd5cbb
AUD-001530,2026-05-31 12:37:00,BID_SUBMITTED,"{""bid_id"": ""BID-01491"", ""request_id"": ""REQ-137"", ""vendor_id"": ""VND-0176"", ""price"": 16398.58}",3457e63e6aadabc82a4934133f98f6c0ed7e8b0072932d6aef01470bd4bd5cbb,fa92972a0f50ef9296161bbd527ef3eb1e5bb5ef611f3430c2dbf073b2f6a6a2
AUD-001531,2026-05-31 19:04:00,BID_SUBMITTED,"{""bid_id"": ""BID-00134"", ""request_id"": ""REQ-015"", ""vendor_id"": ""VND-0402"", ""price"": 107035.9}",fa92972a0f50ef9296161bbd527ef3eb1e5bb5ef611f3430c2dbf073b2f6a6a2,0b12dc71d4042bf2030277844b0cc0edffad42be92a3d9954e674c0d7835dbce
AUD-001532,2026-05-31 19:14:00,BID_SUBMITTED,"{""bid_id"": ""BID-00135"", ""request_id"": ""REQ-015"", ""vendor_id"": ""VND-0006"", ""price"": 105070.26}",0b12dc71d4042bf2030277844b0cc0edffad42be92a3d9954e674c0d7835dbce,5394a729d9f0412ca59863826035e23cabe5433e6544dd14bb5bc03eb9867951
AUD-001533,2026-05-31 19:24:00,BID_SUBMITTED,"{""bid_id"": ""BID-00136"", ""request_id"": ""REQ-015"", ""vendor_id"": ""VND-0074"", ""price"": 104402.69}",5394a729d9f0412ca59863826035e23cabe5433e6544dd14bb5bc03eb9867951,26769ad51d72ee1042e145623dafa5500e9ecc86868d6a92037b741bb55d7c68
AUD-001534,2026-05-31 19:34:00,BID_SUBMITTED,"{""bid_id"": ""BID-00137"", ""request_id"": ""REQ-015"", ""vendor_id"": ""VND-0250"", ""price"": 102821.35}",26769ad51d72ee1042e145623dafa5500e9ecc86868d6a92037b741bb55d7c68,25309db28d119bc67dfd271048eede8f9d61b206372a4c72a74d25dab2e25ebf
AUD-001535,2026-05-31 19:43:00,BID_SUBMITTED,"{""bid_id"": ""BID-00138"", ""request_id"": ""REQ-015"", ""vendor_id"": ""VND-0250"", ""price"": 102265.43}",25309db28d119bc67dfd271048eede8f9d61b206372a4c72a74d25dab2e25ebf,14d59f8cbe01d5f06bf15523b05007547c6e1a259faef7b2812cb5eb21d97f51
AUD-001536,2026-05-31 19:50:00,BID_SUBMITTED,"{""bid_id"": ""BID-00139"", ""request_id"": ""REQ-015"", ""vendor_id"": ""VND-0118"", ""price"": 100453.96}",14d59f8cbe01d5f06bf15523b05007547c6e1a259faef7b2812cb5eb21d97f51,1346d047c70794053f86b9ddd8ddc49cb8735d8e20b7d41bf414b9371d1d105a
AUD-001537,2026-05-31 19:57:00,BID_SUBMITTED,"{""bid_id"": ""BID-00140"", ""request_id"": ""REQ-015"", ""vendor_id"": ""VND-0074"", ""price"": 98450.27}",1346d047c70794053f86b9ddd8ddc49cb8735d8e20b7d41bf414b9371d1d105a,3985c984e4856437fabb89acc8f03564c0ba498a1ef76269910e2e1f35b355e4
AUD-001538,2026-05-31 20:02:00,BID_SUBMITTED,"{""bid_id"": ""BID-00141"", ""request_id"": ""REQ-015"", ""vendor_id"": ""VND-0335"", ""price"": 97824.99}",3985c984e4856437fabb89acc8f03564c0ba498a1ef76269910e2e1f35b355e4,a76bfa8dc053c83192cd3be88de2a7f30150d52c631ebd78805c15f695f8b920
AUD-001539,2026-05-31 20:05:00,BID_SUBMITTED,"{""bid_id"": ""BID-00142"", ""request_id"": ""REQ-015"", ""vendor_id"": ""VND-0006"", ""price"": 96050.24}",a76bfa8dc053c83192cd3be88de2a7f30150d52c631ebd78805c15f695f8b920,944f56374987d19d288766f670c9c4f51e8f9269367b804105dc32652d27ce62
AUD-001540,2026-05-31 20:12:00,BID_SUBMITTED,"{""bid_id"": ""BID-00143"", ""request_id"": ""REQ-015"", ""vendor_id"": ""VND-0335"", ""price"": 94452.15}",944f56374987d19d288766f670c9c4f51e8f9269367b804105dc32652d27ce62,1850f8be879cadee459c053edca9e7184ad2d4c040521f798a9e0733d40976b8
AUD-001541,2026-05-31 20:22:00,BID_SUBMITTED,"{""bid_id"": ""BID-00144"", ""request_id"": ""REQ-015"", ""vendor_id"": ""VND-0402"", ""price"": 93896.14}",1850f8be879cadee459c053edca9e7184ad2d4c040521f798a9e0733d40976b8,dc0f851e771562ad9ccf981dc42e91721ee00b3aef51d1f6ea22c2eeb4e031e7
AUD-001542,2026-05-31 22:00:00,PROCUREMENT_REQUEST_CREATED,"{""request_id"": ""REQ-033"", ""title"": ""Shared Pantry Essentials (Lot 033)"", ""max_budget"": 95466.83}",dc0f851e771562ad9ccf981dc42e91721ee00b3aef51d1f6ea22c2eeb4e031e7,416d8d138a654e6e90b632dbea450a81662f1446962ff1439afbc1664944c9a5
AUD-001543,2026-06-01 13:00:00,PROCUREMENT_REQUEST_CREATED,"{""request_id"": ""REQ-079"", ""title"": ""Carpet & Deep Clean SLA (Lot 079)"", ""max_budget"": 197072.98}",416d8d138a654e6e90b632dbea450a81662f1446962ff1439afbc1664944c9a5,f4f4643af782d574bc8d22f160df6eca0ae54403d7101bb367671b2e87669ca6
AUD-001544,2026-06-01 22:05:00,BID_SUBMITTED,"{""bid_id"": ""BID-00339"", ""request_id"": ""REQ-033"", ""vendor_id"": ""VND-0200"", ""price"": 93973.86}",f4f4643af782d574bc8d22f160df6eca0ae54403d7101bb367671b2e87669ca6,b7dae854523f26cd4e04988816ad111d9e05255bbd4cb725184db67bf4973733
AUD-001545,2026-06-01 22:09:00,BID_SUBMITTED,"{""bid_id"": ""BID-00340"", ""request_id"": ""REQ-033"", ""vendor_id"": ""VND-0475"", ""price"": 92638.25}",b7dae854523f26cd4e04988816ad111d9e05255bbd4cb725184db67bf4973733,5d966ba9777091df51230e20c1cdfe3da22b9690b771d13c2f4e4be24c499631
AUD-001546,2026-06-01 22:12:00,BID_SUBMITTED,"{""bid_id"": ""BID-00341"", ""request_id"": ""REQ-033"", ""vendor_id"": ""VND-0007"", ""price"": 91825.85}",5d966ba9777091df51230e20c1cdfe3da22b9690b771d13c2f4e4be24c499631,3762569d1f691ee07df215f6ca43855138e49b487f6c70a3f62b4e12a1a619f6
AUD-001547,2026-06-01 22:20:00,BID_SUBMITTED,"{""bid_id"": ""BID-00342"", ""request_id"": ""REQ-033"", ""vendor_id"": ""VND-0006"", ""price"": 89880.1}",3762569d1f691ee07df215f6ca43855138e49b487f6c70a3f62b4e12a1a619f6,8534990cc57e7ea7e9c3842d0156d61cbf2de1daeb4ed2e64fe07b6f5cd60e2e
AUD-001548,2026-06-01 22:23:00,BID_SUBMITTED,"{""bid_id"": ""BID-00343"", ""request_id"": ""REQ-033"", ""vendor_id"": ""VND-0006"", ""price"": 88998.08}",8534990cc57e7ea7e9c3842d0156d61cbf2de1daeb4ed2e64fe07b6f5cd60e2e,47343b164cf8dc47400636e2b7e2969fb5fe6de46689b86c1020b771971a29f9
AUD-001549,2026-06-01 22:32:00,BID_SUBMITTED,"{""bid_id"": ""BID-00344"", ""request_id"": ""REQ-033"", ""vendor_id"": ""VND-0006"", ""price"": 87495.89}",47343b164cf8dc47400636e2b7e2969fb5fe6de46689b86c1020b771971a29f9,1ab8b115eb5e1411fc540e907699b8eeb8bcc0481edb264adfdf2a5b044a7512
AUD-001550,2026-06-01 22:34:00,BID_SUBMITTED,"{""bid_id"": ""BID-00345"", ""request_id"": ""REQ-033"", ""vendor_id"": ""VND-0006"", ""price"": 86630.15}",1ab8b115eb5e1411fc540e907699b8eeb8bcc0481edb264adfdf2a5b044a7512,67c6ee11d8aefc3b4b14f07b8d53dd6be2c6a018855e3f295243020606d2191e
AUD-001551,2026-06-01 22:44:00,BID_SUBMITTED,"{""bid_id"": ""BID-00346"", ""request_id"": ""REQ-033"", ""vendor_id"": ""VND-0200"", ""price"": 85436.45}",67c6ee11d8aefc3b4b14f07b8d53dd6be2c6a018855e3f295243020606d2191e,ed77546c8c04476598a30a06972d66d19a44c7f1b5b2686a8cf75dd33fd7cbd5
AUD-001552,2026-06-01 22:46:00,BID_SUBMITTED,"{""bid_id"": ""BID-00347"", ""request_id"": ""REQ-033"", ""vendor_id"": ""VND-0475"", ""price"": 83720.22}",ed77546c8c04476598a30a06972d66d19a44c7f1b5b2686a8cf75dd33fd7cbd5,a87cfbc68d5bc6f04b101b5b823c15fd0c840ef4d41997f6c7bff4975ce1464a
AUD-001553,2026-06-01 22:52:00,BID_SUBMITTED,"{""bid_id"": ""BID-00348"", ""request_id"": ""REQ-033"", ""vendor_id"": ""VND-0475"", ""price"": 82457.9}",a87cfbc68d5bc6f04b101b5b823c15fd0c840ef4d41997f6c7bff4975ce1464a,a49984a0f0570b29150ed30de2fbed7377a1587b69cbca1ed89051b4fb063bd5
AUD-001554,2026-06-01 22:59:00,BID_SUBMITTED,"{""bid_id"": ""BID-00349"", ""request_id"": ""REQ-033"", ""vendor_id"": ""VND-0475"", ""price"": 80700.25}",a49984a0f0570b29150ed30de2fbed7377a1587b69cbca1ed89051b4fb063bd5,428c6b1d99efe077e6910a65c916502303a19dd00144b022aa6b6da469364be2
AUD-001555,2026-06-01 23:03:00,BID_SUBMITTED,"{""bid_id"": ""BID-00350"", ""request_id"": ""REQ-033"", ""vendor_id"": ""VND-0007"", ""price"": 79914.38}",428c6b1d99efe077e6910a65c916502303a19dd00144b022aa6b6da469364be2,4ed77e402bb9c36bb5883c8fa2e636fe92530cf95d0ce64de800c5235ae880f0
AUD-001556,2026-06-01 23:09:00,BID_SUBMITTED,"{""bid_id"": ""BID-00351"", ""request_id"": ""REQ-033"", ""vendor_id"": ""VND-0475"", ""price"": 78853.82}",4ed77e402bb9c36bb5883c8fa2e636fe92530cf95d0ce64de800c5235ae880f0,6f422bf0a57d3dcc9c5066b07b02a47554dfd0576f87985f24d882c8ec0e1e5e
AUD-001557,2026-06-02 13:03:00,BID_SUBMITTED,"{""bid_id"": ""BID-00848"", ""request_id"": ""REQ-079"", ""vendor_id"": ""VND-0406"", ""price"": 192625.14}",6f422bf0a57d3dcc9c5066b07b02a47554dfd0576f87985f24d882c8ec0e1e5e,b762120b03e48a793f9100926929be51b75214e9e35f3fffecf5845bf47ba6e2
AUD-001558,2026-06-02 13:07:00,BID_SUBMITTED,"{""bid_id"": ""BID-00849"", ""request_id"": ""REQ-079"", ""vendor_id"": ""VND-0406"", ""price"": 188522.36}",b762120b03e48a793f9100926929be51b75214e9e35f3fffecf5845bf47ba6e2,da001d41a3debff7a1580191f5a4a24c59a426b0894f58f3fee76c0f0378dd75
AUD-001559,2026-06-02 13:16:00,BID_SUBMITTED,"{""bid_id"": ""BID-00850"", ""request_id"": ""REQ-079"", ""vendor_id"": ""VND-0207"", ""price"": 186068.64}",da001d41a3debff7a1580191f5a4a24c59a426b0894f58f3fee76c0f0378dd75,880d4eea6a428b6326dc315cdff069b400c7f4d23d110acee008a1fd8a5e9bfe
AUD-001560,2026-06-02 13:25:00,BID_SUBMITTED,"{""bid_id"": ""BID-00851"", ""request_id"": ""REQ-079"", ""vendor_id"": ""VND-0406"", ""price"": 182028.31}",880d4eea6a428b6326dc315cdff069b400c7f4d23d110acee008a1fd8a5e9bfe,7f82ee5d3c68f52a5e07ffad1fae748f3205938bdb5147b1c2214d0edc1f5eef
AUD-001561,2026-06-02 13:29:00,BID_SUBMITTED,"{""bid_id"": ""BID-00852"", ""request_id"": ""REQ-079"", ""vendor_id"": ""VND-0259"", ""price"": 178756.0}",7f82ee5d3c68f52a5e07ffad1fae748f3205938bdb5147b1c2214d0edc1f5eef,388ca6394ac2e0efd195e71fbac98d4f8937350fbf1140f8c646f80e7898524b
AUD-001562,2026-06-02 13:31:00,BID_SUBMITTED,"{""bid_id"": ""BID-00853"", ""request_id"": ""REQ-079"", ""vendor_id"": ""VND-0207"", ""price"": 177388.48}",388ca6394ac2e0efd195e71fbac98d4f8937350fbf1140f8c646f80e7898524b,f2bf14eb7833686a339ad45256caa04af8da0bf58b2c66756383e8f59305fbc4
AUD-001563,2026-06-02 13:40:00,BID_SUBMITTED,"{""bid_id"": ""BID-00854"", ""request_id"": ""REQ-079"", ""vendor_id"": ""VND-0213"", ""price"": 176133.59}",f2bf14eb7833686a339ad45256caa04af8da0bf58b2c66756383e8f59305fbc4,0bf7e3dccfcb049c28c5aade8e3a22db62d0e7e86783f19787a71b89e96da259
AUD-001564,2026-06-02 13:48:00,BID_SUBMITTED,"{""bid_id"": ""BID-00855"", ""request_id"": ""REQ-079"", ""vendor_id"": ""VND-0259"", ""price"": 174614.4}",0bf7e3dccfcb049c28c5aade8e3a22db62d0e7e86783f19787a71b89e96da259,8005b1f4c49f47e9fceb748a81f4b080f37b9087e205081fbb38311bc590edea
AUD-001565,2026-06-02 13:52:00,BID_SUBMITTED,"{""bid_id"": ""BID-00856"", ""request_id"": ""REQ-079"", ""vendor_id"": ""VND-0406"", ""price"": 171606.29}",8005b1f4c49f47e9fceb748a81f4b080f37b9087e205081fbb38311bc590edea,14706c3fdcb90db6108635dbd04b7f81ded56ae1c370abc24af403e8bf05ea7a
AUD-001566,2026-06-02 13:55:00,BID_SUBMITTED,"{""bid_id"": ""BID-00857"", ""request_id"": ""REQ-079"", ""vendor_id"": ""VND-0259"", ""price"": 167589.33}",14706c3fdcb90db6108635dbd04b7f81ded56ae1c370abc24af403e8bf05ea7a,7bcf65b1b54e915c4ede294e63a69cd7f1da3a9d40500650d0a55ebab851ce48
AUD-001567,2026-06-02 13:58:00,BID_SUBMITTED,"{""bid_id"": ""BID-00858"", ""request_id"": ""REQ-079"", ""vendor_id"": ""VND-0259"", ""price"": 165274.29}",7bcf65b1b54e915c4ede294e63a69cd7f1da3a9d40500650d0a55ebab851ce48,f0f563af0562ca5d96ce6efe17540d9adc2887771c772924acc07db909bf3d9f
AUD-001568,2026-06-02 14:00:00,BID_SUBMITTED,"{""bid_id"": ""BID-00859"", ""request_id"": ""REQ-079"", ""vendor_id"": ""VND-0406"", ""price"": 162282.92}",f0f563af0562ca5d96ce6efe17540d9adc2887771c772924acc07db909bf3d9f,d1eb6b0eabbded0b3bf5140de803b60bce7bb0e472dcb9d8cabb9a05fff64578
AUD-001569,2026-06-02 14:07:00,BID_SUBMITTED,"{""bid_id"": ""BID-00860"", ""request_id"": ""REQ-079"", ""vendor_id"": ""VND-0213"", ""price"": 158297.59}",d1eb6b0eabbded0b3bf5140de803b60bce7bb0e472dcb9d8cabb9a05fff64578,c51e2f4004b8d371709dd5374f9a597b13e628186ec515289232849d35bdad7b
AUD-001570,2026-06-02 22:00:00,PROCUREMENT_REQUEST_CREATED,"{""request_id"": ""REQ-049"", ""title"": ""Adhesives & Resins Bulk (Lot 049)"", ""max_budget"": 110989.95}",c51e2f4004b8d371709dd5374f9a597b13e628186ec515289232849d35bdad7b,7fd3315f58510070de5a868c0e66f3b91dd1d5bb8b56e53cfe522a9240bc39ba
AUD-001571,2026-06-03 13:00:00,PROCUREMENT_REQUEST_CREATED,"{""request_id"": ""REQ-006"", ""title"": ""Inter-State Freight Shipping (Lot 006)"", ""max_budget"": 153082.66}",7fd3315f58510070de5a868c0e66f3b91dd1d5bb8b56e53cfe522a9240bc39ba,d647a540816b788a75017807fbd361e5caa85ae5bc595d49dadc7fd4b8aa948b
AUD-001572,2026-06-03 22:00:01,BID_SUBMITTED,"{""bid_id"": ""BID-00508"", ""request_id"": ""REQ-049"", ""vendor_id"": ""VND-0121"", ""price"": 105290.45}",d647a540816b788a75017807fbd361e5caa85ae5bc595d49dadc7fd4b8aa948b,8f1bd473c1d39e078e687915c7c2546f86683b5ce89d89665edaa1395a50c9a0
AUD-001573,2026-06-03 22:00:03,BID_SUBMITTED,"{""bid_id"": ""BID-00509"", ""request_id"": ""REQ-049"", ""vendor_id"": ""VND-0219"", ""price"": 105140.45}",8f1bd473c1d39e078e687915c7c2546f86683b5ce89d89665edaa1395a50c9a0,95df1e5b7b9298190e75330b2ffa4091af28d9bc4e0713cab2f5675a7a4772e7
AUD-001574,2026-06-03 22:00:04,BID_SUBMITTED,"{""bid_id"": ""BID-00510"", ""request_id"": ""REQ-049"", ""vendor_id"": ""VND-0121"", ""price"": 104990.45}",95df1e5b7b9298190e75330b2ffa4091af28d9bc4e0713cab2f5675a7a4772e7,835d45f03ed846410ca6c953c9f0d2d7fb67c47565cfbf40ddf468baf05bb8b0
AUD-001575,2026-06-03 22:00:06,BID_SUBMITTED,"{""bid_id"": ""BID-00511"", ""request_id"": ""REQ-049"", ""vendor_id"": ""VND-0219"", ""price"": 104840.45}",835d45f03ed846410ca6c953c9f0d2d7fb67c47565cfbf40ddf468baf05bb8b0,10610292759701a4b25faeb086cc04ebd1748bd3ed8c1b9e8e00103aec05a761
AUD-001576,2026-06-03 22:00:08,BID_SUBMITTED,"{""bid_id"": ""BID-00512"", ""request_id"": ""REQ-049"", ""vendor_id"": ""VND-0121"", ""price"": 104690.45}",10610292759701a4b25faeb086cc04ebd1748bd3ed8c1b9e8e00103aec05a761,97a196a0544ddc9f27305ac3304f09aa1685a32d434f6172602148d7aab15c84
AUD-001577,2026-06-03 22:00:09,BID_SUBMITTED,"{""bid_id"": ""BID-00513"", ""request_id"": ""REQ-049"", ""vendor_id"": ""VND-0219"", ""price"": 104540.45}",97a196a0544ddc9f27305ac3304f09aa1685a32d434f6172602148d7aab15c84,45f81b1de8d5316f4ebfcf77c8f1e7db08b908caef2674455325467c1a41fdfc
AUD-001578,2026-06-03 22:00:11,BID_SUBMITTED,"{""bid_id"": ""BID-00514"", ""request_id"": ""REQ-049"", ""vendor_id"": ""VND-0121"", ""price"": 104390.45}",45f81b1de8d5316f4ebfcf77c8f1e7db08b908caef2674455325467c1a41fdfc,042aec4b731a662c0fe77d834c4dfd234ca045edb2b4585b7878546dfcc0b268
AUD-001579,2026-06-03 22:00:13,BID_SUBMITTED,"{""bid_id"": ""BID-00515"", ""request_id"": ""REQ-049"", ""vendor_id"": ""VND-0219"", ""price"": 104240.45}",042aec4b731a662c0fe77d834c4dfd234ca045edb2b4585b7878546dfcc0b268,4eea043db1a80f6eb184f5071cce29fec76061e116e6a8801c717b92444f9e98
AUD-001580,2026-06-03 22:00:15,BID_SUBMITTED,"{""bid_id"": ""BID-00516"", ""request_id"": ""REQ-049"", ""vendor_id"": ""VND-0121"", ""price"": 104090.45}",4eea043db1a80f6eb184f5071cce29fec76061e116e6a8801c717b92444f9e98,1c387c3a805573e86cc47d031c2c0961f4b850094f2e37adc49b4aea4977c0d0
AUD-001581,2026-06-03 22:00:17,BID_SUBMITTED,"{""bid_id"": ""BID-00517"", ""request_id"": ""REQ-049"", ""vendor_id"": ""VND-0219"", ""price"": 103940.45}",1c387c3a805573e86cc47d031c2c0961f4b850094f2e37adc49b4aea4977c0d0,623279518269bb21ef15d5add8799fe8a059506c13c49ef57bec13cf9ea864f0
AUD-001582,2026-06-03 22:05:17,BID_SUBMITTED,"{""bid_id"": ""BID-00518"", ""request_id"": ""REQ-049"", ""vendor_id"": ""VND-0016"", ""price"": 99264.3}",623279518269bb21ef15d5add8799fe8a059506c13c49ef57bec13cf9ea864f0,050d36cf7f552457c9201f7d81dc0a80991f433d95deaa2c325efe37af14477b
AUD-001583,2026-06-03 22:10:17,BID_SUBMITTED,"{""bid_id"": ""BID-00519"", ""request_id"": ""REQ-049"", ""vendor_id"": ""VND-0031"", ""price"": 97471.32}",050d36cf7f552457c9201f7d81dc0a80991f433d95deaa2c325efe37af14477b,f3d42c3df673e1baad5e7495ddc44662d00533d1fa9ca629168d0b74f3e3e5f6
AUD-001584,2026-06-04 01:00:00,PROCUREMENT_REQUEST_CREATED,"{""request_id"": ""REQ-090"", ""title"": ""Sanitization & Disinfection Contract (Lot 090)"", ""max_budget"": 79181.9}",f3d42c3df673e1baad5e7495ddc44662d00533d1fa9ca629168d0b74f3e3e5f6,267e306811cabcd5373ba1d3b68ab788ff7bf1a7f7180a1ee162728779ea7e21
AUD-001585,2026-06-04 13:00:02,BID_SUBMITTED,"{""bid_id"": ""BID-00043"", ""request_id"": ""REQ-006"", ""vendor_id"": ""VND-0416"", ""price"": 145278.53}",267e306811cabcd5373ba1d3b68ab788ff7bf1a7f7180a1ee162728779ea7e21,024e1759f448f44b0166ab105ba14699e57967c5baadb0597da336fd236a6159
AUD-001586,2026-06-04 13:00:04,BID_SUBMITTED,"{""bid_id"": ""BID-00044"", ""request_id"": ""REQ-006"", ""vendor_id"": ""VND-0449"", ""price"": 145128.53}",024e1759f448f44b0166ab105ba14699e57967c5baadb0597da336fd236a6159,3f6509541dd951f9e199c0a347c98662938017363b46baa568ff929b97e861fc
AUD-001587,2026-06-04 13:00:06,BID_SUBMITTED,"{""bid_id"": ""BID-00045"", ""request_id"": ""REQ-006"", ""vendor_id"": ""VND-0416"", ""price"": 144978.53}",3f6509541dd951f9e199c0a347c98662938017363b46baa568ff929b97e861fc,b16a7dd36a2607b2aec3bd0a0d555d0e25f14ae51b1003496dcd6cc848c8347a
AUD-001588,2026-06-04 13:00:07,BID_SUBMITTED,"{""bid_id"": ""BID-00046"", ""request_id"": ""REQ-006"", ""vendor_id"": ""VND-0449"", ""price"": 144828.53}",b16a7dd36a2607b2aec3bd0a0d555d0e25f14ae51b1003496dcd6cc848c8347a,8dc04409cc2a661fb8be7466a0f56901ecafac80049699300271128387b2add1
AUD-001589,2026-06-04 13:00:08,BID_SUBMITTED,"{""bid_id"": ""BID-00047"", ""request_id"": ""REQ-006"", ""vendor_id"": ""VND-0416"", ""price"": 144678.53}",8dc04409cc2a661fb8be7466a0f56901ecafac80049699300271128387b2add1,9faeaa7c68f3b8bfc3e6f40be422f6cd28e7fa3c14bb2d0af0c8164252f0d129
AUD-001590,2026-06-04 13:00:10,BID_SUBMITTED,"{""bid_id"": ""BID-00048"", ""request_id"": ""REQ-006"", ""vendor_id"": ""VND-0449"", ""price"": 144528.53}",9faeaa7c68f3b8bfc3e6f40be422f6cd28e7fa3c14bb2d0af0c8164252f0d129,1edab56730c1f63fff23967c6562c60244d9553ff6c6797253f13f265bf84bc5
AUD-001591,2026-06-04 13:00:12,BID_SUBMITTED,"{""bid_id"": ""BID-00049"", ""request_id"": ""REQ-006"", ""vendor_id"": ""VND-0416"", ""price"": 144378.53}",1edab56730c1f63fff23967c6562c60244d9553ff6c6797253f13f265bf84bc5,df46963c7d4165f34d4fba8d03a7e48b2fea8afb39d395e2b90253ba4d8acd86
AUD-001592,2026-06-04 13:00:13,BID_SUBMITTED,"{""bid_id"": ""BID-00050"", ""request_id"": ""REQ-006"", ""vendor_id"": ""VND-0449"", ""price"": 144228.53}",df46963c7d4165f34d4fba8d03a7e48b2fea8afb39d395e2b90253ba4d8acd86,43b5c84a0b2cefff65072745d6aeb064dd36c92608cafcc18d251fe13af99e1b
AUD-001593,2026-06-04 13:00:15,BID_SUBMITTED,"{""bid_id"": ""BID-00051"", ""request_id"": ""REQ-006"", ""vendor_id"": ""VND-0416"", ""price"": 144078.53}",43b5c84a0b2cefff65072745d6aeb064dd36c92608cafcc18d251fe13af99e1b,ca1c7400a51c17b7152cb96b583533fe19527771a96946159c23be1d1f7677eb
AUD-001594,2026-06-04 13:00:17,BID_SUBMITTED,"{""bid_id"": ""BID-00052"", ""request_id"": ""REQ-006"", ""vendor_id"": ""VND-0449"", ""price"": 143928.53}",ca1c7400a51c17b7152cb96b583533fe19527771a96946159c23be1d1f7677eb,336aee011f05776f3b2e720803d8ebf173ed6efd265260c34e91e25433d73a2b
AUD-001595,2026-06-04 13:09:17,BID_SUBMITTED,"{""bid_id"": ""BID-00053"", ""request_id"": ""REQ-006"", ""vendor_id"": ""VND-0005"", ""price"": 137269.11}",336aee011f05776f3b2e720803d8ebf173ed6efd265260c34e91e25433d73a2b,3cd933c9e930a72c77bb12689417e9ebc28a30c7556e12095b50793cef842b57
AUD-001596,2026-06-04 13:14:17,BID_SUBMITTED,"{""bid_id"": ""BID-00054"", ""request_id"": ""REQ-006"", ""vendor_id"": ""VND-0035"", ""price"": 132483.29}",3cd933c9e930a72c77bb12689417e9ebc28a30c7556e12095b50793cef842b57,f8f62da4386d57311efa98b066ba9dec65619ca58e928353ab89c726a5a661ea
AUD-001597,2026-06-05 01:07:00,BID_SUBMITTED,"{""bid_id"": ""BID-00968"", ""request_id"": ""REQ-090"", ""vendor_id"": ""VND-0294"", ""price"": 77888.29}",f8f62da4386d57311efa98b066ba9dec65619ca58e928353ab89c726a5a661ea,dc0de44a8f9a03f91e410d9b72395bf35f19725a49ac134cf67c4e2246aa04ff
AUD-001598,2026-06-05 01:14:00,BID_SUBMITTED,"{""bid_id"": ""BID-00969"", ""request_id"": ""REQ-090"", ""vendor_id"": ""VND-0314"", ""price"": 77236.14}",dc0de44a8f9a03f91e410d9b72395bf35f19725a49ac134cf67c4e2246aa04ff,a74d5a4de4f2ad4e647331fe24c324379fd49c2e8b122e0fa2bd9889140db399
AUD-001599,2026-06-05 01:22:00,BID_SUBMITTED,"{""bid_id"": ""BID-00970"", ""request_id"": ""REQ-090"", ""vendor_id"": ""VND-0313"", ""price"": 75636.34}",a74d5a4de4f2ad4e647331fe24c324379fd49c2e8b122e0fa2bd9889140db399,bd27f8b35f2dfd0192d351ec07e9db5f1737fa3e11b6aede98f9de1f6169bc54
AUD-001600,2026-06-05 01:26:00,BID_SUBMITTED,"{""bid_id"": ""BID-00971"", ""request_id"": ""REQ-090"", ""vendor_id"": ""VND-0195"", ""price"": 73987.3}",bd27f8b35f2dfd0192d351ec07e9db5f1737fa3e11b6aede98f9de1f6169bc54,4c8111b6611feedcc9a20d766c2f6646daaa27db4d249ad211f81025c6da9f3b
AUD-001601,2026-06-05 01:35:00,BID_SUBMITTED,"{""bid_id"": ""BID-00972"", ""request_id"": ""REQ-090"", ""vendor_id"": ""VND-0195"", ""price"": 72318.31}",4c8111b6611feedcc9a20d766c2f6646daaa27db4d249ad211f81025c6da9f3b,7f04561765912bbac184d9b26bffd441927be7ccf365892de80ac902701ff13d
AUD-001602,2026-06-05 01:41:00,BID_SUBMITTED,"{""bid_id"": ""BID-00973"", ""request_id"": ""REQ-090"", ""vendor_id"": ""VND-0314"", ""price"": 71437.85}",7f04561765912bbac184d9b26bffd441927be7ccf365892de80ac902701ff13d,ded90f77246a89c4d25a556748e780435765c3ae6ec985e5f784d78b8ae8d0a8
AUD-001603,2026-06-05 01:45:00,BID_SUBMITTED,"{""bid_id"": ""BID-00974"", ""request_id"": ""REQ-090"", ""vendor_id"": ""VND-0314"", ""price"": 70292.46}",ded90f77246a89c4d25a556748e780435765c3ae6ec985e5f784d78b8ae8d0a8,3fb5a5bce7490250bd31dd02b118d276241d09952125bd58312e47c7d809f8a0
AUD-001604,2026-06-05 01:51:00,BID_SUBMITTED,"{""bid_id"": ""BID-00975"", ""request_id"": ""REQ-090"", ""vendor_id"": ""VND-0294"", ""price"": 69825.75}",3fb5a5bce7490250bd31dd02b118d276241d09952125bd58312e47c7d809f8a0,dc8a8a6f9266dc1180391d5954e558b443700d46e98ff4f2872ff2105988e60e
AUD-001605,2026-06-06 07:00:00,PROCUREMENT_REQUEST_CREATED,"{""request_id"": ""REQ-103"", ""title"": ""Cloud ERP Subscription Renewal (Lot 103)"", ""max_budget"": 35801.19}",dc8a8a6f9266dc1180391d5954e558b443700d46e98ff4f2872ff2105988e60e,bf6c7461b3017e92250384d2c4a8cb5f61fc3ac5edc5e9ca5c033e94bfae8a4c
AUD-001606,2026-06-06 16:00:00,PROCUREMENT_REQUEST_CREATED,"{""request_id"": ""REQ-007"", ""title"": ""Executive Lunch Board Meetings (Lot 007)"", ""max_budget"": 92699.27}",bf6c7461b3017e92250384d2c4a8cb5f61fc3ac5edc5e9ca5c033e94bfae8a4c,014eca9a88bf28876e03951415336ea623711ad3d2a34f911f7987b376ac1665
AUD-001607,2026-06-07 07:10:00,BID_SUBMITTED,"{""bid_id"": ""BID-01104"", ""request_id"": ""REQ-103"", ""vendor_id"": ""VND-0394"", ""price"": 35617.44}",014eca9a88bf28876e03951415336ea623711ad3d2a34f911f7987b376ac1665,32bddc5a7d4fa457368e13dcdf673d388662d93ec87f170d23d94ec7230a18b5
AUD-001608,2026-06-07 07:17:00,BID_SUBMITTED,"{""bid_id"": ""BID-01105"", ""request_id"": ""REQ-103"", ""vendor_id"": ""VND-0057"", ""price"": 34835.27}",32bddc5a7d4fa457368e13dcdf673d388662d93ec87f170d23d94ec7230a18b5,80389863217e6e49d410e231e4425aa2346ea25e179f9482aed7f2167ae5fbd4
AUD-001609,2026-06-07 07:23:00,BID_SUBMITTED,"{""bid_id"": ""BID-01106"", ""request_id"": ""REQ-103"", ""vendor_id"": ""VND-0394"", ""price"": 34441.35}",80389863217e6e49d410e231e4425aa2346ea25e179f9482aed7f2167ae5fbd4,5df9112dc5968948e880f72d3612fed163378acab526544aee8424eac3d7596a
AUD-001610,2026-06-07 07:33:00,BID_SUBMITTED,"{""bid_id"": ""BID-01107"", ""request_id"": ""REQ-103"", ""vendor_id"": ""VND-0046"", ""price"": 34143.17}",5df9112dc5968948e880f72d3612fed163378acab526544aee8424eac3d7596a,684644389d9f4429690f846f0dc36176eaf01abbf6167d4c58012ad8f23dfcf6
AUD-001611,2026-06-07 07:37:00,BID_SUBMITTED,"{""bid_id"": ""BID-01108"", ""request_id"": ""REQ-103"", ""vendor_id"": ""VND-0046"", ""price"": 33700.76}",684644389d9f4429690f846f0dc36176eaf01abbf6167d4c58012ad8f23dfcf6,9cf20fefae18db397f01df40e7a64777df2612056acc1bf2488ede6f3f244581
AUD-001612,2026-06-07 07:45:00,BID_SUBMITTED,"{""bid_id"": ""BID-01109"", ""request_id"": ""REQ-103"", ""vendor_id"": ""VND-0057"", ""price"": 33177.9}",9cf20fefae18db397f01df40e7a64777df2612056acc1bf2488ede6f3f244581,7cdd8eb1365e5b9e35d9d522674bb4bee1077f6cf45bb4266efe40605cae4e08
AUD-001613,2026-06-07 07:47:00,BID_SUBMITTED,"{""bid_id"": ""BID-01110"", ""request_id"": ""REQ-103"", ""vendor_id"": ""VND-0046"", ""price"": 32388.5}",7cdd8eb1365e5b9e35d9d522674bb4bee1077f6cf45bb4266efe40605cae4e08,867061b1abbb5624f088cf60acf2503352af1ffba5f409859752af606c93d929
AUD-001614,2026-06-07 07:51:00,BID_SUBMITTED,"{""bid_id"": ""BID-01111"", ""request_id"": ""REQ-103"", ""vendor_id"": ""VND-0394"", ""price"": 32001.59}",867061b1abbb5624f088cf60acf2503352af1ffba5f409859752af606c93d929,866a88a1e360773f496b62d0f3e1b4a2c4f5477782782bff7e771c5e10bf5415
AUD-001615,2026-06-07 08:01:00,BID_SUBMITTED,"{""bid_id"": ""BID-01112"", ""request_id"": ""REQ-103"", ""vendor_id"": ""VND-0046"", ""price"": 31216.59}",866a88a1e360773f496b62d0f3e1b4a2c4f5477782782bff7e771c5e10bf5415,66a9c6688cda3a7c58da07f911cedc520f157da2c447e693d3108ad4c79a94f2
AUD-001616,2026-06-07 08:03:00,BID_SUBMITTED,"{""bid_id"": ""BID-01113"", ""request_id"": ""REQ-103"", ""vendor_id"": ""VND-0046"", ""price"": 30863.43}",66a9c6688cda3a7c58da07f911cedc520f157da2c447e693d3108ad4c79a94f2,c0d108ed4d02094a411211e49fe55e47173f17cfcac18bed39034a4353587865
AUD-001617,2026-06-07 08:11:00,BID_SUBMITTED,"{""bid_id"": ""BID-01114"", ""request_id"": ""REQ-103"", ""vendor_id"": ""VND-0057"", ""price"": 30293.01}",c0d108ed4d02094a411211e49fe55e47173f17cfcac18bed39034a4353587865,646e3490e385d34a934f5f94ec99db36dd5891392aeeabd2e1e746ea66dd9aa7
AUD-001618,2026-06-07 08:18:00,BID_SUBMITTED,"{""bid_id"": ""BID-01115"", ""request_id"": ""REQ-103"", ""vendor_id"": ""VND-0394"", ""price"": 30080.51}",646e3490e385d34a934f5f94ec99db36dd5891392aeeabd2e1e746ea66dd9aa7,dd0abf55651a907157585fb8fe69e6c3ca7f4573f48aecdcb3db99402e767d89
AUD-001619,2026-06-07 08:22:00,BID_SUBMITTED,"{""bid_id"": ""BID-01116"", ""request_id"": ""REQ-103"", ""vendor_id"": ""VND-0394"", ""price"": 29411.61}",dd0abf55651a907157585fb8fe69e6c3ca7f4573f48aecdcb3db99402e767d89,fb296c5bea9ee9a09963be922b9742275e0476e5451ab710862ca2ad512fa4c5
AUD-001620,2026-06-07 12:00:00,PROCUREMENT_REQUEST_CREATED,"{""request_id"": ""REQ-126"", ""title"": ""Adjustable Standing Desks (Lot 126)"", ""max_budget"": 135244.4}",fb296c5bea9ee9a09963be922b9742275e0476e5451ab710862ca2ad512fa4c5,22271c864f9a0ca86c09de1868a885ebe76dab00ce0e5e1c4d9a5a5e3dec9abb
AUD-001621,2026-06-07 16:09:00,BID_SUBMITTED,"{""bid_id"": ""BID-00055"", ""request_id"": ""REQ-007"", ""vendor_id"": ""VND-0132"", ""price"": 92013.32}",22271c864f9a0ca86c09de1868a885ebe76dab00ce0e5e1c4d9a5a5e3dec9abb,b5e5d4a798d7020844667e3d8fa3759647e59ad2de2d82078472a665ea5d9f79
AUD-001622,2026-06-07 16:13:00,BID_SUBMITTED,"{""bid_id"": ""BID-00056"", ""request_id"": ""REQ-007"", ""vendor_id"": ""VND-0087"", ""price"": 90760.74}",b5e5d4a798d7020844667e3d8fa3759647e59ad2de2d82078472a665ea5d9f79,ddfeba956a7227f1dfdc2bc446571836dff161fa255a83c8b7e26b36f822ea39
AUD-001623,2026-06-07 16:18:00,BID_SUBMITTED,"{""bid_id"": ""BID-00057"", ""request_id"": ""REQ-007"", ""vendor_id"": ""VND-0223"", ""price"": 89340.18}",ddfeba956a7227f1dfdc2bc446571836dff161fa255a83c8b7e26b36f822ea39,510ec85986a272f0bdb6c6a3a6d2221f37b1726b301e28999183720e81a58769
AUD-001624,2026-06-07 16:25:00,BID_SUBMITTED,"{""bid_id"": ""BID-00058"", ""request_id"": ""REQ-007"", ""vendor_id"": ""VND-0492"", ""price"": 87895.15}",510ec85986a272f0bdb6c6a3a6d2221f37b1726b301e28999183720e81a58769,f208ff4b95caf519c24572b14c8bbb0f2870d7a540a7d9933211de15373cba22
AUD-001625,2026-06-07 16:27:00,BID_SUBMITTED,"{""bid_id"": ""BID-00059"", ""request_id"": ""REQ-007"", ""vendor_id"": ""VND-0027"", ""price"": 86757.66}",f208ff4b95caf519c24572b14c8bbb0f2870d7a540a7d9933211de15373cba22,f75362b2d1fc45979fc1de9f3dc44cead767cf28f3f5b09662f00201e6a2f4d4
AUD-001626,2026-06-07 16:30:00,BID_SUBMITTED,"{""bid_id"": ""BID-00060"", ""request_id"": ""REQ-007"", ""vendor_id"": ""VND-0223"", ""price"": 86291.36}",f75362b2d1fc45979fc1de9f3dc44cead767cf28f3f5b09662f00201e6a2f4d4,1d791ff073475dda8360ba694e9579dcd85f7034728927233c5e82f576f21350
AUD-001627,2026-06-07 16:38:00,BID_SUBMITTED,"{""bid_id"": ""BID-00061"", ""request_id"": ""REQ-007"", ""vendor_id"": ""VND-0175"", ""price"": 85319.61}",1d791ff073475dda8360ba694e9579dcd85f7034728927233c5e82f576f21350,d9d800fc87d9218f0a22db0e44d3dad17c366c7dc35d7294d6694f88cad499c7
AUD-001628,2026-06-07 16:46:00,BID_SUBMITTED,"{""bid_id"": ""BID-00062"", ""request_id"": ""REQ-007"", ""vendor_id"": ""VND-0492"", ""price"": 84202.91}",d9d800fc87d9218f0a22db0e44d3dad17c366c7dc35d7294d6694f88cad499c7,9d8fe633c2771b2671313ddb0274f297c37031bc58b8dd0050a46e58e0a6b77d
AUD-001629,2026-06-07 16:48:00,BID_SUBMITTED,"{""bid_id"": ""BID-00063"", ""request_id"": ""REQ-007"", ""vendor_id"": ""VND-0132"", ""price"": 83587.94}",9d8fe633c2771b2671313ddb0274f297c37031bc58b8dd0050a46e58e0a6b77d,bd12c55c39861862bf137d6dc3e6852aa5977de26c79b85da0b0e8d258f016b7
AUD-001630,2026-06-07 16:57:00,BID_SUBMITTED,"{""bid_id"": ""BID-00064"", ""request_id"": ""REQ-007"", ""vendor_id"": ""VND-0132"", ""price"": 82882.67}",bd12c55c39861862bf137d6dc3e6852aa5977de26c79b85da0b0e8d258f016b7,cc085abd22d56d3b5b8094b343b0e5fa23c43acebe0b0ae9613a8b596f71b42c
AUD-001631,2026-06-08 12:00:02,BID_SUBMITTED,"{""bid_id"": ""BID-01351"", ""request_id"": ""REQ-126"", ""vendor_id"": ""VND-0353"", ""price"": 128332.18}",cc085abd22d56d3b5b8094b343b0e5fa23c43acebe0b0ae9613a8b596f71b42c,57df05a455f5282b07f5a82d55496ccfbd8c3e9669a7e742917b30a149f3728f
AUD-001632,2026-06-08 12:00:04,BID_SUBMITTED,"{""bid_id"": ""BID-01352"", ""request_id"": ""REQ-126"", ""vendor_id"": ""VND-0295"", ""price"": 128182.18}",57df05a455f5282b07f5a82d55496ccfbd8c3e9669a7e742917b30a149f3728f,7f2ed6487c76598c91f70277e397fae46910b1a83dfa8a5fe3ff7d7be727eb15
AUD-001633,2026-06-08 12:00:05,BID_SUBMITTED,"{""bid_id"": ""BID-01353"", ""request_id"": ""REQ-126"", ""vendor_id"": ""VND-0353"", ""price"": 128032.18}",7f2ed6487c76598c91f70277e397fae46910b1a83dfa8a5fe3ff7d7be727eb15,7daaec7f66548a553634b09d83f0aa05204b3270b4dddf6a70cf3a7827f72f0b
AUD-001634,2026-06-08 12:00:07,BID_SUBMITTED,"{""bid_id"": ""BID-01354"", ""request_id"": ""REQ-126"", ""vendor_id"": ""VND-0295"", ""price"": 127882.18}",7daaec7f66548a553634b09d83f0aa05204b3270b4dddf6a70cf3a7827f72f0b,e782d041c77e3eb84dba58a716aa73f9d25f47f736bca80cc19d9573736a4955
AUD-001635,2026-06-08 12:00:09,BID_SUBMITTED,"{""bid_id"": ""BID-01355"", ""request_id"": ""REQ-126"", ""vendor_id"": ""VND-0353"", ""price"": 127732.18}",e782d041c77e3eb84dba58a716aa73f9d25f47f736bca80cc19d9573736a4955,503008961ad798c67aa13be9056f429bdd9194f171960ba607491db5b9ee2041
AUD-001636,2026-06-08 12:00:10,BID_SUBMITTED,"{""bid_id"": ""BID-01356"", ""request_id"": ""REQ-126"", ""vendor_id"": ""VND-0295"", ""price"": 127582.18}",503008961ad798c67aa13be9056f429bdd9194f171960ba607491db5b9ee2041,ae091591cad69873e9d959c21dea05c645b87838a0306dbe55b001d272a0fb38
AUD-001637,2026-06-08 12:00:11,BID_SUBMITTED,"{""bid_id"": ""BID-01357"", ""request_id"": ""REQ-126"", ""vendor_id"": ""VND-0353"", ""price"": 127432.18}",ae091591cad69873e9d959c21dea05c645b87838a0306dbe55b001d272a0fb38,82ce51573cbf10c9e464083715c4edd883c7a53d57a8754bdfd0f9437c7d9297
AUD-001638,2026-06-08 12:00:13,BID_SUBMITTED,"{""bid_id"": ""BID-01358"", ""request_id"": ""REQ-126"", ""vendor_id"": ""VND-0295"", ""price"": 127282.18}",82ce51573cbf10c9e464083715c4edd883c7a53d57a8754bdfd0f9437c7d9297,1d5bf4a45d0c07f1378bcfca2ba47864b68b6f342fa98c28afa8764c9fae87c6
AUD-001639,2026-06-08 12:00:15,BID_SUBMITTED,"{""bid_id"": ""BID-01359"", ""request_id"": ""REQ-126"", ""vendor_id"": ""VND-0353"", ""price"": 127132.18}",1d5bf4a45d0c07f1378bcfca2ba47864b68b6f342fa98c28afa8764c9fae87c6,e745902009da2b9e93f3c2034135289cee39668edb096c73f44d916bae243e56
AUD-001640,2026-06-08 12:00:16,BID_SUBMITTED,"{""bid_id"": ""BID-01360"", ""request_id"": ""REQ-126"", ""vendor_id"": ""VND-0295"", ""price"": 126982.18}",e745902009da2b9e93f3c2034135289cee39668edb096c73f44d916bae243e56,975983f5e871278173a04b7f98a5124f1e0c43a957043c957eeb3505f2c45a18
AUD-001641,2026-06-08 12:10:16,BID_SUBMITTED,"{""bid_id"": ""BID-01361"", ""request_id"": ""REQ-126"", ""vendor_id"": ""VND-0008"", ""price"": 119697.52}",975983f5e871278173a04b7f98a5124f1e0c43a957043c957eeb3505f2c45a18,169e93f605f1e04d872f42cb6f946a4ad990de6c1306e9bc1d670a748381097a
AUD-001642,2026-06-08 12:16:16,BID_SUBMITTED,"{""bid_id"": ""BID-01362"", ""request_id"": ""REQ-126"", ""vendor_id"": ""VND-0037"", ""price"": 122330.07}",169e93f605f1e04d872f42cb6f946a4ad990de6c1306e9bc1d670a748381097a,dd08081515c8b639bfeedb07d852ab5a11e35d2b89c10525b10302e3451a5fb6
AUD-001643,2026-06-10 22:00:00,PROCUREMENT_REQUEST_CREATED,"{""request_id"": ""REQ-118"", ""title"": ""Carpet & Deep Clean SLA (Lot 118)"", ""max_budget"": 124983.11}",dd08081515c8b639bfeedb07d852ab5a11e35d2b89c10525b10302e3451a5fb6,784abe7866a1f1f697c4faa334c5ad908f3e5b6cc138ffa22de7d49d1fab1a71
AUD-001644,2026-06-11 22:06:00,BID_SUBMITTED,"{""bid_id"": ""BID-01266"", ""request_id"": ""REQ-118"", ""vendor_id"": ""VND-0120"", ""price"": 122429.65}",784abe7866a1f1f697c4faa334c5ad908f3e5b6cc138ffa22de7d49d1fab1a71,276714aa62dfb41f1aa6666690582dfc405152e8c3a9c4428f8ff41fce097b83
AUD-001645,2026-06-11 22:10:00,BID_SUBMITTED,"{""bid_id"": ""BID-01267"", ""request_id"": ""REQ-118"", ""vendor_id"": ""VND-0437"", ""price"": 120565.6}",276714aa62dfb41f1aa6666690582dfc405152e8c3a9c4428f8ff41fce097b83,01eb18cbffed0d9df054b8344f47abc6df39230b58ad5abb1554710d93a04d20
AUD-001646,2026-06-11 22:17:00,BID_SUBMITTED,"{""bid_id"": ""BID-01268"", ""request_id"": ""REQ-118"", ""vendor_id"": ""VND-0120"", ""price"": 119871.78}",01eb18cbffed0d9df054b8344f47abc6df39230b58ad5abb1554710d93a04d20,0b2baabc48284a08d96d07e3da1dc4e0ae42bbe2a8e10b03bde64325dccdd1ad
AUD-001647,2026-06-11 22:24:00,BID_SUBMITTED,"{""bid_id"": ""BID-01269"", ""request_id"": ""REQ-118"", ""vendor_id"": ""VND-0406"", ""price"": 118940.6}",0b2baabc48284a08d96d07e3da1dc4e0ae42bbe2a8e10b03bde64325dccdd1ad,cdc41b6bc3f993d0af25fea69312ba51491f85e4b082a01384911e5b6e967b14
AUD-001648,2026-06-11 22:30:00,BID_SUBMITTED,"{""bid_id"": ""BID-01270"", ""request_id"": ""REQ-118"", ""vendor_id"": ""VND-0437"", ""price"": 117751.53}",cdc41b6bc3f993d0af25fea69312ba51491f85e4b082a01384911e5b6e967b14,a1e492397ff650d8d47a0e9f237ee7e90a43ae92b405a4dd220b5710bc2e818b
AUD-001649,2026-06-11 22:38:00,BID_SUBMITTED,"{""bid_id"": ""BID-01271"", ""request_id"": ""REQ-118"", ""vendor_id"": ""VND-0141"", ""price"": 116455.55}",a1e492397ff650d8d47a0e9f237ee7e90a43ae92b405a4dd220b5710bc2e818b,9e7da1d46aaa53d709481deb082e63f3bc9bf9e627efea30c560e21c8ff228e4
AUD-001650,2026-06-11 22:41:00,BID_SUBMITTED,"{""bid_id"": ""BID-01272"", ""request_id"": ""REQ-118"", ""vendor_id"": ""VND-0437"", ""price"": 113735.43}",9e7da1d46aaa53d709481deb082e63f3bc9bf9e627efea30c560e21c8ff228e4,8bd53f7414d0b7f6926ac41c3c49023edb7fc610b138e9609de46ef775154823
AUD-001651,2026-06-11 22:50:00,BID_SUBMITTED,"{""bid_id"": ""BID-01273"", ""request_id"": ""REQ-118"", ""vendor_id"": ""VND-0155"", ""price"": 112428.17}",8bd53f7414d0b7f6926ac41c3c49023edb7fc610b138e9609de46ef775154823,778a048782734795690108af525d80a6e017f56d67cee7b442f66faa91fdbdf8
AUD-001652,2026-06-11 22:53:00,BID_SUBMITTED,"{""bid_id"": ""BID-01274"", ""request_id"": ""REQ-118"", ""vendor_id"": ""VND-0406"", ""price"": 110768.11}",778a048782734795690108af525d80a6e017f56d67cee7b442f66faa91fdbdf8,f1976146e258ae2dd6d9611cd127b23b026feb1cef665669691fba62188b86bd
AUD-001653,2026-06-11 22:55:00,BID_SUBMITTED,"{""bid_id"": ""BID-01275"", ""request_id"": ""REQ-118"", ""vendor_id"": ""VND-0437"", ""price"": 108791.44}",f1976146e258ae2dd6d9611cd127b23b026feb1cef665669691fba62188b86bd,256017c3b801f5a01d49fc39cc31821e24883ca1a9baee96e75757007cfac291
AUD-001654,2026-06-11 23:03:00,BID_SUBMITTED,"{""bid_id"": ""BID-01276"", ""request_id"": ""REQ-118"", ""vendor_id"": ""VND-0155"", ""price"": 106488.67}",256017c3b801f5a01d49fc39cc31821e24883ca1a9baee96e75757007cfac291,5998830a0e7e558253ed9fd4bda8977e3196540cb08fd720a1e0640a0afaeb91
AUD-001655,2026-06-12 21:00:00,PROCUREMENT_REQUEST_CREATED,"{""request_id"": ""REQ-121"", ""title"": ""Chiller System Maintenance Service (Lot 121)"", ""max_budget"": 161702.69}",5998830a0e7e558253ed9fd4bda8977e3196540cb08fd720a1e0640a0afaeb91,275cf688fa260eec918335786755e98375c827397e995ede62203c4206a9b263
AUD-001656,2026-06-13 21:07:00,BID_SUBMITTED,"{""bid_id"": ""BID-01302"", ""request_id"": ""REQ-121"", ""vendor_id"": ""VND-0345"", ""price"": 159370.32}",275cf688fa260eec918335786755e98375c827397e995ede62203c4206a9b263,da83b10cf4abf54ddd1b1433d1118a45ffd79d1a66b833963d3beba165771b05
AUD-001657,2026-06-13 21:12:00,BID_SUBMITTED,"{""bid_id"": ""BID-01303"", ""request_id"": ""REQ-121"", ""vendor_id"": ""VND-0264"", ""price"": 156214.75}",da83b10cf4abf54ddd1b1433d1118a45ffd79d1a66b833963d3beba165771b05,f4c4ca429b939e286d2d6ad227d77cec220a30fa1531fe26667ba1ce0d0ab648
AUD-001658,2026-06-13 21:18:00,BID_SUBMITTED,"{""bid_id"": ""BID-01304"", ""request_id"": ""REQ-121"", ""vendor_id"": ""VND-0264"", ""price"": 153726.48}",f4c4ca429b939e286d2d6ad227d77cec220a30fa1531fe26667ba1ce0d0ab648,4322412a820ae750c6941df2b40b08b04771b40b5266aa272f27a1935bdc39c4
AUD-001659,2026-06-13 21:22:00,BID_SUBMITTED,"{""bid_id"": ""BID-01305"", ""request_id"": ""REQ-121"", ""vendor_id"": ""VND-0355"", ""price"": 151472.77}",4322412a820ae750c6941df2b40b08b04771b40b5266aa272f27a1935bdc39c4,98b5b546611fe3ade96ba9ffdfcaddc714fd360398f09a0d04770ecbda7dcf56
AUD-001660,2026-06-13 21:24:00,BID_SUBMITTED,"{""bid_id"": ""BID-01306"", ""request_id"": ""REQ-121"", ""vendor_id"": ""VND-0364"", ""price"": 148598.56}",98b5b546611fe3ade96ba9ffdfcaddc714fd360398f09a0d04770ecbda7dcf56,89c0955f9a513685c17228aa22e0b5ca44d709e75f8c6139bacc97050c5a4054
AUD-001661,2026-06-13 21:34:00,BID_SUBMITTED,"{""bid_id"": ""BID-01307"", ""request_id"": ""REQ-121"", ""vendor_id"": ""VND-0345"", ""price"": 146122.89}",89c0955f9a513685c17228aa22e0b5ca44d709e75f8c6139bacc97050c5a4054,67457d1648d264064e7635b7d8d609ca4c6e9bfcb3721740ee223ece3eaca36d
AUD-001662,2026-06-13 21:36:00,BID_SUBMITTED,"{""bid_id"": ""BID-01308"", ""request_id"": ""REQ-121"", ""vendor_id"": ""VND-0135"", ""price"": 144645.72}",67457d1648d264064e7635b7d8d609ca4c6e9bfcb3721740ee223ece3eaca36d,a145a60a0ff59a88cb37d6c80156c62b6d938864647d8f626a629697430c4318
AUD-001663,2026-06-13 21:42:00,BID_SUBMITTED,"{""bid_id"": ""BID-01309"", ""request_id"": ""REQ-121"", ""vendor_id"": ""VND-0015"", ""price"": 143341.89}",a145a60a0ff59a88cb37d6c80156c62b6d938864647d8f626a629697430c4318,bcd6d77cdec8a5e064555e33d79b3d3907bc0e317fbfc6a2efed5e21a851c8c4
AUD-001664,2026-06-13 21:44:00,BID_SUBMITTED,"{""bid_id"": ""BID-01310"", ""request_id"": ""REQ-121"", ""vendor_id"": ""VND-0135"", ""price"": 141292.22}",bcd6d77cdec8a5e064555e33d79b3d3907bc0e317fbfc6a2efed5e21a851c8c4,f1553acda6e5d30ac09388d3dd5d15fc7698e848e9b0c15cf8f075f9506fcfb1
AUD-001665,2026-06-13 21:50:00,BID_SUBMITTED,"{""bid_id"": ""BID-01311"", ""request_id"": ""REQ-121"", ""vendor_id"": ""VND-0135"", ""price"": 139487.51}",f1553acda6e5d30ac09388d3dd5d15fc7698e848e9b0c15cf8f075f9506fcfb1,72377bae08dbc52f68624b885e283bf5fc484bba6990d6c409e3dff63a2a1ca2
AUD-001666,2026-06-15 13:00:00,PROCUREMENT_REQUEST_CREATED,"{""request_id"": ""REQ-039"", ""title"": ""Chiller System Maintenance Service (Lot 039)"", ""max_budget"": 48936.8}",72377bae08dbc52f68624b885e283bf5fc484bba6990d6c409e3dff63a2a1ca2,79eb6185160013742aa71103ea528541ba6439ecab2308e6fdc4fa82755f455a
AUD-001667,2026-06-16 13:02:00,BID_SUBMITTED,"{""bid_id"": ""BID-00400"", ""request_id"": ""REQ-039"", ""vendor_id"": ""VND-0133"", ""price"": 48140.59}",79eb6185160013742aa71103ea528541ba6439ecab2308e6fdc4fa82755f455a,bf64b6bda3861ae5f90de30dcbb48155d87820c747538802f1b1ac28380c0843
AUD-001668,2026-06-16 13:09:00,BID_SUBMITTED,"{""bid_id"": ""BID-00401"", ""request_id"": ""REQ-039"", ""vendor_id"": ""VND-0203"", ""price"": 47005.66}",bf64b6bda3861ae5f90de30dcbb48155d87820c747538802f1b1ac28380c0843,19f1601a5e0894985258217ea69a1b4aab6c069f19c178a92591353886b2581a
AUD-001669,2026-06-16 13:13:00,BID_SUBMITTED,"{""bid_id"": ""BID-00402"", ""request_id"": ""REQ-039"", ""vendor_id"": ""VND-0034"", ""price"": 45866.74}",19f1601a5e0894985258217ea69a1b4aab6c069f19c178a92591353886b2581a,38f116729e7ee115c2daca0af75fbca3f0d7a3471d29b2f9a36b178fa56d7381
AUD-001670,2026-06-16 13:21:00,BID_SUBMITTED,"{""bid_id"": ""BID-00403"", ""request_id"": ""REQ-039"", ""vendor_id"": ""VND-0483"", ""price"": 44884.56}",38f116729e7ee115c2daca0af75fbca3f0d7a3471d29b2f9a36b178fa56d7381,5616d8e95a8e24338f49a9fa7fa57b263833a903e1142c5af219a67cc2c1dbce
AUD-001671,2026-06-16 13:26:00,BID_SUBMITTED,"{""bid_id"": ""BID-00404"", ""request_id"": ""REQ-039"", ""vendor_id"": ""VND-0034"", ""price"": 44391.48}",5616d8e95a8e24338f49a9fa7fa57b263833a903e1142c5af219a67cc2c1dbce,a7a1176a34b6eacb8f07a4a6cb81636e158fe78c78195a07046eb948f932571a
AUD-001672,2026-06-16 13:34:00,BID_SUBMITTED,"{""bid_id"": ""BID-00405"", ""request_id"": ""REQ-039"", ""vendor_id"": ""VND-0133"", ""price"": 43428.49}",a7a1176a34b6eacb8f07a4a6cb81636e158fe78c78195a07046eb948f932571a,c88c18f3f63be1fd463ddd888860c36ad7b9019744f6917c023e0c37312851c0
AUD-001673,2026-06-16 13:41:00,BID_SUBMITTED,"{""bid_id"": ""BID-00406"", ""request_id"": ""REQ-039"", ""vendor_id"": ""VND-0023"", ""price"": 42432.65}",c88c18f3f63be1fd463ddd888860c36ad7b9019744f6917c023e0c37312851c0,28df025d7e334e8028bd75ff49788121bdfaf50bf6786ca6a0e7b63beb3eeea6
AUD-001674,2026-06-16 13:45:00,BID_SUBMITTED,"{""bid_id"": ""BID-00407"", ""request_id"": ""REQ-039"", ""vendor_id"": ""VND-0392"", ""price"": 41579.24}",28df025d7e334e8028bd75ff49788121bdfaf50bf6786ca6a0e7b63beb3eeea6,96b41105d98dcf61bbda4dd057d687cf85d5a70a30807fd83e029aefa0bb6f8f
AUD-001675,2026-06-16 13:48:00,BID_SUBMITTED,"{""bid_id"": ""BID-00408"", ""request_id"": ""REQ-039"", ""vendor_id"": ""VND-0483"", ""price"": 40549.34}",96b41105d98dcf61bbda4dd057d687cf85d5a70a30807fd83e029aefa0bb6f8f,1a861c590c014cf505e57cdf398222e43a1e7c2514daae2c10325602752a1a6a
AUD-001676,2026-06-16 13:55:00,BID_SUBMITTED,"{""bid_id"": ""BID-00409"", ""request_id"": ""REQ-039"", ""vendor_id"": ""VND-0133"", ""price"": 39742.04}",1a861c590c014cf505e57cdf398222e43a1e7c2514daae2c10325602752a1a6a,b81c3f9986c93971f073cde0d9a6c5b9c179b18e5153ad932f6f7198fe8cd1eb
AUD-001677,2026-06-18 04:00:00,PROCUREMENT_REQUEST_CREATED,"{""request_id"": ""REQ-117"", ""title"": ""Annual Corporate Gala Catering (Lot 117)"", ""max_budget"": 90863.07}",b81c3f9986c93971f073cde0d9a6c5b9c179b18e5153ad932f6f7198fe8cd1eb,751a643b737815dfe1e2bfd7b815a2f5d9fddd426108282b4c4e3fed252e7c13
AUD-001678,2026-06-19 04:00:02,BID_SUBMITTED,"{""bid_id"": ""BID-01254"", ""request_id"": ""REQ-117"", ""vendor_id"": ""VND-0500"", ""price"": 86169.92}",751a643b737815dfe1e2bfd7b815a2f5d9fddd426108282b4c4e3fed252e7c13,fed1ada417774af268090653e405690a99f42dc083cbf0672b13fcb02beef3a5
AUD-001679,2026-06-19 04:00:03,BID_SUBMITTED,"{""bid_id"": ""BID-01255"", ""request_id"": ""REQ-117"", ""vendor_id"": ""VND-0330"", ""price"": 86019.92}",fed1ada417774af268090653e405690a99f42dc083cbf0672b13fcb02beef3a5,d766749a41d48e7e6d3899cd8c67424e5b419cff83760b2d4015e75217bea8a2
AUD-001680,2026-06-19 04:00:04,BID_SUBMITTED,"{""bid_id"": ""BID-01256"", ""request_id"": ""REQ-117"", ""vendor_id"": ""VND-0500"", ""price"": 85869.92}",d766749a41d48e7e6d3899cd8c67424e5b419cff83760b2d4015e75217bea8a2,36a905d4c9c0c98687e566f38692a11ad0e94abbaa719077a3c445160ebdd6a7
AUD-001681,2026-06-19 04:00:06,BID_SUBMITTED,"{""bid_id"": ""BID-01257"", ""request_id"": ""REQ-117"", ""vendor_id"": ""VND-0330"", ""price"": 85719.92}",36a905d4c9c0c98687e566f38692a11ad0e94abbaa719077a3c445160ebdd6a7,a8a3371494147fb810ed6401a769e0df428cd59c3cf7f191df60ffd2a9a24131
AUD-001682,2026-06-19 04:00:08,BID_SUBMITTED,"{""bid_id"": ""BID-01258"", ""request_id"": ""REQ-117"", ""vendor_id"": ""VND-0500"", ""price"": 85569.92}",a8a3371494147fb810ed6401a769e0df428cd59c3cf7f191df60ffd2a9a24131,ea6d9bcceffaf0775a8f6a01243db293b46ab03d6d9fdc4a1bc7eaa16db5720e
AUD-001683,2026-06-19 04:00:10,BID_SUBMITTED,"{""bid_id"": ""BID-01259"", ""request_id"": ""REQ-117"", ""vendor_id"": ""VND-0330"", ""price"": 85419.92}",ea6d9bcceffaf0775a8f6a01243db293b46ab03d6d9fdc4a1bc7eaa16db5720e,fc504136581f08b61ae1b0b26c98a4d0b04632f860cab5dbc5004bb0274cd1f2
AUD-001684,2026-06-19 04:00:12,BID_SUBMITTED,"{""bid_id"": ""BID-01260"", ""request_id"": ""REQ-117"", ""vendor_id"": ""VND-0500"", ""price"": 85269.92}",fc504136581f08b61ae1b0b26c98a4d0b04632f860cab5dbc5004bb0274cd1f2,b3a4d34d5948d1c6546aca35f8c81ef680f96f0aea0192e3bb18e874b12eb0be
AUD-001685,2026-06-19 04:00:14,BID_SUBMITTED,"{""bid_id"": ""BID-01261"", ""request_id"": ""REQ-117"", ""vendor_id"": ""VND-0330"", ""price"": 85119.92}",b3a4d34d5948d1c6546aca35f8c81ef680f96f0aea0192e3bb18e874b12eb0be,04e904833d3cdea0229c63891248328017c6d07f1320b3f12d8ba34dd32329b3
AUD-001686,2026-06-19 04:00:16,BID_SUBMITTED,"{""bid_id"": ""BID-01262"", ""request_id"": ""REQ-117"", ""vendor_id"": ""VND-0500"", ""price"": 84969.92}",04e904833d3cdea0229c63891248328017c6d07f1320b3f12d8ba34dd32329b3,adc9d99b25a2fd5d49bc44096a2edb0c68153757ed1ea47759f8ca909db39e14
AUD-001687,2026-06-19 04:00:17,BID_SUBMITTED,"{""bid_id"": ""BID-01263"", ""request_id"": ""REQ-117"", ""vendor_id"": ""VND-0330"", ""price"": 84819.92}",adc9d99b25a2fd5d49bc44096a2edb0c68153757ed1ea47759f8ca909db39e14,ed10262f53d44697bdbf864c5df3fd7671d809f20f8e690b9c676e9e7b31eb90
AUD-001688,2026-06-19 04:10:17,BID_SUBMITTED,"{""bid_id"": ""BID-01264"", ""request_id"": ""REQ-117"", ""vendor_id"": ""VND-0004"", ""price"": 77454.08}",ed10262f53d44697bdbf864c5df3fd7671d809f20f8e690b9c676e9e7b31eb90,dac99e1782c44e0be89bc57905c437810f62dbe400b5c45c017d479cae2183f2
AUD-001689,2026-06-19 04:17:17,BID_SUBMITTED,"{""bid_id"": ""BID-01265"", ""request_id"": ""REQ-117"", ""vendor_id"": ""VND-0009"", ""price"": 81022.91}",dac99e1782c44e0be89bc57905c437810f62dbe400b5c45c017d479cae2183f2,73452d957367dadf3f388f195c58d55cb8c817b018193f33ff231d62c8460001
AUD-001690,2026-06-20 12:00:00,PROCUREMENT_REQUEST_CREATED,"{""request_id"": ""REQ-097"", ""title"": ""Weekly Friday Happy Hour Snacks (Lot 097)"", ""max_budget"": 117630.71}",73452d957367dadf3f388f195c58d55cb8c817b018193f33ff231d62c8460001,98486b3b8e17dc92577134f9a8b57cfc7882c628c5f78dd553919976d99d4eac
AUD-001691,2026-06-21 12:03:00,BID_SUBMITTED,"{""bid_id"": ""BID-01040"", ""request_id"": ""REQ-097"", ""vendor_id"": ""VND-0012"", ""price"": 115656.75}",98486b3b8e17dc92577134f9a8b57cfc7882c628c5f78dd553919976d99d4eac,bf7e20dca124c45a303ac00079a53b6d708343971e29c2f81a98257bd20a9a7a
AUD-001692,2026-06-21 12:12:00,BID_SUBMITTED,"{""bid_id"": ""BID-01041"", ""request_id"": ""REQ-097"", ""vendor_id"": ""VND-0430"", ""price"": 114768.78}",bf7e20dca124c45a303ac00079a53b6d708343971e29c2f81a98257bd20a9a7a,be7236fb4f194b53c44e7d85a8e574febc186d1567d595b763cf1798c943ef87
AUD-001693,2026-06-21 12:15:00,BID_SUBMITTED,"{""bid_id"": ""BID-01042"", ""request_id"": ""REQ-097"", ""vendor_id"": ""VND-0377"", ""price"": 113661.23}",be7236fb4f194b53c44e7d85a8e574febc186d1567d595b763cf1798c943ef87,6f64bb4e8f4edf15ed95f5984ae4b6817690a49bb36a90d18fa5cce28b56b445
AUD-001694,2026-06-21 12:25:00,BID_SUBMITTED,"{""bid_id"": ""BID-01043"", ""request_id"": ""REQ-097"", ""vendor_id"": ""VND-0012"", ""price"": 111732.87}",6f64bb4e8f4edf15ed95f5984ae4b6817690a49bb36a90d18fa5cce28b56b445,82f49e23ac3b046310427353feb6dccf204ae8405d8b793f2253ee5fec345193
AUD-001695,2026-06-21 12:27:00,BID_SUBMITTED,"{""bid_id"": ""BID-01044"", ""request_id"": ""REQ-097"", ""vendor_id"": ""VND-0430"", ""price"": 110598.1}",82f49e23ac3b046310427353feb6dccf204ae8405d8b793f2253ee5fec345193,58d2cfa96addb7ca28f75a904ea287c4de301c249b0167f347e731a44113393d
AUD-001696,2026-06-21 12:29:00,BID_SUBMITTED,"{""bid_id"": ""BID-01045"", ""request_id"": ""REQ-097"", ""vendor_id"": ""VND-0161"", ""price"": 108400.2}",58d2cfa96addb7ca28f75a904ea287c4de301c249b0167f347e731a44113393d,708868f4a1376dc670a2823d29cd725ff579328b7e6cf1164da44d14c47b2ce3
AUD-001697,2026-06-21 12:39:00,BID_SUBMITTED,"{""bid_id"": ""BID-01046"", ""request_id"": ""REQ-097"", ""vendor_id"": ""VND-0330"", ""price"": 106725.32}",708868f4a1376dc670a2823d29cd725ff579328b7e6cf1164da44d14c47b2ce3,a2330a562c8d2fc12e902771d06f2e62ae96eb5b014442cf4e848920118bddb4
AUD-001698,2026-06-21 12:44:00,BID_SUBMITTED,"{""bid_id"": ""BID-01047"", ""request_id"": ""REQ-097"", ""vendor_id"": ""VND-0327"", ""price"": 105391.19}",a2330a562c8d2fc12e902771d06f2e62ae96eb5b014442cf4e848920118bddb4,05e891769ec4052d0b99a470b1d138ae77462ea35c78474a828926c4d811869e
AUD-001699,2026-06-21 12:52:00,BID_SUBMITTED,"{""bid_id"": ""BID-01048"", ""request_id"": ""REQ-097"", ""vendor_id"": ""VND-0161"", ""price"": 103168.94}",05e891769ec4052d0b99a470b1d138ae77462ea35c78474a828926c4d811869e,cf9db3a5b05ce7c8d2a8758bf3a4ece02a980acf92ce79f574c8991637b4d551
AUD-001700,2026-06-21 13:00:00,BID_SUBMITTED,"{""bid_id"": ""BID-01049"", ""request_id"": ""REQ-097"", ""vendor_id"": ""VND-0012"", ""price"": 102433.18}",cf9db3a5b05ce7c8d2a8758bf3a4ece02a980acf92ce79f574c8991637b4d551,14e9a2066d9246ce8fe420b09fbab5872451aa0474b4c96f6233b1fb62fe9ac9
AUD-001701,2026-06-21 13:06:00,BID_SUBMITTED,"{""bid_id"": ""BID-01050"", ""request_id"": ""REQ-097"", ""vendor_id"": ""VND-0161"", ""price"": 100721.78}",14e9a2066d9246ce8fe420b09fbab5872451aa0474b4c96f6233b1fb62fe9ac9,4d6eab330a6ec8c9a2b28ac3099963ed8f85bd64be37d2cb0019372bd6faa322
AUD-001702,2026-06-21 13:13:00,BID_SUBMITTED,"{""bid_id"": ""BID-01051"", ""request_id"": ""REQ-097"", ""vendor_id"": ""VND-0377"", ""price"": 99138.23}",4d6eab330a6ec8c9a2b28ac3099963ed8f85bd64be37d2cb0019372bd6faa322,36ffe57b3f9e348578eb337fd09581596332e2bade3422611393959943bdb2b1
AUD-001703,2026-06-23 06:00:00,PROCUREMENT_REQUEST_CREATED,"{""request_id"": ""REQ-016"", ""title"": ""Sanitization & Disinfection Contract (Lot 016)"", ""max_budget"": 85163.64}",36ffe57b3f9e348578eb337fd09581596332e2bade3422611393959943bdb2b1,8dcffb8b3d8c2bede4ba175574b89aab998e64f2d47bf855d3a9948972f7a4fb
AUD-001704,2026-06-23 08:00:00,PROCUREMENT_REQUEST_CREATED,"{""request_id"": ""REQ-092"", ""title"": ""Stationery Bulk Annual Contract (Lot 092)"", ""max_budget"": 193072.95}",8dcffb8b3d8c2bede4ba175574b89aab998e64f2d47bf855d3a9948972f7a4fb,4026674bc2fd9ee23cb02aa9323c503a983a5759fa1a23c32730da3243b16330
AUD-001705,2026-06-24 06:00:01,BID_SUBMITTED,"{""bid_id"": ""BID-00145"", ""request_id"": ""REQ-016"", ""vendor_id"": ""VND-0207"", ""price"": 80755.46}",4026674bc2fd9ee23cb02aa9323c503a983a5759fa1a23c32730da3243b16330,dcbb326aea0f66a0688908086593e0edb0cb8cbcbb8387a4b83e92dfe1cf3e4f
AUD-001706,2026-06-24 06:00:03,BID_SUBMITTED,"{""bid_id"": ""BID-00146"", ""request_id"": ""REQ-016"", ""vendor_id"": ""VND-0386"", ""price"": 80605.46}",dcbb326aea0f66a0688908086593e0edb0cb8cbcbb8387a4b83e92dfe1cf3e4f,07c00a2b9c5636e1b16b178033dc5722ff336b74b402f45d9c72436666308aad
AUD-001707,2026-06-24 06:00:05,BID_SUBMITTED,"{""bid_id"": ""BID-00147"", ""request_id"": ""REQ-016"", ""vendor_id"": ""VND-0207"", ""price"": 80455.46}",07c00a2b9c5636e1b16b178033dc5722ff336b74b402f45d9c72436666308aad,e677d06a7e8e3d40d716645668e8d87f1e51e215fc1535d1799f332f9de924e3
AUD-001708,2026-06-24 06:00:06,BID_SUBMITTED,"{""bid_id"": ""BID-00148"", ""request_id"": ""REQ-016"", ""vendor_id"": ""VND-0386"", ""price"": 80305.46}",e677d06a7e8e3d40d716645668e8d87f1e51e215fc1535d1799f332f9de924e3,1520e71440ad38ef3dfaafc8a904a769e2e50c43c333f6f2df6dedc7b236aa13
AUD-001709,2026-06-24 06:00:07,BID_SUBMITTED,"{""bid_id"": ""BID-00149"", ""request_id"": ""REQ-016"", ""vendor_id"": ""VND-0207"", ""price"": 80155.46}",1520e71440ad38ef3dfaafc8a904a769e2e50c43c333f6f2df6dedc7b236aa13,a5e7536dfd83cae3affe878117c6e4ab1b51dc7d5f57b0d5f74b1a5f4dc2e2d3
AUD-001710,2026-06-24 06:00:08,BID_SUBMITTED,"{""bid_id"": ""BID-00150"", ""request_id"": ""REQ-016"", ""vendor_id"": ""VND-0386"", ""price"": 80005.46}",a5e7536dfd83cae3affe878117c6e4ab1b51dc7d5f57b0d5f74b1a5f4dc2e2d3,85a196a2d78252bc0b0cf2e28c49790d73e75237131c548ff2b00ad7adfe38e3
AUD-001711,2026-06-24 06:00:10,BID_SUBMITTED,"{""bid_id"": ""BID-00151"", ""request_id"": ""REQ-016"", ""vendor_id"": ""VND-0207"", ""price"": 79855.46}",85a196a2d78252bc0b0cf2e28c49790d73e75237131c548ff2b00ad7adfe38e3,38f10f6baef0fe965c9a8ea399666802a265568962a23d5df81927d254df3e09
AUD-001712,2026-06-24 06:00:11,BID_SUBMITTED,"{""bid_id"": ""BID-00152"", ""request_id"": ""REQ-016"", ""vendor_id"": ""VND-0386"", ""price"": 79705.46}",38f10f6baef0fe965c9a8ea399666802a265568962a23d5df81927d254df3e09,8c9f1bc933ce209f89dbc25677338f65faf5933c5441fe9c25f5f07d40bca639
AUD-001713,2026-06-24 06:00:13,BID_SUBMITTED,"{""bid_id"": ""BID-00153"", ""request_id"": ""REQ-016"", ""vendor_id"": ""VND-0207"", ""price"": 79555.46}",8c9f1bc933ce209f89dbc25677338f65faf5933c5441fe9c25f5f07d40bca639,5a70d9665afb3a73c6801308de07cfeb17eac5b7e0cf63c489d822916f836ec4
AUD-001714,2026-06-24 06:00:14,BID_SUBMITTED,"{""bid_id"": ""BID-00154"", ""request_id"": ""REQ-016"", ""vendor_id"": ""VND-0386"", ""price"": 79405.46}",5a70d9665afb3a73c6801308de07cfeb17eac5b7e0cf63c489d822916f836ec4,c05d902ab6ccf9be7d0f66c279eb2740590fd7ea2f89d11b980b8d2e934c75de
AUD-001715,2026-06-24 06:05:14,BID_SUBMITTED,"{""bid_id"": ""BID-00155"", ""request_id"": ""REQ-016"", ""vendor_id"": ""VND-0033"", ""price"": 77105.26}",c05d902ab6ccf9be7d0f66c279eb2740590fd7ea2f89d11b980b8d2e934c75de,87506d0480f20d6735997e7391ed85f8322ac46f2b3b29833b70d5ecea12cccd
AUD-001716,2026-06-24 06:10:14,BID_SUBMITTED,"{""bid_id"": ""BID-00156"", ""request_id"": ""REQ-016"", ""vendor_id"": ""VND-0055"", ""price"": 74270.5}",87506d0480f20d6735997e7391ed85f8322ac46f2b3b29833b70d5ecea12cccd,95a1184bcc6c9853fbc6f41dce79590fff6fe9a0d395a8af62fecaa8c49d67d9
AUD-001717,2026-06-24 08:00:02,BID_SUBMITTED,"{""bid_id"": ""BID-00983"", ""request_id"": ""REQ-092"", ""vendor_id"": ""VND-0032"", ""price"": 183269.3}",95a1184bcc6c9853fbc6f41dce79590fff6fe9a0d395a8af62fecaa8c49d67d9,f841ef5e249c9334de606811bd4aa687f8a7611e47cdd1684f290f77f17b3d48
AUD-001718,2026-06-24 08:00:03,BID_SUBMITTED,"{""bid_id"": ""BID-00984"", ""request_id"": ""REQ-092"", ""vendor_id"": ""VND-0242"", ""price"": 183119.3}",f841ef5e249c9334de606811bd4aa687f8a7611e47cdd1684f290f77f17b3d48,ecf8395c4af2aa66cc56da4f9b817be53ee930d56ded72c9d46af242d2f36c91
AUD-001719,2026-06-24 08:00:04,BID_SUBMITTED,"{""bid_id"": ""BID-00985"", ""request_id"": ""REQ-092"", ""vendor_id"": ""VND-0032"", ""price"": 182969.3}",ecf8395c4af2aa66cc56da4f9b817be53ee930d56ded72c9d46af242d2f36c91,ef563da407e49e312f8899db7bc3e38b6a7d32728060abce5982a0f297814874
AUD-001720,2026-06-24 08:00:05,BID_SUBMITTED,"{""bid_id"": ""BID-00986"", ""request_id"": ""REQ-092"", ""vendor_id"": ""VND-0242"", ""price"": 182819.3}",ef563da407e49e312f8899db7bc3e38b6a7d32728060abce5982a0f297814874,7685c69d69faea12802302f582f9bcd228bad575327df3f2cc2a3313be0be4c3
AUD-001721,2026-06-24 08:00:06,BID_SUBMITTED,"{""bid_id"": ""BID-00987"", ""request_id"": ""REQ-092"", ""vendor_id"": ""VND-0032"", ""price"": 182669.3}",7685c69d69faea12802302f582f9bcd228bad575327df3f2cc2a3313be0be4c3,b792ef54870e4c0ad0cafe8d6c31c935ca6a7682a11bf12fe37d10794cf60ab4
AUD-001722,2026-06-24 08:00:08,BID_SUBMITTED,"{""bid_id"": ""BID-00988"", ""request_id"": ""REQ-092"", ""vendor_id"": ""VND-0242"", ""price"": 182519.3}",b792ef54870e4c0ad0cafe8d6c31c935ca6a7682a11bf12fe37d10794cf60ab4,76f9136f218b6e09d32f9d3b752f9c3ff81878de0ce2bec39fd0f51af6017a3f
AUD-001723,2026-06-24 08:00:09,BID_SUBMITTED,"{""bid_id"": ""BID-00989"", ""request_id"": ""REQ-092"", ""vendor_id"": ""VND-0032"", ""price"": 182369.3}",76f9136f218b6e09d32f9d3b752f9c3ff81878de0ce2bec39fd0f51af6017a3f,3be251877aa9e2e220ebe3f54bb1281bea8e92d233b7043a59d661967027f560
AUD-001724,2026-06-24 08:00:10,BID_SUBMITTED,"{""bid_id"": ""BID-00990"", ""request_id"": ""REQ-092"", ""vendor_id"": ""VND-0242"", ""price"": 182219.3}",3be251877aa9e2e220ebe3f54bb1281bea8e92d233b7043a59d661967027f560,f37b55a491c1920c2a1947daa531fc628b3adf64f511bb331b2f7b80202603c5
AUD-001725,2026-06-24 08:00:11,BID_SUBMITTED,"{""bid_id"": ""BID-00991"", ""request_id"": ""REQ-092"", ""vendor_id"": ""VND-0032"", ""price"": 182069.3}",f37b55a491c1920c2a1947daa531fc628b3adf64f511bb331b2f7b80202603c5,cd4e97f5321a41bab3ac10b14633763f1a76c137f9b573bca2914b43dfbb2904
AUD-001726,2026-06-24 08:00:13,BID_SUBMITTED,"{""bid_id"": ""BID-00992"", ""request_id"": ""REQ-092"", ""vendor_id"": ""VND-0242"", ""price"": 181919.3}",cd4e97f5321a41bab3ac10b14633763f1a76c137f9b573bca2914b43dfbb2904,7d2b790a4ae8db8f28e4480c2e918ae3bf8a68d0ffac1c613b0a7104893c3891
AUD-001727,2026-06-24 08:07:13,BID_SUBMITTED,"{""bid_id"": ""BID-00993"", ""request_id"": ""REQ-092"", ""vendor_id"": ""VND-0006"", ""price"": 164658.29}",7d2b790a4ae8db8f28e4480c2e918ae3bf8a68d0ffac1c613b0a7104893c3891,ff5e050c5917b8cacbbbe052d3a29914c6bc077fcf2c4d12700ca4cb336e367d
AUD-001728,2026-06-24 08:15:13,BID_SUBMITTED,"{""bid_id"": ""BID-00994"", ""request_id"": ""REQ-092"", ""vendor_id"": ""VND-0007"", ""price"": 167244.13}",ff5e050c5917b8cacbbbe052d3a29914c6bc077fcf2c4d12700ca4cb336e367d,3d68e743a562167815ce2dc3f021fd359a3a8ca223c058f239d09cda22ddb802
AUD-001729,2026-06-24 12:00:00,PROCUREMENT_REQUEST_CREATED,"{""request_id"": ""REQ-037"", ""title"": ""Polymers & Plastic Pellets (Lot 037)"", ""max_budget"": 27248.68}",3d68e743a562167815ce2dc3f021fd359a3a8ca223c058f239d09cda22ddb802,66ee437c6067b602ee7187608f4fbac22e7afe95ef3c289ab1af6a2c0931f0ac
AUD-001730,2026-06-25 12:02:00,BID_SUBMITTED,"{""bid_id"": ""BID-00378"", ""request_id"": ""REQ-037"", ""vendor_id"": ""VND-0121"", ""price"": 26572.74}",66ee437c6067b602ee7187608f4fbac22e7afe95ef3c289ab1af6a2c0931f0ac,46c8ab01d1a78ad5f00ae074d2ad0f685dd3fb5953cb1c1babef769363b31947
AUD-001731,2026-06-25 12:05:00,BID_SUBMITTED,"{""bid_id"": ""BID-00379"", ""request_id"": ""REQ-037"", ""vendor_id"": ""VND-0121"", ""price"": 26421.9}",46c8ab01d1a78ad5f00ae074d2ad0f685dd3fb5953cb1c1babef769363b31947,a79aa5974e563eda8a0c2dd3217a23aa77a677219478543a7dbf3a15de7ed93e
AUD-001732,2026-06-25 12:07:00,BID_SUBMITTED,"{""bid_id"": ""BID-00380"", ""request_id"": ""REQ-037"", ""vendor_id"": ""VND-0442"", ""price"": 26264.15}",a79aa5974e563eda8a0c2dd3217a23aa77a677219478543a7dbf3a15de7ed93e,630a917e7f045a161ac82070eb132ac3a18db670591e9d66b1d2ce8b4dc1c54c
AUD-001733,2026-06-25 12:12:00,BID_SUBMITTED,"{""bid_id"": ""BID-00381"", ""request_id"": ""REQ-037"", ""vendor_id"": ""VND-0489"", ""price"": 26060.61}",630a917e7f045a161ac82070eb132ac3a18db670591e9d66b1d2ce8b4dc1c54c,fb0d3af68640ce48bc7fc6e2419a765b7e977044b32e37b93c0e4d1908409425
AUD-001734,2026-06-25 12:14:00,BID_SUBMITTED,"{""bid_id"": ""BID-00382"", ""request_id"": ""REQ-037"", ""vendor_id"": ""VND-0368"", ""price"": 25561.72}",fb0d3af68640ce48bc7fc6e2419a765b7e977044b32e37b93c0e4d1908409425,2771106dca23de2dc721e6a8c043086e4bd878627c2ed23095d392ebf64eeb9c
AUD-001735,2026-06-25 12:21:00,BID_SUBMITTED,"{""bid_id"": ""BID-00383"", ""request_id"": ""REQ-037"", ""vendor_id"": ""VND-0136"", ""price"": 25175.36}",2771106dca23de2dc721e6a8c043086e4bd878627c2ed23095d392ebf64eeb9c,0c8a762c1a593ebd4ab80e04eeb334ee370d9e25d50044673dd5a3d4c43b8835
AUD-001736,2026-06-25 12:30:00,BID_SUBMITTED,"{""bid_id"": ""BID-00384"", ""request_id"": ""REQ-037"", ""vendor_id"": ""VND-0368"", ""price"": 24738.4}",0c8a762c1a593ebd4ab80e04eeb334ee370d9e25d50044673dd5a3d4c43b8835,858e7b0a8d8f489c6a404b6042889e368c8dc2e8dbc98ba65c02c74078328436
AUD-001737,2026-06-25 12:32:00,BID_SUBMITTED,"{""bid_id"": ""BID-00385"", ""request_id"": ""REQ-037"", ""vendor_id"": ""VND-0442"", ""price"": 24373.33}",858e7b0a8d8f489c6a404b6042889e368c8dc2e8dbc98ba65c02c74078328436,da64fbbb0a35aaa32145330ae85e078a022a2c2e486e2d0a39283a30d1f440da
AUD-001738,2026-06-26 07:00:00,PROCUREMENT_REQUEST_CREATED,"{""request_id"": ""REQ-084"", ""title"": ""Weekly Friday Happy Hour Snacks (Lot 084)"", ""max_budget"": 182297.94}",da64fbbb0a35aaa32145330ae85e078a022a2c2e486e2d0a39283a30d1f440da,015030869e20e020d7f265c487f988690a57827b4d80b31a3a4c3f9078370efb
AUD-001739,2026-06-26 19:00:00,PROCUREMENT_REQUEST_CREATED,"{""request_id"": ""REQ-050"", ""title"": ""OS Upgrade Enterprise Agreement (Lot 050)"", ""max_budget"": 20936.44}",015030869e20e020d7f265c487f988690a57827b4d80b31a3a4c3f9078370efb,14440ad953353c8b23c6043130c3b082e0b588f188b38b94bb2f841fa08b8a54
AUD-001740,2026-06-27 07:10:00,BID_SUBMITTED,"{""bid_id"": ""BID-00911"", ""request_id"": ""REQ-084"", ""vendor_id"": ""VND-0460"", ""price"": 180246.53}",14440ad953353c8b23c6043130c3b082e0b588f188b38b94bb2f841fa08b8a54,a2f6b614d46d5233d98930cc092631e5aecc4a626248b327b4adca90d314b20c
AUD-001741,2026-06-27 07:16:00,BID_SUBMITTED,"{""bid_id"": ""BID-00912"", ""request_id"": ""REQ-084"", ""vendor_id"": ""VND-0174"", ""price"": 179298.56}",a2f6b614d46d5233d98930cc092631e5aecc4a626248b327b4adca90d314b20c,1e133b667729813e2d849e380f2405f39492aaf470bb91c667f39a6d74c10388
AUD-001742,2026-06-27 07:25:00,BID_SUBMITTED,"{""bid_id"": ""BID-00913"", ""request_id"": ""REQ-084"", ""vendor_id"": ""VND-0423"", ""price"": 176176.75}",1e133b667729813e2d849e380f2405f39492aaf470bb91c667f39a6d74c10388,d14e4e386d28c94f5f4c05a5207bda5c7d08b82cc60c65c5e4316707caf053f6
AUD-001743,2026-06-27 07:32:00,BID_SUBMITTED,"{""bid_id"": ""BID-00914"", ""request_id"": ""REQ-084"", ""vendor_id"": ""VND-0423"", ""price"": 172084.21}",d14e4e386d28c94f5f4c05a5207bda5c7d08b82cc60c65c5e4316707caf053f6,55a3394da5e5f83d93022bc2b76fe49713dec1fa52837feebc0cf34a2c13ca9f
AUD-001744,2026-06-27 07:37:00,BID_SUBMITTED,"{""bid_id"": ""BID-00915"", ""request_id"": ""REQ-084"", ""vendor_id"": ""VND-0287"", ""price"": 169342.51}",55a3394da5e5f83d93022bc2b76fe49713dec1fa52837feebc0cf34a2c13ca9f,1cf71f6d12307e031fc9bba0e03d195127d241ca56b4bf9713f17f75d1533da3
AUD-001745,2026-06-27 07:43:00,BID_SUBMITTED,"{""bid_id"": ""BID-00916"", ""request_id"": ""REQ-084"", ""vendor_id"": ""VND-0460"", ""price"": 165229.89}",1cf71f6d12307e031fc9bba0e03d195127d241ca56b4bf9713f17f75d1533da3,f957b55c43e1db51826a5d9edaed57f8b8407d760108742bb79ac211895bc5df
AUD-001746,2026-06-27 07:46:00,BID_SUBMITTED,"{""bid_id"": ""BID-00917"", ""request_id"": ""REQ-084"", ""vendor_id"": ""VND-0027"", ""price"": 163817.42}",f957b55c43e1db51826a5d9edaed57f8b8407d760108742bb79ac211895bc5df,f85a0b05d5ad77530ce93a9117d20086acfff15116befc4c15bb8d6ebd7f101a
AUD-001747,2026-06-27 07:56:00,BID_SUBMITTED,"{""bid_id"": ""BID-00918"", ""request_id"": ""REQ-084"", ""vendor_id"": ""VND-0423"", ""price"": 159844.93}",f85a0b05d5ad77530ce93a9117d20086acfff15116befc4c15bb8d6ebd7f101a,655f794c8bf96644d426298bd5d5f0650f2f7d3b179c45a2496e393a83e2451a
AUD-001748,2026-06-27 08:04:00,BID_SUBMITTED,"{""bid_id"": ""BID-00919"", ""request_id"": ""REQ-084"", ""vendor_id"": ""VND-0174"", ""price"": 157839.84}",655f794c8bf96644d426298bd5d5f0650f2f7d3b179c45a2496e393a83e2451a,5b3ff7c3db78c785dd3f5615c062fbae937dc85b829eb58a6de07da650dd35bd
AUD-001749,2026-06-27 08:08:00,BID_SUBMITTED,"{""bid_id"": ""BID-00920"", ""request_id"": ""REQ-084"", ""vendor_id"": ""VND-0222"", ""price"": 155293.57}",5b3ff7c3db78c785dd3f5615c062fbae937dc85b829eb58a6de07da650dd35bd,472a9f33388dfaae2499c5251ed21cd91a2a92de5f4d993e519db8c2f6fc0baa
AUD-001750,2026-06-27 08:14:00,BID_SUBMITTED,"{""bid_id"": ""BID-00921"", ""request_id"": ""REQ-084"", ""vendor_id"": ""VND-0423"", ""price"": 152703.32}",472a9f33388dfaae2499c5251ed21cd91a2a92de5f4d993e519db8c2f6fc0baa,5900866196b9ee185360ba5b38345688993f6500000b822cde4f9cb5581cae77
AUD-001751,2026-06-27 08:18:00,BID_SUBMITTED,"{""bid_id"": ""BID-00922"", ""request_id"": ""REQ-084"", ""vendor_id"": ""VND-0174"", ""price"": 150930.24}",5900866196b9ee185360ba5b38345688993f6500000b822cde4f9cb5581cae77,79d45119fa4800e2020b9121fd78c9105132357f8fc956d00cb485fd6b3bdc79
AUD-001752,2026-06-27 19:03:00,BID_SUBMITTED,"{""bid_id"": ""BID-00520"", ""request_id"": ""REQ-050"", ""vendor_id"": ""VND-0401"", ""price"": 20467.92}",79d45119fa4800e2020b9121fd78c9105132357f8fc956d00cb485fd6b3bdc79,09e8e6a4a562b72d052ccfb43d050ad075f0585018b4c1b2f3ca8f75205a27ba
AUD-001753,2026-06-27 19:10:00,BID_SUBMITTED,"{""bid_id"": ""BID-00521"", ""request_id"": ""REQ-050"", ""vendor_id"": ""VND-0284"", ""price"": 20105.7}",09e8e6a4a562b72d052ccfb43d050ad075f0585018b4c1b2f3ca8f75205a27ba,564d0b982e75ec73bfc9451f3bff5e8c2fd43703e3fd2946bb5d9ab88e40313b
AUD-001754,2026-06-27 19:18:00,BID_SUBMITTED,"{""bid_id"": ""BID-00522"", ""request_id"": ""REQ-050"", ""vendor_id"": ""VND-0401"", ""price"": 19685.22}",564d0b982e75ec73bfc9451f3bff5e8c2fd43703e3fd2946bb5d9ab88e40313b,cf8c2008626514f5a4bbb8cb709cfa3a7d99e5f633a5fe9416977082a397468f
AUD-001755,2026-06-27 19:23:00,BID_SUBMITTED,"{""bid_id"": ""BID-00523"", ""request_id"": ""REQ-050"", ""vendor_id"": ""VND-0208"", ""price"": 19205.64}",cf8c2008626514f5a4bbb8cb709cfa3a7d99e5f633a5fe9416977082a397468f,df1f89c117dbd0dadc44aba0d479903ac14ee073481e64d79de0bb6512228070
AUD-001756,2026-06-27 19:29:00,BID_SUBMITTED,"{""bid_id"": ""BID-00524"", ""request_id"": ""REQ-050"", ""vendor_id"": ""VND-0284"", ""price"": 19006.46}",df1f89c117dbd0dadc44aba0d479903ac14ee073481e64d79de0bb6512228070,cd292681c1458bd9ec68a76084324102bd09c01d4b9730069b8a3167316ecf17
AUD-001757,2026-06-27 19:33:00,BID_SUBMITTED,"{""bid_id"": ""BID-00525"", ""request_id"": ""REQ-050"", ""vendor_id"": ""VND-0271"", ""price"": 18703.38}",cd292681c1458bd9ec68a76084324102bd09c01d4b9730069b8a3167316ecf17,5978eb561e8668cde2a3ffa06faf3a03bc1a8cfe094cc9501d5829277ecc344d
AUD-001758,2026-06-27 19:40:00,BID_SUBMITTED,"{""bid_id"": ""BID-00526"", ""request_id"": ""REQ-050"", ""vendor_id"": ""VND-0197"", ""price"": 18291.0}",5978eb561e8668cde2a3ffa06faf3a03bc1a8cfe094cc9501d5829277ecc344d,d6f04cd9dc2dc6ecf19b0d91d3aa6120ec940e40add462846bb8dca13c6bce9c
AUD-001759,2026-06-27 19:49:00,BID_SUBMITTED,"{""bid_id"": ""BID-00527"", ""request_id"": ""REQ-050"", ""vendor_id"": ""VND-0401"", ""price"": 18182.74}",d6f04cd9dc2dc6ecf19b0d91d3aa6120ec940e40add462846bb8dca13c6bce9c,c06e82a751bc0cef3887d3c4454b6dde5ea78b4ad4ed904426bcad4a7977de3b
AUD-001760,2026-06-27 19:53:00,BID_SUBMITTED,"{""bid_id"": ""BID-00528"", ""request_id"": ""REQ-050"", ""vendor_id"": ""VND-0401"", ""price"": 18046.65}",c06e82a751bc0cef3887d3c4454b6dde5ea78b4ad4ed904426bcad4a7977de3b,33a505987d52ef2727e2663c4324dddbcf049bc881d593962de5fc77326b96a8
AUD-001761,2026-06-27 20:01:00,BID_SUBMITTED,"{""bid_id"": ""BID-00529"", ""request_id"": ""REQ-050"", ""vendor_id"": ""VND-0284"", ""price"": 17791.64}",33a505987d52ef2727e2663c4324dddbcf049bc881d593962de5fc77326b96a8,8491552ff67f5e3718a463d22486e599c0ad557d69d551bd13c9abe3a1d96b21
AUD-001762,2026-06-27 20:05:00,BID_SUBMITTED,"{""bid_id"": ""BID-00530"", ""request_id"": ""REQ-050"", ""vendor_id"": ""VND-0208"", ""price"": 17348.38}",8491552ff67f5e3718a463d22486e599c0ad557d69d551bd13c9abe3a1d96b21,529686f93f0b590b526eeddc87ca5ffbd3585a0945028ab6413ea7753e9979d5
AUD-001763,2026-06-27 20:11:00,BID_SUBMITTED,"{""bid_id"": ""BID-00531"", ""request_id"": ""REQ-050"", ""vendor_id"": ""VND-0271"", ""price"": 17206.48}",529686f93f0b590b526eeddc87ca5ffbd3585a0945028ab6413ea7753e9979d5,920000b40378c51ba9293da9593c1dc2b2b84dfb6dc77d4e0e5cdefdc2eb37a6
AUD-001764,2026-06-27 20:17:00,BID_SUBMITTED,"{""bid_id"": ""BID-00532"", ""request_id"": ""REQ-050"", ""vendor_id"": ""VND-0401"", ""price"": 16895.18}",920000b40378c51ba9293da9593c1dc2b2b84dfb6dc77d4e0e5cdefdc2eb37a6,ecb9a53da6cb1683a9b32dd6b1545eed937a762d7938bd52261710013ea877fd
AUD-001765,2026-06-27 20:21:00,BID_SUBMITTED,"{""bid_id"": ""BID-00533"", ""request_id"": ""REQ-050"", ""vendor_id"": ""VND-0401"", ""price"": 16685.06}",ecb9a53da6cb1683a9b32dd6b1545eed937a762d7938bd52261710013ea877fd,40190e0f9a953af7939af1852e5f6ae1535ae903bf7e3371033b69863d91ce2a
AUD-001766,2026-06-27 20:27:00,BID_SUBMITTED,"{""bid_id"": ""BID-00534"", ""request_id"": ""REQ-050"", ""vendor_id"": ""VND-0401"", ""price"": 16469.38}",40190e0f9a953af7939af1852e5f6ae1535ae903bf7e3371033b69863d91ce2a,ff38cf6b094029875deb415c8300a4db959c621984427484df52039fcc417dcd
AUD-001767,2026-06-30 08:00:00,PROCUREMENT_REQUEST_CREATED,"{""request_id"": ""REQ-046"", ""title"": ""Elevator Periodic Service SLA (Lot 046)"", ""max_budget"": 145948.79}",ff38cf6b094029875deb415c8300a4db959c621984427484df52039fcc417dcd,00ddc9a01e44cc0dae75d5fa01778e91c02492a14a51958bb5b3495b9369ff39
AUD-001768,2026-06-30 14:00:00,PROCUREMENT_REQUEST_CREATED,"{""request_id"": ""REQ-065"", ""title"": ""Polymers & Plastic Pellets (Lot 065)"", ""max_budget"": 15131.53}",00ddc9a01e44cc0dae75d5fa01778e91c02492a14a51958bb5b3495b9369ff39,750dc33d914fab28e6d2c194031437f9a94c5b8158db1eb1aad88f32dc6ebe4d
AUD-001769,2026-07-01 08:07:00,BID_SUBMITTED,"{""bid_id"": ""BID-00475"", ""request_id"": ""REQ-046"", ""vendor_id"": ""VND-0337"", ""price"": 143505.59}",750dc33d914fab28e6d2c194031437f9a94c5b8158db1eb1aad88f32dc6ebe4d,33d43abc706b9d1606b714bddd1c309c388a6c98b8aea30708139f8e1866ab86
AUD-001770,2026-07-01 08:11:00,BID_SUBMITTED,"{""bid_id"": ""BID-00476"", ""request_id"": ""REQ-046"", ""vendor_id"": ""VND-0410"", ""price"": 140361.33}",33d43abc706b9d1606b714bddd1c309c388a6c98b8aea30708139f8e1866ab86,dd91d23f100cb5f070f536cc43b27cbf06de543c67a2d04964adbb0a06cb653b
AUD-001771,2026-07-01 08:17:00,BID_SUBMITTED,"{""bid_id"": ""BID-00477"", ""request_id"": ""REQ-046"", ""vendor_id"": ""VND-0185"", ""price"": 137677.66}",dd91d23f100cb5f070f536cc43b27cbf06de543c67a2d04964adbb0a06cb653b,2b807160eb2c774f663e7c8bfa1282860fb73b8ee75e360a6c92a29821aaef92
AUD-001772,2026-07-01 08:21:00,BID_SUBMITTED,"{""bid_id"": ""BID-00478"", ""request_id"": ""REQ-046"", ""vendor_id"": ""VND-0265"", ""price"": 135364.21}",2b807160eb2c774f663e7c8bfa1282860fb73b8ee75e360a6c92a29821aaef92,645c72bd5eafb5554f92d7b17dbfacb2028f1a5a31ebd1d9f06cd82ca142247a
AUD-001773,2026-07-01 08:27:00,BID_SUBMITTED,"{""bid_id"": ""BID-00479"", ""request_id"": ""REQ-046"", ""vendor_id"": ""VND-0410"", ""price"": 134368.3}",645c72bd5eafb5554f92d7b17dbfacb2028f1a5a31ebd1d9f06cd82ca142247a,4407ceb12cfa052e890b32408e4b287b8e65eb1167158553b00cf7dd36a9e7a7
AUD-001774,2026-07-01 08:31:00,BID_SUBMITTED,"{""bid_id"": ""BID-00480"", ""request_id"": ""REQ-046"", ""vendor_id"": ""VND-0115"", ""price"": 133204.56}",4407ceb12cfa052e890b32408e4b287b8e65eb1167158553b00cf7dd36a9e7a7,45aa35128b13e3930bc72d66cb0b2bf5f9ff278a6002de594a68136915eeae03
AUD-001775,2026-07-01 08:35:00,BID_SUBMITTED,"{""bid_id"": ""BID-00481"", ""request_id"": ""REQ-046"", ""vendor_id"": ""VND-0265"", ""price"": 131503.63}",45aa35128b13e3930bc72d66cb0b2bf5f9ff278a6002de594a68136915eeae03,c66f1ec0840015be3e3ffac5a9bdc05a407e2932ffb40a926c0d66d7f047b44d
AUD-001776,2026-07-01 08:39:00,BID_SUBMITTED,"{""bid_id"": ""BID-00482"", ""request_id"": ""REQ-046"", ""vendor_id"": ""VND-0265"", ""price"": 129836.93}",c66f1ec0840015be3e3ffac5a9bdc05a407e2932ffb40a926c0d66d7f047b44d,744087ea491f990221ab035f3b5fcba78b7d8b41115d215b34abe122649f17fc
AUD-001777,2026-07-01 08:43:00,BID_SUBMITTED,"{""bid_id"": ""BID-00483"", ""request_id"": ""REQ-046"", ""vendor_id"": ""VND-0337"", ""price"": 127537.51}",744087ea491f990221ab035f3b5fcba78b7d8b41115d215b34abe122649f17fc,24d444f55b87e6fa0fd3d65573bcfde8f454a6986bfae1dabb3a2976da33f694
AUD-001778,2026-07-01 08:49:00,BID_SUBMITTED,"{""bid_id"": ""BID-00484"", ""request_id"": ""REQ-046"", ""vendor_id"": ""VND-0265"", ""price"": 126474.19}",24d444f55b87e6fa0fd3d65573bcfde8f454a6986bfae1dabb3a2976da33f694,dfbb7629951ab754b7b50c1fc286e16bcd71dc4734fb933dc6845e75655c6e7b
AUD-001779,2026-07-01 08:58:00,BID_SUBMITTED,"{""bid_id"": ""BID-00485"", ""request_id"": ""REQ-046"", ""vendor_id"": ""VND-0240"", ""price"": 125368.56}",dfbb7629951ab754b7b50c1fc286e16bcd71dc4734fb933dc6845e75655c6e7b,531e2388ce5bc9d7550aae172dc64ac638d4a3b9a0885f4936dcda3d55786526
AUD-001780,2026-07-01 09:05:00,BID_SUBMITTED,"{""bid_id"": ""BID-00486"", ""request_id"": ""REQ-046"", ""vendor_id"": ""VND-0265"", ""price"": 124607.29}",531e2388ce5bc9d7550aae172dc64ac638d4a3b9a0885f4936dcda3d55786526,06bc3284c3f425f3879c2ebfa6189d829e62ff8e3054dc9c7c253d992b7fef9d
AUD-001781,2026-07-01 09:10:00,BID_SUBMITTED,"{""bid_id"": ""BID-00487"", ""request_id"": ""REQ-046"", ""vendor_id"": ""VND-0115"", ""price"": 122776.54}",06bc3284c3f425f3879c2ebfa6189d829e62ff8e3054dc9c7c253d992b7fef9d,f3eb207ed21cb01731f1514c8c90dd9c1d506fdb83f32dbe89bf71177f0d4554
AUD-001782,2026-07-01 09:20:00,BID_SUBMITTED,"{""bid_id"": ""BID-00488"", ""request_id"": ""REQ-046"", ""vendor_id"": ""VND-0337"", ""price"": 119795.94}",f3eb207ed21cb01731f1514c8c90dd9c1d506fdb83f32dbe89bf71177f0d4554,348e6b40c8088eb91d588321747e5821e2a52621adacc26548963d692606275e
AUD-001783,2026-07-01 09:29:00,BID_SUBMITTED,"{""bid_id"": ""BID-00489"", ""request_id"": ""REQ-046"", ""vendor_id"": ""VND-0185"", ""price"": 118011.06}",348e6b40c8088eb91d588321747e5821e2a52621adacc26548963d692606275e,3069866239cf896928d366ee3253c4f4dec19f34245a740066973df06a5ca988
AUD-001784,2026-07-01 14:03:00,BID_SUBMITTED,"{""bid_id"": ""BID-00694"", ""request_id"": ""REQ-065"", ""vendor_id"": ""VND-0359"", ""price"": 14767.87}",3069866239cf896928d366ee3253c4f4dec19f34245a740066973df06a5ca988,d13a8d0165dbad66742920e53701e01f3aaba8791958da3bc5e66cdb6db4937e
AUD-001785,2026-07-01 14:11:00,BID_SUBMITTED,"{""bid_id"": ""BID-00695"", ""request_id"": ""REQ-065"", ""vendor_id"": ""VND-0359"", ""price"": 14643.79}",d13a8d0165dbad66742920e53701e01f3aaba8791958da3bc5e66cdb6db4937e,f7d989d288c35550ea69becda743a160fdab5068e3083cbc472d1d09952e238a
AUD-001786,2026-07-01 14:21:00,BID_SUBMITTED,"{""bid_id"": ""BID-00696"", ""request_id"": ""REQ-065"", ""vendor_id"": ""VND-0136"", ""price"": 14356.19}",f7d989d288c35550ea69becda743a160fdab5068e3083cbc472d1d09952e238a,d502047c5cb39c9b7db2ef93b19b0b91f98bc300a13dc47001760017a5debd48
AUD-001787,2026-07-01 14:30:00,BID_SUBMITTED,"{""bid_id"": ""BID-00697"", ""request_id"": ""REQ-065"", ""vendor_id"": ""VND-0170"", ""price"": 14187.37}",d502047c5cb39c9b7db2ef93b19b0b91f98bc300a13dc47001760017a5debd48,865623d163c15de274acb09e85bae19710580e25b027cf5a16afdb584e69c3a7
AUD-001788,2026-07-01 14:34:00,BID_SUBMITTED,"{""bid_id"": ""BID-00698"", ""request_id"": ""REQ-065"", ""vendor_id"": ""VND-0274"", ""price"": 14107.64}",865623d163c15de274acb09e85bae19710580e25b027cf5a16afdb584e69c3a7,acf3e22d82645d7f900a46433c79c67bdfdc0740daeed1efae9f0c466aefaaf9
AUD-001789,2026-07-01 14:38:00,BID_SUBMITTED,"{""bid_id"": ""BID-00699"", ""request_id"": ""REQ-065"", ""vendor_id"": ""VND-0039"", ""price"": 13786.06}",acf3e22d82645d7f900a46433c79c67bdfdc0740daeed1efae9f0c466aefaaf9,b81ece262958770c074441c03aabc9ba1847416b8a2518424fb048f784cb305f
AUD-001790,2026-07-01 14:43:00,BID_SUBMITTED,"{""bid_id"": ""BID-00700"", ""request_id"": ""REQ-065"", ""vendor_id"": ""VND-0170"", ""price"": 13689.21}",b81ece262958770c074441c03aabc9ba1847416b8a2518424fb048f784cb305f,a41c26f1a5913eea6ad0529f7e6ac00a06cf20d5802abe80453fb816611aceba
AUD-001791,2026-07-01 14:53:00,BID_SUBMITTED,"{""bid_id"": ""BID-00701"", ""request_id"": ""REQ-065"", ""vendor_id"": ""VND-0136"", ""price"": 13508.71}",a41c26f1a5913eea6ad0529f7e6ac00a06cf20d5802abe80453fb816611aceba,70d07fe044bbc3700809550aac01e0cb27d6c4064f0c4b38ab4a593bc3c9965f
AUD-001792,2026-07-01 15:03:00,BID_SUBMITTED,"{""bid_id"": ""BID-00702"", ""request_id"": ""REQ-065"", ""vendor_id"": ""VND-0274"", ""price"": 13191.1}",70d07fe044bbc3700809550aac01e0cb27d6c4064f0c4b38ab4a593bc3c9965f,cac1409d179259c3ff6fa9ff1dceaa77e75aa78ef5b15bbb7dfb3b8221977372
AUD-001793,2026-07-01 15:09:00,BID_SUBMITTED,"{""bid_id"": ""BID-00703"", ""request_id"": ""REQ-065"", ""vendor_id"": ""VND-0359"", ""price"": 12950.86}",cac1409d179259c3ff6fa9ff1dceaa77e75aa78ef5b15bbb7dfb3b8221977372,a1d84582585449ef51b2c09bcd219a06982cc7acee184280c5a930c996a8a94c
AUD-001794,2026-07-01 15:17:00,BID_SUBMITTED,"{""bid_id"": ""BID-00704"", ""request_id"": ""REQ-065"", ""vendor_id"": ""VND-0136"", ""price"": 12861.27}",a1d84582585449ef51b2c09bcd219a06982cc7acee184280c5a930c996a8a94c,ae841825d5e92d94cf2bb0fb7ad698630550627b7f8ef0eecce5b80e107c2857
