bid_id,request_id,vendor_id,bid_price,bid_timestamp,is_fraudulent_flag,collusion_group
BID-00001,REQ-001,VND-0144,55522.48,2026-01-12 15:10:00,0,
BID-00002,REQ-001,VND-0459,54593.72,2026-01-12 15:15:00,0,
BID-00003,REQ-001,VND-0204,53475.24,2026-01-12 15:17:00,0,
BID-00004,REQ-001,VND-0204,52289.79,2026-01-12 15:21:00,0,
BID-00005,REQ-001,VND-0459,51463.39,2026-01-12 15:25:00,0,
BID-00006,REQ-001,VND-0459,50525.67,2026-01-12 15:27:00,0,
BID-00007,REQ-001,VND-0459,50258.02,2026-01-12 15:32:00,0,
BID-00008,REQ-001,VND-0144,49681.29,2026-01-12 15:36:00,0,
BID-00009,REQ-002,VND-0021,52388.71,2026-03-22 07:07:00,0,
BID-00010,REQ-002,VND-0291,51504.74,2026-03-22 07:16:00,0,
BID-00011,REQ-002,VND-0291,51019.0,2026-03-22 07:18:00,0,
BID-00012,REQ-002,VND-0291,50456.13,2026-03-22 07:20:00,0,
BID-00013,REQ-002,VND-0021,49196.15,2026-03-22 07:28:00,0,
BID-00014,REQ-002,VND-0244,48275.1,2026-03-22 07:37:00,0,
BID-00015,REQ-002,VND-0244,47962.77,2026-03-22 07:40:00,0,
BID-00016,REQ-003,VND-0249,178818.1,2026-03-28 08:07:00,0,
BID-00017,REQ-003,VND-0109,174366.86,2026-03-28 08:17:00,0,
BID-00018,REQ-003,VND-0036,171912.77,2026-03-28 08:25:00,0,
BID-00019,REQ-003,VND-0470,168326.34,2026-03-28 08:28:00,0,
BID-00020,REQ-003,VND-0249,165057.98,2026-03-28 08:33:00,0,
BID-00021,REQ-003,VND-0109,162742.03,2026-03-28 08:38:00,0,
BID-00022,REQ-003,VND-0109,160825.15,2026-03-28 08:47:00,0,
BID-00023,REQ-003,VND-0109,158683.0,2026-03-28 08:50:00,0,
BID-00024,REQ-003,VND-0036,156535.18,2026-03-28 08:56:00,0,
BID-00025,REQ-003,VND-0036,152767.09,2026-03-28 09:05:00,0,
BID-00026,REQ-003,VND-0470,151724.53,2026-03-28 09:08:00,0,
BID-00027,REQ-003,VND-0470,149655.38,2026-03-28 09:15:00,0,
BID-00028,REQ-003,VND-0249,146043.82,2026-03-28 09:25:00,0,
BID-00029,REQ-004,VND-0226,52848.63,2026-05-13 12:04:00,0,
BID-00030,REQ-004,VND-0498,52074.73,2026-05-13 12:07:00,0,
BID-00031,REQ-004,VND-0052,50933.9,2026-05-13 12:14:00,0,
BID-00032,REQ-004,VND-0322,49902.38,2026-05-13 12:19:00,0,
BID-00033,REQ-004,VND-0216,48809.37,2026-05-13 12:29:00,0,
BID-00034,REQ-004,VND-0322,47970.83,2026-05-13 12:35:00,0,
BID-00035,REQ-004,VND-0322,47557.88,2026-05-13 12:41:00,0,
BID-00036,REQ-005,VND-0040,56880.08,2026-03-10 05:02:00,0,
BID-00037,REQ-005,VND-0373,55746.9,2026-03-10 05:07:00,0,
BID-00038,REQ-005,VND-0110,55000.08,2026-03-10 05:14:00,0,
BID-00039,REQ-005,VND-0040,54318.02,2026-03-10 05:21:00,0,
BID-00040,REQ-005,VND-0400,53398.71,2026-03-10 05:23:00,0,
BID-00041,REQ-005,VND-0040,52963.61,2026-03-10 05:25:00,0,
BID-00042,REQ-005,VND-0373,52410.56,2026-03-10 05:33:00,0,
BID-00043,REQ-006,VND-0416,145278.53,2026-06-04 13:00:02,1,COL-REQ-006
BID-00044,REQ-006,VND-0449,145128.53,2026-06-04 13:00:04,1,COL-REQ-006
BID-00045,REQ-006,VND-0416,144978.53,2026-06-04 13:00:06,1,COL-REQ-006
BID-00046,REQ-006,VND-0449,144828.53,2026-06-04 13:00:07,1,COL-REQ-006
BID-00047,REQ-006,VND-0416,144678.53,2026-06-04 13:00:08,1,COL-REQ-006
BID-00048,REQ-006,VND-0449,144528.53,2026-06-04 13:00:10,1,COL-REQ-006
BID-00049,REQ-006,VND-0416,144378.53,2026-06-04 13:00:12,1,COL-REQ-006
BID-00050,REQ-006,VND-0449,144228.53,2026-06-04 13:00:13,1,COL-REQ-006
BID-00051,REQ-006,VND-0416,144078.53,2026-06-04 13:00:15,1,COL-REQ-006
BID-00052,REQ-006,VND-0449,143928.53,2026-06-04 13:00:17,1,COL-REQ-006
BID-00053,REQ-006,VND-0005,137269.11,2026-06-04 13:09:17,0,
BID-00054,REQ-006,VND-0035,132483.29,2026-06-04 13:14:17,0,
BID-00055,REQ-007,VND-0132,92013.32,2026-06-07 16:09:00,0,
BID-00056,REQ-007,VND-0087,90760.74,2026-06-07 16:13:00,0,
BID-00057,REQ-007,VND-0223,89340.18,2026-06-07 16:18:00,0,
BID-00058,REQ-007,VND-0492,87895.15,2026-06-07 16:25:00,0,
BID-00059,REQ-007,VND-0027,86757.66,2026-06-07 16:27:00,0,
BID-00060,REQ-007,VND-0223,86291.36,2026-06-07 16:30:00,0,
BID-00061,REQ-007,VND-0175,85319.61,2026-06-07 16:38:00,0,
BID-00062,REQ-007,VND-0492,84202.91,2026-06-07 16:46:00,0,
BID-00063,REQ-007,VND-0132,83587.94,2026-06-07 16:48:00,0,
BID-00064,REQ-007,VND-0132,82882.67,2026-06-07 16:57:00,0,
BID-00065,REQ-008,VND-0076,154437.85,2026-01-14 22:06:00,0,
BID-00066,REQ-008,VND-0099,152981.27,2026-01-14 22:10:00,0,
BID-00067,REQ-008,VND-0076,150654.48,2026-01-14 22:13:00,0,
BID-00068,REQ-008,VND-0319,148364.68,2026-01-14 22:20:00,0,
BID-00069,REQ-008,VND-0099,145464.51,2026-01-14 22:24:00,0,
BID-00070,REQ-008,VND-0325,144438.09,2026-01-14 22:30:00,0,
BID-00071,REQ-008,VND-0325,143214.71,2026-01-14 22:34:00,0,
BID-00072,REQ-008,VND-0076,141991.23,2026-01-14 22:43:00,0,
BID-00073,REQ-008,VND-0219,139138.78,2026-01-14 22:52:00,0,
BID-00074,REQ-008,VND-0319,136653.79,2026-01-14 22:59:00,0,
BID-00075,REQ-008,VND-0099,135557.94,2026-01-14 23:02:00,0,
BID-00076,REQ-008,VND-0219,133681.26,2026-01-14 23:08:00,0,
BID-00077,REQ-008,VND-0099,131431.61,2026-01-14 23:15:00,0,
BID-00078,REQ-008,VND-0319,130579.44,2026-01-14 23:24:00,0,
BID-00079,REQ-009,VND-0344,16709.08,2026-04-23 02:00:01,1,COL-REQ-009
BID-00080,REQ-009,VND-0018,16559.08,2026-04-23 02:00:03,1,COL-REQ-009
BID-00081,REQ-009,VND-0344,16409.08,2026-04-23 02:00:05,1,COL-REQ-009
BID-00082,REQ-009,VND-0018,16259.08,2026-04-23 02:00:06,1,COL-REQ-009
BID-00083,REQ-009,VND-0344,16109.08,2026-04-23 02:00:07,1,COL-REQ-009
BID-00084,REQ-009,VND-0018,15959.08,2026-04-23 02:00:09,1,COL-REQ-009
BID-00085,REQ-009,VND-0344,15809.08,2026-04-23 02:00:11,1,COL-REQ-009
BID-00086,REQ-009,VND-0018,15659.08,2026-04-23 02:00:12,1,COL-REQ-009
BID-00087,REQ-009,VND-0344,15509.08,2026-04-23 02:00:14,1,COL-REQ-009
BID-00088,REQ-009,VND-0018,15359.08,2026-04-23 02:00:15,1,COL-REQ-009
BID-00089,REQ-009,VND-0003,15836.01,2026-04-23 02:07:15,0,
BID-00090,REQ-009,VND-0017,15271.85,2026-04-23 02:16:15,0,
BID-00091,REQ-010,VND-0345,98282.76,2026-02-03 23:02:00,0,
BID-00092,REQ-010,VND-0371,96400.4,2026-02-03 23:11:00,0,
BID-00093,REQ-010,VND-0345,94910.54,2026-02-03 23:15:00,0,
BID-00094,REQ-010,VND-0091,93728.23,2026-02-03 23:21:00,0,
BID-00095,REQ-010,VND-0091,92493.33,2026-02-03 23:28:00,0,
BID-00096,REQ-010,VND-0345,90924.85,2026-02-03 23:35:00,0,
BID-00097,REQ-010,VND-0371,89870.69,2026-02-03 23:45:00,0,
BID-00098,REQ-011,VND-0130,11343.52,2026-04-17 10:07:00,0,
BID-00099,REQ-011,VND-0436,11067.26,2026-04-17 10:15:00,0,
BID-00100,REQ-011,VND-0184,10880.22,2026-04-17 10:18:00,0,
BID-00101,REQ-011,VND-0436,10704.19,2026-04-17 10:25:00,0,
BID-00102,REQ-011,VND-0184,10507.21,2026-04-17 10:35:00,0,
BID-00103,REQ-011,VND-0191,10318.91,2026-04-17 10:43:00,0,
BID-00104,REQ-011,VND-0130,10192.65,2026-04-17 10:50:00,0,
BID-00105,REQ-012,VND-0132,17077.93,2026-02-04 06:06:00,0,
BID-00106,REQ-012,VND-0116,16819.13,2026-02-04 06:16:00,0,
BID-00107,REQ-012,VND-0128,16722.34,2026-02-04 06:23:00,0,
BID-00108,REQ-012,VND-0128,16594.9,2026-02-04 06:31:00,0,
BID-00109,REQ-012,VND-0132,16458.07,2026-02-04 06:35:00,0,
BID-00110,REQ-012,VND-0408,16361.4,2026-02-04 06:42:00,0,
BID-00111,REQ-012,VND-0132,15962.32,2026-02-04 06:48:00,0,
BID-00112,REQ-012,VND-0408,15807.8,2026-02-04 06:53:00,0,
BID-00113,REQ-012,VND-0247,15423.48,2026-02-04 07:02:00,0,
BID-00114,REQ-013,VND-0384,178017.96,2026-02-16 19:10:00,0,
BID-00115,REQ-013,VND-0282,173687.61,2026-02-16 19:15:00,0,
BID-00116,REQ-013,VND-0448,169786.58,2026-02-16 19:17:00,0,
BID-00117,REQ-013,VND-0282,165969.38,2026-02-16 19:27:00,0,
BID-00118,REQ-013,VND-0229,162778.12,2026-02-16 19:37:00,0,
BID-00119,REQ-013,VND-0229,161036.19,2026-02-16 19:41:00,0,
BID-00120,REQ-013,VND-0384,158783.87,2026-02-16 19:51:00,0,
BID-00121,REQ-013,VND-0448,155350.82,2026-02-16 19:54:00,0,
BID-00122,REQ-013,VND-0448,152036.55,2026-02-16 20:01:00,0,
BID-00123,REQ-013,VND-0229,150014.78,2026-02-16 20:09:00,0,
BID-00124,REQ-013,VND-0384,148557.3,2026-02-16 20:12:00,0,
BID-00125,REQ-013,VND-0384,147147.38,2026-02-16 20:19:00,0,
BID-00126,REQ-014,VND-0216,31703.61,2026-01-03 09:02:00,0,
BID-00127,REQ-014,VND-0112,31533.04,2026-01-03 09:07:00,0,
BID-00128,REQ-014,VND-0100,31029.27,2026-01-03 09:17:00,0,
BID-00129,REQ-014,VND-0216,30805.12,2026-01-03 09:23:00,0,
BID-00130,REQ-014,VND-0100,30465.55,2026-01-03 09:25:00,0,
BID-00131,REQ-014,VND-0100,30057.42,2026-01-03 09:34:00,0,
BID-00132,REQ-014,VND-0112,29840.49,2026-01-03 09:43:00,0,
BID-00133,REQ-014,VND-0409,29371.37,2026-01-03 09:53:00,0,
BID-00134,REQ-015,VND-0402,107035.9,2026-05-31 19:04:00,0,
BID-00135,REQ-015,VND-0006,105070.26,2026-05-31 19:14:00,0,
BID-00136,REQ-015,VND-0074,104402.69,2026-05-31 19:24:00,0,
BID-00137,REQ-015,VND-0250,102821.35,2026-05-31 19:34:00,0,
BID-00138,REQ-015,VND-0250,102265.43,2026-05-31 19:43:00,0,
BID-00139,REQ-015,VND-0118,100453.96,2026-05-31 19:50:00,0,
BID-00140,REQ-015,VND-0074,98450.27,2026-05-31 19:57:00,0,
BID-00141,REQ-015,VND-0335,97824.99,2026-05-31 20:02:00,0,
BID-00142,REQ-015,VND-0006,96050.24,2026-05-31 20:05:00,0,
BID-00143,REQ-015,VND-0335,94452.15,2026-05-31 20:12:00,0,
BID-00144,REQ-015,VND-0402,93896.14,2026-05-31 20:22:00,0,
BID-00145,REQ-016,VND-0207,80755.46,2026-06-24 06:00:01,1,COL-REQ-016
BID-00146,REQ-016,VND-0386,80605.46,2026-06-24 06:00:03,1,COL-REQ-016
BID-00147,REQ-016,VND-0207,80455.46,2026-06-24 06:00:05,1,COL-REQ-016
BID-00148,REQ-016,VND-0386,80305.46,2026-06-24 06:00:06,1,COL-REQ-016
BID-00149,REQ-016,VND-0207,80155.46,2026-06-24 06:00:07,1,COL-REQ-016
BID-00150,REQ-016,VND-0386,80005.46,2026-06-24 06:00:08,1,COL-REQ-016
BID-00151,REQ-016,VND-0207,79855.46,2026-06-24 06:00:10,1,COL-REQ-016
BID-00152,REQ-016,VND-0386,79705.46,2026-06-24 06:00:11,1,COL-REQ-016
BID-00153,REQ-016,VND-0207,79555.46,2026-06-24 06:00:13,1,COL-REQ-016
BID-00154,REQ-016,VND-0386,79405.46,2026-06-24 06:00:14,1,COL-REQ-016
BID-00155,REQ-016,VND-0033,77105.26,2026-06-24 06:05:14,0,
BID-00156,REQ-016,VND-0055,74270.5,2026-06-24 06:10:14,0,
BID-00157,REQ-017,VND-0268,71272.52,2026-01-24 09:05:00,0,
BID-00158,REQ-017,VND-0386,70407.31,2026-01-24 09:07:00,0,
BID-00159,REQ-017,VND-0386,69670.55,2026-01-24 09:14:00,0,
BID-00160,REQ-017,VND-0278,68082.77,2026-01-24 09:23:00,0,
BID-00161,REQ-017,VND-0278,67280.71,2026-01-24 09:27:00,0,
BID-00162,REQ-017,VND-0278,66013.05,2026-01-24 09:34:00,0,
BID-00163,REQ-017,VND-0266,65330.84,2026-01-24 09:37:00,0,
BID-00164,REQ-017,VND-0278,64901.06,2026-01-24 09:41:00,0,
BID-00165,REQ-017,VND-0266,64195.24,2026-01-24 09:44:00,0,
BID-00166,REQ-017,VND-0268,63453.25,2026-01-24 09:50:00,0,
BID-00167,REQ-018,VND-0478,177951.32,2026-03-04 21:07:00,0,
BID-00168,REQ-018,VND-0101,173509.11,2026-03-04 21:13:00,0,
BID-00169,REQ-018,VND-0282,172381.16,2026-03-04 21:21:00,0,
BID-00170,REQ-018,VND-0478,169750.33,2026-03-04 21:25:00,0,
BID-00171,REQ-018,VND-0282,168416.84,2026-03-04 21:34:00,0,
BID-00172,REQ-018,VND-0282,167149.57,2026-03-04 21:39:00,0,
BID-00173,REQ-018,VND-0478,165103.16,2026-03-04 21:41:00,0,
BID-00174,REQ-018,VND-0101,163770.98,2026-03-04 21:50:00,0,
BID-00175,REQ-018,VND-0478,161733.62,2026-03-04 21:53:00,0,
BID-00176,REQ-018,VND-0101,160479.56,2026-03-04 22:00:00,0,
BID-00177,REQ-018,VND-0281,158668.11,2026-03-04 22:06:00,0,
BID-00178,REQ-018,VND-0414,154826.69,2026-03-04 22:08:00,0,
BID-00179,REQ-018,VND-0414,152507.25,2026-03-04 22:16:00,0,
BID-00180,REQ-019,VND-0477,9080.82,2026-01-09 01:09:00,0,
BID-00181,REQ-019,VND-0127,9013.14,2026-01-09 01:12:00,0,
BID-00182,REQ-019,VND-0486,8936.95,2026-01-09 01:21:00,0,
BID-00183,REQ-019,VND-0066,8747.4,2026-01-09 01:28:00,0,
BID-00184,REQ-019,VND-0256,8642.88,2026-01-09 01:31:00,0,
BID-00185,REQ-019,VND-0402,8505.95,2026-01-09 01:37:00,0,
BID-00186,REQ-019,VND-0108,8436.62,2026-01-09 01:41:00,0,
BID-00187,REQ-019,VND-0108,8333.44,2026-01-09 01:46:00,0,
BID-00188,REQ-019,VND-0066,8127.58,2026-01-09 01:50:00,0,
BID-00189,REQ-019,VND-0127,7958.47,2026-01-09 01:52:00,0,
BID-00190,REQ-019,VND-0477,7830.49,2026-01-09 01:59:00,0,
BID-00191,REQ-019,VND-0486,7665.48,2026-01-09 02:09:00,0,
BID-00192,REQ-019,VND-0127,7533.34,2026-01-09 02:12:00,0,
BID-00193,REQ-019,VND-0066,7449.07,2026-01-09 02:21:00,0,
BID-00194,REQ-019,VND-0402,7350.62,2026-01-09 02:29:00,0,
BID-00195,REQ-020,VND-0207,133421.73,2026-04-19 20:10:00,0,
BID-00196,REQ-020,VND-0259,131186.15,2026-04-19 20:14:00,0,
BID-00197,REQ-020,VND-0302,129210.85,2026-04-19 20:16:00,0,
BID-00198,REQ-020,VND-0346,128243.93,2026-04-19 20:20:00,0,
BID-00199,REQ-020,VND-0207,127180.39,2026-04-19 20:27:00,0,
BID-00200,REQ-020,VND-0259,125970.98,2026-04-19 20:37:00,0,
BID-00201,REQ-020,VND-0207,123209.86,2026-04-19 20:43:00,0,
BID-00202,REQ-020,VND-0120,121028.91,2026-04-19 20:53:00,0,
BID-00203,REQ-020,VND-0207,120120.78,2026-04-19 20:59:00,0,
BID-00204,REQ-020,VND-0452,118238.54,2026-04-19 21:09:00,0,
BID-00205,REQ-020,VND-0259,117248.56,2026-04-19 21:13:00,0,
BID-00206,REQ-020,VND-0120,115117.61,2026-04-19 21:20:00,0,
BID-00207,REQ-020,VND-0346,112414.81,2026-04-19 21:22:00,0,
BID-00208,REQ-020,VND-0346,109910.7,2026-04-19 21:25:00,0,
BID-00209,REQ-021,VND-0310,191084.46,2026-04-15 07:08:00,0,
BID-00210,REQ-021,VND-0310,187687.01,2026-04-15 07:17:00,0,
BID-00211,REQ-021,VND-0310,184700.62,2026-04-15 07:23:00,0,
BID-00212,REQ-021,VND-0477,182872.54,2026-04-15 07:31:00,0,
BID-00213,REQ-021,VND-0477,180299.36,2026-04-15 07:33:00,0,
BID-00214,REQ-021,VND-0362,177812.65,2026-04-15 07:42:00,0,
BID-00215,REQ-021,VND-0477,176198.03,2026-04-15 07:46:00,0,
BID-00216,REQ-021,VND-0477,172281.2,2026-04-15 07:53:00,0,
BID-00217,REQ-021,VND-0310,168015.44,2026-04-15 08:00:00,0,
BID-00218,REQ-021,VND-0477,166735.95,2026-04-15 08:07:00,0,
BID-00219,REQ-022,VND-0085,113339.78,2026-01-30 13:02:00,0,
BID-00220,REQ-022,VND-0183,110630.09,2026-01-30 13:10:00,0,
BID-00221,REQ-022,VND-0085,107946.9,2026-01-30 13:14:00,0,
BID-00222,REQ-022,VND-0163,106700.25,2026-01-30 13:21:00,0,
BID-00223,REQ-022,VND-0085,104538.24,2026-01-30 13:30:00,0,
BID-00224,REQ-022,VND-0283,103039.55,2026-01-30 13:36:00,0,
BID-00225,REQ-022,VND-0148,102476.59,2026-01-30 13:44:00,0,
BID-00226,REQ-022,VND-0283,101027.1,2026-01-30 13:49:00,0,
BID-00227,REQ-022,VND-0085,99343.29,2026-01-30 13:51:00,0,
BID-00228,REQ-022,VND-0383,98287.56,2026-01-30 14:00:00,0,
BID-00229,REQ-022,VND-0183,96741.12,2026-01-30 14:03:00,0,
BID-00230,REQ-022,VND-0148,95998.27,2026-01-30 14:09:00,0,
BID-00231,REQ-022,VND-0088,94816.0,2026-01-30 14:17:00,0,
BID-00232,REQ-023,VND-0081,184665.4,2026-05-25 07:03:00,0,
BID-00233,REQ-023,VND-0485,181879.7,2026-05-25 07:13:00,0,
BID-00234,REQ-023,VND-0081,177968.15,2026-05-25 07:16:00,0,
BID-00235,REQ-023,VND-0353,173607.64,2026-05-25 07:24:00,0,
BID-00236,REQ-023,VND-0081,169979.6,2026-05-25 07:31:00,0,
BID-00237,REQ-023,VND-0469,165937.66,2026-05-25 07:35:00,0,
BID-00238,REQ-023,VND-0353,163108.54,2026-05-25 07:43:00,0,
BID-00239,REQ-023,VND-0469,162161.68,2026-05-25 07:45:00,0,
BID-00240,REQ-023,VND-0353,159036.53,2026-05-25 07:54:00,0,
BID-00241,REQ-024,VND-0268,14280.78,2026-05-01 21:00:01,1,COL-REQ-024
BID-00242,REQ-024,VND-0259,14130.78,2026-05-01 21:00:02,1,COL-REQ-024
BID-00243,REQ-024,VND-0268,13980.78,2026-05-01 21:00:04,1,COL-REQ-024
BID-00244,REQ-024,VND-0259,13830.78,2026-05-01 21:00:06,1,COL-REQ-024
BID-00245,REQ-024,VND-0268,13680.78,2026-05-01 21:00:07,1,COL-REQ-024
BID-00246,REQ-024,VND-0259,13530.78,2026-05-01 21:00:09,1,COL-REQ-024
BID-00247,REQ-024,VND-0268,13380.78,2026-05-01 21:00:11,1,COL-REQ-024
BID-00248,REQ-024,VND-0259,13230.78,2026-05-01 21:00:13,1,COL-REQ-024
BID-00249,REQ-024,VND-0268,13080.78,2026-05-01 21:00:15,1,COL-REQ-024
BID-00250,REQ-024,VND-0259,12930.78,2026-05-01 21:00:17,1,COL-REQ-024
BID-00251,REQ-024,VND-0033,13779.15,2026-05-01 21:08:17,0,
BID-00252,REQ-024,VND-0055,13263.96,2026-05-01 21:15:17,0,
BID-00253,REQ-025,VND-0209,85408.77,2026-04-26 19:05:00,0,
BID-00254,REQ-025,VND-0209,84894.0,2026-04-26 19:14:00,0,
BID-00255,REQ-025,VND-0261,83579.45,2026-04-26 19:22:00,0,
BID-00256,REQ-025,VND-0261,81788.07,2026-04-26 19:27:00,0,
BID-00257,REQ-025,VND-0261,80442.54,2026-04-26 19:30:00,0,
BID-00258,REQ-025,VND-0261,80009.86,2026-04-26 19:37:00,0,
BID-00259,REQ-026,VND-0321,52794.23,2026-02-12 23:00:02,1,COL-REQ-026
BID-00260,REQ-026,VND-0134,52644.23,2026-02-12 23:00:03,1,COL-REQ-026
BID-00261,REQ-026,VND-0321,52494.23,2026-02-12 23:00:05,1,COL-REQ-026
BID-00262,REQ-026,VND-0134,52344.23,2026-02-12 23:00:07,1,COL-REQ-026
BID-00263,REQ-026,VND-0321,52194.23,2026-02-12 23:00:08,1,COL-REQ-026
BID-00264,REQ-026,VND-0134,52044.23,2026-02-12 23:00:09,1,COL-REQ-026
BID-00265,REQ-026,VND-0321,51894.23,2026-02-12 23:00:10,1,COL-REQ-026
BID-00266,REQ-026,VND-0134,51744.23,2026-02-12 23:00:12,1,COL-REQ-026
BID-00267,REQ-026,VND-0321,51594.23,2026-02-12 23:00:14,1,COL-REQ-026
BID-00268,REQ-026,VND-0134,51444.23,2026-02-12 23:00:16,1,COL-REQ-026
BID-00269,REQ-026,VND-0016,51103.33,2026-02-12 23:07:16,0,
BID-00270,REQ-026,VND-0031,50929.49,2026-02-12 23:15:16,0,
BID-00271,REQ-027,VND-0390,145344.11,2026-03-07 20:05:00,0,
BID-00272,REQ-027,VND-0313,142995.1,2026-03-07 20:10:00,0,
BID-00273,REQ-027,VND-0313,140074.64,2026-03-07 20:15:00,0,
BID-00274,REQ-027,VND-0331,138486.08,2026-03-07 20:22:00,0,
BID-00275,REQ-027,VND-0390,135207.56,2026-03-07 20:28:00,0,
BID-00276,REQ-027,VND-0313,134201.95,2026-03-07 20:38:00,0,
BID-00277,REQ-027,VND-0331,131126.69,2026-03-07 20:46:00,0,
BID-00278,REQ-027,VND-0313,127967.56,2026-03-07 20:50:00,0,
BID-00279,REQ-027,VND-0313,127220.06,2026-03-07 20:53:00,0,
BID-00280,REQ-027,VND-0313,124232.91,2026-03-07 20:59:00,0,
BID-00281,REQ-028,VND-0164,192953.37,2026-03-05 08:05:00,0,
BID-00282,REQ-028,VND-0158,191792.69,2026-03-05 08:15:00,0,
BID-00283,REQ-028,VND-0158,188386.67,2026-03-05 08:17:00,0,
BID-00284,REQ-028,VND-0164,185887.52,2026-03-05 08:26:00,0,
BID-00285,REQ-028,VND-0164,182425.58,2026-03-05 08:30:00,0,
BID-00286,REQ-028,VND-0164,177994.4,2026-03-05 08:34:00,0,
BID-00287,REQ-028,VND-0190,174780.2,2026-03-05 08:43:00,0,
BID-00288,REQ-028,VND-0190,171632.27,2026-03-05 08:49:00,0,
BID-00289,REQ-029,VND-0388,54159.33,2026-03-13 10:02:00,0,
BID-00290,REQ-029,VND-0388,53435.88,2026-03-13 10:06:00,0,
BID-00291,REQ-029,VND-0168,52103.01,2026-03-13 10:14:00,0,
BID-00292,REQ-029,VND-0458,51648.34,2026-03-13 10:20:00,0,
BID-00293,REQ-029,VND-0168,51380.53,2026-03-13 10:23:00,0,
BID-00294,REQ-029,VND-0019,50831.21,2026-03-13 10:33:00,0,
BID-00295,REQ-029,VND-0046,50074.93,2026-03-13 10:37:00,0,
BID-00296,REQ-029,VND-0046,49355.83,2026-03-13 10:42:00,0,
BID-00297,REQ-029,VND-0168,48782.63,2026-03-13 10:51:00,0,
BID-00298,REQ-029,VND-0019,47837.61,2026-03-13 10:53:00,0,
BID-00299,REQ-029,VND-0019,46841.86,2026-03-13 10:58:00,0,
BID-00300,REQ-029,VND-0388,46035.28,2026-03-13 11:06:00,0,
BID-00301,REQ-029,VND-0458,45330.68,2026-03-13 11:09:00,0,
BID-00302,REQ-029,VND-0388,44214.02,2026-03-13 11:18:00,0,
BID-00303,REQ-030,VND-0184,131100.69,2026-02-10 07:02:00,0,
BID-00304,REQ-030,VND-0184,128731.22,2026-02-10 07:07:00,0,
BID-00305,REQ-030,VND-0179,126368.26,2026-02-10 07:16:00,0,
BID-00306,REQ-030,VND-0184,125332.76,2026-02-10 07:26:00,0,
BID-00307,REQ-030,VND-0184,122975.77,2026-02-10 07:32:00,0,
BID-00308,REQ-030,VND-0184,120849.21,2026-02-10 07:37:00,0,
BID-00309,REQ-030,VND-0013,119089.21,2026-02-10 07:46:00,0,
BID-00310,REQ-030,VND-0303,117603.87,2026-02-10 07:56:00,0,
BID-00311,REQ-030,VND-0241,115234.5,2026-02-10 08:01:00,0,
BID-00312,REQ-030,VND-0013,113090.35,2026-02-10 08:04:00,0,
BID-00313,REQ-031,VND-0460,43234.5,2026-02-26 02:10:00,0,
BID-00314,REQ-031,VND-0430,42876.05,2026-02-26 02:20:00,0,
BID-00315,REQ-031,VND-0029,42561.99,2026-02-26 02:25:00,0,
BID-00316,REQ-031,VND-0067,41852.78,2026-02-26 02:28:00,0,
BID-00317,REQ-031,VND-0460,41270.63,2026-02-26 02:30:00,0,
BID-00318,REQ-031,VND-0029,40955.36,2026-02-26 02:38:00,0,
BID-00319,REQ-031,VND-0029,40288.68,2026-02-26 02:48:00,0,
BID-00320,REQ-031,VND-0029,39545.14,2026-02-26 02:54:00,0,
BID-00321,REQ-031,VND-0067,39330.2,2026-02-26 03:00:00,0,
BID-00322,REQ-031,VND-0027,39131.17,2026-02-26 03:05:00,0,
BID-00323,REQ-031,VND-0460,38878.36,2026-02-26 03:13:00,0,
BID-00324,REQ-031,VND-0279,38139.38,2026-02-26 03:23:00,0,
BID-00325,REQ-031,VND-0338,37235.79,2026-02-26 03:26:00,0,
BID-00326,REQ-031,VND-0029,37025.98,2026-02-26 03:34:00,0,
BID-00327,REQ-032,VND-0149,109327.43,2026-05-02 13:00:02,1,COL-REQ-032
BID-00328,REQ-032,VND-0121,109177.43,2026-05-02 13:00:04,1,COL-REQ-032
BID-00329,REQ-032,VND-0149,109027.43,2026-05-02 13:00:06,1,COL-REQ-032
BID-00330,REQ-032,VND-0121,108877.43,2026-05-02 13:00:08,1,COL-REQ-032
BID-00331,REQ-032,VND-0149,108727.43,2026-05-02 13:00:10,1,COL-REQ-032
BID-00332,REQ-032,VND-0121,108577.43,2026-05-02 13:00:12,1,COL-REQ-032
BID-00333,REQ-032,VND-0149,108427.43,2026-05-02 13:00:13,1,COL-REQ-032
BID-00334,REQ-032,VND-0121,108277.43,2026-05-02 13:00:14,1,COL-REQ-032
BID-00335,REQ-032,VND-0149,108127.43,2026-05-02 13:00:16,1,COL-REQ-032
BID-00336,REQ-032,VND-0121,107977.43,2026-05-02 13:00:17,1,COL-REQ-032
BID-00337,REQ-032,VND-0016,105962.54,2026-05-02 13:06:17,0,
BID-00338,REQ-032,VND-0031,102219.53,2026-05-02 13:14:17,0,
BID-00339,REQ-033,VND-0200,93973.86,2026-06-01 22:05:00,0,
BID-00340,REQ-033,VND-0475,92638.25,2026-06-01 22:09:00,0,
BID-00341,REQ-033,VND-0007,91825.85,2026-06-01 22:12:00,0,
BID-00342,REQ-033,VND-0006,89880.1,2026-06-01 22:20:00,0,
BID-00343,REQ-033,VND-0006,88998.08,2026-06-01 22:23:00,0,
BID-00344,REQ-033,VND-0006,87495.89,2026-06-01 22:32:00,0,
BID-00345,REQ-033,VND-0006,86630.15,2026-06-01 22:34:00,0,
BID-00346,REQ-033,VND-0200,85436.45,2026-06-01 22:44:00,0,
BID-00347,REQ-033,VND-0475,83720.22,2026-06-01 22:46:00,0,
BID-00348,REQ-033,VND-0475,82457.9,2026-06-01 22:52:00,0,
BID-00349,REQ-033,VND-0475,80700.25,2026-06-01 22:59:00,0,
BID-00350,REQ-033,VND-0007,79914.38,2026-06-01 23:03:00,0,
BID-00351,REQ-033,VND-0475,78853.82,2026-06-01 23:09:00,0,
BID-00352,REQ-034,VND-0370,189904.79,2026-01-04 11:08:00,0,
BID-00353,REQ-034,VND-0410,187744.68,2026-01-04 11:16:00,0,
BID-00354,REQ-034,VND-0370,186245.66,2026-01-04 11:24:00,0,
BID-00355,REQ-034,VND-0154,182504.3,2026-01-04 11:33:00,0,
BID-00356,REQ-034,VND-0154,178491.61,2026-01-04 11:39:00,0,
BID-00357,REQ-034,VND-0410,177083.84,2026-01-04 11:48:00,0,
BID-00358,REQ-035,VND-0321,122443.85,2026-05-22 19:05:00,0,
BID-00359,REQ-035,VND-0321,120247.93,2026-05-22 19:14:00,0,
BID-00360,REQ-035,VND-0321,119424.32,2026-05-22 19:19:00,0,
BID-00361,REQ-035,VND-0489,118185.98,2026-05-22 19:21:00,0,
BID-00362,REQ-035,VND-0489,117150.29,2026-05-22 19:31:00,0,
BID-00363,REQ-035,VND-0489,115441.31,2026-05-22 19:38:00,0,
BID-00364,REQ-035,VND-0321,112654.51,2026-05-22 19:40:00,0,
BID-00365,REQ-035,VND-0489,109979.73,2026-05-22 19:43:00,0,
BID-00366,REQ-036,VND-0155,71980.24,2026-04-24 15:06:00,0,
BID-00367,REQ-036,VND-0299,70949.12,2026-04-24 15:13:00,0,
BID-00368,REQ-036,VND-0314,70223.22,2026-04-24 15:23:00,0,
BID-00369,REQ-036,VND-0299,69217.62,2026-04-24 15:32:00,0,
BID-00370,REQ-036,VND-0314,67605.78,2026-04-24 15:39:00,0,
BID-00371,REQ-036,VND-0314,66708.07,2026-04-24 15:44:00,0,
BID-00372,REQ-036,VND-0141,66179.84,2026-04-24 15:50:00,0,
BID-00373,REQ-036,VND-0406,64611.7,2026-04-24 15:58:00,0,
BID-00374,REQ-036,VND-0314,64091.69,2026-04-24 16:05:00,0,
BID-00375,REQ-036,VND-0155,63284.34,2026-04-24 16:10:00,0,
BID-00376,REQ-036,VND-0299,62270.98,2026-04-24 16:17:00,0,
BID-00377,REQ-036,VND-0314,61008.92,2026-04-24 16:26:00,0,
BID-00378,REQ-037,VND-0121,26572.74,2026-06-25 12:02:00,0,
BID-00379,REQ-037,VND-0121,26421.9,2026-06-25 12:05:00,0,
BID-00380,REQ-037,VND-0442,26264.15,2026-06-25 12:07:00,0,
BID-00381,REQ-037,VND-0489,26060.61,2026-06-25 12:12:00,0,
BID-00382,REQ-037,VND-0368,25561.72,2026-06-25 12:14:00,0,
BID-00383,REQ-037,VND-0136,25175.36,2026-06-25 12:21:00,0,
BID-00384,REQ-037,VND-0368,24738.4,2026-06-25 12:30:00,0,
BID-00385,REQ-037,VND-0442,24373.33,2026-06-25 12:32:00,0,
BID-00386,REQ-038,VND-0033,34308.84,2026-05-19 00:08:00,0,
BID-00387,REQ-038,VND-0172,33492.49,2026-05-19 00:12:00,0,
BID-00388,REQ-038,VND-0278,32710.07,2026-05-19 00:22:00,0,
BID-00389,REQ-038,VND-0233,32388.88,2026-05-19 00:32:00,0,
BID-00390,REQ-038,VND-0033,31698.85,2026-05-19 00:38:00,0,
BID-00391,REQ-038,VND-0172,31288.74,2026-05-19 00:45:00,0,
BID-00392,REQ-038,VND-0406,30845.06,2026-05-19 00:50:00,0,
BID-00393,REQ-038,VND-0323,30551.51,2026-05-19 00:53:00,0,
BID-00394,REQ-038,VND-0323,29792.81,2026-05-19 00:55:00,0,
BID-00395,REQ-038,VND-0278,29402.35,2026-05-19 01:03:00,0,
BID-00396,REQ-038,VND-0268,28975.43,2026-05-19 01:05:00,0,
BID-00397,REQ-038,VND-0323,28731.23,2026-05-19 01:14:00,0,
BID-00398,REQ-038,VND-0172,28338.24,2026-05-19 01:21:00,0,
BID-00399,REQ-038,VND-0268,27642.64,2026-05-19 01:24:00,0,
BID-00400,REQ-039,VND-0133,48140.59,2026-06-16 13:02:00,0,
BID-00401,REQ-039,VND-0203,47005.66,2026-06-16 13:09:00,0,
BID-00402,REQ-039,VND-0034,45866.74,2026-06-16 13:13:00,0,
BID-00403,REQ-039,VND-0483,44884.56,2026-06-16 13:21:00,0,
BID-00404,REQ-039,VND-0034,44391.48,2026-06-16 13:26:00,0,
BID-00405,REQ-039,VND-0133,43428.49,2026-06-16 13:34:00,0,
BID-00406,REQ-039,VND-0023,42432.65,2026-06-16 13:41:00,0,
BID-00407,REQ-039,VND-0392,41579.24,2026-06-16 13:45:00,0,
BID-00408,REQ-039,VND-0483,40549.34,2026-06-16 13:48:00,0,
BID-00409,REQ-039,VND-0133,39742.04,2026-06-16 13:55:00,0,
BID-00410,REQ-040,VND-0233,53015.97,2026-03-10 12:08:00,0,
BID-00411,REQ-040,VND-0233,52719.48,2026-03-10 12:14:00,0,
BID-00412,REQ-040,VND-0233,51938.59,2026-03-10 12:21:00,0,
BID-00413,REQ-040,VND-0155,50701.27,2026-03-10 12:29:00,0,
BID-00414,REQ-040,VND-0098,49758.53,2026-03-10 12:37:00,0,
BID-00415,REQ-040,VND-0098,48741.3,2026-03-10 12:43:00,0,
BID-00416,REQ-040,VND-0098,47802.44,2026-03-10 12:46:00,0,
BID-00417,REQ-041,VND-0486,168933.56,2026-03-30 12:03:00,0,
BID-00418,REQ-041,VND-0074,168071.34,2026-03-30 12:09:00,0,
BID-00419,REQ-041,VND-0486,166021.15,2026-03-30 12:15:00,0,
BID-00420,REQ-041,VND-0074,164751.06,2026-03-30 12:19:00,0,
BID-00421,REQ-041,VND-0486,162448.36,2026-03-30 12:29:00,0,
BID-00422,REQ-041,VND-0358,160310.39,2026-03-30 12:31:00,0,
BID-00423,REQ-041,VND-0074,158374.12,2026-03-30 12:34:00,0,
BID-00424,REQ-041,VND-0358,155687.96,2026-03-30 12:41:00,0,
BID-00425,REQ-042,VND-0076,113478.11,2026-01-23 15:08:00,0,
BID-00426,REQ-042,VND-0274,112595.61,2026-01-23 15:14:00,0,
BID-00427,REQ-042,VND-0321,110922.17,2026-01-23 15:17:00,0,
BID-00428,REQ-042,VND-0274,109403.25,2026-01-23 15:25:00,0,
BID-00429,REQ-042,VND-0321,107796.7,2026-01-23 15:28:00,0,
BID-00430,REQ-042,VND-0321,106715.07,2026-01-23 15:33:00,0,
BID-00431,REQ-042,VND-0219,104847.49,2026-01-23 15:38:00,0,
BID-00432,REQ-042,VND-0316,104098.93,2026-01-23 15:44:00,0,
BID-00433,REQ-042,VND-0016,101603.01,2026-01-23 15:51:00,0,
BID-00434,REQ-042,VND-0076,100323.03,2026-01-23 15:58:00,0,
BID-00435,REQ-042,VND-0316,99149.78,2026-01-23 16:02:00,0,
BID-00436,REQ-042,VND-0321,98018.16,2026-01-23 16:07:00,0,
BID-00437,REQ-042,VND-0316,96912.15,2026-01-23 16:15:00,0,
BID-00438,REQ-042,VND-0321,95862.7,2026-01-23 16:24:00,0,
BID-00439,REQ-042,VND-0076,93884.14,2026-01-23 16:31:00,0,
BID-00440,REQ-043,VND-0460,106140.66,2026-04-02 07:10:00,0,
BID-00441,REQ-043,VND-0206,103586.91,2026-04-02 07:19:00,0,
BID-00442,REQ-043,VND-0128,102634.63,2026-04-02 07:25:00,0,
BID-00443,REQ-043,VND-0128,101979.5,2026-04-02 07:33:00,0,
BID-00444,REQ-043,VND-0128,100451.23,2026-04-02 07:39:00,0,
BID-00445,REQ-043,VND-0326,99441.33,2026-04-02 07:43:00,0,
BID-00446,REQ-043,VND-0128,98102.59,2026-04-02 07:51:00,0,
BID-00447,REQ-043,VND-0206,96730.99,2026-04-02 08:00:00,0,
BID-00448,REQ-043,VND-0460,95471.93,2026-04-02 08:10:00,0,
BID-00449,REQ-043,VND-0128,94195.85,2026-04-02 08:12:00,0,
BID-00450,REQ-043,VND-0279,92403.05,2026-04-02 08:22:00,0,
BID-00451,REQ-043,VND-0460,90761.64,2026-04-02 08:25:00,0,
BID-00452,REQ-043,VND-0206,88912.0,2026-04-02 08:32:00,0,
BID-00453,REQ-043,VND-0326,87316.92,2026-04-02 08:34:00,0,
BID-00454,REQ-043,VND-0460,85162.62,2026-04-02 08:42:00,0,
BID-00455,REQ-044,VND-0146,26937.47,2026-01-10 07:05:00,0,
BID-00456,REQ-044,VND-0160,26601.23,2026-01-10 07:14:00,0,
BID-00457,REQ-044,VND-0146,26100.89,2026-01-10 07:18:00,0,
BID-00458,REQ-044,VND-0001,25449.57,2026-01-10 07:27:00,0,
BID-00459,REQ-044,VND-0281,25171.95,2026-01-10 07:30:00,0,
BID-00460,REQ-044,VND-0281,24627.57,2026-01-10 07:34:00,0,
BID-00461,REQ-044,VND-0001,24350.81,2026-01-10 07:43:00,0,
BID-00462,REQ-044,VND-0085,23975.27,2026-01-10 07:50:00,0,
BID-00463,REQ-044,VND-0160,23808.58,2026-01-10 07:59:00,0,
BID-00464,REQ-044,VND-0001,23657.55,2026-01-10 08:01:00,0,
BID-00465,REQ-044,VND-0281,23528.58,2026-01-10 08:08:00,0,
BID-00466,REQ-044,VND-0281,23092.29,2026-01-10 08:12:00,0,
BID-00467,REQ-044,VND-0085,22738.52,2026-01-10 08:22:00,0,
BID-00468,REQ-044,VND-0085,22474.3,2026-01-10 08:30:00,0,
BID-00469,REQ-045,VND-0473,169742.14,2026-02-04 15:05:00,0,
BID-00470,REQ-045,VND-0470,166883.0,2026-02-04 15:13:00,0,
BID-00471,REQ-045,VND-0201,163696.41,2026-02-04 15:18:00,0,
BID-00472,REQ-045,VND-0173,160414.87,2026-02-04 15:21:00,0,
BID-00473,REQ-045,VND-0343,159286.35,2026-02-04 15:31:00,0,
BID-00474,REQ-045,VND-0336,157324.6,2026-02-04 15:36:00,0,
BID-00475,REQ-046,VND-0337,143505.59,2026-07-01 08:07:00,0,
BID-00476,REQ-046,VND-0410,140361.33,2026-07-01 08:11:00,0,
BID-00477,REQ-046,VND-0185,137677.66,2026-07-01 08:17:00,0,
BID-00478,REQ-046,VND-0265,135364.21,2026-07-01 08:21:00,0,
BID-00479,REQ-046,VND-0410,134368.3,2026-07-01 08:27:00,0,
BID-00480,REQ-046,VND-0115,133204.56,2026-07-01 08:31:00,0,
BID-00481,REQ-046,VND-0265,131503.63,2026-07-01 08:35:00,0,
BID-00482,REQ-046,VND-0265,129836.93,2026-07-01 08:39:00,0,
BID-00483,REQ-046,VND-0337,127537.51,2026-07-01 08:43:00,0,
BID-00484,REQ-046,VND-0265,126474.19,2026-07-01 08:49:00,0,
BID-00485,REQ-046,VND-0240,125368.56,2026-07-01 08:58:00,0,
BID-00486,REQ-046,VND-0265,124607.29,2026-07-01 09:05:00,0,
BID-00487,REQ-046,VND-0115,122776.54,2026-07-01 09:10:00,0,
BID-00488,REQ-046,VND-0337,119795.94,2026-07-01 09:20:00,0,
BID-00489,REQ-046,VND-0185,118011.06,2026-07-01 09:29:00,0,
BID-00490,REQ-047,VND-0147,18092.46,2026-02-13 09:05:00,0,
BID-00491,REQ-047,VND-0485,17897.54,2026-02-13 09:14:00,0,
BID-00492,REQ-047,VND-0485,17542.27,2026-02-13 09:23:00,0,
BID-00493,REQ-047,VND-0485,17275.34,2026-02-13 09:26:00,0,
BID-00494,REQ-047,VND-0147,16921.16,2026-02-13 09:33:00,0,
BID-00495,REQ-047,VND-0485,16558.16,2026-02-13 09:35:00,0,
BID-00496,REQ-047,VND-0037,16329.21,2026-02-13 09:40:00,0,
BID-00497,REQ-047,VND-0097,16214.11,2026-02-13 09:45:00,0,
BID-00498,REQ-047,VND-0147,15849.36,2026-02-13 09:47:00,0,
BID-00499,REQ-048,VND-0355,139993.64,2026-03-23 18:07:00,0,
BID-00500,REQ-048,VND-0051,137585.02,2026-03-23 18:15:00,0,
BID-00501,REQ-048,VND-0355,135201.63,2026-03-23 18:20:00,0,
BID-00502,REQ-048,VND-0355,132347.68,2026-03-23 18:27:00,0,
BID-00503,REQ-048,VND-0370,130941.92,2026-03-23 18:37:00,0,
BID-00504,REQ-048,VND-0355,129439.62,2026-03-23 18:43:00,0,
BID-00505,REQ-048,VND-0065,127309.73,2026-03-23 18:53:00,0,
BID-00506,REQ-048,VND-0051,124597.57,2026-03-23 18:57:00,0,
BID-00507,REQ-048,VND-0371,121685.05,2026-03-23 19:03:00,0,
BID-00508,REQ-049,VND-0121,105290.45,2026-06-03 22:00:01,1,COL-REQ-049
BID-00509,REQ-049,VND-0219,105140.45,2026-06-03 22:00:03,1,COL-REQ-049
BID-00510,REQ-049,VND-0121,104990.45,2026-06-03 22:00:04,1,COL-REQ-049
BID-00511,REQ-049,VND-0219,104840.45,2026-06-03 22:00:06,1,COL-REQ-049
BID-00512,REQ-049,VND-0121,104690.45,2026-06-03 22:00:08,1,COL-REQ-049
BID-00513,REQ-049,VND-0219,104540.45,2026-06-03 22:00:09,1,COL-REQ-049
BID-00514,REQ-049,VND-0121,104390.45,2026-06-03 22:00:11,1,COL-REQ-049
BID-00515,REQ-049,VND-0219,104240.45,2026-06-03 22:00:13,1,COL-REQ-049
BID-00516,REQ-049,VND-0121,104090.45,2026-06-03 22:00:15,1,COL-REQ-049
BID-00517,REQ-049,VND-0219,103940.45,2026-06-03 22:00:17,1,COL-REQ-049
BID-00518,REQ-049,VND-0016,99264.3,2026-06-03 22:05:17,0,
BID-00519,REQ-049,VND-0031,97471.32,2026-06-03 22:10:17,0,
BID-00520,REQ-050,VND-0401,20467.92,2026-06-27 19:03:00,0,
BID-00521,REQ-050,VND-0284,20105.7,2026-06-27 19:10:00,0,
BID-00522,REQ-050,VND-0401,19685.22,2026-06-27 19:18:00,0,
BID-00523,REQ-050,VND-0208,19205.64,2026-06-27 19:23:00,0,
BID-00524,REQ-050,VND-0284,19006.46,2026-06-27 19:29:00,0,
BID-00525,REQ-050,VND-0271,18703.38,2026-06-27 19:33:00,0,
BID-00526,REQ-050,VND-0197,18291.0,2026-06-27 19:40:00,0,
BID-00527,REQ-050,VND-0401,18182.74,2026-06-27 19:49:00,0,
BID-00528,REQ-050,VND-0401,18046.65,2026-06-27 19:53:00,0,
BID-00529,REQ-050,VND-0284,17791.64,2026-06-27 20:01:00,0,
BID-00530,REQ-050,VND-0208,17348.38,2026-06-27 20:05:00,0,
BID-00531,REQ-050,VND-0271,17206.48,2026-06-27 20:11:00,0,
BID-00532,REQ-050,VND-0401,16895.18,2026-06-27 20:17:00,0,
BID-00533,REQ-050,VND-0401,16685.06,2026-06-27 20:21:00,0,
BID-00534,REQ-050,VND-0401,16469.38,2026-06-27 20:27:00,0,
BID-00535,REQ-051,VND-0015,93749.69,2026-05-19 13:05:00,0,
BID-00536,REQ-051,VND-0015,93263.53,2026-05-19 13:12:00,0,
BID-00537,REQ-051,VND-0370,90954.03,2026-05-19 13:20:00,0,
BID-00538,REQ-051,VND-0065,89630.29,2026-05-19 13:25:00,0,
BID-00539,REQ-051,VND-0015,89022.0,2026-05-19 13:28:00,0,
BID-00540,REQ-051,VND-0370,88018.99,2026-05-19 13:34:00,0,
BID-00541,REQ-051,VND-0065,86905.16,2026-05-19 13:38:00,0,
BID-00542,REQ-051,VND-0065,86351.72,2026-05-19 13:40:00,0,
BID-00543,REQ-051,VND-0065,85159.9,2026-05-19 13:45:00,0,
BID-00544,REQ-052,VND-0246,97233.7,2026-04-20 15:04:00,0,
BID-00545,REQ-052,VND-0246,95601.0,2026-04-20 15:12:00,0,
BID-00546,REQ-052,VND-0394,93281.24,2026-04-20 15:19:00,0,
BID-00547,REQ-052,VND-0360,92352.56,2026-04-20 15:22:00,0,
BID-00548,REQ-052,VND-0360,90868.65,2026-04-20 15:28:00,0,
BID-00549,REQ-052,VND-0246,88873.37,2026-04-20 15:34:00,0,
BID-00550,REQ-052,VND-0360,87508.72,2026-04-20 15:44:00,0,
BID-00551,REQ-052,VND-0360,85762.32,2026-04-20 15:50:00,0,
BID-00552,REQ-052,VND-0246,83989.09,2026-04-20 15:55:00,0,
BID-00553,REQ-053,VND-0219,37040.88,2026-04-30 22:08:00,0,
BID-00554,REQ-053,VND-0219,36450.93,2026-04-30 22:12:00,0,
BID-00555,REQ-053,VND-0442,35572.86,2026-04-30 22:15:00,0,
BID-00556,REQ-053,VND-0316,34977.11,2026-04-30 22:17:00,0,
BID-00557,REQ-053,VND-0219,34651.3,2026-04-30 22:19:00,0,
BID-00558,REQ-053,VND-0442,34126.95,2026-04-30 22:29:00,0,
BID-00559,REQ-053,VND-0442,33667.21,2026-04-30 22:37:00,0,
BID-00560,REQ-053,VND-0316,33067.57,2026-04-30 22:47:00,0,
BID-00561,REQ-053,VND-0058,32801.26,2026-04-30 22:50:00,0,
BID-00562,REQ-053,VND-0219,32585.41,2026-04-30 22:55:00,0,
BID-00563,REQ-053,VND-0111,32072.92,2026-04-30 23:03:00,0,
BID-00564,REQ-054,VND-0058,186746.61,2026-05-16 20:02:00,0,
BID-00565,REQ-054,VND-0325,183325.12,2026-05-16 20:06:00,0,
BID-00566,REQ-054,VND-0058,182362.05,2026-05-16 20:10:00,0,
BID-00567,REQ-054,VND-0468,181408.85,2026-05-16 20:19:00,0,
BID-00568,REQ-054,VND-0325,178604.25,2026-05-16 20:25:00,0,
BID-00569,REQ-054,VND-0276,176382.87,2026-05-16 20:31:00,0,
BID-00570,REQ-054,VND-0468,172373.99,2026-05-16 20:33:00,0,
BID-00571,REQ-054,VND-0325,168729.63,2026-05-16 20:39:00,0,
BID-00572,REQ-054,VND-0047,167670.44,2026-05-16 20:42:00,0,
BID-00573,REQ-054,VND-0219,165305.63,2026-05-16 20:49:00,0,
BID-00574,REQ-054,VND-0058,162827.33,2026-05-16 20:53:00,0,
BID-00575,REQ-054,VND-0325,161500.91,2026-05-16 20:56:00,0,
BID-00576,REQ-055,VND-0115,162057.94,2026-04-24 23:00:01,1,COL-REQ-055
BID-00577,REQ-055,VND-0203,161907.94,2026-04-24 23:00:02,1,COL-REQ-055
BID-00578,REQ-055,VND-0115,161757.94,2026-04-24 23:00:03,1,COL-REQ-055
BID-00579,REQ-055,VND-0203,161607.94,2026-04-24 23:00:04,1,COL-REQ-055
BID-00580,REQ-055,VND-0115,161457.94,2026-04-24 23:00:05,1,COL-REQ-055
BID-00581,REQ-055,VND-0203,161307.94,2026-04-24 23:00:07,1,COL-REQ-055
BID-00582,REQ-055,VND-0115,161157.94,2026-04-24 23:00:09,1,COL-REQ-055
BID-00583,REQ-055,VND-0203,161007.94,2026-04-24 23:00:11,1,COL-REQ-055
BID-00584,REQ-055,VND-0115,160857.94,2026-04-24 23:00:12,1,COL-REQ-055
BID-00585,REQ-055,VND-0203,160707.94,2026-04-24 23:00:13,1,COL-REQ-055
BID-00586,REQ-055,VND-0015,151741.35,2026-04-24 23:05:13,0,
BID-00587,REQ-055,VND-0023,153985.98,2026-04-24 23:15:13,0,
BID-00588,REQ-056,VND-0380,128536.39,2026-03-06 02:00:02,1,COL-REQ-056
BID-00589,REQ-056,VND-0169,128386.39,2026-03-06 02:00:03,1,COL-REQ-056
BID-00590,REQ-056,VND-0380,128236.39,2026-03-06 02:00:05,1,COL-REQ-056
BID-00591,REQ-056,VND-0169,128086.39,2026-03-06 02:00:07,1,COL-REQ-056
BID-00592,REQ-056,VND-0380,127936.39,2026-03-06 02:00:09,1,COL-REQ-056
BID-00593,REQ-056,VND-0169,127786.39,2026-03-06 02:00:10,1,COL-REQ-056
BID-00594,REQ-056,VND-0380,127636.39,2026-03-06 02:00:12,1,COL-REQ-056
BID-00595,REQ-056,VND-0169,127486.39,2026-03-06 02:00:13,1,COL-REQ-056
BID-00596,REQ-056,VND-0380,127336.39,2026-03-06 02:00:14,1,COL-REQ-056
BID-00597,REQ-056,VND-0169,127186.39,2026-03-06 02:00:15,1,COL-REQ-056
BID-00598,REQ-056,VND-0005,122767.31,2026-03-06 02:06:15,0,
BID-00599,REQ-056,VND-0035,124187.19,2026-03-06 02:11:15,0,
BID-00600,REQ-057,VND-0259,94049.05,2026-05-01 18:10:00,0,
BID-00601,REQ-057,VND-0259,93563.82,2026-05-01 18:15:00,0,
BID-00602,REQ-057,VND-0259,92040.96,2026-05-01 18:21:00,0,
BID-00603,REQ-057,VND-0390,90434.45,2026-05-01 18:30:00,0,
BID-00604,REQ-057,VND-0259,88912.09,2026-05-01 18:39:00,0,
BID-00605,REQ-057,VND-0406,87165.03,2026-05-01 18:49:00,0,
BID-00606,REQ-057,VND-0406,86466.72,2026-05-01 18:57:00,0,
BID-00607,REQ-057,VND-0406,85631.46,2026-05-01 19:04:00,0,
BID-00608,REQ-057,VND-0390,83765.42,2026-05-01 19:06:00,0,
BID-00609,REQ-057,VND-0259,83344.15,2026-05-01 19:14:00,0,
BID-00610,REQ-058,VND-0082,83208.73,2026-03-27 05:04:00,0,
BID-00611,REQ-058,VND-0493,82637.88,2026-03-27 05:09:00,0,
BID-00612,REQ-058,VND-0403,81542.01,2026-03-27 05:16:00,0,
BID-00613,REQ-058,VND-0198,79544.95,2026-03-27 05:19:00,0,
BID-00614,REQ-058,VND-0403,78995.17,2026-03-27 05:23:00,0,
BID-00615,REQ-058,VND-0198,78481.97,2026-03-27 05:25:00,0,
BID-00616,REQ-058,VND-0198,77049.77,2026-03-27 05:29:00,0,
BID-00617,REQ-058,VND-0188,76215.05,2026-03-27 05:36:00,0,
BID-00618,REQ-058,VND-0198,74765.85,2026-03-27 05:43:00,0,
BID-00619,REQ-058,VND-0493,73715.01,2026-03-27 05:48:00,0,
BID-00620,REQ-058,VND-0082,71955.35,2026-03-27 05:52:00,0,
BID-00621,REQ-058,VND-0403,71438.75,2026-03-27 05:55:00,0,
BID-00622,REQ-058,VND-0188,70439.23,2026-03-27 06:02:00,0,
BID-00623,REQ-059,VND-0224,129030.6,2026-03-10 10:03:00,0,
BID-00624,REQ-059,VND-0292,126301.36,2026-03-10 10:09:00,0,
BID-00625,REQ-059,VND-0200,123909.52,2026-03-10 10:11:00,0,
BID-00626,REQ-059,VND-0292,121218.39,2026-03-10 10:18:00,0,
BID-00627,REQ-059,VND-0292,120391.16,2026-03-10 10:23:00,0,
BID-00628,REQ-059,VND-0224,118835.12,2026-03-10 10:25:00,0,
BID-00629,REQ-059,VND-0200,117530.69,2026-03-10 10:29:00,0,
BID-00630,REQ-059,VND-0066,114705.02,2026-03-10 10:38:00,0,
BID-00631,REQ-059,VND-0256,112415.33,2026-03-10 10:43:00,0,
BID-00632,REQ-059,VND-0066,110814.44,2026-03-10 10:47:00,0,
BID-00633,REQ-059,VND-0066,110233.87,2026-03-10 10:52:00,0,
BID-00634,REQ-059,VND-0292,109245.88,2026-03-10 11:00:00,0,
BID-00635,REQ-059,VND-0224,107200.17,2026-03-10 11:03:00,0,
BID-00636,REQ-060,VND-0337,110515.57,2026-01-05 16:07:00,0,
BID-00637,REQ-060,VND-0240,109868.62,2026-01-05 16:16:00,0,
BID-00638,REQ-060,VND-0240,108950.14,2026-01-05 16:24:00,0,
BID-00639,REQ-060,VND-0337,106826.86,2026-01-05 16:33:00,0,
BID-00640,REQ-060,VND-0240,105475.01,2026-01-05 16:41:00,0,
BID-00641,REQ-060,VND-0063,104200.99,2026-01-05 16:45:00,0,
BID-00642,REQ-060,VND-0023,103096.76,2026-01-05 16:49:00,0,
BID-00643,REQ-060,VND-0240,101315.03,2026-01-05 16:54:00,0,
BID-00644,REQ-060,VND-0371,100210.48,2026-01-05 17:02:00,0,
BID-00645,REQ-060,VND-0091,98749.35,2026-01-05 17:05:00,0,
BID-00646,REQ-060,VND-0023,97499.15,2026-01-05 17:13:00,0,
BID-00647,REQ-060,VND-0063,95758.5,2026-01-05 17:23:00,0,
BID-00648,REQ-060,VND-0063,94071.7,2026-01-05 17:33:00,0,
BID-00649,REQ-061,VND-0459,16136.1,2026-04-17 15:00:02,1,COL-REQ-061
BID-00650,REQ-061,VND-0010,15986.1,2026-04-17 15:00:04,1,COL-REQ-061
BID-00651,REQ-061,VND-0459,15836.1,2026-04-17 15:00:06,1,COL-REQ-061
BID-00652,REQ-061,VND-0010,15686.1,2026-04-17 15:00:08,1,COL-REQ-061
BID-00653,REQ-061,VND-0459,15536.1,2026-04-17 15:00:10,1,COL-REQ-061
BID-00654,REQ-061,VND-0010,15386.1,2026-04-17 15:00:12,1,COL-REQ-061
BID-00655,REQ-061,VND-0459,15236.1,2026-04-17 15:00:14,1,COL-REQ-061
BID-00656,REQ-061,VND-0010,15086.1,2026-04-17 15:00:16,1,COL-REQ-061
BID-00657,REQ-061,VND-0459,14936.1,2026-04-17 15:00:17,1,COL-REQ-061
BID-00658,REQ-061,VND-0010,14786.1,2026-04-17 15:00:18,1,COL-REQ-061
BID-00659,REQ-061,VND-0002,15288.33,2026-04-17 15:07:18,0,
BID-00660,REQ-061,VND-0014,15646.71,2026-04-17 15:12:18,0,
BID-00661,REQ-062,VND-0497,102369.18,2026-05-08 14:03:00,0,
BID-00662,REQ-062,VND-0497,100512.48,2026-05-08 14:09:00,0,
BID-00663,REQ-062,VND-0224,98368.98,2026-05-08 14:11:00,0,
BID-00664,REQ-062,VND-0497,96744.53,2026-05-08 14:19:00,0,
BID-00665,REQ-062,VND-0267,94451.29,2026-05-08 14:23:00,0,
BID-00666,REQ-062,VND-0497,93532.18,2026-05-08 14:30:00,0,
BID-00667,REQ-062,VND-0267,91354.79,2026-05-08 14:32:00,0,
BID-00668,REQ-062,VND-0267,89166.73,2026-05-08 14:36:00,0,
BID-00669,REQ-062,VND-0224,87029.64,2026-05-08 14:45:00,0,
BID-00670,REQ-062,VND-0224,86056.56,2026-05-08 14:54:00,0,
BID-00671,REQ-062,VND-0021,85470.93,2026-05-08 14:59:00,0,
BID-00672,REQ-062,VND-0267,83474.51,2026-05-08 15:04:00,0,
BID-00673,REQ-062,VND-0497,82488.24,2026-05-08 15:08:00,0,
BID-00674,REQ-063,VND-0019,158690.66,2026-04-16 22:07:00,0,
BID-00675,REQ-063,VND-0019,156711.5,2026-04-16 22:15:00,0,
BID-00676,REQ-063,VND-0418,155611.28,2026-04-16 22:21:00,0,
BID-00677,REQ-063,VND-0068,154408.56,2026-04-16 22:25:00,0,
BID-00678,REQ-063,VND-0354,151191.17,2026-04-16 22:34:00,0,
BID-00679,REQ-063,VND-0068,149908.45,2026-04-16 22:44:00,0,
BID-00680,REQ-063,VND-0418,146799.38,2026-04-16 22:49:00,0,
BID-00681,REQ-063,VND-0418,143674.15,2026-04-16 22:57:00,0,
BID-00682,REQ-064,VND-0438,94017.78,2026-05-24 16:07:00,0,
BID-00683,REQ-064,VND-0438,93132.33,2026-05-24 16:10:00,0,
BID-00684,REQ-064,VND-0005,92404.7,2026-05-24 16:13:00,0,
BID-00685,REQ-064,VND-0100,91301.74,2026-05-24 16:20:00,0,
BID-00686,REQ-064,VND-0100,89683.53,2026-05-24 16:23:00,0,
BID-00687,REQ-064,VND-0131,88434.01,2026-05-24 16:29:00,0,
BID-00688,REQ-064,VND-0100,87550.48,2026-05-24 16:32:00,0,
BID-00689,REQ-064,VND-0131,86663.32,2026-05-24 16:35:00,0,
BID-00690,REQ-064,VND-0216,86146.55,2026-05-24 16:44:00,0,
BID-00691,REQ-064,VND-0005,84046.12,2026-05-24 16:52:00,0,
BID-00692,REQ-064,VND-0005,82143.7,2026-05-24 16:59:00,0,
BID-00693,REQ-064,VND-0438,81116.34,2026-05-24 17:08:00,0,
BID-00694,REQ-065,VND-0359,14767.87,2026-07-01 14:03:00,0,
BID-00695,REQ-065,VND-0359,14643.79,2026-07-01 14:11:00,0,
BID-00696,REQ-065,VND-0136,14356.19,2026-07-01 14:21:00,0,
BID-00697,REQ-065,VND-0170,14187.37,2026-07-01 14:30:00,0,
BID-00698,REQ-065,VND-0274,14107.64,2026-07-01 14:34:00,0,
BID-00699,REQ-065,VND-0039,13786.06,2026-07-01 14:38:00,0,
BID-00700,REQ-065,VND-0170,13689.21,2026-07-01 14:43:00,0,
BID-00701,REQ-065,VND-0136,13508.71,2026-07-01 14:53:00,0,
BID-00702,REQ-065,VND-0274,13191.1,2026-07-01 15:03:00,0,
BID-00703,REQ-065,VND-0359,12950.86,2026-07-01 15:09:00,0,
BID-00704,REQ-065,VND-0136,12861.27,2026-07-01 15:17:00,0,
BID-00705,REQ-066,VND-0112,154923.77,2026-02-02 23:09:00,0,
BID-00706,REQ-066,VND-0416,153848.64,2026-02-02 23:14:00,0,
BID-00707,REQ-066,VND-0416,151115.7,2026-02-02 23:17:00,0,
BID-00708,REQ-066,VND-0052,147809.99,2026-02-02 23:23:00,0,
BID-00709,REQ-066,VND-0385,145895.94,2026-02-02 23:32:00,0,
BID-00710,REQ-066,VND-0005,144393.2,2026-02-02 23:42:00,0,
BID-00711,REQ-066,VND-0052,143137.33,2026-02-02 23:50:00,0,
BID-00712,REQ-067,VND-0446,43303.53,2026-05-20 22:02:00,0,
BID-00713,REQ-067,VND-0446,42435.52,2026-05-20 22:05:00,0,
BID-00714,REQ-067,VND-0137,41656.29,2026-05-20 22:15:00,0,
BID-00715,REQ-067,VND-0230,40639.29,2026-05-20 22:20:00,0,
BID-00716,REQ-067,VND-0464,40386.52,2026-05-20 22:28:00,0,
BID-00717,REQ-067,VND-0464,39846.45,2026-05-20 22:38:00,0,
BID-00718,REQ-067,VND-0230,39190.8,2026-05-20 22:43:00,0,
BID-00719,REQ-067,VND-0230,38760.6,2026-05-20 22:51:00,0,
BID-00720,REQ-067,VND-0137,38177.57,2026-05-20 23:01:00,0,
BID-00721,REQ-067,VND-0464,37469.35,2026-05-20 23:05:00,0,
BID-00722,REQ-068,VND-0475,54257.63,2026-05-06 08:04:00,0,
BID-00723,REQ-068,VND-0475,53526.91,2026-05-06 08:12:00,0,
BID-00724,REQ-068,VND-0475,52191.66,2026-05-06 08:16:00,0,
BID-00725,REQ-068,VND-0096,51661.52,2026-05-06 08:19:00,0,
BID-00726,REQ-068,VND-0475,51002.21,2026-05-06 08:27:00,0,
BID-00727,REQ-068,VND-0096,50414.54,2026-05-06 08:33:00,0,
BID-00728,REQ-068,VND-0096,49700.51,2026-05-06 08:35:00,0,
BID-00729,REQ-068,VND-0096,48832.68,2026-05-06 08:45:00,0,
BID-00730,REQ-069,VND-0103,36245.53,2026-02-21 09:03:00,0,
BID-00731,REQ-069,VND-0130,35435.46,2026-02-21 09:10:00,0,
BID-00732,REQ-069,VND-0462,35071.08,2026-02-21 09:19:00,0,
BID-00733,REQ-069,VND-0395,34468.59,2026-02-21 09:21:00,0,
BID-00734,REQ-069,VND-0261,34106.38,2026-02-21 09:25:00,0,
BID-00735,REQ-069,VND-0395,33520.67,2026-02-21 09:33:00,0,
BID-00736,REQ-069,VND-0103,33087.72,2026-02-21 09:40:00,0,
BID-00737,REQ-069,VND-0397,32765.06,2026-02-21 09:49:00,0,
BID-00738,REQ-069,VND-0130,32013.41,2026-02-21 09:51:00,0,
BID-00739,REQ-069,VND-0130,31330.0,2026-02-21 09:57:00,0,
BID-00740,REQ-069,VND-0130,30997.69,2026-02-21 10:06:00,0,
BID-00741,REQ-069,VND-0397,30418.12,2026-02-21 10:11:00,0,
BID-00742,REQ-069,VND-0261,30083.23,2026-02-21 10:20:00,0,
BID-00743,REQ-069,VND-0130,29770.71,2026-02-21 10:28:00,0,
BID-00744,REQ-069,VND-0395,29237.49,2026-02-21 10:33:00,0,
BID-00745,REQ-070,VND-0188,68329.87,2026-01-06 22:04:00,0,
BID-00746,REQ-070,VND-0188,67563.04,2026-01-06 22:14:00,0,
BID-00747,REQ-070,VND-0387,67041.93,2026-01-06 22:24:00,0,
BID-00748,REQ-070,VND-0230,66667.9,2026-01-06 22:29:00,0,
BID-00749,REQ-070,VND-0403,65218.57,2026-01-06 22:34:00,0,
BID-00750,REQ-070,VND-0188,64297.1,2026-01-06 22:41:00,0,
BID-00751,REQ-070,VND-0431,63719.57,2026-01-06 22:48:00,0,
BID-00752,REQ-070,VND-0387,62757.25,2026-01-06 22:51:00,0,
BID-00753,REQ-070,VND-0431,62405.1,2026-01-06 22:58:00,0,
BID-00754,REQ-070,VND-0387,61351.65,2026-01-06 23:02:00,0,
BID-00755,REQ-070,VND-0387,60324.77,2026-01-06 23:09:00,0,
BID-00756,REQ-071,VND-0318,144788.21,2026-01-16 17:00:02,1,COL-REQ-071
BID-00757,REQ-071,VND-0147,144638.21,2026-01-16 17:00:03,1,COL-REQ-071
BID-00758,REQ-071,VND-0318,144488.21,2026-01-16 17:00:05,1,COL-REQ-071
BID-00759,REQ-071,VND-0147,144338.21,2026-01-16 17:00:06,1,COL-REQ-071
BID-00760,REQ-071,VND-0318,144188.21,2026-01-16 17:00:08,1,COL-REQ-071
BID-00761,REQ-071,VND-0147,144038.21,2026-01-16 17:00:09,1,COL-REQ-071
BID-00762,REQ-071,VND-0318,143888.21,2026-01-16 17:00:10,1,COL-REQ-071
BID-00763,REQ-071,VND-0147,143738.21,2026-01-16 17:00:11,1,COL-REQ-071
BID-00764,REQ-071,VND-0318,143588.21,2026-01-16 17:00:12,1,COL-REQ-071
BID-00765,REQ-071,VND-0147,143438.21,2026-01-16 17:00:13,1,COL-REQ-071
BID-00766,REQ-071,VND-0008,131889.38,2026-01-16 17:10:13,0,
BID-00767,REQ-071,VND-0037,134054.96,2026-01-16 17:20:13,0,
BID-00768,REQ-072,VND-0009,100816.23,2026-05-08 03:00:02,1,COL-REQ-072
BID-00769,REQ-072,VND-0004,100666.23,2026-05-08 03:00:03,1,COL-REQ-072
BID-00770,REQ-072,VND-0009,100516.23,2026-05-08 03:00:04,1,COL-REQ-072
BID-00771,REQ-072,VND-0004,100366.23,2026-05-08 03:00:05,1,COL-REQ-072
BID-00772,REQ-072,VND-0009,100216.23,2026-05-08 03:00:06,1,COL-REQ-072
BID-00773,REQ-072,VND-0004,100066.23,2026-05-08 03:00:08,1,COL-REQ-072
BID-00774,REQ-072,VND-0009,99916.23,2026-05-08 03:00:10,1,COL-REQ-072
BID-00775,REQ-072,VND-0004,99766.23,2026-05-08 03:00:12,1,COL-REQ-072
BID-00776,REQ-072,VND-0009,99616.23,2026-05-08 03:00:14,1,COL-REQ-072
BID-00777,REQ-072,VND-0004,99466.23,2026-05-08 03:00:16,1,COL-REQ-072
BID-00778,REQ-072,VND-0012,93752.97,2026-05-08 03:07:16,0,
BID-00779,REQ-072,VND-0027,93810.26,2026-05-08 03:13:16,0,
BID-00780,REQ-073,VND-0015,44458.75,2026-05-05 14:03:00,0,
BID-00781,REQ-073,VND-0361,44179.69,2026-05-05 14:09:00,0,
BID-00782,REQ-073,VND-0337,43671.51,2026-05-05 14:15:00,0,
BID-00783,REQ-073,VND-0015,42880.07,2026-05-05 14:21:00,0,
BID-00784,REQ-073,VND-0091,42537.09,2026-05-05 14:26:00,0,
BID-00785,REQ-073,VND-0364,41639.2,2026-05-05 14:34:00,0,
BID-00786,REQ-073,VND-0337,41164.85,2026-05-05 14:38:00,0,
BID-00787,REQ-073,VND-0337,40938.07,2026-05-05 14:47:00,0,
BID-00788,REQ-073,VND-0015,40520.97,2026-05-05 14:55:00,0,
BID-00789,REQ-073,VND-0361,40003.7,2026-05-05 14:57:00,0,
BID-00790,REQ-073,VND-0243,39237.18,2026-05-05 15:02:00,0,
BID-00791,REQ-073,VND-0015,38470.84,2026-05-05 15:07:00,0,
BID-00792,REQ-073,VND-0337,37867.12,2026-05-05 15:16:00,0,
BID-00793,REQ-073,VND-0337,37406.28,2026-05-05 15:22:00,0,
BID-00794,REQ-073,VND-0265,37092.08,2026-05-05 15:32:00,0,
BID-00795,REQ-074,VND-0124,171959.47,2026-05-05 03:07:00,0,
BID-00796,REQ-074,VND-0262,170335.3,2026-05-05 03:12:00,0,
BID-00797,REQ-074,VND-0425,168051.19,2026-05-05 03:19:00,0,
BID-00798,REQ-074,VND-0425,166335.19,2026-05-05 03:25:00,0,
BID-00799,REQ-074,VND-0139,162671.78,2026-05-05 03:34:00,0,
BID-00800,REQ-074,VND-0262,159039.67,2026-05-05 03:37:00,0,
BID-00801,REQ-074,VND-0139,155415.39,2026-05-05 03:47:00,0,
BID-00802,REQ-074,VND-0262,151941.86,2026-05-05 03:55:00,0,
BID-00803,REQ-074,VND-0425,149926.78,2026-05-05 03:59:00,0,
BID-00804,REQ-074,VND-0124,146201.56,2026-05-05 04:06:00,0,
BID-00805,REQ-075,VND-0134,173408.09,2026-05-30 20:04:00,0,
BID-00806,REQ-075,VND-0134,170340.5,2026-05-30 20:06:00,0,
BID-00807,REQ-075,VND-0277,168556.94,2026-05-30 20:10:00,0,
BID-00808,REQ-075,VND-0149,165136.98,2026-05-30 20:19:00,0,
BID-00809,REQ-075,VND-0494,163883.9,2026-05-30 20:27:00,0,
BID-00810,REQ-075,VND-0076,161657.01,2026-05-30 20:35:00,0,
BID-00811,REQ-075,VND-0277,159609.41,2026-05-30 20:37:00,0,
BID-00812,REQ-075,VND-0149,158174.8,2026-05-30 20:44:00,0,
BID-00813,REQ-075,VND-0494,154562.06,2026-05-30 20:54:00,0,
BID-00814,REQ-075,VND-0368,153733.87,2026-05-30 20:56:00,0,
BID-00815,REQ-075,VND-0076,150709.61,2026-05-30 21:01:00,0,
BID-00816,REQ-075,VND-0076,147312.66,2026-05-30 21:07:00,0,
BID-00817,REQ-075,VND-0368,146273.49,2026-05-30 21:17:00,0,
BID-00818,REQ-076,VND-0499,172057.05,2026-05-27 09:08:00,0,
BID-00819,REQ-076,VND-0262,167771.2,2026-05-27 09:15:00,0,
BID-00820,REQ-076,VND-0042,165726.91,2026-05-27 09:20:00,0,
BID-00821,REQ-076,VND-0147,161755.81,2026-05-27 09:28:00,0,
BID-00822,REQ-076,VND-0295,160208.07,2026-05-27 09:32:00,0,
BID-00823,REQ-076,VND-0147,157054.93,2026-05-27 09:42:00,0,
BID-00824,REQ-076,VND-0147,155882.8,2026-05-27 09:44:00,0,
BID-00825,REQ-076,VND-0042,152370.62,2026-05-27 09:50:00,0,
BID-00826,REQ-076,VND-0419,149979.21,2026-05-27 09:52:00,0,
BID-00827,REQ-076,VND-0499,146245.69,2026-05-27 09:55:00,0,
BID-00828,REQ-076,VND-0262,143068.88,2026-05-27 09:57:00,0,
BID-00829,REQ-076,VND-0042,141265.49,2026-05-27 10:07:00,0,
BID-00830,REQ-076,VND-0093,139218.84,2026-05-27 10:11:00,0,
BID-00831,REQ-077,VND-0006,50625.06,2026-04-19 19:10:00,0,
BID-00832,REQ-077,VND-0358,49741.35,2026-04-19 19:14:00,0,
BID-00833,REQ-077,VND-0006,48666.28,2026-04-19 19:17:00,0,
BID-00834,REQ-077,VND-0396,48147.79,2026-04-19 19:20:00,0,
BID-00835,REQ-077,VND-0006,47715.76,2026-04-19 19:25:00,0,
BID-00836,REQ-077,VND-0358,46683.67,2026-04-19 19:30:00,0,
BID-00837,REQ-077,VND-0358,45793.47,2026-04-19 19:36:00,0,
BID-00838,REQ-077,VND-0379,45528.41,2026-04-19 19:45:00,0,
BID-00839,REQ-077,VND-0379,44674.11,2026-04-19 19:54:00,0,
BID-00840,REQ-077,VND-0358,44241.22,2026-04-19 19:56:00,0,
BID-00841,REQ-078,VND-0135,92387.13,2026-05-16 12:03:00,0,
BID-00842,REQ-078,VND-0410,90734.63,2026-05-16 12:12:00,0,
BID-00843,REQ-078,VND-0410,89801.65,2026-05-16 12:14:00,0,
BID-00844,REQ-078,VND-0115,87892.15,2026-05-16 12:16:00,0,
BID-00845,REQ-078,VND-0410,86819.49,2026-05-16 12:23:00,0,
BID-00846,REQ-078,VND-0410,85103.0,2026-05-16 12:26:00,0,
BID-00847,REQ-078,VND-0115,84661.02,2026-05-16 12:30:00,0,
BID-00848,REQ-079,VND-0406,192625.14,2026-06-02 13:03:00,0,
BID-00849,REQ-079,VND-0406,188522.36,2026-06-02 13:07:00,0,
BID-00850,REQ-079,VND-0207,186068.64,2026-06-02 13:16:00,0,
BID-00851,REQ-079,VND-0406,182028.31,2026-06-02 13:25:00,0,
BID-00852,REQ-079,VND-0259,178756.0,2026-06-02 13:29:00,0,
BID-00853,REQ-079,VND-0207,177388.48,2026-06-02 13:31:00,0,
BID-00854,REQ-079,VND-0213,176133.59,2026-06-02 13:40:00,0,
BID-00855,REQ-079,VND-0259,174614.4,2026-06-02 13:48:00,0,
BID-00856,REQ-079,VND-0406,171606.29,2026-06-02 13:52:00,0,
BID-00857,REQ-079,VND-0259,167589.33,2026-06-02 13:55:00,0,
BID-00858,REQ-079,VND-0259,165274.29,2026-06-02 13:58:00,0,
BID-00859,REQ-079,VND-0406,162282.92,2026-06-02 14:00:00,0,
BID-00860,REQ-079,VND-0213,158297.59,2026-06-02 14:07:00,0,
BID-00861,REQ-080,VND-0150,152060.1,2026-01-28 06:03:00,0,
BID-00862,REQ-080,VND-0150,150324.68,2026-01-28 06:10:00,0,
BID-00863,REQ-080,VND-0015,149421.68,2026-01-28 06:15:00,0,
BID-00864,REQ-080,VND-0240,146752.06,2026-01-28 06:23:00,0,
BID-00865,REQ-080,VND-0051,145786.93,2026-01-28 06:32:00,0,
BID-00866,REQ-080,VND-0240,143751.46,2026-01-28 06:41:00,0,
BID-00867,REQ-080,VND-0150,142124.01,2026-01-28 06:50:00,0,
BID-00868,REQ-080,VND-0370,139556.19,2026-01-28 06:53:00,0,
BID-00869,REQ-080,VND-0150,137707.53,2026-01-28 07:03:00,0,
BID-00870,REQ-080,VND-0240,137018.52,2026-01-28 07:06:00,0,
BID-00871,REQ-080,VND-0240,133693.98,2026-01-28 07:12:00,0,
BID-00872,REQ-080,VND-0240,131521.9,2026-01-28 07:21:00,0,
BID-00873,REQ-080,VND-0015,129908.54,2026-01-28 07:23:00,0,
BID-00874,REQ-081,VND-0471,10098.56,2026-03-05 05:07:00,0,
BID-00875,REQ-081,VND-0471,10025.04,2026-03-05 05:12:00,0,
BID-00876,REQ-081,VND-0404,9906.47,2026-03-05 05:18:00,0,
BID-00877,REQ-081,VND-0435,9717.84,2026-03-05 05:20:00,0,
BID-00878,REQ-081,VND-0298,9573.54,2026-03-05 05:28:00,0,
BID-00879,REQ-081,VND-0404,9476.98,2026-03-05 05:33:00,0,
BID-00880,REQ-081,VND-0298,9406.71,2026-03-05 05:41:00,0,
BID-00881,REQ-081,VND-0298,9273.69,2026-03-05 05:46:00,0,
BID-00882,REQ-081,VND-0435,9207.34,2026-03-05 05:54:00,0,
BID-00883,REQ-081,VND-0404,8990.67,2026-03-05 05:57:00,0,
BID-00884,REQ-081,VND-0471,8863.47,2026-03-05 06:07:00,0,
BID-00885,REQ-081,VND-0298,8648.29,2026-03-05 06:09:00,0,
BID-00886,REQ-081,VND-0404,8509.36,2026-03-05 06:17:00,0,
BID-00887,REQ-081,VND-0471,8309.5,2026-03-05 06:21:00,0,
BID-00888,REQ-081,VND-0298,8146.55,2026-03-05 06:25:00,0,
BID-00889,REQ-082,VND-0393,17447.72,2026-04-17 14:08:00,0,
BID-00890,REQ-082,VND-0393,17018.68,2026-04-17 14:13:00,0,
BID-00891,REQ-082,VND-0393,16798.16,2026-04-17 14:20:00,0,
BID-00892,REQ-082,VND-0393,16562.03,2026-04-17 14:24:00,0,
BID-00893,REQ-082,VND-0234,16342.5,2026-04-17 14:34:00,0,
BID-00894,REQ-082,VND-0393,15985.23,2026-04-17 14:44:00,0,
BID-00895,REQ-082,VND-0393,15677.72,2026-04-17 14:54:00,0,
BID-00896,REQ-082,VND-0356,15531.18,2026-04-17 14:59:00,0,
BID-00897,REQ-082,VND-0356,15231.62,2026-04-17 15:06:00,0,
BID-00898,REQ-082,VND-0356,15115.04,2026-04-17 15:10:00,0,
BID-00899,REQ-082,VND-0356,14875.47,2026-04-17 15:17:00,0,
BID-00900,REQ-082,VND-0356,14766.76,2026-04-17 15:24:00,0,
BID-00901,REQ-082,VND-0356,14551.06,2026-04-17 15:32:00,0,
BID-00902,REQ-082,VND-0356,14260.66,2026-04-17 15:42:00,0,
BID-00903,REQ-083,VND-0346,93709.55,2026-03-03 09:05:00,0,
BID-00904,REQ-083,VND-0268,91835.01,2026-03-03 09:09:00,0,
BID-00905,REQ-083,VND-0268,90120.65,2026-03-03 09:13:00,0,
BID-00906,REQ-083,VND-0346,88425.31,2026-03-03 09:19:00,0,
BID-00907,REQ-083,VND-0033,86650.45,2026-03-03 09:21:00,0,
BID-00908,REQ-083,VND-0268,84806.48,2026-03-03 09:24:00,0,
BID-00909,REQ-083,VND-0437,82910.15,2026-03-03 09:34:00,0,
BID-00910,REQ-083,VND-0033,81264.53,2026-03-03 09:44:00,0,
BID-00911,REQ-084,VND-0460,180246.53,2026-06-27 07:10:00,0,
BID-00912,REQ-084,VND-0174,179298.56,2026-06-27 07:16:00,0,
BID-00913,REQ-084,VND-0423,176176.75,2026-06-27 07:25:00,0,
BID-00914,REQ-084,VND-0423,172084.21,2026-06-27 07:32:00,0,
BID-00915,REQ-084,VND-0287,169342.51,2026-06-27 07:37:00,0,
BID-00916,REQ-084,VND-0460,165229.89,2026-06-27 07:43:00,0,
BID-00917,REQ-084,VND-0027,163817.42,2026-06-27 07:46:00,0,
BID-00918,REQ-084,VND-0423,159844.93,2026-06-27 07:56:00,0,
BID-00919,REQ-084,VND-0174,157839.84,2026-06-27 08:04:00,0,
BID-00920,REQ-084,VND-0222,155293.57,2026-06-27 08:08:00,0,
BID-00921,REQ-084,VND-0423,152703.32,2026-06-27 08:14:00,0,
BID-00922,REQ-084,VND-0174,150930.24,2026-06-27 08:18:00,0,
BID-00923,REQ-085,VND-0414,108141.7,2026-02-01 17:06:00,0,
BID-00924,REQ-085,VND-0183,105892.55,2026-02-01 17:16:00,0,
BID-00925,REQ-085,VND-0183,105208.74,2026-02-01 17:23:00,0,
BID-00926,REQ-085,VND-0414,104219.86,2026-02-01 17:27:00,0,
BID-00927,REQ-085,VND-0414,103556.65,2026-02-01 17:37:00,0,
BID-00928,REQ-085,VND-0092,102177.42,2026-02-01 17:47:00,0,
BID-00929,REQ-086,VND-0146,100963.75,2026-03-12 04:10:00,0,
BID-00930,REQ-086,VND-0122,98446.46,2026-03-12 04:12:00,0,
BID-00931,REQ-086,VND-0079,96637.13,2026-03-12 04:21:00,0,
BID-00932,REQ-086,VND-0228,94405.79,2026-03-12 04:26:00,0,
BID-00933,REQ-086,VND-0079,92645.02,2026-03-12 04:33:00,0,
BID-00934,REQ-086,VND-0122,90484.67,2026-03-12 04:36:00,0,
BID-00935,REQ-086,VND-0122,89567.89,2026-03-12 04:42:00,0,
BID-00936,REQ-086,VND-0079,87487.53,2026-03-12 04:49:00,0,
BID-00937,REQ-086,VND-0441,85645.36,2026-03-12 04:58:00,0,
BID-00938,REQ-086,VND-0122,85142.02,2026-03-12 05:03:00,0,
BID-00939,REQ-086,VND-0146,83841.23,2026-03-12 05:06:00,0,
BID-00940,REQ-087,VND-0003,24997.24,2026-03-22 19:08:00,0,
BID-00941,REQ-087,VND-0444,24769.48,2026-03-22 19:16:00,0,
BID-00942,REQ-087,VND-0444,24275.63,2026-03-22 19:20:00,0,
BID-00943,REQ-087,VND-0444,23931.29,2026-03-22 19:27:00,0,
BID-00944,REQ-087,VND-0444,23769.74,2026-03-22 19:29:00,0,
BID-00945,REQ-087,VND-0003,23273.33,2026-03-22 19:39:00,0,
BID-00946,REQ-087,VND-0444,22889.34,2026-03-22 19:44:00,0,
BID-00947,REQ-087,VND-0490,22588.28,2026-03-22 19:53:00,0,
BID-00948,REQ-087,VND-0036,22279.72,2026-03-22 19:55:00,0,
BID-00949,REQ-088,VND-0041,132124.29,2026-05-02 22:06:00,0,
BID-00950,REQ-088,VND-0041,131235.08,2026-05-02 22:15:00,0,
BID-00951,REQ-088,VND-0061,129541.85,2026-05-02 22:17:00,0,
BID-00952,REQ-088,VND-0061,128489.13,2026-05-02 22:22:00,0,
BID-00953,REQ-088,VND-0427,125927.69,2026-05-02 22:32:00,0,
BID-00954,REQ-088,VND-0005,122879.9,2026-05-02 22:36:00,0,
BID-00955,REQ-088,VND-0005,120601.0,2026-05-02 22:43:00,0,
BID-00956,REQ-088,VND-0086,118662.88,2026-05-02 22:53:00,0,
BID-00957,REQ-088,VND-0427,117777.1,2026-05-02 22:55:00,0,
BID-00958,REQ-088,VND-0041,115782.76,2026-05-02 23:05:00,0,
BID-00959,REQ-088,VND-0041,113010.97,2026-05-02 23:11:00,0,
BID-00960,REQ-089,VND-0132,163875.25,2026-03-13 16:06:00,0,
BID-00961,REQ-089,VND-0132,162680.2,2026-03-13 16:08:00,0,
BID-00962,REQ-089,VND-0423,159769.28,2026-03-13 16:11:00,0,
BID-00963,REQ-089,VND-0327,156824.14,2026-03-13 16:17:00,0,
BID-00964,REQ-089,VND-0263,155420.83,2026-03-13 16:26:00,0,
BID-00965,REQ-089,VND-0327,153533.59,2026-03-13 16:31:00,0,
BID-00966,REQ-089,VND-0263,151890.36,2026-03-13 16:34:00,0,
BID-00967,REQ-089,VND-0132,150165.53,2026-03-13 16:43:00,0,
BID-00968,REQ-090,VND-0294,77888.29,2026-06-05 01:07:00,0,
BID-00969,REQ-090,VND-0314,77236.14,2026-06-05 01:14:00,0,
BID-00970,REQ-090,VND-0313,75636.34,2026-06-05 01:22:00,0,
BID-00971,REQ-090,VND-0195,73987.3,2026-06-05 01:26:00,0,
BID-00972,REQ-090,VND-0195,72318.31,2026-06-05 01:35:00,0,
BID-00973,REQ-090,VND-0314,71437.85,2026-06-05 01:41:00,0,
BID-00974,REQ-090,VND-0314,70292.46,2026-06-05 01:45:00,0,
BID-00975,REQ-090,VND-0294,69825.75,2026-06-05 01:51:00,0,
BID-00976,REQ-091,VND-0451,152675.36,2026-03-08 00:10:00,0,
BID-00977,REQ-091,VND-0451,149430.58,2026-03-08 00:18:00,0,
BID-00978,REQ-091,VND-0128,145974.83,2026-03-08 00:28:00,0,
BID-00979,REQ-091,VND-0175,143658.3,2026-03-08 00:38:00,0,
BID-00980,REQ-091,VND-0500,141061.22,2026-03-08 00:42:00,0,
BID-00981,REQ-091,VND-0175,139248.59,2026-03-08 00:48:00,0,
BID-00982,REQ-091,VND-0128,137258.17,2026-03-08 00:58:00,0,
BID-00983,REQ-092,VND-0032,183269.3,2026-06-24 08:00:02,1,COL-REQ-092
BID-00984,REQ-092,VND-0242,183119.3,2026-06-24 08:00:03,1,COL-REQ-092
BID-00985,REQ-092,VND-0032,182969.3,2026-06-24 08:00:04,1,COL-REQ-092
BID-00986,REQ-092,VND-0242,182819.3,2026-06-24 08:00:05,1,COL-REQ-092
BID-00987,REQ-092,VND-0032,182669.3,2026-06-24 08:00:06,1,COL-REQ-092
BID-00988,REQ-092,VND-0242,182519.3,2026-06-24 08:00:08,1,COL-REQ-092
BID-00989,REQ-092,VND-0032,182369.3,2026-06-24 08:00:09,1,COL-REQ-092
BID-00990,REQ-092,VND-0242,182219.3,2026-06-24 08:00:10,1,COL-REQ-092
BID-00991,REQ-092,VND-0032,182069.3,2026-06-24 08:00:11,1,COL-REQ-092
BID-00992,REQ-092,VND-0242,181919.3,2026-06-24 08:00:13,1,COL-REQ-092
BID-00993,REQ-092,VND-0006,164658.29,2026-06-24 08:07:13,0,
BID-00994,REQ-092,VND-0007,167244.13,2026-06-24 08:15:13,0,
BID-00995,REQ-093,VND-0245,42347.74,2026-05-15 20:00:01,1,COL-REQ-093
BID-00996,REQ-093,VND-0317,42197.74,2026-05-15 20:00:02,1,COL-REQ-093
BID-00997,REQ-093,VND-0245,42047.74,2026-05-15 20:00:03,1,COL-REQ-093
BID-00998,REQ-093,VND-0317,41897.74,2026-05-15 20:00:05,1,COL-REQ-093
BID-00999,REQ-093,VND-0245,41747.74,2026-05-15 20:00:07,1,COL-REQ-093
BID-01000,REQ-093,VND-0317,41597.74,2026-05-15 20:00:09,1,COL-REQ-093
BID-01001,REQ-093,VND-0245,41447.74,2026-05-15 20:00:11,1,COL-REQ-093
BID-01002,REQ-093,VND-0317,41297.74,2026-05-15 20:00:12,1,COL-REQ-093
BID-01003,REQ-093,VND-0245,41147.74,2026-05-15 20:00:13,1,COL-REQ-093
BID-01004,REQ-093,VND-0317,40997.74,2026-05-15 20:00:15,1,COL-REQ-093
BID-01005,REQ-093,VND-0003,40227.98,2026-05-15 20:05:15,0,
BID-01006,REQ-093,VND-0017,40008.25,2026-05-15 20:14:15,0,
BID-01007,REQ-094,VND-0438,105731.94,2026-04-24 20:03:00,0,
BID-01008,REQ-094,VND-0131,104671.26,2026-04-24 20:08:00,0,
BID-01009,REQ-094,VND-0131,103298.31,2026-04-24 20:15:00,0,
BID-01010,REQ-094,VND-0438,101144.21,2026-04-24 20:17:00,0,
BID-01011,REQ-094,VND-0131,98854.24,2026-04-24 20:26:00,0,
BID-01012,REQ-094,VND-0443,97905.26,2026-04-24 20:36:00,0,
BID-01013,REQ-094,VND-0427,97001.56,2026-04-24 20:40:00,0,
BID-01014,REQ-094,VND-0443,95813.83,2026-04-24 20:43:00,0,
BID-01015,REQ-094,VND-0443,94540.24,2026-04-24 20:50:00,0,
BID-01016,REQ-094,VND-0182,93157.09,2026-04-24 20:59:00,0,
BID-01017,REQ-094,VND-0438,92298.73,2026-04-24 21:03:00,0,
BID-01018,REQ-094,VND-0438,91795.8,2026-04-24 21:05:00,0,
BID-01019,REQ-095,VND-0059,57792.31,2026-04-17 10:00:01,1,COL-REQ-095
BID-01020,REQ-095,VND-0352,57642.31,2026-04-17 10:00:02,1,COL-REQ-095
BID-01021,REQ-095,VND-0059,57492.31,2026-04-17 10:00:03,1,COL-REQ-095
BID-01022,REQ-095,VND-0352,57342.31,2026-04-17 10:00:04,1,COL-REQ-095
BID-01023,REQ-095,VND-0059,57192.31,2026-04-17 10:00:05,1,COL-REQ-095
BID-01024,REQ-095,VND-0352,57042.31,2026-04-17 10:00:06,1,COL-REQ-095
BID-01025,REQ-095,VND-0059,56892.31,2026-04-17 10:00:08,1,COL-REQ-095
BID-01026,REQ-095,VND-0352,56742.31,2026-04-17 10:00:09,1,COL-REQ-095
BID-01027,REQ-095,VND-0059,56592.31,2026-04-17 10:00:11,1,COL-REQ-095
BID-01028,REQ-095,VND-0352,56442.31,2026-04-17 10:00:12,1,COL-REQ-095
BID-01029,REQ-095,VND-0002,54951.15,2026-04-17 10:10:12,0,
BID-01030,REQ-095,VND-0010,55887.35,2026-04-17 10:17:12,0,
BID-01031,REQ-096,VND-0101,156890.62,2026-02-13 10:04:00,0,
BID-01032,REQ-096,VND-0306,155579.89,2026-02-13 10:11:00,0,
BID-01033,REQ-096,VND-0101,152945.82,2026-02-13 10:14:00,0,
BID-01034,REQ-096,VND-0414,151024.17,2026-02-13 10:18:00,0,
BID-01035,REQ-096,VND-0282,150219.02,2026-02-13 10:28:00,0,
BID-01036,REQ-096,VND-0101,146984.76,2026-02-13 10:31:00,0,
BID-01037,REQ-096,VND-0414,144850.93,2026-02-13 10:33:00,0,
BID-01038,REQ-096,VND-0282,143856.7,2026-02-13 10:37:00,0,
BID-01039,REQ-096,VND-0282,140556.72,2026-02-13 10:45:00,0,
BID-01040,REQ-097,VND-0012,115656.75,2026-06-21 12:03:00,0,
BID-01041,REQ-097,VND-0430,114768.78,2026-06-21 12:12:00,0,
BID-01042,REQ-097,VND-0377,113661.23,2026-06-21 12:15:00,0,
BID-01043,REQ-097,VND-0012,111732.87,2026-06-21 12:25:00,0,
BID-01044,REQ-097,VND-0430,110598.1,2026-06-21 12:27:00,0,
BID-01045,REQ-097,VND-0161,108400.2,2026-06-21 12:29:00,0,
BID-01046,REQ-097,VND-0330,106725.32,2026-06-21 12:39:00,0,
BID-01047,REQ-097,VND-0327,105391.19,2026-06-21 12:44:00,0,
BID-01048,REQ-097,VND-0161,103168.94,2026-06-21 12:52:00,0,
BID-01049,REQ-097,VND-0012,102433.18,2026-06-21 13:00:00,0,
BID-01050,REQ-097,VND-0161,100721.78,2026-06-21 13:06:00,0,
BID-01051,REQ-097,VND-0377,99138.23,2026-06-21 13:13:00,0,
BID-01052,REQ-098,VND-0196,126660.26,2026-03-24 08:09:00,0,
BID-01053,REQ-098,VND-0196,123522.86,2026-03-24 08:16:00,0,
BID-01054,REQ-098,VND-0365,121162.35,2026-03-24 08:20:00,0,
BID-01055,REQ-098,VND-0365,118463.27,2026-03-24 08:23:00,0,
BID-01056,REQ-098,VND-0457,117326.56,2026-03-24 08:27:00,0,
BID-01057,REQ-098,VND-0249,116236.7,2026-03-24 08:35:00,0,
BID-01058,REQ-098,VND-0365,114868.73,2026-03-24 08:45:00,0,
BID-01059,REQ-098,VND-0445,112692.99,2026-03-24 08:47:00,0,
BID-01060,REQ-099,VND-0367,158275.36,2026-05-14 00:08:00,0,
BID-01061,REQ-099,VND-0234,157281.13,2026-05-14 00:13:00,0,
BID-01062,REQ-099,VND-0002,156242.95,2026-05-14 00:15:00,0,
BID-01063,REQ-099,VND-0479,152553.48,2026-05-14 00:23:00,0,
BID-01064,REQ-099,VND-0002,149619.55,2026-05-14 00:25:00,0,
BID-01065,REQ-099,VND-0367,146955.45,2026-05-14 00:34:00,0,
BID-01066,REQ-099,VND-0234,145627.84,2026-05-14 00:44:00,0,
BID-01067,REQ-100,VND-0055,80791.62,2026-02-20 16:02:00,0,
BID-01068,REQ-100,VND-0346,80001.06,2026-02-20 16:04:00,0,
BID-01069,REQ-100,VND-0055,79462.11,2026-02-20 16:10:00,0,
BID-01070,REQ-100,VND-0299,78503.59,2026-02-20 16:18:00,0,
BID-01071,REQ-100,VND-0299,77190.89,2026-02-20 16:28:00,0,
BID-01072,REQ-100,VND-0141,75667.25,2026-02-20 16:31:00,0,
BID-01073,REQ-100,VND-0141,74457.19,2026-02-20 16:41:00,0,
BID-01074,REQ-100,VND-0268,73566.54,2026-02-20 16:47:00,0,
BID-01075,REQ-100,VND-0055,72306.55,2026-02-20 16:52:00,0,
BID-01076,REQ-100,VND-0299,70600.53,2026-02-20 16:54:00,0,
BID-01077,REQ-100,VND-0346,70000.38,2026-02-20 17:04:00,0,
BID-01078,REQ-100,VND-0141,68868.29,2026-02-20 17:14:00,0,
BID-01079,REQ-100,VND-0346,68055.69,2026-02-20 17:17:00,0,
BID-01080,REQ-100,VND-0268,66413.22,2026-02-20 17:27:00,0,
BID-01081,REQ-101,VND-0410,180841.9,2026-04-26 01:09:00,0,
BID-01082,REQ-101,VND-0428,176819.89,2026-04-26 01:18:00,0,
BID-01083,REQ-101,VND-0240,175024.04,2026-04-26 01:26:00,0,
BID-01084,REQ-101,VND-0115,171388.24,2026-04-26 01:31:00,0,
BID-01085,REQ-101,VND-0115,168127.84,2026-04-26 01:38:00,0,
BID-01086,REQ-101,VND-0392,164074.46,2026-04-26 01:48:00,0,
BID-01087,REQ-101,VND-0428,163222.18,2026-04-26 01:54:00,0,
BID-01088,REQ-101,VND-0371,161468.23,2026-04-26 02:02:00,0,
BID-01089,REQ-101,VND-0115,158242.78,2026-04-26 02:09:00,0,
BID-01090,REQ-101,VND-0240,155696.49,2026-04-26 02:13:00,0,
BID-01091,REQ-101,VND-0392,153940.63,2026-04-26 02:18:00,0,
BID-01092,REQ-102,VND-0438,103343.6,2026-03-17 14:00:01,1,COL-REQ-102
BID-01093,REQ-102,VND-0199,103193.6,2026-03-17 14:00:02,1,COL-REQ-102
BID-01094,REQ-102,VND-0438,103043.6,2026-03-17 14:00:04,1,COL-REQ-102
BID-01095,REQ-102,VND-0199,102893.6,2026-03-17 14:00:05,1,COL-REQ-102
BID-01096,REQ-102,VND-0438,102743.6,2026-03-17 14:00:06,1,COL-REQ-102
BID-01097,REQ-102,VND-0199,102593.6,2026-03-17 14:00:07,1,COL-REQ-102
BID-01098,REQ-102,VND-0438,102443.6,2026-03-17 14:00:09,1,COL-REQ-102
BID-01099,REQ-102,VND-0199,102293.6,2026-03-17 14:00:10,1,COL-REQ-102
BID-01100,REQ-102,VND-0438,102143.6,2026-03-17 14:00:11,1,COL-REQ-102
BID-01101,REQ-102,VND-0199,101993.6,2026-03-17 14:00:12,1,COL-REQ-102
BID-01102,REQ-102,VND-0005,98977.29,2026-03-17 14:06:12,0,
BID-01103,REQ-102,VND-0035,93789.13,2026-03-17 14:13:12,0,
BID-01104,REQ-103,VND-0394,35617.44,2026-06-07 07:10:00,0,
BID-01105,REQ-103,VND-0057,34835.27,2026-06-07 07:17:00,0,
BID-01106,REQ-103,VND-0394,34441.35,2026-06-07 07:23:00,0,
BID-01107,REQ-103,VND-0046,34143.17,2026-06-07 07:33:00,0,
BID-01108,REQ-103,VND-0046,33700.76,2026-06-07 07:37:00,0,
BID-01109,REQ-103,VND-0057,33177.9,2026-06-07 07:45:00,0,
BID-01110,REQ-103,VND-0046,32388.5,2026-06-07 07:47:00,0,
BID-01111,REQ-103,VND-0394,32001.59,2026-06-07 07:51:00,0,
BID-01112,REQ-103,VND-0046,31216.59,2026-06-07 08:01:00,0,
BID-01113,REQ-103,VND-0046,30863.43,2026-06-07 08:03:00,0,
BID-01114,REQ-103,VND-0057,30293.01,2026-06-07 08:11:00,0,
BID-01115,REQ-103,VND-0394,30080.51,2026-06-07 08:18:00,0,
BID-01116,REQ-103,VND-0394,29411.61,2026-06-07 08:22:00,0,
BID-01117,REQ-104,VND-0409,139404.39,2026-04-17 02:07:00,0,
BID-01118,REQ-104,VND-0199,136325.43,2026-04-17 02:13:00,0,
BID-01119,REQ-104,VND-0409,135153.33,2026-04-17 02:17:00,0,
BID-01120,REQ-104,VND-0298,132623.23,2026-04-17 02:20:00,0,
BID-01121,REQ-104,VND-0324,131244.08,2026-04-17 02:25:00,0,
BID-01122,REQ-104,VND-0298,129453.34,2026-04-17 02:33:00,0,
BID-01123,REQ-104,VND-0176,128428.48,2026-04-17 02:37:00,0,
BID-01124,REQ-104,VND-0409,125716.92,2026-04-17 02:41:00,0,
BID-01125,REQ-104,VND-0409,123832.18,2026-04-17 02:51:00,0,
BID-01126,REQ-104,VND-0298,121428.44,2026-04-17 03:00:00,0,
BID-01127,REQ-104,VND-0199,120211.79,2026-04-17 03:02:00,0,
BID-01128,REQ-104,VND-0409,119372.78,2026-04-17 03:06:00,0,
BID-01129,REQ-104,VND-0182,118261.49,2026-04-17 03:12:00,0,
BID-01130,REQ-105,VND-0272,151551.66,2026-02-02 20:00:01,1,COL-REQ-105
BID-01131,REQ-105,VND-0367,151401.66,2026-02-02 20:00:03,1,COL-REQ-105
BID-01132,REQ-105,VND-0272,151251.66,2026-02-02 20:00:05,1,COL-REQ-105
BID-01133,REQ-105,VND-0367,151101.66,2026-02-02 20:00:07,1,COL-REQ-105
BID-01134,REQ-105,VND-0272,150951.66,2026-02-02 20:00:09,1,COL-REQ-105
BID-01135,REQ-105,VND-0367,150801.66,2026-02-02 20:00:11,1,COL-REQ-105
BID-01136,REQ-105,VND-0272,150651.66,2026-02-02 20:00:13,1,COL-REQ-105
BID-01137,REQ-105,VND-0367,150501.66,2026-02-02 20:00:15,1,COL-REQ-105
BID-01138,REQ-105,VND-0272,150351.66,2026-02-02 20:00:16,1,COL-REQ-105
BID-01139,REQ-105,VND-0367,150201.66,2026-02-02 20:00:18,1,COL-REQ-105
BID-01140,REQ-105,VND-0002,139657.56,2026-02-02 20:05:18,0,
BID-01141,REQ-105,VND-0010,146498.8,2026-02-02 20:15:18,0,
BID-01142,REQ-106,VND-0278,66000.57,2026-03-13 13:10:00,0,
BID-01143,REQ-106,VND-0123,64647.9,2026-03-13 13:19:00,0,
BID-01144,REQ-106,VND-0294,63831.95,2026-03-13 13:25:00,0,
BID-01145,REQ-106,VND-0123,62706.32,2026-03-13 13:29:00,0,
BID-01146,REQ-106,VND-0302,61589.42,2026-03-13 13:36:00,0,
BID-01147,REQ-106,VND-0123,60503.88,2026-03-13 13:44:00,0,
BID-01148,REQ-106,VND-0294,60105.63,2026-03-13 13:51:00,0,
BID-01149,REQ-106,VND-0302,59428.26,2026-03-13 13:57:00,0,
BID-01150,REQ-106,VND-0278,58411.58,2026-03-13 14:05:00,0,
BID-01151,REQ-106,VND-0278,57082.49,2026-03-13 14:12:00,0,
BID-01152,REQ-107,VND-0033,170422.79,2026-05-24 04:03:00,0,
BID-01153,REQ-107,VND-0259,169001.77,2026-05-24 04:06:00,0,
BID-01154,REQ-107,VND-0268,167941.14,2026-05-24 04:15:00,0,
BID-01155,REQ-107,VND-0390,166920.64,2026-05-24 04:23:00,0,
BID-01156,REQ-107,VND-0390,163532.17,2026-05-24 04:26:00,0,
BID-01157,REQ-107,VND-0268,161856.12,2026-05-24 04:30:00,0,
BID-01158,REQ-107,VND-0268,158927.06,2026-05-24 04:38:00,0,
BID-01159,REQ-107,VND-0233,157403.41,2026-05-24 04:44:00,0,
BID-01160,REQ-107,VND-0123,154644.19,2026-05-24 04:48:00,0,
BID-01161,REQ-108,VND-0267,178824.98,2026-01-20 08:06:00,0,
BID-01162,REQ-108,VND-0224,176339.87,2026-01-20 08:16:00,0,
BID-01163,REQ-108,VND-0007,173374.43,2026-01-20 08:25:00,0,
BID-01164,REQ-108,VND-0202,169910.71,2026-01-20 08:33:00,0,
BID-01165,REQ-108,VND-0224,166887.03,2026-01-20 08:43:00,0,
BID-01166,REQ-108,VND-0020,163018.84,2026-01-20 08:52:00,0,
BID-01167,REQ-108,VND-0224,161463.22,2026-01-20 08:55:00,0,
BID-01168,REQ-108,VND-0375,159661.72,2026-01-20 09:03:00,0,
BID-01169,REQ-108,VND-0020,158366.17,2026-01-20 09:05:00,0,
BID-01170,REQ-108,VND-0084,155916.83,2026-01-20 09:09:00,0,
BID-01171,REQ-108,VND-0020,154243.02,2026-01-20 09:19:00,0,
BID-01172,REQ-108,VND-0084,151350.13,2026-01-20 09:28:00,0,
BID-01173,REQ-108,VND-0267,149149.3,2026-01-20 09:30:00,0,
BID-01174,REQ-109,VND-0137,58185.64,2026-01-03 09:05:00,0,
BID-01175,REQ-109,VND-0194,57062.73,2026-01-03 09:13:00,0,
BID-01176,REQ-109,VND-0238,56525.67,2026-01-03 09:16:00,0,
BID-01177,REQ-109,VND-0238,55536.1,2026-01-03 09:26:00,0,
BID-01178,REQ-109,VND-0137,54361.43,2026-01-03 09:32:00,0,
BID-01179,REQ-109,VND-0040,53384.6,2026-01-03 09:42:00,0,
BID-01180,REQ-109,VND-0040,52676.83,2026-01-03 09:45:00,0,
BID-01181,REQ-109,VND-0194,52269.5,2026-01-03 09:48:00,0,
BID-01182,REQ-109,VND-0082,51532.14,2026-01-03 09:57:00,0,
BID-01183,REQ-109,VND-0040,50552.55,2026-01-03 10:06:00,0,
BID-01184,REQ-109,VND-0194,49975.6,2026-01-03 10:10:00,0,
BID-01185,REQ-109,VND-0253,48756.48,2026-01-03 10:12:00,0,
BID-01186,REQ-110,VND-0091,194886.48,2026-02-10 14:04:00,0,
BID-01187,REQ-110,VND-0091,191988.2,2026-02-10 14:11:00,0,
BID-01188,REQ-110,VND-0133,189831.88,2026-02-10 14:20:00,0,
BID-01189,REQ-110,VND-0243,187122.28,2026-02-10 14:22:00,0,
BID-01190,REQ-110,VND-0243,185886.44,2026-02-10 14:26:00,0,
BID-01191,REQ-110,VND-0091,183966.22,2026-02-10 14:34:00,0,
BID-01192,REQ-110,VND-0091,181047.81,2026-02-10 14:38:00,0,
BID-01193,REQ-110,VND-0264,176899.28,2026-02-10 14:44:00,0,
BID-01194,REQ-110,VND-0133,173084.44,2026-02-10 14:47:00,0,
BID-01195,REQ-110,VND-0264,170886.97,2026-02-10 14:56:00,0,
BID-01196,REQ-110,VND-0264,167511.55,2026-02-10 14:58:00,0,
BID-01197,REQ-110,VND-0264,165130.09,2026-02-10 15:01:00,0,
BID-01198,REQ-110,VND-0264,162742.88,2026-02-10 15:07:00,0,
BID-01199,REQ-111,VND-0437,32197.31,2026-05-24 17:09:00,0,
BID-01200,REQ-111,VND-0323,31908.36,2026-05-24 17:11:00,0,
BID-01201,REQ-111,VND-0302,31127.71,2026-05-24 17:16:00,0,
BID-01202,REQ-111,VND-0055,30770.04,2026-05-24 17:20:00,0,
BID-01203,REQ-111,VND-0323,30256.37,2026-05-24 17:28:00,0,
BID-01204,REQ-111,VND-0302,30099.68,2026-05-24 17:30:00,0,
BID-01205,REQ-111,VND-0437,29477.54,2026-05-24 17:39:00,0,
BID-01206,REQ-111,VND-0437,29238.77,2026-05-24 17:42:00,0,
BID-01207,REQ-111,VND-0302,29000.36,2026-05-24 17:45:00,0,
BID-01208,REQ-111,VND-0437,28659.07,2026-05-24 17:47:00,0,
BID-01209,REQ-111,VND-0123,28312.0,2026-05-24 17:51:00,0,
BID-01210,REQ-111,VND-0437,27722.28,2026-05-24 17:55:00,0,
BID-01211,REQ-111,VND-0055,27454.66,2026-05-24 18:05:00,0,
BID-01212,REQ-111,VND-0323,26875.08,2026-05-24 18:14:00,0,
BID-01213,REQ-112,VND-0231,43373.21,2026-02-20 22:09:00,0,
BID-01214,REQ-112,VND-0213,42671.41,2026-02-20 22:19:00,0,
BID-01215,REQ-112,VND-0213,42296.09,2026-02-20 22:23:00,0,
BID-01216,REQ-112,VND-0231,41810.8,2026-02-20 22:32:00,0,
BID-01217,REQ-112,VND-0231,40876.19,2026-02-20 22:42:00,0,
BID-01218,REQ-112,VND-0314,40615.5,2026-02-20 22:46:00,0,
BID-01219,REQ-112,VND-0213,40172.25,2026-02-20 22:52:00,0,
BID-01220,REQ-112,VND-0231,39606.56,2026-02-20 23:02:00,0,
BID-01221,REQ-113,VND-0428,39927.62,2026-04-18 01:08:00,0,
BID-01222,REQ-113,VND-0023,39309.48,2026-04-18 01:17:00,0,
BID-01223,REQ-113,VND-0150,38991.76,2026-04-18 01:23:00,0,
BID-01224,REQ-113,VND-0361,38477.22,2026-04-18 01:30:00,0,
BID-01225,REQ-113,VND-0154,38210.76,2026-04-18 01:33:00,0,
BID-01226,REQ-113,VND-0154,37381.44,2026-04-18 01:37:00,0,
BID-01227,REQ-113,VND-0023,36541.49,2026-04-18 01:42:00,0,
BID-01228,REQ-114,VND-0054,170211.59,2026-04-10 12:00:01,1,COL-REQ-114
BID-01229,REQ-114,VND-0408,170061.59,2026-04-10 12:00:02,1,COL-REQ-114
BID-01230,REQ-114,VND-0054,169911.59,2026-04-10 12:00:03,1,COL-REQ-114
BID-01231,REQ-114,VND-0408,169761.59,2026-04-10 12:00:05,1,COL-REQ-114
BID-01232,REQ-114,VND-0054,169611.59,2026-04-10 12:00:07,1,COL-REQ-114
BID-01233,REQ-114,VND-0408,169461.59,2026-04-10 12:00:09,1,COL-REQ-114
BID-01234,REQ-114,VND-0054,169311.59,2026-04-10 12:00:10,1,COL-REQ-114
BID-01235,REQ-114,VND-0408,169161.59,2026-04-10 12:00:12,1,COL-REQ-114
BID-01236,REQ-114,VND-0054,169011.59,2026-04-10 12:00:13,1,COL-REQ-114
BID-01237,REQ-114,VND-0408,168861.59,2026-04-10 12:00:14,1,COL-REQ-114
BID-01238,REQ-114,VND-0004,164105.69,2026-04-10 12:05:14,0,
BID-01239,REQ-114,VND-0009,160660.39,2026-04-10 12:11:14,0,
BID-01240,REQ-115,VND-0346,130444.39,2026-05-11 18:08:00,0,
BID-01241,REQ-115,VND-0346,127720.06,2026-05-11 18:10:00,0,
BID-01242,REQ-115,VND-0302,126402.46,2026-05-11 18:12:00,0,
BID-01243,REQ-115,VND-0302,125592.5,2026-05-11 18:18:00,0,
BID-01244,REQ-115,VND-0259,122591.84,2026-05-11 18:28:00,0,
BID-01245,REQ-115,VND-0259,121730.69,2026-05-11 18:33:00,0,
BID-01246,REQ-116,VND-0393,33967.69,2026-05-17 14:08:00,0,
BID-01247,REQ-116,VND-0144,33726.17,2026-05-17 14:15:00,0,
BID-01248,REQ-116,VND-0144,33248.12,2026-05-17 14:23:00,0,
BID-01249,REQ-116,VND-0234,32970.96,2026-05-17 14:27:00,0,
BID-01250,REQ-116,VND-0393,32541.31,2026-05-17 14:34:00,0,
BID-01251,REQ-116,VND-0144,32275.66,2026-05-17 14:43:00,0,
BID-01252,REQ-116,VND-0459,31531.72,2026-05-17 14:53:00,0,
BID-01253,REQ-116,VND-0459,30841.26,2026-05-17 15:01:00,0,
BID-01254,REQ-117,VND-0500,86169.92,2026-06-19 04:00:02,1,COL-REQ-117
BID-01255,REQ-117,VND-0330,86019.92,2026-06-19 04:00:03,1,COL-REQ-117
BID-01256,REQ-117,VND-0500,85869.92,2026-06-19 04:00:04,1,COL-REQ-117
BID-01257,REQ-117,VND-0330,85719.92,2026-06-19 04:00:06,1,COL-REQ-117
BID-01258,REQ-117,VND-0500,85569.92,2026-06-19 04:00:08,1,COL-REQ-117
BID-01259,REQ-117,VND-0330,85419.92,2026-06-19 04:00:10,1,COL-REQ-117
BID-01260,REQ-117,VND-0500,85269.92,2026-06-19 04:00:12,1,COL-REQ-117
BID-01261,REQ-117,VND-0330,85119.92,2026-06-19 04:00:14,1,COL-REQ-117
BID-01262,REQ-117,VND-0500,84969.92,2026-06-19 04:00:16,1,COL-REQ-117
BID-01263,REQ-117,VND-0330,84819.92,2026-06-19 04:00:17,1,COL-REQ-117
BID-01264,REQ-117,VND-0004,77454.08,2026-06-19 04:10:17,0,
BID-01265,REQ-117,VND-0009,81022.91,2026-06-19 04:17:17,0,
BID-01266,REQ-118,VND-0120,122429.65,2026-06-11 22:06:00,0,
BID-01267,REQ-118,VND-0437,120565.6,2026-06-11 22:10:00,0,
BID-01268,REQ-118,VND-0120,119871.78,2026-06-11 22:17:00,0,
BID-01269,REQ-118,VND-0406,118940.6,2026-06-11 22:24:00,0,
BID-01270,REQ-118,VND-0437,117751.53,2026-06-11 22:30:00,0,
BID-01271,REQ-118,VND-0141,116455.55,2026-06-11 22:38:00,0,
BID-01272,REQ-118,VND-0437,113735.43,2026-06-11 22:41:00,0,
BID-01273,REQ-118,VND-0155,112428.17,2026-06-11 22:50:00,0,
BID-01274,REQ-118,VND-0406,110768.11,2026-06-11 22:53:00,0,
BID-01275,REQ-118,VND-0437,108791.44,2026-06-11 22:55:00,0,
BID-01276,REQ-118,VND-0155,106488.67,2026-06-11 23:03:00,0,
BID-01277,REQ-119,VND-0212,20773.29,2026-03-28 21:03:00,0,
BID-01278,REQ-119,VND-0062,20358.79,2026-03-28 21:05:00,0,
BID-01279,REQ-119,VND-0228,19940.45,2026-03-28 21:13:00,0,
BID-01280,REQ-119,VND-0062,19719.2,2026-03-28 21:15:00,0,
BID-01281,REQ-119,VND-0212,19407.66,2026-03-28 21:19:00,0,
BID-01282,REQ-119,VND-0212,19115.62,2026-03-28 21:24:00,0,
BID-01283,REQ-119,VND-0062,19000.72,2026-03-28 21:32:00,0,
BID-01284,REQ-119,VND-0212,18619.63,2026-03-28 21:42:00,0,
BID-01285,REQ-119,VND-0062,18443.83,2026-03-28 21:48:00,0,
BID-01286,REQ-119,VND-0212,18297.01,2026-03-28 21:55:00,0,
BID-01287,REQ-119,VND-0062,18031.39,2026-03-28 21:57:00,0,
BID-01288,REQ-119,VND-0228,17797.28,2026-03-28 22:00:00,0,
BID-01289,REQ-120,VND-0482,173875.95,2026-05-07 17:05:00,0,
BID-01290,REQ-120,VND-0381,170864.43,2026-05-07 17:15:00,0,
BID-01291,REQ-120,VND-0325,169182.04,2026-05-07 17:21:00,0,
BID-01292,REQ-120,VND-0482,167241.82,2026-05-07 17:24:00,0,
BID-01293,REQ-120,VND-0455,164158.73,2026-05-07 17:32:00,0,
BID-01294,REQ-120,VND-0121,162194.38,2026-05-07 17:39:00,0,
BID-01295,REQ-120,VND-0121,159456.94,2026-05-07 17:41:00,0,
BID-01296,REQ-120,VND-0121,158119.87,2026-05-07 17:48:00,0,
BID-01297,REQ-120,VND-0381,154731.1,2026-05-07 17:57:00,0,
BID-01298,REQ-120,VND-0381,153506.19,2026-05-07 17:59:00,0,
BID-01299,REQ-120,VND-0325,152125.6,2026-05-07 18:06:00,0,
BID-01300,REQ-120,VND-0325,149059.56,2026-05-07 18:09:00,0,
BID-01301,REQ-120,VND-0455,146109.43,2026-05-07 18:14:00,0,
BID-01302,REQ-121,VND-0345,159370.32,2026-06-13 21:07:00,0,
BID-01303,REQ-121,VND-0264,156214.75,2026-06-13 21:12:00,0,
BID-01304,REQ-121,VND-0264,153726.48,2026-06-13 21:18:00,0,
BID-01305,REQ-121,VND-0355,151472.77,2026-06-13 21:22:00,0,
BID-01306,REQ-121,VND-0364,148598.56,2026-06-13 21:24:00,0,
BID-01307,REQ-121,VND-0345,146122.89,2026-06-13 21:34:00,0,
BID-01308,REQ-121,VND-0135,144645.72,2026-06-13 21:36:00,0,
BID-01309,REQ-121,VND-0015,143341.89,2026-06-13 21:42:00,0,
BID-01310,REQ-121,VND-0135,141292.22,2026-06-13 21:44:00,0,
BID-01311,REQ-121,VND-0135,139487.51,2026-06-13 21:50:00,0,
BID-01312,REQ-122,VND-0362,101944.91,2026-01-28 20:03:00,0,
BID-01313,REQ-122,VND-0186,100447.01,2026-01-28 20:13:00,0,
BID-01314,REQ-122,VND-0043,99570.27,2026-01-28 20:23:00,0,
BID-01315,REQ-122,VND-0362,97955.86,2026-01-28 20:25:00,0,
BID-01316,REQ-122,VND-0043,96981.41,2026-01-28 20:35:00,0,
BID-01317,REQ-122,VND-0186,95849.51,2026-01-28 20:43:00,0,
BID-01318,REQ-122,VND-0007,95335.04,2026-01-28 20:50:00,0,
BID-01319,REQ-122,VND-0186,93666.24,2026-01-28 20:55:00,0,
BID-01320,REQ-122,VND-0236,92681.09,2026-01-28 20:57:00,0,
BID-01321,REQ-123,VND-0386,191748.33,2026-03-20 00:07:00,0,
BID-01322,REQ-123,VND-0033,188270.28,2026-03-20 00:10:00,0,
BID-01323,REQ-123,VND-0033,185368.21,2026-03-20 00:15:00,0,
BID-01324,REQ-123,VND-0033,183550.27,2026-03-20 00:19:00,0,
BID-01325,REQ-123,VND-0033,179069.67,2026-03-20 00:26:00,0,
BID-01326,REQ-123,VND-0033,176232.37,2026-03-20 00:31:00,0,
BID-01327,REQ-123,VND-0231,173303.28,2026-03-20 00:36:00,0,
BID-01328,REQ-123,VND-0231,171365.75,2026-03-20 00:46:00,0,
BID-01329,REQ-123,VND-0231,169034.96,2026-03-20 00:50:00,0,
BID-01330,REQ-123,VND-0452,165089.3,2026-03-20 00:57:00,0,
BID-01331,REQ-123,VND-0406,162423.64,2026-03-20 01:00:00,0,
BID-01332,REQ-123,VND-0231,160579.81,2026-03-20 01:04:00,0,
BID-01333,REQ-123,VND-0406,157318.65,2026-03-20 01:12:00,0,
BID-01334,REQ-123,VND-0033,155577.61,2026-03-20 01:18:00,0,
BID-01335,REQ-124,VND-0106,84983.82,2026-04-04 11:05:00,0,
BID-01336,REQ-124,VND-0082,84166.43,2026-04-04 11:07:00,0,
BID-01337,REQ-124,VND-0106,83611.81,2026-04-04 11:16:00,0,
BID-01338,REQ-124,VND-0082,82353.75,2026-04-04 11:25:00,0,
BID-01339,REQ-124,VND-0106,81638.95,2026-04-04 11:33:00,0,
BID-01340,REQ-124,VND-0137,80457.07,2026-04-04 11:37:00,0,
BID-01341,REQ-125,VND-0008,195040.58,2026-04-18 18:05:00,0,
BID-01342,REQ-125,VND-0042,193807.39,2026-04-18 18:14:00,0,
BID-01343,REQ-125,VND-0008,190172.09,2026-04-18 18:23:00,0,
BID-01344,REQ-125,VND-0042,187595.05,2026-04-18 18:25:00,0,
BID-01345,REQ-125,VND-0008,183954.95,2026-04-18 18:33:00,0,
BID-01346,REQ-125,VND-0189,181119.66,2026-04-18 18:42:00,0,
BID-01347,REQ-125,VND-0008,177218.3,2026-04-18 18:44:00,0,
BID-01348,REQ-125,VND-0042,174493.74,2026-04-18 18:52:00,0,
BID-01349,REQ-125,VND-0189,171674.97,2026-04-18 19:02:00,0,
BID-01350,REQ-125,VND-0189,170164.74,2026-04-18 19:11:00,0,
BID-01351,REQ-126,VND-0353,128332.18,2026-06-08 12:00:02,1,COL-REQ-126
BID-01352,REQ-126,VND-0295,128182.18,2026-06-08 12:00:04,1,COL-REQ-126
BID-01353,REQ-126,VND-0353,128032.18,2026-06-08 12:00:05,1,COL-REQ-126
BID-01354,REQ-126,VND-0295,127882.18,2026-06-08 12:00:07,1,COL-REQ-126
BID-01355,REQ-126,VND-0353,127732.18,2026-06-08 12:00:09,1,COL-REQ-126
BID-01356,REQ-126,VND-0295,127582.18,2026-06-08 12:00:10,1,COL-REQ-126
BID-01357,REQ-126,VND-0353,127432.18,2026-06-08 12:00:11,1,COL-REQ-126
BID-01358,REQ-126,VND-0295,127282.18,2026-06-08 12:00:13,1,COL-REQ-126
BID-01359,REQ-126,VND-0353,127132.18,2026-06-08 12:00:15,1,COL-REQ-126
BID-01360,REQ-126,VND-0295,126982.18,2026-06-08 12:00:16,1,COL-REQ-126
BID-01361,REQ-126,VND-0008,119697.52,2026-06-08 12:10:16,0,
BID-01362,REQ-126,VND-0037,122330.07,2026-06-08 12:16:16,0,
BID-01363,REQ-127,VND-0259,125808.11,2026-05-01 20:05:00,0,
BID-01364,REQ-127,VND-0207,124952.16,2026-05-01 20:12:00,0,
BID-01365,REQ-127,VND-0033,122706.58,2026-05-01 20:16:00,0,
BID-01366,REQ-127,VND-0033,120293.53,2026-05-01 20:19:00,0,
BID-01367,REQ-127,VND-0120,117992.97,2026-05-01 20:26:00,0,
BID-01368,REQ-127,VND-0120,116166.87,2026-05-01 20:34:00,0,
BID-01369,REQ-127,VND-0033,113748.12,2026-05-01 20:44:00,0,
BID-01370,REQ-127,VND-0259,111018.72,2026-05-01 20:52:00,0,
BID-01371,REQ-127,VND-0259,109618.54,2026-05-01 20:56:00,0,
BID-01372,REQ-127,VND-0233,107830.68,2026-05-01 21:00:00,0,
BID-01373,REQ-127,VND-0231,105417.82,2026-05-01 21:04:00,0,
BID-01374,REQ-127,VND-0207,104241.23,2026-05-01 21:13:00,0,
BID-01375,REQ-128,VND-0302,36709.2,2026-01-05 14:06:00,0,
BID-01376,REQ-128,VND-0302,36188.93,2026-01-05 14:15:00,0,
BID-01377,REQ-128,VND-0120,35423.56,2026-01-05 14:24:00,0,
BID-01378,REQ-128,VND-0123,35092.8,2026-01-05 14:33:00,0,
BID-01379,REQ-128,VND-0406,34629.47,2026-01-05 14:36:00,0,
BID-01380,REQ-128,VND-0120,34040.7,2026-01-05 14:41:00,0,
BID-01381,REQ-128,VND-0120,33681.15,2026-01-05 14:51:00,0,
BID-01382,REQ-128,VND-0123,33479.79,2026-01-05 14:55:00,0,
BID-01383,REQ-128,VND-0302,32874.96,2026-01-05 14:57:00,0,
BID-01384,REQ-129,VND-0384,172833.31,2026-04-26 11:02:00,0,
BID-01385,REQ-129,VND-0028,170527.86,2026-04-26 11:06:00,0,
BID-01386,REQ-129,VND-0441,167383.02,2026-04-26 11:16:00,0,
BID-01387,REQ-129,VND-0441,163311.29,2026-04-26 11:23:00,0,
BID-01388,REQ-129,VND-0028,162190.56,2026-04-26 11:29:00,0,
BID-01389,REQ-129,VND-0384,160184.03,2026-04-26 11:37:00,0,
BID-01390,REQ-129,VND-0028,156953.31,2026-04-26 11:47:00,0,
BID-01391,REQ-129,VND-0028,155249.32,2026-04-26 11:51:00,0,
BID-01392,REQ-129,VND-0028,152316.29,2026-04-26 11:57:00,0,
BID-01393,REQ-129,VND-0384,149949.13,2026-04-26 12:07:00,0,
BID-01394,REQ-130,VND-0165,87063.95,2026-03-08 14:06:00,0,
BID-01395,REQ-130,VND-0077,85568.47,2026-03-08 14:13:00,0,
BID-01396,REQ-130,VND-0052,84241.48,2026-03-08 14:20:00,0,
BID-01397,REQ-130,VND-0471,82785.3,2026-03-08 14:29:00,0,
BID-01398,REQ-130,VND-0077,81555.93,2026-03-08 14:33:00,0,
BID-01399,REQ-130,VND-0471,79992.36,2026-03-08 14:38:00,0,
BID-01400,REQ-130,VND-0165,79403.29,2026-03-08 14:47:00,0,
BID-01401,REQ-130,VND-0165,77835.12,2026-03-08 14:52:00,0,
BID-01402,REQ-130,VND-0077,76801.41,2026-03-08 14:59:00,0,
BID-01403,REQ-130,VND-0052,75556.59,2026-03-08 15:04:00,0,
BID-01404,REQ-130,VND-0165,74210.75,2026-03-08 15:10:00,0,
BID-01405,REQ-130,VND-0052,72666.87,2026-03-08 15:16:00,0,
BID-01406,REQ-130,VND-0052,71567.15,2026-03-08 15:23:00,0,
BID-01407,REQ-130,VND-0165,71046.37,2026-03-08 15:30:00,0,
BID-01408,REQ-131,VND-0104,35868.18,2026-05-06 03:04:00,0,
BID-01409,REQ-131,VND-0104,35577.37,2026-05-06 03:13:00,0,
BID-01410,REQ-131,VND-0379,35017.4,2026-05-06 03:20:00,0,
BID-01411,REQ-131,VND-0104,34293.25,2026-05-06 03:28:00,0,
BID-01412,REQ-131,VND-0432,34083.36,2026-05-06 03:38:00,0,
BID-01413,REQ-131,VND-0096,33527.84,2026-05-06 03:45:00,0,
BID-01414,REQ-131,VND-0220,33000.86,2026-05-06 03:50:00,0,
BID-01415,REQ-131,VND-0220,32383.42,2026-05-06 03:57:00,0,
BID-01416,REQ-131,VND-0335,31593.51,2026-05-06 04:03:00,0,
BID-01417,REQ-131,VND-0379,31415.85,2026-05-06 04:11:00,0,
BID-01418,REQ-131,VND-0432,30923.08,2026-05-06 04:15:00,0,
BID-01419,REQ-131,VND-0220,30393.86,2026-05-06 04:19:00,0,
BID-01420,REQ-131,VND-0220,30170.87,2026-05-06 04:25:00,0,
BID-01421,REQ-132,VND-0321,7353.77,2026-03-19 22:06:00,0,
BID-01422,REQ-132,VND-0269,7239.77,2026-03-19 22:10:00,0,
BID-01423,REQ-132,VND-0039,7149.39,2026-03-19 22:12:00,0,
BID-01424,REQ-132,VND-0269,6983.04,2026-03-19 22:21:00,0,
BID-01425,REQ-132,VND-0442,6944.64,2026-03-19 22:30:00,0,
BID-01426,REQ-132,VND-0442,6888.52,2026-03-19 22:37:00,0,
BID-01427,REQ-132,VND-0076,6753.17,2026-03-19 22:47:00,0,
BID-01428,REQ-132,VND-0321,6614.66,2026-03-19 22:51:00,0,
BID-01429,REQ-132,VND-0039,6472.82,2026-03-19 23:01:00,0,
BID-01430,REQ-133,VND-0196,113572.22,2026-01-05 18:02:00,0,
BID-01431,REQ-133,VND-0196,112247.3,2026-01-05 18:04:00,0,
BID-01432,REQ-133,VND-0196,110517.4,2026-01-05 18:10:00,0,
BID-01433,REQ-133,VND-0196,108688.2,2026-01-05 18:16:00,0,
BID-01434,REQ-133,VND-0018,107447.25,2026-01-05 18:21:00,0,
BID-01435,REQ-133,VND-0350,106315.5,2026-01-05 18:28:00,0,
BID-01436,REQ-133,VND-0320,104356.91,2026-01-05 18:34:00,0,
BID-01437,REQ-133,VND-0018,103506.41,2026-01-05 18:37:00,0,
BID-01438,REQ-133,VND-0196,101005.08,2026-01-05 18:47:00,0,
BID-01439,REQ-133,VND-0196,100082.74,2026-01-05 18:54:00,0,
BID-01440,REQ-133,VND-0350,99039.78,2026-01-05 19:00:00,0,
BID-01441,REQ-133,VND-0018,98205.32,2026-01-05 19:06:00,0,
BID-01442,REQ-133,VND-0350,96652.54,2026-01-05 19:08:00,0,
BID-01443,REQ-133,VND-0018,96113.23,2026-01-05 19:10:00,0,
BID-01444,REQ-134,VND-0051,106917.67,2026-03-17 07:09:00,0,
BID-01445,REQ-134,VND-0065,105622.64,2026-03-17 07:16:00,0,
BID-01446,REQ-134,VND-0363,103588.56,2026-03-17 07:26:00,0,
BID-01447,REQ-134,VND-0363,101053.37,2026-03-17 07:35:00,0,
BID-01448,REQ-134,VND-0065,100281.73,2026-03-17 07:44:00,0,
BID-01449,REQ-134,VND-0363,98866.59,2026-03-17 07:53:00,0,
BID-01450,REQ-134,VND-0051,97914.12,2026-03-17 07:58:00,0,
BID-01451,REQ-134,VND-0363,95738.28,2026-03-17 08:04:00,0,
BID-01452,REQ-134,VND-0051,94508.85,2026-03-17 08:11:00,0,
BID-01453,REQ-134,VND-0051,93179.52,2026-03-17 08:13:00,0,
BID-01454,REQ-134,VND-0363,91827.8,2026-03-17 08:20:00,0,
BID-01455,REQ-134,VND-0051,90521.56,2026-03-17 08:24:00,0,
BID-01456,REQ-135,VND-0480,142931.71,2026-02-20 19:03:00,0,
BID-01457,REQ-135,VND-0480,140694.13,2026-02-20 19:11:00,0,
BID-01458,REQ-135,VND-0400,138827.28,2026-02-20 19:16:00,0,
BID-01459,REQ-135,VND-0400,137691.61,2026-02-20 19:25:00,0,
BID-01460,REQ-135,VND-0082,136821.24,2026-02-20 19:30:00,0,
BID-01461,REQ-135,VND-0400,134957.33,2026-02-20 19:38:00,0,
BID-01462,REQ-135,VND-0400,132157.43,2026-02-20 19:48:00,0,
BID-01463,REQ-136,VND-0478,177298.96,2026-01-27 20:09:00,0,
BID-01464,REQ-136,VND-0070,174444.13,2026-01-27 20:18:00,0,
BID-01465,REQ-136,VND-0441,172497.21,2026-01-27 20:26:00,0,
BID-01466,REQ-136,VND-0105,169570.76,2026-01-27 20:34:00,0,
BID-01467,REQ-136,VND-0070,167046.55,2026-01-27 20:36:00,0,
BID-01468,REQ-136,VND-0105,165484.29,2026-01-27 20:40:00,0,
BID-01469,REQ-136,VND-0105,162151.18,2026-01-27 20:44:00,0,
BID-01470,REQ-136,VND-0478,159617.55,2026-01-27 20:52:00,0,
BID-01471,REQ-136,VND-0478,158194.83,2026-01-27 20:59:00,0,
BID-01472,REQ-136,VND-0070,155599.56,2026-01-27 21:05:00,0,
BID-01473,REQ-136,VND-0478,152587.8,2026-01-27 21:12:00,0,
BID-01474,REQ-136,VND-0105,150046.52,2026-01-27 21:22:00,0,
BID-01475,REQ-136,VND-0478,146752.59,2026-01-27 21:28:00,0,
BID-01476,REQ-136,VND-0105,144935.14,2026-01-27 21:38:00,0,
BID-01477,REQ-136,VND-0105,144208.02,2026-01-27 21:48:00,0,
BID-01478,REQ-137,VND-0176,20125.72,2026-05-31 11:08:00,0,
BID-01479,REQ-137,VND-0176,19871.5,2026-05-31 11:18:00,0,
BID-01480,REQ-137,VND-0216,19508.85,2026-05-31 11:27:00,0,
BID-01481,REQ-137,VND-0216,19337.87,2026-05-31 11:35:00,0,
BID-01482,REQ-137,VND-0035,18916.32,2026-05-31 11:39:00,0,
BID-01483,REQ-137,VND-0035,18444.37,2026-05-31 11:43:00,0,
BID-01484,REQ-137,VND-0216,18347.87,2026-05-31 11:45:00,0,
BID-01485,REQ-137,VND-0216,17991.43,2026-05-31 11:54:00,0,
BID-01486,REQ-137,VND-0176,17550.65,2026-05-31 11:58:00,0,
BID-01487,REQ-137,VND-0086,17414.73,2026-05-31 12:06:00,0,
BID-01488,REQ-137,VND-0176,17016.42,2026-05-31 12:14:00,0,
BID-01489,REQ-137,VND-0385,16870.15,2026-05-31 12:24:00,0,
BID-01490,REQ-137,VND-0176,16599.54,2026-05-31 12:33:00,0,
BID-01491,REQ-137,VND-0176,16398.58,2026-05-31 12:37:00,0,
BID-01492,REQ-138,VND-0289,145820.01,2026-04-19 05:02:00,0,
BID-01493,REQ-138,VND-0289,143681.51,2026-04-19 05:09:00,0,
BID-01494,REQ-138,VND-0284,141295.62,2026-04-19 05:12:00,0,
BID-01495,REQ-138,VND-0421,138525.7,2026-04-19 05:22:00,0,
BID-01496,REQ-138,VND-0246,135107.81,2026-04-19 05:28:00,0,
BID-01497,REQ-138,VND-0418,133035.39,2026-04-19 05:38:00,0,
BID-01498,REQ-138,VND-0289,132134.88,2026-04-19 05:47:00,0,
BID-01499,REQ-138,VND-0162,129514.16,2026-04-19 05:50:00,0,
BID-01500,REQ-138,VND-0162,127225.15,2026-04-19 05:56:00,0,
BID-01501,REQ-138,VND-0289,126454.74,2026-04-19 06:03:00,0,
BID-01502,REQ-138,VND-0289,123853.5,2026-04-19 06:12:00,0,
BID-01503,REQ-138,VND-0418,121964.33,2026-04-19 06:21:00,0,
BID-01504,REQ-138,VND-0289,119564.53,2026-04-19 06:29:00,0,
BID-01505,REQ-138,VND-0144,116669.67,2026-04-19 06:35:00,0,
BID-01506,REQ-139,VND-0147,40814.71,2026-05-11 08:04:00,0,
BID-01507,REQ-139,VND-0485,40568.5,2026-05-11 08:10:00,0,
BID-01508,REQ-139,VND-0485,40343.51,2026-05-11 08:19:00,0,
BID-01509,REQ-139,VND-0147,40039.47,2026-05-11 08:22:00,0,
BID-01510,REQ-139,VND-0488,39637.43,2026-05-11 08:28:00,0,
BID-01511,REQ-139,VND-0488,38759.18,2026-05-11 08:30:00,0,
BID-01512,REQ-139,VND-0147,38097.31,2026-05-11 08:34:00,0,
BID-01513,REQ-139,VND-0295,37625.08,2026-05-11 08:38:00,0,
BID-01514,REQ-139,VND-0488,36848.1,2026-05-11 08:43:00,0,
BID-01515,REQ-139,VND-0295,36530.61,2026-05-11 08:53:00,0,
BID-01516,REQ-140,VND-0298,168595.64,2026-03-19 23:08:00,0,
BID-01517,REQ-140,VND-0072,166950.33,2026-03-19 23:17:00,0,
BID-01518,REQ-140,VND-0112,163986.71,2026-03-19 23:22:00,0,
BID-01519,REQ-140,VND-0112,160758.27,2026-03-19 23:29:00,0,
BID-01520,REQ-140,VND-0298,157889.5,2026-03-19 23:32:00,0,
BID-01521,REQ-140,VND-0298,156570.8,2026-03-19 23:40:00,0,
BID-01522,REQ-140,VND-0072,154844.24,2026-03-19 23:50:00,0,
BID-01523,REQ-140,VND-0298,152893.82,2026-03-19 23:58:00,0,
BID-01524,REQ-140,VND-0072,151326.28,2026-03-20 00:08:00,0,
BID-01525,REQ-140,VND-0072,150533.74,2026-03-20 00:17:00,0,
BID-01526,REQ-140,VND-0072,147738.35,2026-03-20 00:27:00,0,
BID-01527,REQ-140,VND-0112,144175.29,2026-03-20 00:30:00,0,
BID-01528,REQ-140,VND-0112,141616.39,2026-03-20 00:38:00,0,
BID-01529,REQ-140,VND-0072,139959.57,2026-03-20 00:44:00,0,
BID-01530,REQ-141,VND-0388,161346.77,2026-01-22 04:05:00,0,
BID-01531,REQ-141,VND-0354,158371.9,2026-01-22 04:10:00,0,
BID-01532,REQ-141,VND-0354,156511.32,2026-01-22 04:14:00,0,
BID-01533,REQ-141,VND-0388,154014.61,2026-01-22 04:16:00,0,
BID-01534,REQ-141,VND-0151,153207.7,2026-01-22 04:19:00,0,
BID-01535,REQ-141,VND-0354,152123.27,2026-01-22 04:28:00,0,
BID-01536,REQ-141,VND-0388,150695.09,2026-01-22 04:34:00,0,
BID-01537,REQ-141,VND-0388,149359.69,2026-01-22 04:36:00,0,
BID-01538,REQ-141,VND-0354,148338.24,2026-01-22 04:41:00,0,
BID-01539,REQ-141,VND-0354,145703.51,2026-01-22 04:44:00,0,
BID-01540,REQ-141,VND-0151,142479.26,2026-01-22 04:48:00,0,
BID-01541,REQ-141,VND-0388,139896.42,2026-01-22 04:52:00,0,
BID-01542,REQ-142,VND-0105,108443.45,2026-05-25 11:03:00,0,
BID-01543,REQ-142,VND-0160,106917.77,2026-05-25 11:09:00,0,
BID-01544,REQ-142,VND-0105,104902.97,2026-05-25 11:16:00,0,
BID-01545,REQ-142,VND-0105,104038.64,2026-05-25 11:19:00,0,
BID-01546,REQ-142,VND-0105,101901.46,2026-05-25 11:27:00,0,
BID-01547,REQ-142,VND-0105,100714.0,2026-05-25 11:29:00,0,
BID-01548,REQ-142,VND-0105,98285.57,2026-05-25 11:35:00,0,
BID-01549,REQ-142,VND-0476,96928.1,2026-05-25 11:44:00,0,
BID-01550,REQ-142,VND-0476,95260.35,2026-05-25 11:48:00,0,
BID-01551,REQ-142,VND-0160,93846.58,2026-05-25 11:52:00,0,
BID-01552,REQ-143,VND-0325,141140.13,2026-05-20 03:06:00,0,
BID-01553,REQ-143,VND-0031,139175.8,2026-05-20 03:15:00,0,
BID-01554,REQ-143,VND-0153,136662.66,2026-05-20 03:17:00,0,
BID-01555,REQ-143,VND-0325,134162.81,2026-05-20 03:23:00,0,
BID-01556,REQ-143,VND-0153,131613.57,2026-05-20 03:31:00,0,
BID-01557,REQ-143,VND-0227,130945.75,2026-05-20 03:40:00,0,
BID-01558,REQ-143,VND-0359,129149.02,2026-05-20 03:43:00,0,
BID-01559,REQ-144,VND-0194,62833.36,2026-04-10 20:00:02,1,COL-REQ-144
BID-01560,REQ-144,VND-0040,62683.36,2026-04-10 20:00:04,1,COL-REQ-144
BID-01561,REQ-144,VND-0194,62533.36,2026-04-10 20:00:05,1,COL-REQ-144
BID-01562,REQ-144,VND-0040,62383.36,2026-04-10 20:00:07,1,COL-REQ-144
BID-01563,REQ-144,VND-0194,62233.36,2026-04-10 20:00:09,1,COL-REQ-144
BID-01564,REQ-144,VND-0040,62083.36,2026-04-10 20:00:11,1,COL-REQ-144
BID-01565,REQ-144,VND-0194,61933.36,2026-04-10 20:00:13,1,COL-REQ-144
BID-01566,REQ-144,VND-0040,61783.36,2026-04-10 20:00:14,1,COL-REQ-144
BID-01567,REQ-144,VND-0194,61633.36,2026-04-10 20:00:15,1,COL-REQ-144
BID-01568,REQ-144,VND-0040,61483.36,2026-04-10 20:00:17,1,COL-REQ-144
BID-01569,REQ-144,VND-0044,60313.79,2026-04-10 20:09:17,0,
BID-01570,REQ-144,VND-0049,56726.92,2026-04-10 20:16:17,0,
BID-01571,REQ-145,VND-0440,94518.74,2026-01-09 19:05:00,0,
BID-01572,REQ-145,VND-0168,92730.67,2026-01-09 19:08:00,0,
BID-01573,REQ-145,VND-0075,90989.48,2026-01-09 19:17:00,0,
BID-01574,REQ-145,VND-0440,88923.63,2026-01-09 19:26:00,0,
BID-01575,REQ-145,VND-0075,88142.05,2026-01-09 19:28:00,0,
BID-01576,REQ-145,VND-0458,87656.63,2026-01-09 19:33:00,0,
BID-01577,REQ-145,VND-0388,86536.79,2026-01-09 19:43:00,0,
BID-01578,REQ-145,VND-0075,85571.5,2026-01-09 19:53:00,0,
BID-01579,REQ-145,VND-0388,83489.42,2026-01-09 19:55:00,0,
BID-01580,REQ-145,VND-0440,82505.44,2026-01-09 20:02:00,0,
BID-01581,REQ-145,VND-0075,82022.26,2026-01-09 20:05:00,0,
BID-01582,REQ-145,VND-0458,80288.14,2026-01-09 20:15:00,0,
BID-01583,REQ-145,VND-0388,78377.14,2026-01-09 20:25:00,0,
BID-01584,REQ-146,VND-0194,156808.24,2026-01-19 20:00:01,1,COL-REQ-146
BID-01585,REQ-146,VND-0064,156658.24,2026-01-19 20:00:02,1,COL-REQ-146
BID-01586,REQ-146,VND-0194,156508.24,2026-01-19 20:00:04,1,COL-REQ-146
BID-01587,REQ-146,VND-0064,156358.24,2026-01-19 20:00:05,1,COL-REQ-146
BID-01588,REQ-146,VND-0194,156208.24,2026-01-19 20:00:07,1,COL-REQ-146
BID-01589,REQ-146,VND-0064,156058.24,2026-01-19 20:00:08,1,COL-REQ-146
BID-01590,REQ-146,VND-0194,155908.24,2026-01-19 20:00:09,1,COL-REQ-146
BID-01591,REQ-146,VND-0064,155758.24,2026-01-19 20:00:10,1,COL-REQ-146
BID-01592,REQ-146,VND-0194,155608.24,2026-01-19 20:00:11,1,COL-REQ-146
BID-01593,REQ-146,VND-0064,155458.24,2026-01-19 20:00:12,1,COL-REQ-146
BID-01594,REQ-146,VND-0040,141014.1,2026-01-19 20:10:12,0,
BID-01595,REQ-146,VND-0044,149928.45,2026-01-19 20:17:12,0,
BID-01596,REQ-147,VND-0341,92537.36,2026-04-17 03:03:00,0,
BID-01597,REQ-147,VND-0341,91154.58,2026-04-17 03:08:00,0,
BID-01598,REQ-147,VND-0341,89232.22,2026-04-17 03:16:00,0,
BID-01599,REQ-147,VND-0496,87337.78,2026-04-17 03:24:00,0,
BID-01600,REQ-147,VND-0496,86690.08,2026-04-17 03:34:00,0,
BID-01601,REQ-147,VND-0341,85699.06,2026-04-17 03:39:00,0,
BID-01602,REQ-147,VND-0341,84254.02,2026-04-17 03:46:00,0,
BID-01603,REQ-147,VND-0341,83629.29,2026-04-17 03:50:00,0,
BID-01604,REQ-147,VND-0496,82930.06,2026-04-17 03:57:00,0,
BID-01605,REQ-147,VND-0102,82241.73,2026-04-17 04:02:00,0,
BID-01606,REQ-147,VND-0102,81763.58,2026-04-17 04:05:00,0,
BID-01607,REQ-147,VND-0102,80353.25,2026-04-17 04:09:00,0,
BID-01608,REQ-147,VND-0341,78537.87,2026-04-17 04:12:00,0,
BID-01609,REQ-147,VND-0341,78133.83,2026-04-17 04:15:00,0,
BID-01610,REQ-147,VND-0102,76724.68,2026-04-17 04:21:00,0,
BID-01611,REQ-148,VND-0143,74039.02,2026-05-09 03:04:00,0,
BID-01612,REQ-148,VND-0249,72644.61,2026-05-09 03:08:00,0,
BID-01613,REQ-148,VND-0439,71555.11,2026-05-09 03:11:00,0,
BID-01614,REQ-148,VND-0439,70014.55,2026-05-09 03:17:00,0,
BID-01615,REQ-148,VND-0196,69078.05,2026-05-09 03:27:00,0,
BID-01616,REQ-148,VND-0109,68467.54,2026-05-09 03:37:00,0,
BID-01617,REQ-148,VND-0365,67277.68,2026-05-09 03:47:00,0,
BID-01618,REQ-148,VND-0249,66646.24,2026-05-09 03:52:00,0,
BID-01619,REQ-148,VND-0196,66242.28,2026-05-09 03:55:00,0,
BID-01620,REQ-148,VND-0109,65003.22,2026-05-09 04:04:00,0,
BID-01621,REQ-148,VND-0143,64448.97,2026-05-09 04:06:00,0,
BID-01622,REQ-148,VND-0365,63295.52,2026-05-09 04:12:00,0,
BID-01623,REQ-148,VND-0109,62428.78,2026-05-09 04:19:00,0,
BID-01624,REQ-149,VND-0475,99272.04,2026-04-29 11:09:00,0,
BID-01625,REQ-149,VND-0043,98545.24,2026-04-29 11:14:00,0,
BID-01626,REQ-149,VND-0021,97175.82,2026-04-29 11:21:00,0,
BID-01627,REQ-149,VND-0020,96303.66,2026-04-29 11:28:00,0,
BID-01628,REQ-149,VND-0475,94321.78,2026-04-29 11:35:00,0,
BID-01629,REQ-149,VND-0475,93665.18,2026-04-29 11:43:00,0,
BID-01630,REQ-149,VND-0292,92822.28,2026-04-29 11:48:00,0,
BID-01631,REQ-149,VND-0497,91483.8,2026-04-29 11:57:00,0,
BID-01632,REQ-150,VND-0134,165083.08,2026-04-19 20:07:00,0,
BID-01633,REQ-150,VND-0325,162746.37,2026-04-19 20:12:00,0,
BID-01634,REQ-150,VND-0153,160765.45,2026-04-19 20:18:00,0,
BID-01635,REQ-150,VND-0325,158881.63,2026-04-19 20:20:00,0,
BID-01636,REQ-150,VND-0153,156280.21,2026-04-19 20:26:00,0,
BID-01637,REQ-150,VND-0325,155151.52,2026-04-19 20:35:00,0,
BID-01638,REQ-150,VND-0134,153078.0,2026-04-19 20:42:00,0,
BID-01639,REQ-150,VND-0325,149598.82,2026-04-19 20:46:00,0,
BID-01640,REQ-150,VND-0153,146000.19,2026-04-19 20:50:00,0,
BID-01641,REQ-150,VND-0153,142437.39,2026-04-19 20:55:00,0,
BID-01642,REQ-150,VND-0325,140552.38,2026-04-19 21:05:00,0,
BID-01643,REQ-150,VND-0134,137425.94,2026-04-19 21:10:00,0,
BID-01644,REQ-150,VND-0153,135437.42,2026-04-19 21:19:00,0,
