bid_id,auction_id,vendor_id,price,price_ratio,reliability_score,delivery_score,historical_rating,defect_rate,avg_delay_days,completed_contracts,utility_score,is_fraud,timestamp,is_winner
BID-000001,AUC-0001,VND-0620,100918.48,0.9702,0.984,80.7,4.96,0.001,5.8,31,0.7252,0,2026-06-14 00:00:00,1
BID-000002,AUC-0001,VND-0072,96224.89,0.9251,0.749,61.0,4.37,0.0151,11.7,175,0.6049,0,2026-06-14 00:00:00,0
BID-000003,AUC-0001,VND-0085,93758.45,0.9014,0.52,50.0,3.8,0.0288,15.0,149,0.4937,0,2026-06-14 00:00:00,0
BID-000004,AUC-0002,VND-0026,162136.22,0.9625,0.985,96.2,4.96,0.001,1.1,61,0.5532,0,2026-04-23 00:00:00,1
BID-000005,AUC-0002,VND-0078,154744.67,0.9186,0.993,83.5,4.98,0.001,5.0,285,0.539,0,2026-04-23 00:00:00,0
BID-000006,AUC-0002,VND-0794,147575.02,0.8761,0.848,69.5,4.62,0.0091,9.2,292,0.4907,0,2026-04-23 00:00:00,0
BID-000007,AUC-0003,VND-0161,116794.39,0.9648,0.775,78.1,4.44,0.0135,6.6,192,0.6097,0,2026-03-23 00:00:00,0
BID-000008,AUC-0003,VND-0169,115078.88,0.9506,0.928,86.3,4.82,0.0043,4.1,252,0.6826,0,2026-03-23 00:00:00,0
BID-000009,AUC-0003,VND-0016,109353.76,0.9033,0.804,62.3,4.51,0.0118,11.3,151,0.6068,0,2026-03-23 00:00:00,0
BID-000010,AUC-0003,VND-0796,103908.31,0.8583,0.846,91.2,4.62,0.0092,2.6,207,0.6894,0,2026-03-23 00:00:00,0
BID-000011,AUC-0003,VND-0161,100597.86,0.831,0.775,78.1,4.44,0.0135,6.6,192,0.6472,0,2026-03-23 00:00:00,0
BID-000012,AUC-0003,VND-0285,97492.41,0.8053,0.952,83.0,4.88,0.0029,5.1,291,0.7254,0,2026-03-23 00:00:00,0
BID-000013,AUC-0003,VND-0016,92904.09,0.7674,0.804,62.3,4.51,0.0118,11.3,151,0.6449,0,2026-03-23 00:00:00,0
BID-000014,AUC-0003,VND-0285,89722.65,0.7411,0.952,83.0,4.88,0.0029,5.1,291,0.7434,0,2026-03-23 00:00:00,1
BID-000015,AUC-0004,VND-0608,181891.67,0.9888,0.847,65.2,4.62,0.0092,10.4,18,0.4983,0,2026-04-27 00:00:00,0
BID-000016,AUC-0004,VND-0380,178473.84,0.9702,0.947,89.7,4.87,0.0032,3.1,124,0.5917,0,2026-04-27 00:00:00,0
BID-000017,AUC-0004,VND-0380,174778.79,0.9502,0.947,89.7,4.87,0.0032,3.1,124,0.5998,0,2026-04-27 00:00:00,1
BID-000018,AUC-0005,VND-0634,42153.07,0.9576,0.696,61.8,4.24,0.0182,11.5,218,0.519,0,2026-05-31 00:00:00,0
BID-000019,AUC-0005,VND-0678,40867.14,0.9284,0.743,75.4,4.36,0.0154,7.4,120,0.5655,0,2026-05-31 00:00:00,0
BID-000020,AUC-0005,VND-0678,38950.72,0.8849,0.743,75.4,4.36,0.0154,7.4,120,0.5803,0,2026-05-31 00:00:00,1
BID-000021,AUC-0005,VND-0383,38291.73,0.8699,0.517,53.1,3.79,0.029,14.1,284,0.4793,0,2026-05-31 00:00:00,0
BID-000022,AUC-0005,VND-0634,36612.97,0.8318,0.696,61.8,4.24,0.0182,11.5,218,0.5618,0,2026-05-31 00:00:00,0
BID-000023,AUC-0005,VND-0634,35835.19,0.8141,0.696,61.8,4.24,0.0182,11.5,218,0.5678,0,2026-05-31 00:00:00,0
BID-000024,AUC-0006,VND-0337,256537.78,0.9705,0.54,50.0,3.85,0.0276,15.0,217,0.4849,0,2026-05-01 00:00:00,0
BID-000025,AUC-0006,VND-0708,249624.22,0.9443,0.766,84.3,4.41,0.0141,4.7,292,0.6214,0,2026-05-01 00:00:00,0
BID-000026,AUC-0006,VND-0337,244415.32,0.9246,0.54,50.0,3.85,0.0276,15.0,217,0.4982,0,2026-05-01 00:00:00,0
BID-000027,AUC-0006,VND-0740,235881.21,0.8923,0.899,81.3,4.75,0.0061,5.6,134,0.6785,0,2026-05-01 00:00:00,1
BID-000028,AUC-0007,VND-0243,41164.37,0.9544,0.792,85.9,4.48,0.0125,4.2,53,0.4813,0,2026-02-24 00:00:00,1
BID-000029,AUC-0007,VND-0389,39786.41,0.9225,0.615,59.6,4.04,0.0231,12.1,240,0.3897,0,2026-02-24 00:00:00,0
BID-000030,AUC-0007,VND-0389,38427.49,0.891,0.615,59.6,4.04,0.0231,12.1,240,0.4041,0,2026-02-24 00:00:00,0
BID-000031,AUC-0007,VND-0398,37430.98,0.8679,0.509,58.5,3.77,0.0295,12.4,206,0.3905,0,2026-02-24 00:00:00,0
BID-000032,AUC-0007,VND-0441,36787.31,0.8529,0.616,60.3,4.04,0.0231,11.9,75,0.4237,0,2026-02-24 00:00:00,0
BID-000033,AUC-0007,VND-0398,35787.6,0.8298,0.509,58.5,3.77,0.0295,12.4,206,0.408,0,2026-02-24 00:00:00,0
BID-000034,AUC-0008,VND-0043,395819.69,0.9842,0.655,59.6,4.14,0.0207,12.1,117,0.428,0,2026-01-25 00:00:00,0
BID-000035,AUC-0008,VND-0043,389925.09,0.9695,0.655,59.6,4.14,0.0207,12.1,117,0.4337,0,2026-01-25 00:00:00,0
BID-000036,AUC-0008,VND-0043,375290.54,0.9332,0.655,59.6,4.14,0.0207,12.1,117,0.4479,0,2026-01-25 00:00:00,0
BID-000037,AUC-0008,VND-0043,368328.56,0.9158,0.655,59.6,4.14,0.0207,12.1,117,0.4546,0,2026-01-25 00:00:00,0
BID-000038,AUC-0008,VND-0674,352928.9,0.8776,0.673,60.2,4.18,0.0196,11.9,128,0.4765,0,2026-01-25 00:00:00,1
BID-000039,AUC-0009,VND-0508,122190.6,0.9813,0.853,88.0,4.63,0.0088,3.6,150,0.6612,0,2026-02-26 00:00:00,0
BID-000040,AUC-0009,VND-0508,119609.7,0.9606,0.853,88.0,4.63,0.0088,3.6,150,0.6683,0,2026-02-26 00:00:00,0
BID-000041,AUC-0009,VND-0508,113886.27,0.9146,0.853,88.0,4.63,0.0088,3.6,150,0.6839,0,2026-02-26 00:00:00,1
BID-000042,AUC-0009,VND-0443,110132.81,0.8845,0.9,74.6,4.75,0.006,7.6,266,0.6746,0,2026-02-26 00:00:00,0
BID-000043,AUC-0010,VND-0061,271345.81,0.9881,0.904,96.6,4.76,0.0058,1.0,150,0.5709,0,2026-04-03 00:00:00,0
BID-000044,AUC-0010,VND-0252,264060.31,0.9616,0.655,63.7,4.14,0.0207,10.9,225,0.465,0,2026-04-03 00:00:00,0
BID-000045,AUC-0010,VND-0547,256637.21,0.9346,0.804,72.0,4.51,0.0118,8.4,296,0.5318,0,2026-04-03 00:00:00,0
BID-000046,AUC-0010,VND-0660,248002.17,0.9031,0.541,50.0,3.85,0.0276,15.0,294,0.4363,0,2026-04-03 00:00:00,0
BID-000047,AUC-0010,VND-0341,239804.08,0.8733,0.909,75.7,4.77,0.0055,7.3,132,0.5932,0,2026-04-03 00:00:00,1
BID-000048,AUC-0010,VND-0252,237234.95,0.8639,0.655,63.7,4.14,0.0207,10.9,225,0.5041,0,2026-04-03 00:00:00,0
BID-000049,AUC-0011,VND-0022,425446.36,0.9642,0.517,59.0,3.79,0.029,12.3,176,0.324,0,2026-02-15 00:00:00,0
BID-000050,AUC-0011,VND-0474,413195.32,0.9364,0.568,59.8,3.92,0.0259,12.1,69,0.3503,0,2026-02-15 00:00:00,0
BID-000051,AUC-0011,VND-0554,397109.57,0.9,0.698,70.1,4.25,0.0181,9.0,61,0.415,0,2026-02-15 00:00:00,1
BID-000052,AUC-0012,VND-0407,317584.19,0.9655,0.562,60.1,3.91,0.0263,12.0,88,0.4442,0,2026-01-26 00:00:00,0
BID-000053,AUC-0012,VND-0407,310617.1,0.9443,0.562,60.1,3.91,0.0263,12.0,88,0.4526,0,2026-01-26 00:00:00,0
BID-000054,AUC-0012,VND-0407,301381.38,0.9162,0.562,60.1,3.91,0.0263,12.0,88,0.4639,0,2026-01-26 00:00:00,0
BID-000055,AUC-0012,VND-0571,286708.3,0.8716,0.912,77.3,4.78,0.0053,6.8,23,0.6699,0,2026-01-26 00:00:00,1
BID-000056,AUC-0012,VND-0339,274172.54,0.8335,0.556,50.0,3.89,0.0266,15.0,145,0.4701,0,2026-01-26 00:00:00,0
BID-000057,AUC-0013,VND-0112,265982.94,0.9809,0.547,50.0,3.87,0.0272,15.0,230,0.4599,0,2026-01-05 00:00:00,0
BID-000058,AUC-0013,VND-0014,261289.3,0.9636,0.6,59.5,4.0,0.024,12.2,66,0.5028,0,2026-01-05 00:00:00,0
BID-000059,AUC-0013,VND-0008,250146.38,0.9225,0.591,54.1,3.98,0.0245,13.8,187,0.5017,0,2026-01-05 00:00:00,0
BID-000060,AUC-0013,VND-0072,238298.34,0.8788,0.749,61.0,4.37,0.0151,11.7,175,0.5976,0,2026-01-05 00:00:00,0
BID-000061,AUC-0013,VND-0072,233440.03,0.8609,0.749,61.0,4.37,0.0151,11.7,175,0.6022,0,2026-01-05 00:00:00,0
BID-000062,AUC-0013,VND-0072,230070.99,0.8485,0.749,61.0,4.37,0.0151,11.7,175,0.6054,0,2026-01-05 00:00:00,0
BID-000063,AUC-0013,VND-0793,227079.68,0.8375,0.994,81.1,4.98,0.001,5.7,140,0.7527,0,2026-01-05 00:00:00,1
BID-000064,AUC-0013,VND-0008,218560.36,0.8061,0.591,54.1,3.98,0.0245,13.8,187,0.532,0,2026-01-05 00:00:00,0
BID-000065,AUC-0014,VND-0184,161410.53,0.9555,0.981,97.4,4.95,0.0012,0.8,288,0.6647,0,2026-04-07 00:00:00,1
BID-000066,AUC-0014,VND-0149,156025.03,0.9236,0.885,70.3,4.71,0.0069,8.9,230,0.6015,0,2026-04-07 00:00:00,0
BID-000067,AUC-0014,VND-0149,148437.0,0.8787,0.885,70.3,4.71,0.0069,8.9,230,0.6167,0,2026-04-07 00:00:00,0
BID-000068,AUC-0014,VND-0162,143171.03,0.8475,0.83,68.6,4.58,0.0102,9.4,274,0.6076,0,2026-04-07 00:00:00,0
BID-000069,AUC-0015,VND-0433,169874.94,0.981,0.7,64.5,4.25,0.018,10.6,277,0.569,0,2026-05-31 00:00:00,0
BID-000070,AUC-0015,VND-0510,162969.85,0.9411,0.958,77.4,4.89,0.0025,6.8,167,0.7456,0,2026-05-31 00:00:00,1
BID-000071,AUC-0015,VND-0454,159038.95,0.9184,0.909,78.4,4.77,0.0055,6.5,79,0.7391,0,2026-05-31 00:00:00,0
BID-000072,AUC-0015,VND-0237,153253.24,0.885,0.522,58.5,3.8,0.0287,12.4,225,0.5236,0,2026-05-31 00:00:00,0
BID-000073,AUC-0015,VND-0237,147460.48,0.8515,0.522,58.5,3.8,0.0287,12.4,225,0.542,0,2026-05-31 00:00:00,0
BID-000074,AUC-0016,VND-0036,328337.82,0.9713,0.886,72.5,4.72,0.0068,8.2,286,0.5656,0,2026-01-18 00:00:00,0
BID-000075,AUC-0016,VND-0004,322586.43,0.9543,0.529,52.5,3.82,0.0283,14.2,273,0.3851,0,2026-01-18 00:00:00,0
BID-000076,AUC-0016,VND-0446,314967.58,0.9317,0.861,91.5,4.65,0.0083,2.6,192,0.5911,0,2026-01-18 00:00:00,0
BID-000077,AUC-0016,VND-0180,302236.74,0.8941,0.97,91.3,4.93,0.0018,2.6,176,0.6542,0,2026-01-18 00:00:00,0
BID-000078,AUC-0016,VND-0180,290648.83,0.8598,0.97,91.3,4.93,0.0018,2.6,176,0.6665,0,2026-01-18 00:00:00,1
BID-000079,AUC-0016,VND-0036,277885.78,0.822,0.886,72.5,4.72,0.0068,8.2,286,0.6193,0,2026-01-18 00:00:00,0
BID-000080,AUC-0016,VND-0446,264946.03,0.7838,0.861,91.5,4.65,0.0083,2.6,192,0.6443,0,2026-01-18 00:00:00,0
BID-000081,AUC-0016,VND-0036,252581.56,0.7472,0.886,72.5,4.72,0.0068,8.2,286,0.6463,0,2026-01-18 00:00:00,0
BID-000082,AUC-0017,VND-0349,486632.15,0.9789,0.644,56.7,4.11,0.0213,13.0,173,0.3961,0,2026-03-27 00:00:00,0
BID-000083,AUC-0017,VND-0712,468407.47,0.9422,0.521,50.0,3.8,0.0288,15.0,75,0.3532,0,2026-03-27 00:00:00,0
BID-000084,AUC-0017,VND-0295,452908.01,0.911,0.564,50.0,3.91,0.0262,15.0,125,0.3838,0,2026-03-27 00:00:00,0
BID-000085,AUC-0017,VND-0349,445710.58,0.8966,0.644,56.7,4.11,0.0213,13.0,173,0.4315,0,2026-03-27 00:00:00,1
BID-000086,AUC-0018,VND-0142,327391.11,0.9793,0.688,54.9,4.22,0.0187,13.5,154,0.5297,0,2026-02-14 00:00:00,0
BID-000087,AUC-0018,VND-0020,315449.38,0.9436,0.842,77.4,4.61,0.0095,6.8,43,0.664,0,2026-02-14 00:00:00,0
BID-000088,AUC-0018,VND-0020,307853.9,0.9209,0.842,77.4,4.61,0.0095,6.8,43,0.669,0,2026-02-14 00:00:00,1
BID-000089,AUC-0018,VND-0689,293361.03,0.8775,0.723,63.2,4.31,0.0166,11.0,181,0.5885,0,2026-02-14 00:00:00,0
BID-000090,AUC-0018,VND-0689,286268.42,0.8563,0.723,63.2,4.31,0.0166,11.0,181,0.5932,0,2026-02-14 00:00:00,0
BID-000091,AUC-0018,VND-0142,281681.02,0.8426,0.688,54.9,4.22,0.0187,13.5,154,0.5597,0,2026-02-14 00:00:00,0
BID-000092,AUC-0019,VND-0346,272185.28,0.9607,0.662,64.2,4.15,0.0203,10.7,102,0.4791,0,2026-01-09 00:00:00,0
BID-000093,AUC-0019,VND-0346,267352.02,0.9437,0.662,64.2,4.15,0.0203,10.7,102,0.4862,0,2026-01-09 00:00:00,1
BID-000094,AUC-0019,VND-0034,260372.07,0.919,0.57,62.3,3.93,0.0258,11.3,167,0.4549,0,2026-01-09 00:00:00,0
BID-000095,AUC-0020,VND-0490,350221.78,0.9516,0.748,72.9,4.37,0.0151,8.1,116,0.4366,0,2026-02-18 00:00:00,0
BID-000096,AUC-0020,VND-0490,345105.91,0.9377,0.748,72.9,4.37,0.0151,8.1,116,0.4431,0,2026-02-18 00:00:00,0
BID-000097,AUC-0020,VND-0227,333714.23,0.9068,0.712,73.7,4.28,0.0173,7.9,154,0.4509,0,2026-02-18 00:00:00,1
BID-000098,AUC-0021,VND-0290,231841.05,0.9743,0.746,61.5,4.37,0.0152,11.5,198,0.4931,0,2026-06-08 00:00:00,0
BID-000099,AUC-0021,VND-0103,227483.47,0.956,0.803,57.6,4.51,0.0118,12.7,148,0.5151,0,2026-06-08 00:00:00,0
BID-000100,AUC-0021,VND-0139,220702.9,0.9275,0.899,85.6,4.75,0.0061,4.3,259,0.5999,0,2026-06-08 00:00:00,0
BID-000101,AUC-0021,VND-0511,211559.38,0.8891,0.849,68.8,4.62,0.0091,9.4,265,0.5721,0,2026-06-08 00:00:00,0
BID-000102,AUC-0021,VND-0139,204054.11,0.8575,0.899,85.6,4.75,0.0061,4.3,259,0.6258,0,2026-06-08 00:00:00,1
BID-000103,AUC-0021,VND-0261,199663.04,0.8391,0.797,70.3,4.49,0.0122,8.9,166,0.5737,0,2026-06-08 00:00:00,0
BID-000104,AUC-0021,VND-0103,196913.74,0.8275,0.803,57.6,4.51,0.0118,12.7,148,0.5627,0,2026-06-08 00:00:00,0
BID-000105,AUC-0022,VND-0517,38577.56,0.9774,0.615,50.6,4.04,0.0231,14.8,154,0.3494,0,2026-05-09 00:00:00,0
BID-000106,AUC-0022,VND-0626,37934.63,0.9611,0.898,82.3,4.75,0.0061,5.3,158,0.5156,0,2026-05-09 00:00:00,1
BID-000107,AUC-0022,VND-0302,36189.83,0.9169,0.589,50.0,3.97,0.0247,15.0,244,0.3744,0,2026-05-09 00:00:00,0
BID-000108,AUC-0022,VND-0517,34435.0,0.8724,0.615,50.6,4.04,0.0231,14.8,154,0.406,0,2026-05-09 00:00:00,0
BID-000109,AUC-0023,VND-0214,271597.03,0.9512,0.721,73.1,4.3,0.0168,8.1,268,0.3649,0,2026-03-14 00:00:00,0
BID-000110,AUC-0023,VND-0476,263576.15,0.9231,0.8,72.0,4.5,0.012,8.4,211,0.4025,0,2026-03-14 00:00:00,1
BID-000111,AUC-0023,VND-0010,255958.08,0.8964,0.716,56.6,4.29,0.017,13.0,250,0.3754,0,2026-03-14 00:00:00,0
BID-000112,AUC-0024,VND-0010,464374.9,0.969,0.716,56.6,4.29,0.017,13.0,250,0.5471,0,2026-06-12 00:00:00,0
BID-000113,AUC-0024,VND-0010,445707.17,0.93,0.716,56.6,4.29,0.017,13.0,250,0.558,0,2026-06-12 00:00:00,0
BID-000114,AUC-0024,VND-0789,439467.4,0.917,0.512,53.8,3.78,0.0293,13.9,182,0.4766,0,2026-06-12 00:00:00,0
BID-000115,AUC-0024,VND-0565,427116.33,0.8912,0.686,56.7,4.22,0.0188,13.0,106,0.5575,0,2026-06-12 00:00:00,0
BID-000116,AUC-0024,VND-0565,405934.89,0.847,0.686,56.7,4.22,0.0188,13.0,106,0.5698,0,2026-06-12 00:00:00,1
BID-000117,AUC-0025,VND-0216,92215.34,0.9616,0.571,55.8,3.93,0.0257,13.3,180,0.3531,0,2026-04-03 00:00:00,0
BID-000118,AUC-0025,VND-0351,88436.26,0.9222,0.766,55.9,4.42,0.014,13.2,276,0.4505,0,2026-04-03 00:00:00,0
BID-000119,AUC-0025,VND-0351,85838.51,0.8951,0.766,55.9,4.42,0.014,13.2,276,0.4638,0,2026-04-03 00:00:00,1
BID-000120,AUC-0025,VND-0216,82625.46,0.8616,0.571,55.8,3.93,0.0257,13.3,180,0.4021,0,2026-04-03 00:00:00,0
BID-000121,AUC-0025,VND-0019,79684.65,0.8309,0.652,54.4,4.13,0.0209,13.7,127,0.448,0,2026-04-03 00:00:00,0
BID-000122,AUC-0026,VND-0396,341218.78,0.9802,0.577,58.3,3.94,0.0254,12.5,193,0.4362,0,2026-05-26 00:00:00,0
BID-000123,AUC-0026,VND-0115,332900.95,0.9563,0.946,87.8,4.87,0.0032,3.7,179,0.6694,0,2026-05-26 00:00:00,0
BID-000124,AUC-0026,VND-0396,326990.74,0.9394,0.577,58.3,3.94,0.0254,12.5,193,0.4562,0,2026-05-26 00:00:00,0
BID-000125,AUC-0026,VND-0115,315366.43,0.906,0.946,87.8,4.87,0.0032,3.7,179,0.6941,0,2026-05-26 00:00:00,1
BID-000126,AUC-0026,VND-0674,301147.89,0.8651,0.673,60.2,4.18,0.0196,11.9,128,0.5357,0,2026-05-26 00:00:00,0
BID-000127,AUC-0026,VND-0306,287304.47,0.8253,0.52,52.4,3.8,0.0288,14.3,70,0.4746,0,2026-05-26 00:00:00,0
BID-000128,AUC-0027,VND-0232,104817.03,0.9664,0.873,78.7,4.68,0.0076,6.4,167,0.5343,0,2026-01-08 00:00:00,0
BID-000129,AUC-0027,VND-0129,102471.97,0.9448,0.968,96.2,4.92,0.0019,1.1,233,0.605,0,2026-01-08 00:00:00,1
BID-000130,AUC-0027,VND-0766,99071.88,0.9135,0.656,64.5,4.14,0.0207,10.6,57,0.4606,0,2026-01-08 00:00:00,0
BID-000131,AUC-0027,VND-0600,96720.81,0.8918,0.875,72.0,4.69,0.0075,8.4,23,0.553,0,2026-01-08 00:00:00,0
BID-000132,AUC-0027,VND-0791,95277.88,0.8785,0.616,53.1,4.04,0.023,14.1,139,0.4413,0,2026-01-08 00:00:00,0
BID-000133,AUC-0028,VND-0154,262406.44,0.9628,0.758,66.9,4.4,0.0145,9.9,126,0.3494,0,2026-01-16 00:00:00,1
BID-000134,AUC-0028,VND-0037,249635.94,0.9159,0.503,50.3,3.76,0.0298,14.9,24,0.2974,0,2026-01-16 00:00:00,0
BID-000135,AUC-0028,VND-0037,241566.3,0.8863,0.503,50.3,3.76,0.0298,14.9,24,0.3146,0,2026-01-16 00:00:00,0
BID-000136,AUC-0028,VND-0383,236216.62,0.8667,0.517,53.1,3.79,0.029,14.1,284,0.332,0,2026-01-16 00:00:00,0
BID-000137,AUC-0029,VND-0240,54903.41,0.957,0.985,85.1,4.96,0.001,4.5,184,0.5534,0,2026-02-11 00:00:00,0
BID-000138,AUC-0029,VND-0073,54237.55,0.9454,0.642,50.0,4.11,0.0215,15.0,168,0.3787,0,2026-02-11 00:00:00,0
BID-000139,AUC-0029,VND-0240,53684.13,0.9357,0.985,85.1,4.96,0.001,4.5,184,0.5629,0,2026-02-11 00:00:00,0
BID-000140,AUC-0029,VND-0240,51729.49,0.9017,0.985,85.1,4.96,0.001,4.5,184,0.5783,0,2026-02-11 00:00:00,1
BID-000141,AUC-0030,VND-0239,219575.03,0.9519,0.537,54.1,3.84,0.0278,13.8,92,0.4059,0,2026-05-18 00:00:00,0
BID-000142,AUC-0030,VND-0162,216126.44,0.9369,0.83,68.6,4.58,0.0102,9.4,274,0.5517,0,2026-05-18 00:00:00,0
BID-000143,AUC-0030,VND-0239,210230.07,0.9113,0.537,54.1,3.84,0.0278,13.8,92,0.42,0,2026-05-18 00:00:00,0
BID-000144,AUC-0030,VND-0064,205682.35,0.8916,0.909,87.9,4.77,0.0055,3.6,166,0.6313,0,2026-05-18 00:00:00,0
BID-000145,AUC-0030,VND-0064,199732.56,0.8658,0.909,87.9,4.77,0.0055,3.6,166,0.6404,0,2026-05-18 00:00:00,1
BID-000146,AUC-0031,VND-0202,363122.14,0.9543,0.753,73.0,4.38,0.0148,8.1,91,0.6184,0,2026-04-02 00:00:00,0
BID-000147,AUC-0031,VND-0539,350819.0,0.9219,0.692,62.2,4.23,0.0185,11.3,211,0.5789,0,2026-04-02 00:00:00,0
BID-000148,AUC-0031,VND-0641,339397.63,0.8919,0.809,74.0,4.52,0.0115,7.8,172,0.6608,0,2026-04-02 00:00:00,0
BID-000149,AUC-0031,VND-0338,324112.08,0.8518,0.705,69.5,4.26,0.0177,9.2,169,0.6135,0,2026-04-02 00:00:00,0
BID-000150,AUC-0031,VND-0305,319066.61,0.8385,0.752,77.3,4.38,0.0149,6.8,46,0.652,0,2026-04-02 00:00:00,0
BID-000151,AUC-0031,VND-0641,312685.02,0.8217,0.809,74.0,4.52,0.0115,7.8,172,0.6769,0,2026-04-02 00:00:00,1
BID-000152,AUC-0032,VND-0250,174570.2,0.9682,0.987,100.0,4.97,0.001,0.1,29,0.6957,0,2026-06-29 00:00:00,0
BID-000153,AUC-0032,VND-0250,167361.11,0.9282,0.987,100.0,4.97,0.001,0.1,29,0.7081,0,2026-06-29 00:00:00,0
BID-000154,AUC-0032,VND-0769,162762.74,0.9027,0.591,58.4,3.98,0.0246,12.5,215,0.5126,0,2026-06-29 00:00:00,0
BID-000155,AUC-0032,VND-0143,157706.87,0.8746,0.789,60.0,4.47,0.0127,12.0,222,0.59,0,2026-06-29 00:00:00,0
BID-000156,AUC-0032,VND-0420,154153.67,0.8549,0.79,79.1,4.48,0.0126,6.3,278,0.6295,0,2026-06-29 00:00:00,0
BID-000157,AUC-0032,VND-0420,148218.14,0.822,0.79,79.1,4.48,0.0126,6.3,278,0.6397,0,2026-06-29 00:00:00,0
BID-000158,AUC-0032,VND-0250,144636.04,0.8022,0.987,100.0,4.97,0.001,0.1,29,0.7472,0,2026-06-29 00:00:00,0
BID-000159,AUC-0032,VND-0250,140756.87,0.7806,0.987,100.0,4.97,0.001,0.1,29,0.7538,0,2026-06-29 00:00:00,1
BID-000160,AUC-0033,VND-0437,320267.64,0.9537,0.822,67.6,4.55,0.0107,9.7,93,0.3597,0,2026-05-26 00:00:00,0
BID-000161,AUC-0033,VND-0745,313956.5,0.9349,0.694,61.5,4.24,0.0183,11.5,67,0.3374,0,2026-05-26 00:00:00,0
BID-000162,AUC-0033,VND-0437,306131.31,0.9116,0.822,67.6,4.55,0.0107,9.7,93,0.3837,0,2026-05-26 00:00:00,0
BID-000163,AUC-0033,VND-0437,296417.52,0.8827,0.822,67.6,4.55,0.0107,9.7,93,0.4002,0,2026-05-26 00:00:00,1
BID-000164,AUC-0034,VND-0716,388372.1,0.9715,0.727,65.3,4.32,0.0164,10.4,158,0.4199,0,2026-05-07 00:00:00,0
BID-000165,AUC-0034,VND-0295,371451.53,0.9292,0.564,50.0,3.91,0.0262,15.0,125,0.3581,0,2026-05-07 00:00:00,0
BID-000166,AUC-0034,VND-0210,366924.39,0.9178,0.836,81.5,4.59,0.0098,5.6,241,0.5102,0,2026-05-07 00:00:00,0
BID-000167,AUC-0034,VND-0210,358360.62,0.8964,0.836,81.5,4.59,0.0098,5.6,241,0.52,0,2026-05-07 00:00:00,0
BID-000168,AUC-0034,VND-0210,342994.97,0.858,0.836,81.5,4.59,0.0098,5.6,241,0.5377,0,2026-05-07 00:00:00,1
BID-000169,AUC-0034,VND-0295,330090.23,0.8257,0.564,50.0,3.91,0.0262,15.0,125,0.4057,0,2026-05-07 00:00:00,0
BID-000170,AUC-0034,VND-0716,325185.84,0.8134,0.727,65.3,4.32,0.0164,10.4,158,0.4926,0,2026-05-07 00:00:00,0
BID-000171,AUC-0034,VND-0716,312808.32,0.7825,0.727,65.3,4.32,0.0164,10.4,158,0.5068,0,2026-05-07 00:00:00,0
BID-000172,AUC-0035,VND-0162,448005.86,0.9649,0.83,68.6,4.58,0.0102,9.4,274,0.6472,0,2026-01-07 00:00:00,1
BID-000173,AUC-0035,VND-0175,429088.96,0.9241,0.687,67.7,4.22,0.0188,9.7,244,0.6063,0,2026-01-07 00:00:00,0
BID-000174,AUC-0035,VND-0519,422829.26,0.9106,0.67,70.0,4.17,0.0198,9.0,130,0.607,0,2026-01-07 00:00:00,0
BID-000175,AUC-0035,VND-0175,416012.88,0.896,0.687,67.7,4.22,0.0188,9.7,244,0.6133,0,2026-01-07 00:00:00,0
BID-000176,AUC-0036,VND-0177,123601.62,0.989,0.829,68.6,4.57,0.0102,9.4,203,0.4084,0,2026-02-04 00:00:00,0
BID-000177,AUC-0036,VND-0177,120433.89,0.9637,0.829,68.6,4.57,0.0102,9.4,203,0.4211,0,2026-02-04 00:00:00,0
BID-000178,AUC-0036,VND-0461,117784.71,0.9425,0.934,79.4,4.84,0.0039,6.2,115,0.4746,0,2026-02-04 00:00:00,1
BID-000179,AUC-0037,VND-0613,202594.66,0.9851,0.71,68.1,4.27,0.0174,9.6,155,0.5031,0,2026-01-07 00:00:00,0
BID-000180,AUC-0037,VND-0270,195413.11,0.9502,0.725,61.4,4.31,0.0165,11.6,202,0.5072,0,2026-01-07 00:00:00,0
BID-000181,AUC-0037,VND-0270,192351.49,0.9353,0.725,61.4,4.31,0.0165,11.6,202,0.5118,0,2026-01-07 00:00:00,0
BID-000182,AUC-0037,VND-0669,185369.39,0.9013,0.6,54.9,4.0,0.024,13.5,142,0.4544,0,2026-01-07 00:00:00,0
BID-000183,AUC-0037,VND-0270,179722.93,0.8739,0.725,61.4,4.31,0.0165,11.6,202,0.5309,0,2026-01-07 00:00:00,0
BID-000184,AUC-0037,VND-0669,173995.66,0.846,0.6,54.9,4.0,0.024,13.5,142,0.4715,0,2026-01-07 00:00:00,0
BID-000185,AUC-0037,VND-0284,168911.74,0.8213,0.696,66.4,4.24,0.0182,10.1,84,0.5444,0,2026-01-07 00:00:00,0
BID-000186,AUC-0037,VND-0514,162712.44,0.7912,0.931,96.2,4.83,0.0041,1.1,89,0.7168,0,2026-01-07 00:00:00,1
BID-000187,AUC-0038,VND-0652,82424.84,0.9733,0.526,51.0,3.81,0.0284,14.7,115,0.3298,0,2026-05-16 00:00:00,0
BID-000188,AUC-0038,VND-0569,81112.08,0.9578,0.926,80.6,4.81,0.0045,5.8,192,0.5273,0,2026-05-16 00:00:00,1
BID-000189,AUC-0038,VND-0293,78817.97,0.9307,0.817,72.6,4.54,0.011,8.2,40,0.4899,0,2026-05-16 00:00:00,0
BID-000190,AUC-0039,VND-0743,490507.4,0.9883,0.662,53.5,4.16,0.0203,14.0,190,0.3756,0,2026-06-20 00:00:00,0
BID-000191,AUC-0039,VND-0482,466711.97,0.9404,0.623,51.1,4.06,0.0226,14.7,159,0.3768,0,2026-06-20 00:00:00,0
BID-000192,AUC-0039,VND-0743,445571.33,0.8978,0.662,53.5,4.16,0.0203,14.0,190,0.4146,0,2026-06-20 00:00:00,0
BID-000193,AUC-0039,VND-0743,436180.4,0.8788,0.662,53.5,4.16,0.0203,14.0,190,0.4227,0,2026-06-20 00:00:00,0
BID-000194,AUC-0039,VND-0427,425576.89,0.8575,0.605,65.4,4.01,0.0237,10.4,55,0.4219,0,2026-06-20 00:00:00,0
BID-000195,AUC-0039,VND-0244,415382.9,0.8369,0.523,50.0,3.81,0.0286,15.0,218,0.3774,0,2026-06-20 00:00:00,0
BID-000196,AUC-0039,VND-0516,402704.66,0.8114,0.519,51.8,3.8,0.0289,14.5,260,0.3889,0,2026-06-20 00:00:00,0
BID-000197,AUC-0039,VND-0427,388111.94,0.782,0.605,65.4,4.01,0.0237,10.4,55,0.4543,0,2026-06-20 00:00:00,1
BID-000198,AUC-0040,VND-0565,445012.05,0.9586,0.686,56.7,4.22,0.0188,13.0,106,0.3106,0,2026-03-25 00:00:00,0
BID-000199,AUC-0040,VND-0709,435169.64,0.9374,0.52,50.0,3.8,0.0288,15.0,240,0.2793,0,2026-03-25 00:00:00,0
BID-000200,AUC-0040,VND-0271,429630.62,0.9255,0.977,93.9,4.94,0.0014,1.8,146,0.4561,0,2026-03-25 00:00:00,1
BID-000201,AUC-0040,VND-0709,417021.05,0.8983,0.52,50.0,3.8,0.0288,15.0,240,0.3016,0,2026-03-25 00:00:00,0
BID-000202,AUC-0041,VND-0577,268986.08,0.9796,0.849,82.9,4.62,0.0091,5.1,179,0.6063,0,2026-06-17 00:00:00,0
BID-000203,AUC-0041,VND-0775,262809.33,0.9571,0.522,51.3,3.8,0.0287,14.6,147,0.4095,0,2026-06-17 00:00:00,0
BID-000204,AUC-0041,VND-0577,256521.93,0.9342,0.849,82.9,4.62,0.0091,5.1,179,0.6199,0,2026-06-17 00:00:00,0
BID-000205,AUC-0041,VND-0577,245441.35,0.8939,0.849,82.9,4.62,0.0091,5.1,179,0.632,0,2026-06-17 00:00:00,0
BID-000206,AUC-0041,VND-0508,242545.84,0.8833,0.853,88.0,4.63,0.0088,3.6,150,0.6485,0,2026-06-17 00:00:00,0
BID-000207,AUC-0041,VND-0395,233010.13,0.8486,0.731,72.7,4.33,0.0161,8.2,238,0.5751,0,2026-06-17 00:00:00,0
BID-000208,AUC-0041,VND-0542,229780.23,0.8368,0.709,70.0,4.27,0.0175,9.0,75,0.5635,0,2026-06-17 00:00:00,0
BID-000209,AUC-0041,VND-0508,222892.03,0.8118,0.853,88.0,4.63,0.0088,3.6,150,0.67,0,2026-06-17 00:00:00,1
BID-000210,AUC-0042,VND-0270,405594.18,0.9598,0.725,61.4,4.31,0.0165,11.6,202,0.4965,0,2026-02-28 00:00:00,0
BID-000211,AUC-0042,VND-0270,386573.83,0.9148,0.725,61.4,4.31,0.0165,11.6,202,0.5104,0,2026-02-28 00:00:00,0
BID-000212,AUC-0042,VND-0479,373246.25,0.8832,0.759,64.2,4.4,0.0144,10.7,254,0.5404,0,2026-02-28 00:00:00,0
BID-000213,AUC-0042,VND-0336,368955.14,0.8731,0.587,59.2,3.97,0.0248,12.2,264,0.4664,0,2026-02-28 00:00:00,0
BID-000214,AUC-0042,VND-0336,358749.42,0.8489,0.587,59.2,3.97,0.0248,12.2,264,0.4739,0,2026-02-28 00:00:00,0
BID-000215,AUC-0042,VND-0723,346458.19,0.8198,0.934,74.1,4.84,0.004,7.8,87,0.6516,0,2026-02-28 00:00:00,0
BID-000216,AUC-0042,VND-0479,330194.74,0.7813,0.759,64.2,4.4,0.0144,10.7,254,0.572,0,2026-02-28 00:00:00,0
BID-000217,AUC-0042,VND-0723,325470.83,0.7702,0.934,74.1,4.84,0.004,7.8,87,0.667,0,2026-02-28 00:00:00,1
BID-000218,AUC-0043,VND-0510,255413.6,0.9628,0.958,77.4,4.89,0.0025,6.8,167,0.5781,0,2026-03-21 00:00:00,1
BID-000219,AUC-0043,VND-0128,250803.97,0.9455,0.585,53.5,3.96,0.0249,14.0,241,0.3984,0,2026-03-21 00:00:00,0
BID-000220,AUC-0043,VND-0128,243941.34,0.9196,0.585,53.5,3.96,0.0249,14.0,241,0.4119,0,2026-03-21 00:00:00,0
BID-000221,AUC-0043,VND-0501,233611.18,0.8807,0.593,58.5,3.98,0.0244,12.4,209,0.4429,0,2026-03-21 00:00:00,0
BID-000222,AUC-0043,VND-0128,230471.28,0.8688,0.585,53.5,3.96,0.0249,14.0,241,0.4383,0,2026-03-21 00:00:00,0
BID-000223,AUC-0043,VND-0344,222366.84,0.8383,0.786,70.0,4.46,0.0129,9.0,234,0.5613,0,2026-03-21 00:00:00,0
BID-000224,AUC-0044,VND-0684,301489.57,0.9554,0.858,90.6,4.64,0.0085,2.8,109,0.5792,0,2026-06-30 00:00:00,0
BID-000225,AUC-0044,VND-0773,296239.98,0.9388,0.981,83.0,4.95,0.0011,5.1,104,0.6118,0,2026-06-30 00:00:00,0
BID-000226,AUC-0044,VND-0684,287398.1,0.9108,0.858,90.6,4.64,0.0085,2.8,109,0.5962,0,2026-06-30 00:00:00,0
BID-000227,AUC-0044,VND-0721,277967.19,0.8809,0.985,78.2,4.96,0.001,6.5,82,0.6278,0,2026-06-30 00:00:00,0
BID-000228,AUC-0044,VND-0325,269618.72,0.8544,0.895,79.8,4.74,0.0063,6.1,300,0.6132,0,2026-06-30 00:00:00,0
BID-000229,AUC-0044,VND-0773,260252.39,0.8247,0.981,83.0,4.95,0.0011,5.1,104,0.6551,0,2026-06-30 00:00:00,1
BID-000230,AUC-0045,VND-0101,52861.2,0.9849,0.821,69.1,4.55,0.0107,9.3,157,0.5943,0,2026-02-17 00:00:00,1
BID-000231,AUC-0045,VND-0394,52119.21,0.9711,0.792,65.5,4.48,0.0125,10.4,97,0.5776,0,2026-02-17 00:00:00,0
BID-000232,AUC-0045,VND-0348,51117.33,0.9524,0.557,50.0,3.89,0.0266,15.0,238,0.4429,0,2026-02-17 00:00:00,0
BID-000233,AUC-0046,VND-0296,375248.58,0.9873,0.569,53.7,3.92,0.0258,13.9,90,0.4605,0,2026-06-14 00:00:00,0
BID-000234,AUC-0046,VND-0011,356964.74,0.9392,0.806,60.5,4.51,0.0116,11.8,165,0.6013,0,2026-06-14 00:00:00,0
BID-000235,AUC-0046,VND-0309,345764.28,0.9097,0.531,50.0,3.83,0.0282,15.0,181,0.4603,0,2026-06-14 00:00:00,0
BID-000236,AUC-0046,VND-0194,330506.46,0.8696,0.641,51.1,4.1,0.0215,14.7,234,0.5258,0,2026-06-14 00:00:00,0
BID-000237,AUC-0046,VND-0713,321923.61,0.847,0.993,99.4,4.98,0.001,0.2,194,0.8287,0,2026-06-14 00:00:00,1
BID-000238,AUC-0046,VND-0477,311674.31,0.82,0.588,59.2,3.97,0.0247,12.2,96,0.5434,0,2026-06-14 00:00:00,0
BID-000239,AUC-0047,VND-0497,71760.11,0.9887,0.636,59.1,4.09,0.0218,12.3,71,0.4805,0,2026-03-27 00:00:00,0
BID-000240,AUC-0047,VND-0232,70293.68,0.9685,0.873,78.7,4.68,0.0076,6.4,167,0.639,0,2026-03-27 00:00:00,1
BID-000241,AUC-0047,VND-0792,67093.83,0.9244,0.797,77.0,4.49,0.0122,6.9,115,0.6128,0,2026-03-27 00:00:00,0
BID-000242,AUC-0047,VND-0497,66049.08,0.91,0.636,59.1,4.09,0.0218,12.3,71,0.501,0,2026-03-27 00:00:00,0
BID-000243,AUC-0047,VND-0792,62946.95,0.8673,0.797,77.0,4.49,0.0122,6.9,115,0.6276,0,2026-03-27 00:00:00,0
BID-000244,AUC-0047,VND-0497,61724.23,0.8504,0.636,59.1,4.09,0.0218,12.3,71,0.5165,0,2026-03-27 00:00:00,0
BID-000245,AUC-0047,VND-0497,59117.83,0.8145,0.636,59.1,4.09,0.0218,12.3,71,0.5258,0,2026-03-27 00:00:00,0
BID-000246,AUC-0047,VND-0497,57708.83,0.7951,0.636,59.1,4.09,0.0218,12.3,71,0.5309,0,2026-03-27 00:00:00,0
BID-000247,AUC-0048,VND-0541,394920.43,0.9521,0.893,70.6,4.73,0.0064,8.8,148,0.671,0,2026-02-13 00:00:00,0
BID-000248,AUC-0048,VND-0646,379544.91,0.9151,0.698,54.5,4.25,0.0181,13.6,213,0.5765,0,2026-02-13 00:00:00,0
BID-000249,AUC-0048,VND-0372,375208.99,0.9046,0.874,79.5,4.68,0.0076,6.1,212,0.6941,0,2026-02-13 00:00:00,1
BID-000250,AUC-0049,VND-0221,374615.41,0.9528,0.542,54.8,3.86,0.0275,13.6,162,0.4408,0,2026-04-26 00:00:00,0
BID-000251,AUC-0049,VND-0221,359276.96,0.9137,0.542,54.8,3.86,0.0275,13.6,162,0.4506,0,2026-04-26 00:00:00,0
BID-000252,AUC-0049,VND-0375,348007.36,0.8851,0.953,91.0,4.88,0.0028,2.7,215,0.7327,0,2026-04-26 00:00:00,1
BID-000253,AUC-0049,VND-0686,335034.47,0.8521,0.986,78.7,4.96,0.001,6.4,234,0.7173,0,2026-04-26 00:00:00,0
BID-000254,AUC-0050,VND-0391,345858.29,0.968,0.847,80.8,4.62,0.0092,5.8,85,0.5708,0,2026-04-01 00:00:00,0
BID-000255,AUC-0050,VND-0559,336340.92,0.9414,0.546,56.3,3.86,0.0273,13.1,47,0.4435,0,2026-04-01 00:00:00,0
BID-000256,AUC-0050,VND-0708,328244.67,0.9187,0.766,84.3,4.41,0.0141,4.7,292,0.5686,0,2026-04-01 00:00:00,0
BID-000257,AUC-0050,VND-0708,319230.74,0.8935,0.766,84.3,4.41,0.0141,4.7,292,0.5776,0,2026-04-01 00:00:00,0
BID-000258,AUC-0050,VND-0020,312997.19,0.876,0.842,77.4,4.61,0.0095,6.8,43,0.5967,0,2026-04-01 00:00:00,1
BID-000259,AUC-0050,VND-0559,302497.79,0.8467,0.546,56.3,3.86,0.0273,13.1,47,0.4776,0,2026-04-01 00:00:00,0
BID-000260,AUC-0051,VND-0430,26473.19,0.9551,0.782,63.4,4.46,0.0131,11.0,100,0.6097,0,2026-04-10 00:00:00,0
BID-000261,AUC-0051,VND-0737,25347.95,0.9145,0.939,78.3,4.85,0.0036,6.5,155,0.7111,0,2026-04-10 00:00:00,1
BID-000262,AUC-0051,VND-0430,25037.03,0.9033,0.782,63.4,4.46,0.0131,11.0,100,0.6231,0,2026-04-10 00:00:00,0
BID-000263,AUC-0052,VND-0027,156124.99,0.9848,0.97,94.1,4.92,0.0018,1.8,96,0.5264,0,2026-04-08 00:00:00,0
BID-000264,AUC-0052,VND-0257,151574.25,0.9561,0.966,100.0,4.92,0.002,0.1,294,0.5525,0,2026-04-08 00:00:00,1
BID-000265,AUC-0052,VND-0153,146077.62,0.9214,0.863,93.2,4.66,0.0082,2.0,93,0.5291,0,2026-04-08 00:00:00,0
BID-000266,AUC-0052,VND-0153,143154.91,0.903,0.863,93.2,4.66,0.0082,2.0,93,0.5376,0,2026-04-08 00:00:00,0
BID-000267,AUC-0053,VND-0261,133200.29,0.9588,0.797,70.3,4.49,0.0122,8.9,166,0.3878,0,2026-05-29 00:00:00,0
BID-000268,AUC-0053,VND-0389,127238.4,0.9159,0.615,59.6,4.04,0.0231,12.1,240,0.3471,0,2026-05-29 00:00:00,0
BID-000269,AUC-0053,VND-0736,123284.62,0.8874,0.784,73.6,4.46,0.013,7.9,82,0.4271,0,2026-05-29 00:00:00,0
BID-000270,AUC-0053,VND-0389,120479.36,0.8672,0.615,59.6,4.04,0.0231,12.1,240,0.3734,0,2026-05-29 00:00:00,0
BID-000271,AUC-0053,VND-0486,119014.34,0.8567,0.832,81.3,4.58,0.0101,5.6,114,0.4669,0,2026-05-29 00:00:00,1
BID-000272,AUC-0054,VND-0543,182327.73,0.9778,0.972,85.3,4.93,0.0017,4.4,272,0.6243,0,2026-01-10 00:00:00,0
BID-000273,AUC-0054,VND-0094,178967.29,0.9598,0.909,86.3,4.77,0.0055,4.1,226,0.6147,0,2026-01-10 00:00:00,0
BID-000274,AUC-0054,VND-0433,171988.2,0.9224,0.7,64.5,4.25,0.018,10.6,277,0.5157,0,2026-01-10 00:00:00,0
BID-000275,AUC-0054,VND-0128,169291.69,0.9079,0.585,53.5,3.96,0.0249,14.0,241,0.4613,0,2026-01-10 00:00:00,0
BID-000276,AUC-0054,VND-0543,162869.84,0.8735,0.972,85.3,4.93,0.0017,4.4,272,0.6598,0,2026-01-10 00:00:00,1
BID-000277,AUC-0054,VND-0181,156262.59,0.838,0.694,71.0,4.24,0.0184,8.7,109,0.5585,0,2026-01-10 00:00:00,0
BID-000278,AUC-0054,VND-0597,154566.89,0.8289,0.673,68.1,4.18,0.0196,9.6,253,0.5483,0,2026-01-10 00:00:00,0
BID-000279,AUC-0055,VND-0287,52289.03,0.9876,0.698,66.4,4.25,0.0181,10.1,223,0.6102,0,2026-01-20 00:00:00,0
BID-000280,AUC-0055,VND-0412,50730.06,0.9582,0.667,59.1,4.17,0.02,12.3,213,0.5905,0,2026-01-20 00:00:00,0
BID-000281,AUC-0055,VND-0412,49442.2,0.9338,0.667,59.1,4.17,0.02,12.3,213,0.5956,0,2026-01-20 00:00:00,0
BID-000282,AUC-0055,VND-0287,48503.89,0.9161,0.698,66.4,4.25,0.0181,10.1,223,0.6252,0,2026-01-20 00:00:00,1
BID-000283,AUC-0055,VND-0412,47661.04,0.9002,0.667,59.1,4.17,0.02,12.3,213,0.6027,0,2026-01-20 00:00:00,0
BID-000284,AUC-0056,VND-0511,447341.64,0.9536,0.849,68.8,4.62,0.0091,9.4,265,0.5803,0,2026-01-21 00:00:00,0
BID-000285,AUC-0056,VND-0774,426886.15,0.91,0.903,79.0,4.76,0.0058,6.3,20,0.6391,0,2026-01-21 00:00:00,0
BID-000286,AUC-0056,VND-0774,407122.19,0.8679,0.903,79.0,4.76,0.0058,6.3,20,0.6518,0,2026-01-21 00:00:00,0
BID-000287,AUC-0056,VND-0774,390783.26,0.833,0.903,79.0,4.76,0.0058,6.3,20,0.6622,0,2026-01-21 00:00:00,0
BID-000288,AUC-0056,VND-0071,375038.57,0.7995,0.981,82.4,4.95,0.0011,5.3,282,0.7132,0,2026-01-21 00:00:00,1
BID-000289,AUC-0057,VND-0382,270081.56,0.9599,0.624,57.9,4.06,0.0225,12.6,66,0.5139,0,2026-01-09 00:00:00,0
BID-000290,AUC-0057,VND-0653,261403.36,0.9291,0.855,84.4,4.64,0.0087,4.7,217,0.6748,0,2026-01-09 00:00:00,1
BID-000291,AUC-0057,VND-0382,249039.27,0.8851,0.624,57.9,4.06,0.0225,12.6,66,0.5326,0,2026-01-09 00:00:00,0
BID-000292,AUC-0057,VND-0517,237996.72,0.8459,0.615,50.6,4.04,0.0231,14.8,154,0.5184,0,2026-01-09 00:00:00,0
BID-000293,AUC-0057,VND-0754,231204.27,0.8217,0.79,70.0,4.48,0.0126,9.0,58,0.6385,0,2026-01-09 00:00:00,0
BID-000294,AUC-0057,VND-0754,222240.76,0.7899,0.79,70.0,4.48,0.0126,9.0,58,0.6465,0,2026-01-09 00:00:00,0
BID-000295,AUC-0057,VND-0754,217706.15,0.7738,0.79,70.0,4.48,0.0126,9.0,58,0.6505,0,2026-01-09 00:00:00,0
BID-000296,AUC-0057,VND-0386,211459.45,0.7516,0.555,56.6,3.89,0.0267,13.0,136,0.5395,0,2026-01-09 00:00:00,0
BID-000297,AUC-0058,VND-0098,151729.19,0.95,0.67,58.4,4.17,0.0198,12.5,117,0.4937,0,2026-01-15 00:00:00,0
BID-000298,AUC-0058,VND-0699,148416.49,0.9293,0.715,58.1,4.29,0.0171,12.6,110,0.5166,0,2026-01-15 00:00:00,0
BID-000299,AUC-0058,VND-0699,144589.71,0.9053,0.715,58.1,4.29,0.0171,12.6,110,0.5238,0,2026-01-15 00:00:00,0
BID-000300,AUC-0058,VND-0699,141557.55,0.8864,0.715,58.1,4.29,0.0171,12.6,110,0.5295,0,2026-01-15 00:00:00,0
BID-000301,AUC-0058,VND-0227,136409.21,0.8541,0.712,73.7,4.28,0.0173,7.9,154,0.5738,0,2026-01-15 00:00:00,1
BID-000302,AUC-0059,VND-0592,198845.0,0.9722,0.816,81.3,4.54,0.011,5.6,112,0.5172,0,2026-06-29 00:00:00,0
BID-000303,AUC-0059,VND-0751,193357.6,0.9454,0.76,70.6,4.4,0.0144,8.8,126,0.4945,0,2026-06-29 00:00:00,0
BID-000304,AUC-0059,VND-0633,191137.83,0.9346,0.506,50.0,3.76,0.0297,15.0,238,0.3908,0,2026-06-29 00:00:00,0
BID-000305,AUC-0059,VND-0337,185555.01,0.9073,0.54,50.0,3.85,0.0276,15.0,217,0.4123,0,2026-06-29 00:00:00,0
BID-000306,AUC-0059,VND-0343,182082.59,0.8903,0.965,90.5,4.91,0.0021,2.8,238,0.6093,0,2026-06-29 00:00:00,1
BID-000307,AUC-0060,VND-0262,218100.85,0.9519,0.985,93.2,4.96,0.001,2.0,217,0.4697,0,2026-03-03 00:00:00,0
BID-000308,AUC-0060,VND-0778,214351.23,0.9355,0.614,50.0,4.04,0.0232,15.0,47,0.3131,0,2026-03-03 00:00:00,0
BID-000309,AUC-0060,VND-0262,209982.4,0.9164,0.985,93.2,4.96,0.001,2.0,217,0.4888,0,2026-03-03 00:00:00,1
BID-000310,AUC-0060,VND-0778,206814.0,0.9026,0.614,50.0,4.04,0.0232,15.0,47,0.3308,0,2026-03-03 00:00:00,0
BID-000311,AUC-0060,VND-0044,203530.6,0.8883,0.865,86.5,4.66,0.0081,4.0,206,0.4643,0,2026-03-03 00:00:00,0
BID-000312,AUC-0060,VND-0497,199601.06,0.8711,0.636,59.1,4.09,0.0218,12.3,71,0.37,0,2026-03-03 00:00:00,0
BID-000313,AUC-0060,VND-0497,196133.95,0.856,0.636,59.1,4.09,0.0218,12.3,71,0.3782,0,2026-03-03 00:00:00,0
BID-000314,AUC-0061,VND-0060,289377.51,0.951,0.946,89.7,4.87,0.0032,3.1,45,0.7335,0,2026-02-10 00:00:00,1
BID-000315,AUC-0061,VND-0785,278631.33,0.9157,0.812,71.6,4.53,0.0113,8.5,178,0.6431,0,2026-02-10 00:00:00,0
BID-000316,AUC-0061,VND-0559,269821.66,0.8867,0.546,56.3,3.86,0.0273,13.1,47,0.5123,0,2026-02-10 00:00:00,0
BID-000317,AUC-0062,VND-0134,258866.85,0.9855,0.849,79.4,4.62,0.0091,6.2,178,0.4955,0,2026-03-18 00:00:00,0
BID-000318,AUC-0062,VND-0591,253824.34,0.9663,0.981,87.5,4.95,0.0011,3.8,170,0.5515,0,2026-03-18 00:00:00,1
BID-000319,AUC-0062,VND-0366,245495.19,0.9346,0.582,63.5,3.96,0.0251,11.0,190,0.4225,0,2026-03-18 00:00:00,0
BID-000320,AUC-0063,VND-0235,449726.58,0.9766,0.612,65.3,4.03,0.0233,10.4,248,0.4342,0,2026-01-26 00:00:00,0
BID-000321,AUC-0063,VND-0116,429086.07,0.9318,0.897,82.7,4.74,0.0062,5.2,276,0.5992,0,2026-01-26 00:00:00,0
BID-000322,AUC-0063,VND-0235,416716.64,0.9049,0.612,65.3,4.03,0.0233,10.4,248,0.4736,0,2026-01-26 00:00:00,0
BID-000323,AUC-0063,VND-0733,402182.95,0.8734,1.0,79.0,5.0,0.001,6.3,38,0.6572,0,2026-01-26 00:00:00,0
BID-000324,AUC-0063,VND-0482,392236.13,0.8518,0.623,51.1,4.06,0.0226,14.7,159,0.4712,0,2026-01-26 00:00:00,0
BID-000325,AUC-0063,VND-0733,373717.75,0.8115,1.0,79.0,5.0,0.001,6.3,38,0.6912,0,2026-01-26 00:00:00,1
BID-000326,AUC-0063,VND-0332,368392.54,0.8,0.803,67.7,4.51,0.0118,9.7,41,0.6023,0,2026-01-26 00:00:00,0
BID-000327,AUC-0064,VND-0710,243032.25,0.9587,0.726,71.5,4.32,0.0164,8.5,141,0.5271,0,2026-01-22 00:00:00,0
BID-000328,AUC-0064,VND-0524,231464.5,0.913,0.616,50.0,4.04,0.023,15.0,45,0.4489,0,2026-01-22 00:00:00,0
BID-000329,AUC-0064,VND-0668,221458.51,0.8736,0.987,94.8,4.97,0.001,1.6,289,0.6929,0,2026-01-22 00:00:00,1
BID-000330,AUC-0064,VND-0751,213423.47,0.8419,0.76,70.6,4.4,0.0144,8.8,126,0.5716,0,2026-01-22 00:00:00,0
BID-000331,AUC-0064,VND-0339,208035.89,0.8206,0.556,50.0,3.89,0.0266,15.0,145,0.4638,0,2026-01-22 00:00:00,0
BID-000332,AUC-0064,VND-0751,198007.07,0.7811,0.76,70.6,4.4,0.0144,8.8,126,0.5917,0,2026-01-22 00:00:00,0
BID-000333,AUC-0064,VND-0339,191548.85,0.7556,0.556,50.0,3.89,0.0266,15.0,145,0.4852,0,2026-01-22 00:00:00,0
BID-000334,AUC-0064,VND-0710,184803.85,0.729,0.726,71.5,4.32,0.0164,8.5,141,0.6029,0,2026-01-22 00:00:00,0
BID-000335,AUC-0065,VND-0476,480869.11,0.9692,0.8,72.0,4.5,0.012,8.4,211,0.6067,0,2026-05-07 00:00:00,0
BID-000336,AUC-0065,VND-0782,470882.76,0.9491,0.89,69.4,4.73,0.0066,9.2,21,0.6383,0,2026-05-07 00:00:00,0
BID-000337,AUC-0065,VND-0522,449013.65,0.905,0.659,67.9,4.15,0.0204,9.6,95,0.5658,0,2026-05-07 00:00:00,0
BID-000338,AUC-0065,VND-0782,440157.78,0.8871,0.89,69.4,4.73,0.0066,9.2,21,0.655,0,2026-05-07 00:00:00,0
BID-000339,AUC-0065,VND-0782,431691.07,0.8701,0.89,69.4,4.73,0.0066,9.2,21,0.6596,0,2026-05-07 00:00:00,0
BID-000340,AUC-0065,VND-0782,414454.71,0.8353,0.89,69.4,4.73,0.0066,9.2,21,0.669,0,2026-05-07 00:00:00,0
BID-000341,AUC-0065,VND-0554,398820.27,0.8038,0.698,70.1,4.25,0.0181,9.0,61,0.6118,0,2026-05-07 00:00:00,0
BID-000342,AUC-0065,VND-0622,383141.87,0.7722,0.885,90.7,4.71,0.0069,2.8,57,0.7306,0,2026-05-07 00:00:00,1
BID-000343,AUC-0066,VND-0447,418990.05,0.9808,0.915,80.0,4.79,0.0051,6.0,168,0.5675,0,2026-02-18 00:00:00,0
BID-000344,AUC-0066,VND-0563,407780.38,0.9545,0.828,75.6,4.57,0.0103,7.3,208,0.5436,0,2026-02-18 00:00:00,0
BID-000345,AUC-0066,VND-0447,390199.81,0.9134,0.915,80.0,4.79,0.0051,6.0,168,0.5917,0,2026-02-18 00:00:00,0
BID-000346,AUC-0066,VND-0094,371849.23,0.8704,0.909,86.3,4.77,0.0055,4.1,226,0.6245,0,2026-02-18 00:00:00,0
BID-000347,AUC-0066,VND-0094,356581.87,0.8347,0.909,86.3,4.77,0.0055,4.1,226,0.6374,0,2026-02-18 00:00:00,1
BID-000348,AUC-0066,VND-0501,343401.1,0.8038,0.593,58.5,3.98,0.0244,12.4,209,0.4924,0,2026-02-18 00:00:00,0
BID-000349,AUC-0067,VND-0430,106636.81,0.9507,0.782,63.4,4.46,0.0131,11.0,100,0.4594,0,2026-01-13 00:00:00,0
BID-000350,AUC-0067,VND-0131,102871.97,0.9171,0.808,84.2,4.52,0.0115,4.7,141,0.5133,0,2026-01-13 00:00:00,0
BID-000351,AUC-0067,VND-0300,98140.39,0.8749,0.596,50.0,3.99,0.0242,15.0,180,0.4148,0,2026-01-13 00:00:00,0
BID-000352,AUC-0067,VND-0131,97098.09,0.8656,0.808,84.2,4.52,0.0115,4.7,141,0.5359,0,2026-01-13 00:00:00,1
BID-000353,AUC-0067,VND-0598,94501.2,0.8425,0.523,54.5,3.81,0.0286,13.6,178,0.4133,0,2026-01-13 00:00:00,0
BID-000354,AUC-0067,VND-0430,90867.13,0.8101,0.782,63.4,4.46,0.0131,11.0,100,0.5213,0,2026-01-13 00:00:00,0
BID-000355,AUC-0068,VND-0737,458864.27,0.9847,0.939,78.3,4.85,0.0036,6.5,155,0.4706,0,2026-03-11 00:00:00,1
BID-000356,AUC-0068,VND-0671,444560.37,0.954,0.629,59.2,4.07,0.0223,12.2,219,0.361,0,2026-03-11 00:00:00,0
BID-000357,AUC-0068,VND-0055,424034.83,0.91,0.614,50.0,4.04,0.0231,15.0,86,0.3614,0,2026-03-11 00:00:00,0
BID-000358,AUC-0068,VND-0165,417632.71,0.8962,0.71,56.5,4.27,0.0174,13.0,282,0.4073,0,2026-03-11 00:00:00,0
BID-000359,AUC-0069,VND-0205,63684.28,0.9502,0.953,76.1,4.88,0.0028,7.2,221,0.7318,0,2026-06-22 00:00:00,0
BID-000360,AUC-0069,VND-0487,62859.56,0.9379,0.866,66.8,4.67,0.008,10.0,273,0.6894,0,2026-06-22 00:00:00,0
BID-000361,AUC-0069,VND-0318,59842.51,0.8929,0.554,50.0,3.88,0.0268,15.0,81,0.5552,0,2026-06-22 00:00:00,0
BID-000362,AUC-0069,VND-0778,57734.06,0.8615,0.614,50.0,4.04,0.0232,15.0,47,0.5868,0,2026-06-22 00:00:00,0
BID-000363,AUC-0069,VND-0778,56488.64,0.8429,0.614,50.0,4.04,0.0232,15.0,47,0.5911,0,2026-06-22 00:00:00,0
BID-000364,AUC-0069,VND-0713,54341.81,0.8108,0.993,99.4,4.98,0.001,0.2,194,0.8097,0,2026-06-22 00:00:00,1
BID-000365,AUC-0069,VND-0644,52225.29,0.7793,0.544,50.0,3.86,0.0274,15.0,196,0.5779,0,2026-06-22 00:00:00,0
BID-000366,AUC-0070,VND-0667,401182.64,0.9772,0.614,67.7,4.04,0.0231,9.7,293,0.4228,0,2026-05-23 00:00:00,0
BID-000367,AUC-0070,VND-0176,389008.07,0.9475,0.752,74.2,4.38,0.0149,7.7,222,0.494,0,2026-05-23 00:00:00,0
BID-000368,AUC-0070,VND-0578,370417.1,0.9022,0.809,84.2,4.52,0.0114,4.7,281,0.5601,0,2026-05-23 00:00:00,0
BID-000369,AUC-0070,VND-0131,363271.55,0.8848,0.808,84.2,4.52,0.0115,4.7,141,0.5684,0,2026-05-23 00:00:00,1
BID-000370,AUC-0070,VND-0634,354682.11,0.8639,0.696,61.8,4.24,0.0182,11.5,218,0.4846,0,2026-05-23 00:00:00,0
BID-000371,AUC-0070,VND-0667,347088.26,0.8454,0.614,67.7,4.04,0.0231,9.7,293,0.4873,0,2026-05-23 00:00:00,0
BID-000372,AUC-0071,VND-0703,191156.24,0.9728,0.832,76.8,4.58,0.0101,7.0,242,0.6014,0,2026-05-19 00:00:00,0
BID-000373,AUC-0071,VND-0186,184847.03,0.9407,0.55,50.0,3.88,0.027,15.0,266,0.4287,0,2026-05-19 00:00:00,0
BID-000374,AUC-0071,VND-0060,180674.16,0.9194,0.946,89.7,4.87,0.0032,3.1,45,0.7026,0,2026-05-19 00:00:00,1
BID-000375,AUC-0071,VND-0186,176809.25,0.8998,0.55,50.0,3.88,0.027,15.0,266,0.4447,0,2026-05-19 00:00:00,0
BID-000376,AUC-0071,VND-0339,173005.42,0.8804,0.556,50.0,3.89,0.0266,15.0,145,0.4546,0,2026-05-19 00:00:00,0
BID-000377,AUC-0071,VND-0175,168237.97,0.8561,0.687,67.7,4.22,0.0188,9.7,244,0.5638,0,2026-05-19 00:00:00,0
BID-000378,AUC-0071,VND-0703,164614.26,0.8377,0.832,76.8,4.58,0.0101,7.0,242,0.6541,0,2026-05-19 00:00:00,0
BID-000379,AUC-0071,VND-0186,156457.26,0.7962,0.55,50.0,3.88,0.027,15.0,266,0.4851,0,2026-05-19 00:00:00,0
BID-000380,AUC-0072,VND-0570,426082.69,0.9679,0.74,73.9,4.35,0.0156,7.8,72,0.3924,0,2026-03-19 00:00:00,0
BID-000381,AUC-0072,VND-0570,421355.72,0.9572,0.74,73.9,4.35,0.0156,7.8,72,0.3977,0,2026-03-19 00:00:00,1
BID-000382,AUC-0072,VND-0225,400964.52,0.9109,0.688,59.0,4.22,0.0187,12.3,251,0.3797,0,2026-03-19 00:00:00,0
BID-000383,AUC-0073,VND-0003,426086.41,0.9787,0.578,50.0,3.95,0.0253,15.0,231,0.3316,0,2026-02-01 00:00:00,0
BID-000384,AUC-0073,VND-0758,409348.21,0.9403,0.598,50.0,3.99,0.0241,15.0,137,0.357,0,2026-02-01 00:00:00,0
BID-000385,AUC-0073,VND-0197,391647.37,0.8996,0.686,65.9,4.22,0.0188,10.2,297,0.429,0,2026-02-01 00:00:00,0
BID-000386,AUC-0073,VND-0496,373349.68,0.8576,0.9,86.4,4.75,0.006,4.1,168,0.5581,0,2026-02-01 00:00:00,0
BID-000387,AUC-0073,VND-0741,362979.45,0.8338,0.909,73.8,4.77,0.0055,7.9,15,0.5586,0,2026-02-01 00:00:00,1
BID-000388,AUC-0074,VND-0365,385169.43,0.9513,0.601,50.0,4.0,0.024,15.0,46,0.3645,0,2026-02-20 00:00:00,0
BID-000389,AUC-0074,VND-0576,380099.57,0.9387,0.854,82.9,4.64,0.0087,5.1,178,0.486,0,2026-02-20 00:00:00,0
BID-000390,AUC-0074,VND-0576,372916.57,0.921,0.854,82.9,4.64,0.0087,5.1,178,0.4945,0,2026-02-20 00:00:00,1
BID-000391,AUC-0074,VND-0365,364307.93,0.8997,0.601,50.0,4.0,0.024,15.0,46,0.3893,0,2026-02-20 00:00:00,0
BID-000392,AUC-0074,VND-0104,355778.22,0.8787,0.551,50.0,3.88,0.027,15.0,237,0.3866,0,2026-02-20 00:00:00,0
BID-000393,AUC-0074,VND-0720,343245.94,0.8477,0.601,57.9,4.0,0.0239,12.6,45,0.4261,0,2026-02-20 00:00:00,0
BID-000394,AUC-0074,VND-0104,330585.91,0.8165,0.551,50.0,3.88,0.027,15.0,237,0.4165,0,2026-02-20 00:00:00,0
BID-000395,AUC-0074,VND-0365,317933.6,0.7852,0.601,50.0,4.0,0.024,15.0,46,0.4442,0,2026-02-20 00:00:00,0
BID-000396,AUC-0075,VND-0059,388099.97,0.9773,0.902,70.4,4.75,0.0059,8.9,223,0.7054,0,2026-02-22 00:00:00,0
BID-000397,AUC-0075,VND-0059,373955.58,0.9417,0.902,70.4,4.75,0.0059,8.9,223,0.7133,0,2026-02-22 00:00:00,1
BID-000398,AUC-0075,VND-0784,369682.97,0.9309,0.834,61.0,4.58,0.01,11.7,229,0.6741,0,2026-02-22 00:00:00,0
BID-000399,AUC-0075,VND-0784,356710.28,0.8983,0.834,61.0,4.58,0.01,11.7,229,0.6813,0,2026-02-22 00:00:00,0
BID-000400,AUC-0075,VND-0775,351190.19,0.8844,0.522,51.3,3.8,0.0287,14.6,147,0.5339,0,2026-02-22 00:00:00,0
BID-000401,AUC-0075,VND-0330,335427.16,0.8447,0.823,73.4,4.56,0.0106,8.0,229,0.7037,0,2026-02-22 00:00:00,0
BID-000402,AUC-0075,VND-0775,323038.53,0.8135,0.522,51.3,3.8,0.0287,14.6,147,0.5495,0,2026-02-22 00:00:00,0
BID-000403,AUC-0075,VND-0021,313733.53,0.79,0.561,55.4,3.9,0.0263,13.4,220,0.5771,0,2026-02-22 00:00:00,0
BID-000404,AUC-0076,VND-0660,151641.42,0.952,0.541,50.0,3.85,0.0276,15.0,294,0.3242,0,2026-03-24 00:00:00,0
BID-000405,AUC-0076,VND-0143,145737.82,0.9149,0.789,60.0,4.47,0.0127,12.0,222,0.4207,0,2026-03-24 00:00:00,0
BID-000406,AUC-0076,VND-0138,144261.8,0.9056,0.756,68.1,4.39,0.0147,9.6,25,0.443,0,2026-03-24 00:00:00,0
BID-000407,AUC-0076,VND-0660,139987.66,0.8788,0.541,50.0,3.85,0.0276,15.0,294,0.3644,0,2026-03-24 00:00:00,0
BID-000408,AUC-0076,VND-0235,137420.02,0.8627,0.612,65.3,4.03,0.0233,10.4,248,0.4312,0,2026-03-24 00:00:00,0
BID-000409,AUC-0076,VND-0138,135832.48,0.8527,0.756,68.1,4.39,0.0147,9.6,25,0.4721,0,2026-03-24 00:00:00,0
BID-000410,AUC-0076,VND-0097,133044.79,0.8352,0.95,91.0,4.88,0.003,2.7,210,0.5851,0,2026-03-24 00:00:00,1
BID-000411,AUC-0076,VND-0365,128356.15,0.8058,0.601,50.0,4.0,0.024,15.0,46,0.416,0,2026-03-24 00:00:00,0
BID-000412,AUC-0077,VND-0432,47484.32,0.9564,0.762,65.8,4.41,0.0143,10.3,44,0.6171,0,2026-05-23 00:00:00,0
BID-000413,AUC-0077,VND-0432,45740.74,0.9213,0.762,65.8,4.41,0.0143,10.3,44,0.6255,0,2026-05-23 00:00:00,0
BID-000414,AUC-0077,VND-0465,43825.58,0.8827,0.817,63.7,4.54,0.011,10.9,29,0.6477,0,2026-05-23 00:00:00,0
BID-000415,AUC-0077,VND-0465,42339.29,0.8527,0.817,63.7,4.54,0.011,10.9,29,0.6549,0,2026-05-23 00:00:00,1
BID-000416,AUC-0078,VND-0300,202685.41,0.977,0.596,50.0,3.99,0.0242,15.0,180,0.3872,0,2026-06-30 00:00:00,0
BID-000417,AUC-0078,VND-0774,199719.56,0.9627,0.903,79.0,4.76,0.0058,6.3,20,0.5619,0,2026-06-30 00:00:00,0
BID-000418,AUC-0078,VND-0300,190082.57,0.9162,0.596,50.0,3.99,0.0242,15.0,180,0.4097,0,2026-06-30 00:00:00,0
BID-000419,AUC-0078,VND-0314,185539.0,0.8943,0.731,71.6,4.33,0.0161,8.5,227,0.5136,0,2026-06-30 00:00:00,0
BID-000420,AUC-0078,VND-0774,178452.75,0.8602,0.903,79.0,4.76,0.0058,6.3,20,0.5999,0,2026-06-30 00:00:00,1
BID-000421,AUC-0078,VND-0300,170671.35,0.8227,0.596,50.0,3.99,0.0242,15.0,180,0.4443,0,2026-06-30 00:00:00,0
BID-000422,AUC-0079,VND-0368,90694.5,0.9544,0.679,69.2,4.2,0.0192,9.2,239,0.4434,0,2026-04-18 00:00:00,0
BID-000423,AUC-0079,VND-0254,88303.77,0.9292,0.955,93.5,4.89,0.0027,2.0,138,0.5979,0,2026-04-18 00:00:00,0
BID-000424,AUC-0079,VND-0024,84694.62,0.8913,0.656,58.3,4.14,0.0206,12.5,290,0.444,0,2026-04-18 00:00:00,0
BID-000425,AUC-0079,VND-0605,81560.96,0.8583,0.637,70.9,4.09,0.0218,8.7,101,0.4842,0,2026-04-18 00:00:00,0
BID-000426,AUC-0079,VND-0205,79468.5,0.8363,0.953,76.1,4.88,0.0028,7.2,221,0.6055,0,2026-04-18 00:00:00,0
BID-000427,AUC-0079,VND-0205,77322.22,0.8137,0.953,76.1,4.88,0.0028,7.2,221,0.6173,0,2026-04-18 00:00:00,1
BID-000428,AUC-0079,VND-0605,73727.14,0.7759,0.637,70.9,4.09,0.0218,8.7,101,0.527,0,2026-04-18 00:00:00,0
BID-000429,AUC-0080,VND-0152,340744.44,0.9721,0.77,68.6,4.43,0.0138,9.4,30,0.5487,0,2026-01-29 00:00:00,0
BID-000430,AUC-0080,VND-0594,329533.87,0.9401,0.844,66.8,4.61,0.0094,10.0,119,0.579,0,2026-01-29 00:00:00,0
BID-000431,AUC-0080,VND-0594,319173.15,0.9106,0.844,66.8,4.61,0.0094,10.0,119,0.5876,0,2026-01-29 00:00:00,1
BID-000432,AUC-0081,VND-0512,172186.69,0.9588,0.962,100.0,4.91,0.0023,0.1,155,0.7338,0,2026-04-17 00:00:00,1
BID-000433,AUC-0081,VND-0477,164181.88,0.9142,0.588,59.2,3.97,0.0247,12.2,96,0.4994,0,2026-04-17 00:00:00,0
BID-000434,AUC-0081,VND-0696,162123.27,0.9027,0.618,50.0,4.05,0.0229,15.0,229,0.4986,0,2026-04-17 00:00:00,0
BID-000435,AUC-0081,VND-0075,157138.64,0.875,0.526,51.0,3.81,0.0285,14.7,52,0.4659,0,2026-04-17 00:00:00,0
BID-000436,AUC-0081,VND-0477,152201.51,0.8475,0.588,59.2,3.97,0.0247,12.2,96,0.5167,0,2026-04-17 00:00:00,0
BID-000437,AUC-0081,VND-0309,145576.8,0.8106,0.531,50.0,3.83,0.0282,15.0,181,0.4833,0,2026-04-17 00:00:00,0
BID-000438,AUC-0082,VND-0398,468852.39,0.9607,0.509,58.5,3.77,0.0295,12.4,206,0.3897,0,2026-01-11 00:00:00,0
BID-000439,AUC-0082,VND-0704,463487.31,0.9497,0.922,91.7,4.81,0.0047,2.5,127,0.6217,0,2026-01-11 00:00:00,0
BID-000440,AUC-0082,VND-0704,444852.86,0.9115,0.922,91.7,4.81,0.0047,2.5,127,0.6366,0,2026-01-11 00:00:00,1
BID-000441,AUC-0082,VND-0398,438580.07,0.8986,0.509,58.5,3.77,0.0295,12.4,206,0.4139,0,2026-01-11 00:00:00,0
BID-000442,AUC-0083,VND-0228,310822.74,0.9591,0.556,56.6,3.89,0.0267,13.0,139,0.4268,0,2026-01-11 00:00:00,0
BID-000443,AUC-0083,VND-0388,307294.56,0.9482,0.899,69.9,4.75,0.0061,9.0,255,0.5713,0,2026-01-11 00:00:00,1
BID-000444,AUC-0083,VND-0228,302701.82,0.934,0.556,56.6,3.89,0.0267,13.0,139,0.436,0,2026-01-11 00:00:00,0
BID-000445,AUC-0083,VND-0017,295099.69,0.9106,0.533,58.4,3.83,0.028,12.5,102,0.4389,0,2026-01-11 00:00:00,0
BID-000446,AUC-0084,VND-0043,396290.24,0.9595,0.655,59.6,4.14,0.0207,12.1,117,0.4103,0,2026-05-03 00:00:00,0
BID-000447,AUC-0084,VND-0219,392007.86,0.9491,0.536,52.2,3.84,0.0278,14.3,200,0.3579,0,2026-05-03 00:00:00,0
BID-000448,AUC-0084,VND-0043,375069.17,0.9081,0.655,59.6,4.14,0.0207,12.1,117,0.4314,0,2026-05-03 00:00:00,0
BID-000449,AUC-0084,VND-0050,357531.32,0.8657,0.513,50.0,3.78,0.0292,15.0,257,0.3798,0,2026-05-03 00:00:00,0
BID-000450,AUC-0084,VND-0098,343432.1,0.8315,0.67,58.4,4.17,0.0198,12.5,117,0.4662,0,2026-05-03 00:00:00,0
BID-000451,AUC-0084,VND-0502,334624.8,0.8102,0.936,87.9,4.84,0.0038,3.6,71,0.6236,0,2026-05-03 00:00:00,0
BID-000452,AUC-0084,VND-0502,323171.37,0.7825,0.936,87.9,4.84,0.0038,3.6,71,0.6349,0,2026-05-03 00:00:00,1
BID-000453,AUC-0084,VND-0730,309795.03,0.7501,0.608,56.3,4.02,0.0235,13.1,234,0.4731,0,2026-05-03 00:00:00,0
BID-000454,AUC-0085,VND-0045,71282.37,0.9512,0.944,83.5,4.86,0.0034,5.0,141,0.5448,0,2026-03-22 00:00:00,0
BID-000455,AUC-0085,VND-0290,69225.45,0.9238,0.746,61.5,4.37,0.0152,11.5,198,0.4664,0,2026-03-22 00:00:00,0
BID-000456,AUC-0085,VND-0045,67343.8,0.8987,0.944,83.5,4.86,0.0034,5.0,141,0.5674,0,2026-03-22 00:00:00,1
BID-000457,AUC-0086,VND-0300,419301.45,0.9697,0.596,50.0,3.99,0.0242,15.0,180,0.3792,0,2026-02-05 00:00:00,0
BID-000458,AUC-0086,VND-0481,414819.75,0.9594,0.541,51.9,3.85,0.0275,14.4,138,0.3633,0,2026-02-05 00:00:00,0
BID-000459,AUC-0086,VND-0481,398599.34,0.9219,0.541,51.9,3.85,0.0275,14.4,138,0.3806,0,2026-02-05 00:00:00,0
BID-000460,AUC-0086,VND-0290,382452.87,0.8845,0.746,61.5,4.37,0.0152,11.5,198,0.4965,0,2026-02-05 00:00:00,0
BID-000461,AUC-0086,VND-0430,371709.46,0.8597,0.782,63.4,4.46,0.0131,11.0,100,0.5255,0,2026-02-05 00:00:00,1
BID-000462,AUC-0086,VND-0300,353492.86,0.8175,0.596,50.0,3.99,0.0242,15.0,180,0.4493,0,2026-02-05 00:00:00,0
BID-000463,AUC-0086,VND-0481,339053.3,0.7841,0.541,51.9,3.85,0.0275,14.4,138,0.4439,0,2026-02-05 00:00:00,0
BID-000464,AUC-0086,VND-0481,330647.2,0.7647,0.541,51.9,3.85,0.0275,14.4,138,0.4529,0,2026-02-05 00:00:00,0
BID-000465,AUC-0087,VND-0326,453690.3,0.9817,0.543,54.8,3.86,0.0274,13.6,151,0.3793,0,2026-04-18 00:00:00,0
BID-000466,AUC-0087,VND-0139,438384.43,0.9486,0.899,85.6,4.75,0.0061,4.3,259,0.594,0,2026-04-18 00:00:00,0
BID-000467,AUC-0087,VND-0632,431522.3,0.9337,0.655,61.9,4.14,0.0207,11.4,55,0.4578,0,2026-04-18 00:00:00,0
BID-000468,AUC-0087,VND-0139,418172.63,0.9048,0.899,85.6,4.75,0.0061,4.3,259,0.6128,0,2026-04-18 00:00:00,0
BID-000469,AUC-0087,VND-0358,413005.13,0.8937,0.674,71.7,4.19,0.0195,8.5,155,0.5021,0,2026-04-18 00:00:00,0
BID-000470,AUC-0087,VND-0139,404711.6,0.8757,0.899,85.6,4.75,0.0061,4.3,259,0.6253,0,2026-04-18 00:00:00,1
BID-000471,AUC-0087,VND-0171,388676.74,0.841,0.746,64.3,4.36,0.0153,10.7,123,0.5378,0,2026-04-18 00:00:00,0
BID-000472,AUC-0088,VND-0030,243506.66,0.9793,0.523,50.0,3.81,0.0286,15.0,73,0.4756,0,2026-04-16 00:00:00,0
BID-000473,AUC-0088,VND-0308,233717.32,0.9399,0.937,91.2,4.84,0.0038,2.6,155,0.7226,0,2026-04-16 00:00:00,0
BID-000474,AUC-0088,VND-0493,226279.6,0.91,0.864,79.0,4.66,0.0082,6.3,278,0.6765,0,2026-04-16 00:00:00,0
BID-000475,AUC-0088,VND-0610,215332.42,0.866,0.827,66.7,4.57,0.0104,10.0,248,0.6458,0,2026-04-16 00:00:00,0
BID-000476,AUC-0088,VND-0308,210407.01,0.8462,0.937,91.2,4.84,0.0038,2.6,155,0.7461,0,2026-04-16 00:00:00,1
BID-000477,AUC-0088,VND-0493,203973.34,0.8203,0.864,79.0,4.66,0.0082,6.3,278,0.699,0,2026-04-16 00:00:00,0
BID-000478,AUC-0089,VND-0109,297607.12,0.9692,0.663,70.2,4.16,0.0202,8.9,184,0.5053,0,2026-01-16 00:00:00,0
BID-000479,AUC-0089,VND-0094,292652.59,0.9531,0.909,86.3,4.77,0.0055,4.1,226,0.6504,0,2026-01-16 00:00:00,0
BID-000480,AUC-0089,VND-0121,279544.69,0.9104,0.97,100.0,4.93,0.0018,0.1,52,0.7296,0,2026-01-16 00:00:00,1
BID-000481,AUC-0090,VND-0446,378756.67,0.9844,0.861,91.5,4.65,0.0083,2.6,192,0.6445,0,2026-02-05 00:00:00,0
BID-000482,AUC-0090,VND-0446,368918.0,0.9588,0.861,91.5,4.65,0.0083,2.6,192,0.6522,0,2026-02-05 00:00:00,1
BID-000483,AUC-0090,VND-0382,363493.67,0.9447,0.624,57.9,4.06,0.0225,12.6,66,0.5181,0,2026-02-05 00:00:00,0
BID-000484,AUC-0090,VND-0382,349390.95,0.9081,0.624,57.9,4.06,0.0225,12.6,66,0.5291,0,2026-02-05 00:00:00,0
BID-000485,AUC-0091,VND-0734,92711.82,0.9691,0.989,89.2,4.97,0.001,3.2,23,0.7398,0,2026-02-15 00:00:00,0
BID-000486,AUC-0091,VND-0460,88807.49,0.9283,0.882,68.8,4.7,0.0071,9.4,280,0.6562,0,2026-02-15 00:00:00,0
BID-000487,AUC-0091,VND-0298,86074.42,0.8997,0.948,81.9,4.87,0.0031,5.4,104,0.7351,0,2026-02-15 00:00:00,0
BID-000488,AUC-0091,VND-0734,83588.22,0.8737,0.989,89.2,4.97,0.001,3.2,23,0.7856,0,2026-02-15 00:00:00,1
BID-000489,AUC-0092,VND-0259,248319.77,0.969,0.688,71.3,4.22,0.0187,8.6,248,0.5133,0,2026-01-10 00:00:00,0
BID-000490,AUC-0092,VND-0601,245739.02,0.959,0.879,68.0,4.7,0.0073,9.6,228,0.6018,0,2026-01-10 00:00:00,0
BID-000491,AUC-0092,VND-0601,241519.92,0.9425,0.879,68.0,4.7,0.0073,9.6,228,0.607,0,2026-01-10 00:00:00,0
BID-000492,AUC-0092,VND-0601,238456.99,0.9305,0.879,68.0,4.7,0.0073,9.6,228,0.6109,0,2026-01-10 00:00:00,1
BID-000493,AUC-0093,VND-0256,198874.61,0.9685,0.807,68.8,4.52,0.0116,9.4,19,0.6201,0,2026-03-13 00:00:00,0
BID-000494,AUC-0093,VND-0157,196132.42,0.9551,0.513,56.0,3.78,0.0292,13.2,174,0.4565,0,2026-03-13 00:00:00,0
BID-000495,AUC-0093,VND-0164,189507.42,0.9229,0.777,74.5,4.44,0.0134,7.6,250,0.6282,0,2026-03-13 00:00:00,0
BID-000496,AUC-0093,VND-0256,184955.81,0.9007,0.807,68.8,4.52,0.0116,9.4,19,0.6357,0,2026-03-13 00:00:00,0
BID-000497,AUC-0093,VND-0702,180554.18,0.8793,0.518,53.9,3.8,0.0289,13.8,224,0.4722,0,2026-03-13 00:00:00,0
BID-000498,AUC-0093,VND-0256,172047.33,0.8378,0.807,68.8,4.52,0.0116,9.4,19,0.6502,0,2026-03-13 00:00:00,0
BID-000499,AUC-0093,VND-0157,168371.11,0.8199,0.513,56.0,3.78,0.0292,13.2,174,0.4876,0,2026-03-13 00:00:00,0
BID-000500,AUC-0093,VND-0164,162751.1,0.7926,0.777,74.5,4.44,0.0134,7.6,250,0.6581,0,2026-03-13 00:00:00,1
BID-000501,AUC-0094,VND-0530,78750.6,0.9636,0.74,68.2,4.35,0.0156,9.5,69,0.4454,0,2026-06-25 00:00:00,0
BID-000502,AUC-0094,VND-0398,76096.27,0.9311,0.509,58.5,3.77,0.0295,12.4,206,0.3667,0,2026-06-25 00:00:00,0
BID-000503,AUC-0094,VND-0398,73111.29,0.8946,0.509,58.5,3.77,0.0295,12.4,206,0.3828,0,2026-06-25 00:00:00,0
BID-000504,AUC-0094,VND-0779,71858.67,0.8793,0.805,72.3,4.51,0.0117,8.3,269,0.5117,0,2026-06-25 00:00:00,0
BID-000505,AUC-0094,VND-0281,70845.98,0.8669,0.852,71.4,4.63,0.0089,8.6,252,0.5298,0,2026-06-25 00:00:00,0
BID-000506,AUC-0094,VND-0281,68473.16,0.8379,0.852,71.4,4.63,0.0089,8.6,252,0.5425,0,2026-06-25 00:00:00,0
BID-000507,AUC-0094,VND-0419,66884.14,0.8184,0.957,77.5,4.89,0.0026,6.8,117,0.597,0,2026-06-25 00:00:00,1
BID-000508,AUC-0095,VND-0751,188170.64,0.9899,0.76,70.6,4.4,0.0144,8.8,126,0.5068,0,2026-02-16 00:00:00,0
BID-000509,AUC-0095,VND-0676,178844.25,0.9408,0.934,85.8,4.83,0.004,4.3,166,0.6149,0,2026-02-16 00:00:00,0
BID-000510,AUC-0095,VND-0267,170406.04,0.8964,0.998,92.4,5.0,0.001,2.3,173,0.6668,0,2026-02-16 00:00:00,1
BID-000511,AUC-0095,VND-0751,167724.99,0.8823,0.76,70.6,4.4,0.0144,8.8,126,0.5445,0,2026-02-16 00:00:00,0
BID-000512,AUC-0096,VND-0104,42207.01,0.9724,0.551,50.0,3.88,0.027,15.0,237,0.3793,0,2026-03-31 00:00:00,0
BID-000513,AUC-0096,VND-0061,40988.59,0.9443,0.904,96.6,4.76,0.0058,1.0,150,0.6342,0,2026-03-31 00:00:00,0
BID-000514,AUC-0096,VND-0253,39758.32,0.916,0.842,64.7,4.61,0.0095,10.6,104,0.5405,0,2026-03-31 00:00:00,0
BID-000515,AUC-0096,VND-0727,38977.83,0.898,0.934,84.1,4.84,0.0039,4.8,16,0.6313,0,2026-03-31 00:00:00,0
BID-000516,AUC-0096,VND-0078,37999.78,0.8755,0.993,83.5,4.98,0.001,5.0,285,0.6591,0,2026-03-31 00:00:00,0
BID-000517,AUC-0096,VND-0078,36546.3,0.842,0.993,83.5,4.98,0.001,5.0,285,0.6742,0,2026-03-31 00:00:00,1
BID-000518,AUC-0096,VND-0253,35725.09,0.8231,0.842,64.7,4.61,0.0095,10.6,104,0.5823,0,2026-03-31 00:00:00,0
BID-000519,AUC-0097,VND-0508,21776.93,0.9615,0.853,88.0,4.63,0.0088,3.6,150,0.5769,0,2026-01-09 00:00:00,0
BID-000520,AUC-0097,VND-0147,21070.94,0.9304,0.911,75.1,4.78,0.0053,7.5,148,0.5975,0,2026-01-09 00:00:00,0
BID-000521,AUC-0097,VND-0799,20274.37,0.8952,0.637,53.2,4.09,0.0218,14.0,62,0.4672,0,2026-01-09 00:00:00,0
BID-000522,AUC-0097,VND-0508,19515.81,0.8617,0.853,88.0,4.63,0.0088,3.6,150,0.6128,0,2026-01-09 00:00:00,1
BID-000523,AUC-0098,VND-0310,73247.81,0.9609,0.903,88.1,4.76,0.0058,3.6,247,0.7148,0,2026-02-27 00:00:00,0
BID-000524,AUC-0098,VND-0148,70707.65,0.9275,0.564,52.5,3.91,0.0262,14.2,187,0.5141,0,2026-02-27 00:00:00,0
BID-000525,AUC-0098,VND-0148,68918.86,0.9041,0.564,52.5,3.91,0.0262,14.2,187,0.5195,0,2026-02-27 00:00:00,0
BID-000526,AUC-0098,VND-0288,65657.09,0.8613,0.931,91.2,4.83,0.0041,2.6,204,0.7554,0,2026-02-27 00:00:00,0
BID-000527,AUC-0098,VND-0425,64486.2,0.8459,0.751,68.9,4.38,0.0149,9.3,110,0.6388,0,2026-02-27 00:00:00,0
BID-000528,AUC-0098,VND-0310,62484.54,0.8197,0.903,88.1,4.76,0.0058,3.6,247,0.7473,0,2026-02-27 00:00:00,0
BID-000529,AUC-0098,VND-0425,60394.59,0.7923,0.751,68.9,4.38,0.0149,9.3,110,0.6512,0,2026-02-27 00:00:00,0
BID-000530,AUC-0098,VND-0310,59563.3,0.7813,0.903,88.1,4.76,0.0058,3.6,247,0.7561,0,2026-02-27 00:00:00,1
BID-000531,AUC-0099,VND-0016,464737.55,0.9643,0.804,62.3,4.51,0.0118,11.3,151,0.5324,0,2026-06-17 00:00:00,0
BID-000532,AUC-0099,VND-0540,459273.77,0.953,0.609,62.1,4.02,0.0235,11.4,183,0.4569,0,2026-06-17 00:00:00,0
BID-000533,AUC-0099,VND-0049,441743.03,0.9166,0.761,69.4,4.4,0.0143,9.2,124,0.5425,0,2026-06-17 00:00:00,0
BID-000534,AUC-0099,VND-0016,426277.24,0.8845,0.804,62.3,4.51,0.0118,11.3,151,0.5596,0,2026-06-17 00:00:00,0
BID-000535,AUC-0099,VND-0263,407975.87,0.8466,0.919,85.5,4.8,0.0049,4.4,40,0.6563,0,2026-06-17 00:00:00,0
BID-000536,AUC-0099,VND-0049,388758.98,0.8067,0.761,69.4,4.4,0.0143,9.2,124,0.5799,0,2026-06-17 00:00:00,0
BID-000537,AUC-0099,VND-0263,375039.83,0.7782,0.919,85.5,4.8,0.0049,4.4,40,0.6795,0,2026-06-17 00:00:00,1
BID-000538,AUC-0099,VND-0540,368682.59,0.765,0.609,62.1,4.02,0.0235,11.4,183,0.5208,0,2026-06-17 00:00:00,0
BID-000539,AUC-0100,VND-0555,268594.23,0.9618,0.848,71.2,4.62,0.0091,8.6,247,0.4346,0,2026-02-04 00:00:00,0
BID-000540,AUC-0100,VND-0555,256551.4,0.9187,0.848,71.2,4.62,0.0091,8.6,247,0.457,0,2026-02-04 00:00:00,0
BID-000541,AUC-0100,VND-0555,253135.93,0.9064,0.848,71.2,4.62,0.0091,8.6,247,0.4634,0,2026-02-04 00:00:00,0
BID-000542,AUC-0100,VND-0742,250037.06,0.8953,0.772,55.5,4.43,0.0137,13.4,130,0.4352,0,2026-02-04 00:00:00,0
BID-000543,AUC-0100,VND-0651,244393.86,0.8751,0.516,53.7,3.79,0.0291,13.9,141,0.3825,0,2026-02-04 00:00:00,0
BID-000544,AUC-0100,VND-0635,239237.36,0.8567,0.8,63.1,4.5,0.012,11.1,154,0.4696,0,2026-02-04 00:00:00,0
BID-000545,AUC-0100,VND-0787,230575.97,0.8256,0.868,84.3,4.67,0.0079,4.7,279,0.5233,0,2026-02-04 00:00:00,1
BID-000546,AUC-0100,VND-0651,225202.02,0.8064,0.516,53.7,3.79,0.0291,13.9,141,0.4182,0,2026-02-04 00:00:00,0
BID-000547,AUC-0101,VND-0732,460239.49,0.9524,0.553,50.6,3.88,0.0268,14.8,263,0.4585,0,2026-03-07 00:00:00,0
BID-000548,AUC-0101,VND-0525,447971.73,0.927,0.935,72.6,4.84,0.0039,8.2,133,0.6568,0,2026-03-07 00:00:00,0
BID-000549,AUC-0101,VND-0732,442328.1,0.9153,0.553,50.6,3.88,0.0268,14.8,263,0.47,0,2026-03-07 00:00:00,0
BID-000550,AUC-0101,VND-0325,435294.83,0.9008,0.895,79.8,4.74,0.0063,6.1,300,0.6545,0,2026-03-07 00:00:00,0
BID-000551,AUC-0101,VND-0597,429479.84,0.8887,0.673,68.1,4.18,0.0196,9.6,253,0.5486,0,2026-03-07 00:00:00,0
BID-000552,AUC-0101,VND-0607,424420.42,0.8783,0.582,59.4,3.95,0.0251,12.2,53,0.5029,0,2026-03-07 00:00:00,0
BID-000553,AUC-0101,VND-0773,408484.0,0.8453,0.981,83.0,4.95,0.0011,5.1,104,0.7125,0,2026-03-07 00:00:00,1
BID-000554,AUC-0102,VND-0665,218659.77,0.9853,0.829,77.2,4.57,0.0102,6.8,208,0.5933,0,2026-04-20 00:00:00,0
BID-000555,AUC-0102,VND-0731,211503.71,0.953,0.697,64.6,4.24,0.0182,10.6,160,0.5176,0,2026-04-20 00:00:00,0
BID-000556,AUC-0102,VND-0302,208660.29,0.9402,0.589,50.0,3.97,0.0247,15.0,244,0.4382,0,2026-04-20 00:00:00,0
BID-000557,AUC-0102,VND-0731,205837.86,0.9275,0.697,64.6,4.24,0.0182,10.6,160,0.5263,0,2026-04-20 00:00:00,0
BID-000558,AUC-0102,VND-0129,202276.85,0.9115,0.968,96.2,4.92,0.0019,1.1,233,0.7269,0,2026-04-20 00:00:00,0
BID-000559,AUC-0102,VND-0129,198751.9,0.8956,0.968,96.2,4.92,0.0019,1.1,233,0.7323,0,2026-04-20 00:00:00,1
BID-000560,AUC-0102,VND-0002,191782.67,0.8642,0.866,77.9,4.66,0.008,6.6,67,0.6502,0,2026-04-20 00:00:00,0
BID-000561,AUC-0103,VND-0770,158164.4,0.9716,0.591,58.7,3.98,0.0246,12.4,48,0.3868,0,2026-05-01 00:00:00,1
BID-000562,AUC-0103,VND-0146,154635.55,0.9499,0.515,50.0,3.79,0.0291,15.0,234,0.3559,0,2026-05-01 00:00:00,0
BID-000563,AUC-0103,VND-0146,148466.16,0.912,0.515,50.0,3.79,0.0291,15.0,234,0.3718,0,2026-05-01 00:00:00,0
BID-000564,AUC-0103,VND-0146,145137.62,0.8916,0.515,50.0,3.79,0.0291,15.0,234,0.3804,0,2026-05-01 00:00:00,0
BID-000565,AUC-0104,VND-0300,246809.06,0.9566,0.596,50.0,3.99,0.0242,15.0,180,0.4602,0,2026-05-31 00:00:00,0
BID-000566,AUC-0104,VND-0212,235618.06,0.9132,0.546,55.7,3.86,0.0273,13.3,255,0.4769,0,2026-05-31 00:00:00,0
BID-000567,AUC-0104,VND-0300,224032.45,0.8683,0.596,50.0,3.99,0.0242,15.0,180,0.5026,0,2026-05-31 00:00:00,0
BID-000568,AUC-0104,VND-0212,215541.1,0.8354,0.546,55.7,3.86,0.0273,13.3,255,0.5143,0,2026-05-31 00:00:00,0
BID-000569,AUC-0104,VND-0212,212588.95,0.824,0.546,55.7,3.86,0.0273,13.3,255,0.5198,0,2026-05-31 00:00:00,0
BID-000570,AUC-0104,VND-0212,205542.08,0.7966,0.546,55.7,3.86,0.0273,13.3,255,0.5329,0,2026-05-31 00:00:00,1
BID-000571,AUC-0105,VND-0621,222776.01,0.9885,0.934,90.2,4.84,0.0039,2.9,258,0.754,0,2026-03-19 00:00:00,0
BID-000572,AUC-0105,VND-0759,217111.44,0.9634,0.824,81.5,4.56,0.0106,5.6,51,0.6937,0,2026-03-19 00:00:00,0
BID-000573,AUC-0105,VND-0759,210001.37,0.9318,0.824,81.5,4.56,0.0106,5.6,51,0.7,0,2026-03-19 00:00:00,0
BID-000574,AUC-0105,VND-0611,204256.97,0.9064,0.975,78.9,4.94,0.0015,6.3,262,0.764,0,2026-03-19 00:00:00,0
BID-000575,AUC-0105,VND-0611,195589.05,0.8679,0.975,78.9,4.94,0.0015,6.3,262,0.7717,0,2026-03-19 00:00:00,0
BID-000576,AUC-0105,VND-0527,192010.19,0.852,0.97,94.5,4.92,0.0018,1.6,105,0.805,0,2026-03-19 00:00:00,1
BID-000577,AUC-0105,VND-0611,182651.68,0.8105,0.975,78.9,4.94,0.0015,6.3,262,0.7831,0,2026-03-19 00:00:00,0
BID-000578,AUC-0105,VND-0759,174762.17,0.7755,0.824,81.5,4.56,0.0106,5.6,51,0.7313,0,2026-03-19 00:00:00,0
BID-000579,AUC-0106,VND-0681,61080.23,0.9887,0.956,73.9,4.89,0.0026,7.8,190,0.6925,0,2026-03-13 00:00:00,0
BID-000580,AUC-0106,VND-0099,59206.22,0.9584,0.863,86.4,4.66,0.0082,4.1,131,0.6751,0,2026-03-13 00:00:00,0
BID-000581,AUC-0106,VND-0208,58172.66,0.9417,0.816,68.6,4.54,0.011,9.4,25,0.6374,0,2026-03-13 00:00:00,0
BID-000582,AUC-0106,VND-0452,56503.69,0.9147,0.591,52.0,3.98,0.0246,14.4,218,0.5269,0,2026-03-13 00:00:00,0
BID-000583,AUC-0106,VND-0681,55097.24,0.8919,0.956,73.9,4.89,0.0026,7.8,190,0.7176,0,2026-03-13 00:00:00,1
BID-000584,AUC-0106,VND-0181,53095.43,0.8595,0.694,71.0,4.24,0.0184,8.7,109,0.609,0,2026-03-13 00:00:00,0
BID-000585,AUC-0107,VND-0304,318707.4,0.9836,0.603,50.0,4.01,0.0238,15.0,281,0.3598,0,2026-06-18 00:00:00,0
BID-000586,AUC-0107,VND-0548,311253.32,0.9606,0.615,51.6,4.04,0.0231,14.5,126,0.3766,0,2026-06-18 00:00:00,0
BID-000587,AUC-0107,VND-0304,305811.22,0.9438,0.603,50.0,4.01,0.0238,15.0,281,0.3757,0,2026-06-18 00:00:00,0
BID-000588,AUC-0107,VND-0109,299006.61,0.9228,0.663,70.2,4.16,0.0202,8.9,184,0.4441,0,2026-06-18 00:00:00,1
BID-000589,AUC-0107,VND-0548,289476.93,0.8934,0.615,51.6,4.04,0.0231,14.5,126,0.4035,0,2026-06-18 00:00:00,0
BID-000590,AUC-0108,VND-0414,111312.62,0.9608,0.673,56.3,4.18,0.0196,13.1,68,0.461,0,2026-01-16 00:00:00,0
BID-000591,AUC-0108,VND-0414,106485.68,0.9191,0.673,56.3,4.18,0.0196,13.1,68,0.4772,0,2026-01-16 00:00:00,0
BID-000592,AUC-0108,VND-0541,102339.67,0.8833,0.893,70.6,4.73,0.0064,8.8,148,0.5805,0,2026-01-16 00:00:00,0
BID-000593,AUC-0108,VND-0541,99340.88,0.8574,0.893,70.6,4.73,0.0064,8.8,148,0.5906,0,2026-01-16 00:00:00,0
BID-000594,AUC-0108,VND-0414,97154.69,0.8386,0.673,56.3,4.18,0.0196,13.1,68,0.5086,0,2026-01-16 00:00:00,0
BID-000595,AUC-0108,VND-0721,93217.31,0.8046,0.985,78.2,4.96,0.001,6.5,82,0.6508,0,2026-01-16 00:00:00,1
BID-000596,AUC-0108,VND-0376,90715.41,0.783,0.558,63.7,3.9,0.0265,10.9,173,0.5049,0,2026-01-16 00:00:00,0
BID-000597,AUC-0109,VND-0423,298892.19,0.9531,0.574,55.8,3.94,0.0255,13.3,184,0.3415,0,2026-01-08 00:00:00,0
BID-000598,AUC-0109,VND-0052,284363.21,0.9068,0.657,60.0,4.14,0.0206,12.0,231,0.3967,0,2026-01-08 00:00:00,0
BID-000599,AUC-0109,VND-0052,279262.16,0.8905,0.657,60.0,4.14,0.0206,12.0,231,0.4054,0,2026-01-08 00:00:00,0
BID-000600,AUC-0109,VND-0052,268071.01,0.8548,0.657,60.0,4.14,0.0206,12.0,231,0.4243,0,2026-01-08 00:00:00,0
BID-000601,AUC-0109,VND-0423,258276.7,0.8236,0.574,55.8,3.94,0.0255,13.3,184,0.4102,0,2026-01-08 00:00:00,0
BID-000602,AUC-0109,VND-0794,245669.44,0.7834,0.848,69.5,4.62,0.0091,9.2,292,0.5328,0,2026-01-08 00:00:00,0
BID-000603,AUC-0109,VND-0316,235421.45,0.7507,0.857,89.1,4.64,0.0086,3.3,257,0.5917,0,2026-01-08 00:00:00,1
BID-000604,AUC-0110,VND-0718,316655.84,0.9637,0.57,50.0,3.92,0.0258,15.0,278,0.3109,0,2026-04-15 00:00:00,0
BID-000605,AUC-0110,VND-0320,302305.57,0.92,0.635,54.9,4.09,0.0219,13.5,231,0.3584,0,2026-04-15 00:00:00,0
BID-000606,AUC-0110,VND-0414,295563.83,0.8995,0.673,56.3,4.18,0.0196,13.1,68,0.3808,0,2026-04-15 00:00:00,0
BID-000607,AUC-0110,VND-0320,289815.9,0.882,0.635,54.9,4.09,0.0219,13.5,231,0.3778,0,2026-04-15 00:00:00,0
BID-000608,AUC-0110,VND-0320,281856.99,0.8578,0.635,54.9,4.09,0.0219,13.5,231,0.3902,0,2026-04-15 00:00:00,0
BID-000609,AUC-0110,VND-0320,277300.63,0.8439,0.635,54.9,4.09,0.0219,13.5,231,0.3972,0,2026-04-15 00:00:00,1
BID-000610,AUC-0111,VND-0070,81285.6,0.962,0.682,69.4,4.2,0.0191,9.2,35,0.5784,0,2026-03-30 00:00:00,0
BID-000611,AUC-0111,VND-0476,78299.37,0.9267,0.8,72.0,4.5,0.012,8.4,211,0.6397,0,2026-03-30 00:00:00,0
BID-000612,AUC-0111,VND-0476,75304.5,0.8913,0.8,72.0,4.5,0.012,8.4,211,0.6475,0,2026-03-30 00:00:00,0
BID-000613,AUC-0111,VND-0319,73384.02,0.8685,0.766,68.6,4.42,0.014,9.4,183,0.63,0,2026-03-30 00:00:00,0
BID-000614,AUC-0111,VND-0288,70410.37,0.8333,0.931,91.2,4.83,0.0041,2.6,204,0.7652,0,2026-03-30 00:00:00,0
BID-000615,AUC-0111,VND-0005,68580.02,0.8117,0.801,74.5,4.5,0.012,7.6,294,0.6723,0,2026-03-30 00:00:00,0
BID-000616,AUC-0111,VND-0288,65430.77,0.7744,0.931,91.2,4.83,0.0041,2.6,204,0.7782,0,2026-03-30 00:00:00,1
BID-000617,AUC-0112,VND-0639,39305.45,0.9811,0.621,63.9,4.05,0.0227,10.8,209,0.4363,0,2026-06-22 00:00:00,0
BID-000618,AUC-0112,VND-0374,37705.18,0.9412,0.692,66.0,4.23,0.0185,10.2,194,0.4804,0,2026-06-22 00:00:00,0
BID-000619,AUC-0112,VND-0467,36781.73,0.9181,0.992,90.3,4.98,0.001,2.9,30,0.6588,0,2026-06-22 00:00:00,0
BID-000620,AUC-0112,VND-0433,35202.71,0.8787,0.7,64.5,4.25,0.018,10.6,277,0.5004,0,2026-06-22 00:00:00,0
BID-000621,AUC-0112,VND-0092,33562.85,0.8378,0.962,100.0,4.91,0.0023,0.1,223,0.7019,0,2026-06-22 00:00:00,1
BID-000622,AUC-0112,VND-0533,33041.85,0.8248,0.711,66.1,4.28,0.0174,10.2,98,0.5269,0,2026-06-22 00:00:00,0
BID-000623,AUC-0112,VND-0533,32652.95,0.8151,0.711,66.1,4.28,0.0174,10.2,98,0.5302,0,2026-06-22 00:00:00,0
BID-000624,AUC-0112,VND-0356,31757.73,0.7927,0.88,82.6,4.7,0.0072,5.2,180,0.6415,0,2026-06-22 00:00:00,0
BID-000625,AUC-0113,VND-0441,378043.69,0.963,0.616,60.3,4.04,0.0231,11.9,75,0.3399,0,2026-03-18 00:00:00,0
BID-000626,AUC-0113,VND-0441,373736.61,0.952,0.616,60.3,4.04,0.0231,11.9,75,0.3456,0,2026-03-18 00:00:00,0
BID-000627,AUC-0113,VND-0441,367315.55,0.9357,0.616,60.3,4.04,0.0231,11.9,75,0.3541,0,2026-03-18 00:00:00,0
BID-000628,AUC-0113,VND-0441,353617.03,0.9008,0.616,60.3,4.04,0.0231,11.9,75,0.3722,0,2026-03-18 00:00:00,0
BID-000629,AUC-0113,VND-0412,343504.68,0.875,0.667,59.1,4.17,0.02,12.3,213,0.3971,0,2026-03-18 00:00:00,1
BID-000630,AUC-0114,VND-0108,225386.1,0.9579,0.856,73.2,4.64,0.0086,8.0,115,0.4397,0,2026-06-25 00:00:00,0
BID-000631,AUC-0114,VND-0366,221681.8,0.9421,0.582,63.5,3.96,0.0251,11.0,190,0.3673,0,2026-06-25 00:00:00,0
BID-000632,AUC-0114,VND-0643,214369.12,0.911,0.663,60.9,4.16,0.0202,11.7,299,0.3967,0,2026-06-25 00:00:00,0
BID-000633,AUC-0114,VND-0108,206340.58,0.8769,0.856,73.2,4.64,0.0086,8.0,115,0.4802,0,2026-06-25 00:00:00,0
BID-000634,AUC-0114,VND-0366,200264.76,0.8511,0.582,63.5,3.96,0.0251,11.0,190,0.4128,0,2026-06-25 00:00:00,0
BID-000635,AUC-0114,VND-0108,194877.98,0.8282,0.856,73.2,4.64,0.0086,8.0,115,0.5045,0,2026-06-25 00:00:00,0
BID-000636,AUC-0114,VND-0366,190567.64,0.8099,0.582,63.5,3.96,0.0251,11.0,190,0.4334,0,2026-06-25 00:00:00,0
BID-000637,AUC-0114,VND-0675,183005.42,0.7777,0.994,75.4,4.98,0.001,7.4,271,0.5653,0,2026-06-25 00:00:00,1
BID-000638,AUC-0115,VND-0489,36815.23,0.9562,0.798,61.0,4.49,0.0121,11.7,188,0.607,0,2026-03-21 00:00:00,0
BID-000639,AUC-0115,VND-0489,36282.63,0.9424,0.798,61.0,4.49,0.0121,11.7,188,0.6104,0,2026-03-21 00:00:00,0
BID-000640,AUC-0115,VND-0458,34496.46,0.896,0.776,64.7,4.44,0.0134,10.6,78,0.6223,0,2026-03-21 00:00:00,0
BID-000641,AUC-0115,VND-0398,32950.58,0.8559,0.509,58.5,3.77,0.0295,12.4,206,0.5244,0,2026-03-21 00:00:00,0
BID-000642,AUC-0115,VND-0598,32422.86,0.8421,0.523,54.5,3.81,0.0286,13.6,178,0.5248,0,2026-03-21 00:00:00,0
BID-000643,AUC-0115,VND-0489,30868.9,0.8018,0.798,61.0,4.49,0.0121,11.7,188,0.6456,0,2026-03-21 00:00:00,1
BID-000644,AUC-0116,VND-0470,486903.72,0.9787,0.559,55.4,3.9,0.0265,13.4,95,0.3818,0,2026-04-30 00:00:00,0
BID-000645,AUC-0116,VND-0214,465131.4,0.935,0.721,73.1,4.3,0.0168,8.1,268,0.4817,0,2026-04-30 00:00:00,1
BID-000646,AUC-0116,VND-0470,453650.02,0.9119,0.559,55.4,3.9,0.0265,13.4,95,0.4092,0,2026-04-30 00:00:00,0
BID-000647,AUC-0117,VND-0278,37655.44,0.9829,0.938,84.2,4.85,0.0037,4.7,149,0.6907,0,2026-05-02 00:00:00,0
BID-000648,AUC-0117,VND-0539,36650.71,0.9566,0.692,62.2,4.23,0.0185,11.3,211,0.5662,0,2026-05-02 00:00:00,0
BID-000649,AUC-0117,VND-0619,35808.28,0.9346,0.932,81.0,4.83,0.0041,5.7,56,0.6972,0,2026-05-02 00:00:00,1
BID-000650,AUC-0118,VND-0503,339559.66,0.9686,0.903,83.6,4.76,0.0058,4.9,92,0.4414,0,2026-04-17 00:00:00,0
BID-000651,AUC-0118,VND-0079,326292.55,0.9308,0.836,82.5,4.59,0.0098,5.2,68,0.4455,0,2026-04-17 00:00:00,1
BID-000652,AUC-0118,VND-0293,317403.03,0.9054,0.817,72.6,4.54,0.011,8.2,40,0.4332,0,2026-04-17 00:00:00,0
BID-000653,AUC-0118,VND-0594,309843.93,0.8838,0.844,66.8,4.61,0.0094,10.0,119,0.4369,0,2026-04-17 00:00:00,0
BID-000654,AUC-0119,VND-0758,486282.82,0.9884,0.598,50.0,3.99,0.0241,15.0,137,0.4943,0,2026-04-16 00:00:00,0
BID-000655,AUC-0119,VND-0231,474168.64,0.9638,0.559,53.8,3.9,0.0265,13.9,274,0.4947,0,2026-04-16 00:00:00,0
BID-000656,AUC-0119,VND-0609,457869.5,0.9306,0.541,54.9,3.85,0.0275,13.5,49,0.4994,0,2026-04-16 00:00:00,0
BID-000657,AUC-0119,VND-0675,441609.37,0.8976,0.994,75.4,4.98,0.001,7.4,271,0.6979,0,2026-04-16 00:00:00,0
BID-000658,AUC-0119,VND-0645,430447.02,0.8749,0.517,50.0,3.79,0.029,15.0,181,0.4994,0,2026-04-16 00:00:00,0
BID-000659,AUC-0119,VND-0675,424786.39,0.8634,0.994,75.4,4.98,0.001,7.4,271,0.7078,0,2026-04-16 00:00:00,0
BID-000660,AUC-0119,VND-0675,407807.39,0.8289,0.994,75.4,4.98,0.001,7.4,271,0.7178,0,2026-04-16 00:00:00,1
BID-000661,AUC-0120,VND-0364,121668.42,0.9565,0.57,59.6,3.92,0.0258,12.1,179,0.3536,0,2026-01-22 00:00:00,0
BID-000662,AUC-0120,VND-0665,115754.55,0.91,0.829,77.2,4.57,0.0102,6.8,208,0.4699,0,2026-01-22 00:00:00,0
BID-000663,AUC-0120,VND-0549,113709.66,0.894,0.61,53.6,4.03,0.0234,13.9,56,0.3816,0,2026-01-22 00:00:00,0
BID-000664,AUC-0120,VND-0144,108047.29,0.8494,0.733,67.5,4.33,0.016,9.8,80,0.4586,0,2026-01-22 00:00:00,0
BID-000665,AUC-0120,VND-0222,104745.2,0.8235,0.687,60.3,4.22,0.0188,11.9,29,0.4468,0,2026-01-22 00:00:00,0
BID-000666,AUC-0120,VND-0549,100372.19,0.7891,0.61,53.6,4.03,0.0234,13.9,56,0.433,0,2026-01-22 00:00:00,0
BID-000667,AUC-0120,VND-0653,96160.76,0.756,0.855,84.4,4.64,0.0087,4.7,217,0.5658,0,2026-01-22 00:00:00,1
BID-000668,AUC-0120,VND-0144,92993.86,0.7311,0.733,67.5,4.33,0.016,9.8,80,0.5166,0,2026-01-22 00:00:00,0
BID-000669,AUC-0121,VND-0227,77306.14,0.9699,0.712,73.7,4.28,0.0173,7.9,154,0.4563,0,2026-06-13 00:00:00,0
BID-000670,AUC-0121,VND-0752,74663.44,0.9368,0.513,50.0,3.78,0.0292,15.0,78,0.3607,0,2026-06-13 00:00:00,0
BID-000671,AUC-0121,VND-0425,71891.31,0.902,0.751,68.9,4.38,0.0149,9.3,110,0.4915,0,2026-06-13 00:00:00,1
BID-000672,AUC-0121,VND-0227,71157.87,0.8928,0.712,73.7,4.28,0.0173,7.9,154,0.4879,0,2026-06-13 00:00:00,0
BID-000673,AUC-0122,VND-0426,67498.64,0.9715,0.534,52.6,3.83,0.028,14.2,280,0.5196,0,2026-02-14 00:00:00,0
BID-000674,AUC-0122,VND-0426,66561.36,0.958,0.534,52.6,3.83,0.028,14.2,280,0.5223,0,2026-02-14 00:00:00,0
BID-000675,AUC-0122,VND-0711,65847.63,0.9477,0.658,60.2,4.15,0.0205,11.9,193,0.5921,0,2026-02-14 00:00:00,0
BID-000676,AUC-0122,VND-0426,64606.91,0.9299,0.534,52.6,3.83,0.028,14.2,280,0.5279,0,2026-02-14 00:00:00,0
BID-000677,AUC-0122,VND-0156,63217.0,0.9099,0.719,59.2,4.3,0.0168,12.2,98,0.6239,0,2026-02-14 00:00:00,1
BID-000678,AUC-0123,VND-0309,151119.48,0.9528,0.531,50.0,3.83,0.0282,15.0,181,0.4597,0,2026-06-08 00:00:00,0
BID-000679,AUC-0123,VND-0505,147535.22,0.9302,0.625,59.9,4.06,0.0225,12.0,85,0.517,0,2026-06-08 00:00:00,0
BID-000680,AUC-0123,VND-0536,144015.82,0.908,0.648,56.1,4.12,0.0211,13.2,222,0.5288,0,2026-06-08 00:00:00,0
BID-000681,AUC-0123,VND-0309,141701.32,0.8934,0.531,50.0,3.83,0.0282,15.0,181,0.4775,0,2026-06-08 00:00:00,0
BID-000682,AUC-0123,VND-0309,139090.41,0.877,0.531,50.0,3.83,0.0282,15.0,181,0.4824,0,2026-06-08 00:00:00,0
BID-000683,AUC-0123,VND-0415,133955.27,0.8446,0.869,79.8,4.67,0.0079,6.1,83,0.6679,0,2026-06-08 00:00:00,1
BID-000684,AUC-0124,VND-0050,56572.66,0.9506,0.513,50.0,3.78,0.0292,15.0,257,0.3308,0,2026-05-04 00:00:00,0
BID-000685,AUC-0124,VND-0369,55537.27,0.9332,0.696,66.8,4.24,0.0182,10.0,205,0.4286,0,2026-05-04 00:00:00,0
BID-000686,AUC-0124,VND-0050,54161.74,0.9101,0.513,50.0,3.78,0.0292,15.0,257,0.353,0,2026-05-04 00:00:00,0
BID-000687,AUC-0124,VND-0674,51993.41,0.8737,0.673,60.2,4.18,0.0196,11.9,128,0.4403,0,2026-05-04 00:00:00,0
BID-000688,AUC-0124,VND-0582,50070.69,0.8413,0.668,68.1,4.17,0.0199,9.6,224,0.4741,0,2026-05-04 00:00:00,0
BID-000689,AUC-0124,VND-0369,49257.74,0.8277,0.696,66.8,4.24,0.0182,10.0,205,0.4866,0,2026-05-04 00:00:00,1
BID-000690,AUC-0125,VND-0010,331845.24,0.9504,0.716,56.6,4.29,0.017,13.0,250,0.6019,0,2026-04-07 00:00:00,0
BID-000691,AUC-0125,VND-0752,316299.27,0.9059,0.513,50.0,3.78,0.0292,15.0,78,0.5278,0,2026-04-07 00:00:00,0
BID-000692,AUC-0125,VND-0306,308348.4,0.8831,0.52,52.4,3.8,0.0288,14.3,70,0.5413,0,2026-04-07 00:00:00,0
BID-000693,AUC-0125,VND-0636,304068.78,0.8709,0.847,85.4,4.62,0.0092,4.4,197,0.7377,0,2026-04-07 00:00:00,1
BID-000694,AUC-0125,VND-0565,298458.04,0.8548,0.686,56.7,4.22,0.0188,13.0,106,0.6121,0,2026-04-07 00:00:00,0
BID-000695,AUC-0126,VND-0785,39226.13,0.968,0.812,71.6,4.53,0.0113,8.5,178,0.564,0,2026-01-06 00:00:00,0
BID-000696,AUC-0126,VND-0186,37655.08,0.9292,0.55,50.0,3.88,0.027,15.0,266,0.4194,0,2026-01-06 00:00:00,0
BID-000697,AUC-0126,VND-0785,35922.25,0.8865,0.812,71.6,4.53,0.0113,8.5,178,0.5926,0,2026-01-06 00:00:00,1
BID-000698,AUC-0126,VND-0186,35104.08,0.8663,0.55,50.0,3.88,0.027,15.0,266,0.4414,0,2026-01-06 00:00:00,0
BID-000699,AUC-0127,VND-0570,251804.4,0.9699,0.74,73.9,4.35,0.0156,7.8,72,0.6407,0,2026-06-28 00:00:00,0
BID-000700,AUC-0127,VND-0579,245336.32,0.945,0.579,58.1,3.95,0.0252,12.6,300,0.5442,0,2026-06-28 00:00:00,0
BID-000701,AUC-0127,VND-0761,238026.93,0.9168,0.53,59.9,3.83,0.0282,12.0,230,0.5302,0,2026-06-28 00:00:00,0
BID-000702,AUC-0127,VND-0761,232920.94,0.8972,0.53,59.9,3.83,0.0282,12.0,230,0.5342,0,2026-06-28 00:00:00,0
BID-000703,AUC-0127,VND-0761,229129.28,0.8826,0.53,59.9,3.83,0.0282,12.0,230,0.5371,0,2026-06-28 00:00:00,0
BID-000704,AUC-0127,VND-0109,223171.42,0.8596,0.663,70.2,4.16,0.0202,8.9,184,0.6209,0,2026-06-28 00:00:00,0
BID-000705,AUC-0127,VND-0548,216184.68,0.8327,0.615,51.6,4.04,0.0231,14.5,126,0.5723,0,2026-06-28 00:00:00,0
BID-000706,AUC-0127,VND-0570,207425.44,0.799,0.74,73.9,4.35,0.0156,7.8,72,0.6749,0,2026-06-28 00:00:00,1
BID-000707,AUC-0128,VND-0212,481060.19,0.9652,0.546,55.7,3.86,0.0273,13.3,255,0.4249,0,2026-05-10 00:00:00,0
BID-000708,AUC-0128,VND-0139,464517.38,0.9321,0.899,85.6,4.75,0.0061,4.3,259,0.5866,0,2026-05-10 00:00:00,0
BID-000709,AUC-0128,VND-0226,441311.76,0.8855,0.889,84.9,4.72,0.0067,4.5,270,0.6004,0,2026-05-10 00:00:00,0
BID-000710,AUC-0128,VND-0437,420208.43,0.8431,0.822,67.6,4.55,0.0107,9.7,93,0.5735,0,2026-05-10 00:00:00,0
BID-000711,AUC-0128,VND-0634,405756.41,0.8141,0.696,61.8,4.24,0.0182,11.5,218,0.5386,0,2026-05-10 00:00:00,0
BID-000712,AUC-0128,VND-0139,392458.86,0.7875,0.899,85.6,4.75,0.0061,4.3,259,0.643,0,2026-05-10 00:00:00,1
BID-000713,AUC-0128,VND-0430,377790.9,0.758,0.782,63.4,4.46,0.0131,11.0,100,0.5895,0,2026-05-10 00:00:00,0
BID-000714,AUC-0128,VND-0634,373669.66,0.7498,0.696,61.8,4.24,0.0182,11.5,218,0.5637,0,2026-05-10 00:00:00,0
BID-000715,AUC-0129,VND-0160,398721.37,0.9752,0.578,50.0,3.95,0.0253,15.0,76,0.425,0,2026-03-19 00:00:00,0
BID-000716,AUC-0129,VND-0361,391939.74,0.9587,0.969,82.7,4.92,0.0018,5.2,61,0.5953,0,2026-03-19 00:00:00,0
BID-000717,AUC-0129,VND-0361,382960.8,0.9367,0.969,82.7,4.92,0.0018,5.2,61,0.6038,0,2026-03-19 00:00:00,1
BID-000718,AUC-0129,VND-0480,378138.36,0.9249,0.583,58.3,3.96,0.025,12.5,61,0.456,0,2026-03-19 00:00:00,0
BID-000719,AUC-0130,VND-0471,296012.8,0.9504,0.637,59.5,4.09,0.0218,12.2,189,0.4685,0,2026-04-23 00:00:00,0
BID-000720,AUC-0130,VND-0544,281534.16,0.9039,0.807,68.1,4.52,0.0116,9.6,75,0.576,0,2026-04-23 00:00:00,0
BID-000721,AUC-0130,VND-0245,269668.2,0.8658,0.975,96.7,4.94,0.0015,1.0,288,0.731,0,2026-04-23 00:00:00,1
BID-000722,AUC-0130,VND-0473,257564.57,0.827,0.603,50.0,4.01,0.0238,15.0,219,0.4853,0,2026-04-23 00:00:00,0
BID-000723,AUC-0131,VND-0238,154096.92,0.9627,0.764,80.2,4.41,0.0142,5.9,210,0.6019,0,2026-02-19 00:00:00,0
BID-000724,AUC-0131,VND-0068,147211.49,0.9197,0.971,85.6,4.93,0.0017,4.3,50,0.6969,0,2026-02-19 00:00:00,0
BID-000725,AUC-0131,VND-0068,140662.52,0.8788,0.971,85.6,4.93,0.0017,4.3,50,0.7084,0,2026-02-19 00:00:00,1
BID-000726,AUC-0131,VND-0238,134850.11,0.8425,0.764,80.2,4.41,0.0142,5.9,210,0.6355,0,2026-02-19 00:00:00,0
BID-000727,AUC-0131,VND-0607,128736.78,0.8043,0.582,59.4,3.95,0.0251,12.2,53,0.533,0,2026-02-19 00:00:00,0
BID-000728,AUC-0131,VND-0012,126826.41,0.7923,0.646,60.9,4.12,0.0212,11.7,200,0.5621,0,2026-02-19 00:00:00,0
BID-000729,AUC-0131,VND-0012,122275.43,0.7639,0.646,60.9,4.12,0.0212,11.7,200,0.57,0,2026-02-19 00:00:00,0
BID-000730,AUC-0131,VND-0012,117556.75,0.7344,0.646,60.9,4.12,0.0212,11.7,200,0.5783,0,2026-02-19 00:00:00,0
BID-000731,AUC-0132,VND-0293,312047.92,0.9884,0.817,72.6,4.54,0.011,8.2,40,0.4646,0,2026-02-04 00:00:00,0
BID-000732,AUC-0132,VND-0035,299982.59,0.9502,0.537,59.1,3.84,0.0278,12.3,93,0.3916,0,2026-02-04 00:00:00,0
BID-000733,AUC-0132,VND-0210,289431.98,0.9168,0.836,81.5,4.59,0.0098,5.6,241,0.5166,0,2026-02-04 00:00:00,0
BID-000734,AUC-0132,VND-0035,281575.77,0.8919,0.537,59.1,3.84,0.0278,12.3,93,0.4179,0,2026-02-04 00:00:00,0
BID-000735,AUC-0132,VND-0387,277592.91,0.8793,0.564,50.0,3.91,0.0262,15.0,244,0.4147,0,2026-02-04 00:00:00,0
BID-000736,AUC-0132,VND-0293,271902.26,0.8612,0.817,72.6,4.54,0.011,8.2,40,0.5218,0,2026-02-04 00:00:00,0
BID-000737,AUC-0132,VND-0293,262877.15,0.8327,0.817,72.6,4.54,0.011,8.2,40,0.5347,0,2026-02-04 00:00:00,0
BID-000738,AUC-0132,VND-0293,259072.97,0.8206,0.817,72.6,4.54,0.011,8.2,40,0.5401,0,2026-02-04 00:00:00,1
BID-000739,AUC-0133,VND-0264,263313.6,0.9816,0.707,60.1,4.27,0.0176,12.0,161,0.5716,0,2026-02-02 00:00:00,0
BID-000740,AUC-0133,VND-0273,257204.46,0.9588,0.809,73.1,4.52,0.0115,8.1,254,0.6512,0,2026-02-02 00:00:00,0
BID-000741,AUC-0133,VND-0273,249917.94,0.9317,0.809,73.1,4.52,0.0115,8.1,254,0.6569,0,2026-02-02 00:00:00,1
BID-000742,AUC-0133,VND-0264,239896.2,0.8943,0.707,60.1,4.27,0.0176,12.0,161,0.5899,0,2026-02-02 00:00:00,0
BID-000743,AUC-0134,VND-0800,214335.92,0.9797,0.543,61.0,3.86,0.0274,11.7,281,0.5076,0,2026-05-18 00:00:00,0
BID-000744,AUC-0134,VND-0671,207096.27,0.9466,0.629,59.2,4.07,0.0223,12.2,219,0.5394,0,2026-05-18 00:00:00,0
BID-000745,AUC-0134,VND-0314,203799.1,0.9315,0.731,71.6,4.33,0.0161,8.5,227,0.6158,0,2026-05-18 00:00:00,1
BID-000746,AUC-0134,VND-0671,201549.64,0.9212,0.629,59.2,4.07,0.0223,12.2,219,0.5449,0,2026-05-18 00:00:00,0
BID-000747,AUC-0134,VND-0671,194990.9,0.8913,0.629,59.2,4.07,0.0223,12.2,219,0.5515,0,2026-05-18 00:00:00,0
BID-000748,AUC-0134,VND-0800,190769.59,0.872,0.543,61.0,3.86,0.0274,11.7,281,0.5313,0,2026-05-18 00:00:00,0
BID-000749,AUC-0135,VND-0536,72873.6,0.9841,0.648,56.1,4.12,0.0211,13.2,222,0.5582,0,2026-06-18 00:00:00,0
BID-000750,AUC-0135,VND-0434,69640.5,0.9405,0.578,50.0,3.94,0.0253,15.0,30,0.5279,0,2026-06-18 00:00:00,0
BID-000751,AUC-0135,VND-0434,67170.31,0.9071,0.578,50.0,3.94,0.0253,15.0,30,0.5355,0,2026-06-18 00:00:00,0
BID-000752,AUC-0135,VND-0125,64212.35,0.8672,0.982,94.8,4.95,0.0011,1.6,280,0.7859,0,2026-06-18 00:00:00,1
BID-000753,AUC-0136,VND-0574,431512.33,0.9709,0.899,84.1,4.75,0.0061,4.8,134,0.7368,0,2026-04-25 00:00:00,0
BID-000754,AUC-0136,VND-0427,410413.04,0.9234,0.605,65.4,4.01,0.0237,10.4,55,0.6087,0,2026-04-25 00:00:00,0
BID-000755,AUC-0136,VND-0427,396670.19,0.8925,0.605,65.4,4.01,0.0237,10.4,55,0.6152,0,2026-04-25 00:00:00,0
BID-000756,AUC-0136,VND-0294,384399.79,0.8649,0.538,50.0,3.84,0.0277,15.0,120,0.5749,0,2026-04-25 00:00:00,0
BID-000757,AUC-0136,VND-0574,367249.28,0.8263,0.899,84.1,4.75,0.0061,4.8,134,0.7672,0,2026-04-25 00:00:00,0
BID-000758,AUC-0136,VND-0380,354052.15,0.7966,0.947,89.7,4.87,0.0032,3.1,124,0.7992,0,2026-04-25 00:00:00,0
BID-000759,AUC-0136,VND-0380,348027.78,0.7831,0.947,89.7,4.87,0.0032,3.1,124,0.802,0,2026-04-25 00:00:00,1
BID-000760,AUC-0136,VND-0574,344349.37,0.7748,0.899,84.1,4.75,0.0061,4.8,134,0.778,0,2026-04-25 00:00:00,0
BID-000761,AUC-0137,VND-0173,225525.64,0.9789,0.699,70.9,4.25,0.018,8.7,58,0.5601,0,2026-06-30 00:00:00,0
BID-000762,AUC-0137,VND-0271,217406.75,0.9436,0.977,93.9,4.94,0.0014,1.8,146,0.7247,0,2026-06-30 00:00:00,0
BID-000763,AUC-0137,VND-0256,210895.07,0.9154,0.807,68.8,4.52,0.0116,9.4,19,0.6177,0,2026-06-30 00:00:00,0
BID-000764,AUC-0137,VND-0271,201700.23,0.8755,0.977,93.9,4.94,0.0014,1.8,146,0.7431,0,2026-06-30 00:00:00,1
BID-000765,AUC-0138,VND-0167,100298.96,0.9519,0.507,50.0,3.77,0.0296,15.0,152,0.3658,0,2026-03-20 00:00:00,0
BID-000766,AUC-0138,VND-0167,98206.83,0.9321,0.507,50.0,3.77,0.0296,15.0,152,0.3724,0,2026-03-20 00:00:00,0
BID-000767,AUC-0138,VND-0167,93412.62,0.8866,0.507,50.0,3.77,0.0296,15.0,152,0.3874,0,2026-03-20 00:00:00,0
BID-000768,AUC-0138,VND-0749,90809.65,0.8619,0.81,74.1,4.52,0.0114,7.8,240,0.5723,0,2026-03-20 00:00:00,0
BID-000769,AUC-0138,VND-0135,89012.73,0.8448,0.68,54.8,4.2,0.0192,13.6,133,0.4752,0,2026-03-20 00:00:00,0
BID-000770,AUC-0138,VND-0599,85666.93,0.813,0.987,99.9,4.97,0.001,0.1,38,0.7269,0,2026-03-20 00:00:00,1
BID-000771,AUC-0138,VND-0135,84027.81,0.7975,0.68,54.8,4.2,0.0192,13.6,133,0.4908,0,2026-03-20 00:00:00,0
BID-000772,AUC-0138,VND-0295,82591.17,0.7839,0.564,50.0,3.91,0.0262,15.0,125,0.4409,0,2026-03-20 00:00:00,0
BID-000773,AUC-0139,VND-0735,187836.99,0.9876,0.935,88.3,4.84,0.0039,3.5,248,0.6872,0,2026-06-10 00:00:00,1
BID-000774,AUC-0139,VND-0063,184125.78,0.9681,0.614,60.5,4.03,0.0232,11.8,299,0.493,0,2026-06-10 00:00:00,0
BID-000775,AUC-0139,VND-0039,178865.15,0.9404,0.886,72.7,4.71,0.0069,8.2,55,0.6393,0,2026-06-10 00:00:00,0
BID-000776,AUC-0139,VND-0219,174795.19,0.919,0.536,52.2,3.84,0.0278,14.3,200,0.4535,0,2026-06-10 00:00:00,0
BID-000777,AUC-0140,VND-0075,205698.71,0.9661,0.526,51.0,3.81,0.0285,14.7,52,0.4711,0,2026-03-15 00:00:00,0
BID-000778,AUC-0140,VND-0394,198957.31,0.9344,0.792,65.5,4.48,0.0125,10.4,97,0.6082,0,2026-03-15 00:00:00,0
BID-000779,AUC-0140,VND-0434,190114.54,0.8929,0.578,50.0,3.94,0.0253,15.0,30,0.5116,0,2026-03-15 00:00:00,0
BID-000780,AUC-0140,VND-0172,182738.24,0.8582,0.587,51.8,3.97,0.0248,14.5,156,0.5279,0,2026-03-15 00:00:00,0
BID-000781,AUC-0140,VND-0069,175228.46,0.823,0.759,77.3,4.4,0.0144,6.8,221,0.6414,0,2026-03-15 00:00:00,0
BID-000782,AUC-0140,VND-0075,169348.23,0.7953,0.526,51.0,3.81,0.0285,14.7,52,0.5189,0,2026-03-15 00:00:00,0
BID-000783,AUC-0140,VND-0069,160933.4,0.7558,0.759,77.3,4.4,0.0144,6.8,221,0.6602,0,2026-03-15 00:00:00,1
BID-000784,AUC-0141,VND-0591,402907.56,0.9697,0.981,87.5,4.95,0.0011,3.8,170,0.7198,0,2026-03-10 00:00:00,1
BID-000785,AUC-0141,VND-0519,394305.39,0.949,0.67,70.0,4.17,0.0198,9.0,130,0.568,0,2026-03-10 00:00:00,0
BID-000786,AUC-0141,VND-0611,385636.39,0.9281,0.975,78.9,4.94,0.0015,6.3,262,0.7147,0,2026-03-10 00:00:00,0
BID-000787,AUC-0141,VND-0519,377938.75,0.9096,0.67,70.0,4.17,0.0198,9.0,130,0.5782,0,2026-03-10 00:00:00,0
BID-000788,AUC-0142,VND-0417,358570.47,0.9705,0.57,50.0,3.93,0.0258,15.0,260,0.2904,0,2026-03-18 00:00:00,0
BID-000789,AUC-0142,VND-0377,342171.36,0.9261,0.814,72.8,4.53,0.0112,8.2,80,0.4129,0,2026-03-18 00:00:00,1
BID-000790,AUC-0142,VND-0468,332309.89,0.8994,0.586,51.1,3.96,0.0248,14.7,169,0.3336,0,2026-03-18 00:00:00,0
BID-000791,AUC-0143,VND-0124,368767.74,0.953,0.714,77.7,4.29,0.0172,6.7,69,0.6205,0,2026-06-27 00:00:00,0
BID-000792,AUC-0143,VND-0330,360028.95,0.9304,0.823,73.4,4.56,0.0106,8.0,229,0.6581,0,2026-06-27 00:00:00,0
BID-000793,AUC-0143,VND-0551,344582.88,0.8905,0.529,52.5,3.82,0.0283,14.2,295,0.4968,0,2026-06-27 00:00:00,0
BID-000794,AUC-0143,VND-0038,330402.71,0.8538,0.853,86.6,4.63,0.0088,4.0,172,0.7197,0,2026-06-27 00:00:00,0
BID-000795,AUC-0143,VND-0038,324280.8,0.838,0.853,86.6,4.63,0.0088,4.0,172,0.7232,0,2026-06-27 00:00:00,1
BID-000796,AUC-0144,VND-0522,14899.4,0.9672,0.659,67.9,4.15,0.0204,9.6,95,0.459,0,2026-06-22 00:00:00,0
BID-000797,AUC-0144,VND-0764,14557.45,0.945,0.642,51.1,4.11,0.0215,14.7,45,0.4458,0,2026-06-22 00:00:00,0
BID-000798,AUC-0144,VND-0522,13965.61,0.9065,0.659,67.9,4.15,0.0204,9.6,95,0.4838,0,2026-06-22 00:00:00,0
BID-000799,AUC-0144,VND-0764,13349.8,0.8666,0.642,51.1,4.11,0.0215,14.7,45,0.478,0,2026-06-22 00:00:00,0
BID-000800,AUC-0144,VND-0764,13042.39,0.8466,0.642,51.1,4.11,0.0215,14.7,45,0.4862,0,2026-06-22 00:00:00,0
BID-000801,AUC-0144,VND-0255,12571.05,0.816,0.975,90.2,4.94,0.0015,2.9,251,0.6475,0,2026-06-22 00:00:00,1
BID-000802,AUC-0144,VND-0699,12053.24,0.7824,0.715,58.1,4.29,0.0171,12.6,110,0.5434,0,2026-06-22 00:00:00,0
BID-000803,AUC-0145,VND-0246,209155.99,0.9778,0.728,70.3,4.32,0.0163,8.9,264,0.5427,0,2026-02-09 00:00:00,0
BID-000804,AUC-0145,VND-0335,204103.34,0.9541,0.593,54.0,3.98,0.0244,13.8,73,0.4487,0,2026-02-09 00:00:00,0
BID-000805,AUC-0145,VND-0335,199487.77,0.9326,0.593,54.0,3.98,0.0244,13.8,73,0.4545,0,2026-02-09 00:00:00,0
BID-000806,AUC-0145,VND-0483,194099.23,0.9074,0.644,58.3,4.11,0.0213,12.5,255,0.4941,0,2026-02-09 00:00:00,0
BID-000807,AUC-0145,VND-0776,186236.69,0.8706,0.976,92.8,4.94,0.0015,2.2,152,0.7351,0,2026-02-09 00:00:00,1
BID-000808,AUC-0146,VND-0407,233811.7,0.951,0.562,60.1,3.91,0.0263,12.0,88,0.3509,0,2026-06-15 00:00:00,0
BID-000809,AUC-0146,VND-0067,231291.4,0.9407,0.56,50.0,3.9,0.0264,15.0,44,0.3424,0,2026-06-15 00:00:00,0
BID-000810,AUC-0146,VND-0407,227048.5,0.9235,0.562,60.1,3.91,0.0263,12.0,88,0.3652,0,2026-06-15 00:00:00,0
BID-000811,AUC-0146,VND-0067,222100.69,0.9034,0.56,50.0,3.9,0.0264,15.0,44,0.3618,0,2026-06-15 00:00:00,0
BID-000812,AUC-0146,VND-0067,219669.32,0.8935,0.56,50.0,3.9,0.0264,15.0,44,0.367,0,2026-06-15 00:00:00,1
BID-000813,AUC-0147,VND-0599,18819.81,0.9699,0.987,99.9,4.97,0.001,0.1,38,0.5213,0,2026-01-14 00:00:00,1
BID-000814,AUC-0147,VND-0652,18425.37,0.9496,0.526,51.0,3.81,0.0284,14.7,115,0.3231,0,2026-01-14 00:00:00,0
BID-000815,AUC-0147,VND-0647,18061.92,0.9308,0.784,79.5,4.46,0.013,6.1,139,0.4508,0,2026-01-14 00:00:00,0
BID-000816,AUC-0147,VND-0251,17359.06,0.8946,0.849,73.2,4.62,0.0091,8.0,198,0.4741,0,2026-01-14 00:00:00,0
BID-000817,AUC-0148,VND-0633,130514.84,0.9505,0.506,50.0,3.76,0.0297,15.0,238,0.4155,0,2026-04-04 00:00:00,0
BID-000818,AUC-0148,VND-0645,128900.02,0.9388,0.517,50.0,3.79,0.029,15.0,181,0.4245,0,2026-04-04 00:00:00,0
BID-000819,AUC-0148,VND-0587,124313.09,0.9054,0.816,64.1,4.54,0.011,10.8,245,0.5924,0,2026-04-04 00:00:00,1
BID-000820,AUC-0148,VND-0633,120395.26,0.8768,0.506,50.0,3.76,0.0297,15.0,238,0.4383,0,2026-04-04 00:00:00,0
BID-000821,AUC-0149,VND-0095,363764.11,0.9509,0.765,68.1,4.41,0.0141,9.6,225,0.4958,0,2026-01-13 00:00:00,0
BID-000822,AUC-0149,VND-0733,354105.78,0.9257,1.0,79.0,5.0,0.001,6.3,38,0.6024,0,2026-01-13 00:00:00,1
BID-000823,AUC-0149,VND-0235,338185.88,0.884,0.612,65.3,4.03,0.0233,10.4,248,0.4655,0,2026-01-13 00:00:00,0
BID-000824,AUC-0150,VND-0106,74693.27,0.9677,0.774,71.6,4.44,0.0135,8.5,37,0.5615,0,2026-03-27 00:00:00,0
BID-000825,AUC-0150,VND-0106,71886.09,0.9314,0.774,71.6,4.44,0.0135,8.5,37,0.5716,0,2026-03-27 00:00:00,0
BID-000826,AUC-0150,VND-0206,68947.1,0.8933,0.66,69.8,4.15,0.0204,9.1,239,0.5352,0,2026-03-27 00:00:00,0
BID-000827,AUC-0150,VND-0580,65856.27,0.8532,0.936,75.4,4.84,0.0038,7.4,233,0.6639,0,2026-03-27 00:00:00,0
BID-000828,AUC-0150,VND-0451,62676.2,0.812,0.604,50.0,4.01,0.0238,15.0,297,0.4781,0,2026-03-27 00:00:00,0
BID-000829,AUC-0150,VND-0451,59780.3,0.7745,0.604,50.0,4.01,0.0238,15.0,297,0.4886,0,2026-03-27 00:00:00,0
BID-000830,AUC-0150,VND-0343,57395.61,0.7436,0.965,90.5,4.91,0.0021,2.8,238,0.7505,0,2026-03-27 00:00:00,1
BID-000831,AUC-0151,VND-0473,267411.58,0.982,0.603,50.0,4.01,0.0238,15.0,219,0.4741,0,2026-01-25 00:00:00,0
BID-000832,AUC-0151,VND-0473,262006.04,0.9622,0.603,50.0,4.01,0.0238,15.0,219,0.4827,0,2026-01-25 00:00:00,0
BID-000833,AUC-0151,VND-0213,257915.91,0.9472,0.529,50.0,3.82,0.0283,15.0,68,0.4557,0,2026-01-25 00:00:00,0
BID-000834,AUC-0151,VND-0268,250928.14,0.9215,0.884,91.9,4.71,0.0069,2.4,82,0.7481,0,2026-01-25 00:00:00,0
BID-000835,AUC-0151,VND-0268,240408.26,0.8829,0.884,91.9,4.71,0.0069,2.4,82,0.7647,0,2026-01-25 00:00:00,1
BID-000836,AUC-0152,VND-0489,112989.18,0.9787,0.798,61.0,4.49,0.0121,11.7,188,0.4861,0,2026-04-14 00:00:00,0
BID-000837,AUC-0152,VND-0442,108992.19,0.9441,0.51,50.0,3.77,0.0294,15.0,124,0.3982,0,2026-04-14 00:00:00,0
BID-000838,AUC-0152,VND-0498,105437.71,0.9133,0.68,52.5,4.2,0.0192,14.2,28,0.4662,0,2026-04-14 00:00:00,0
BID-000839,AUC-0152,VND-0498,102140.62,0.8847,0.68,52.5,4.2,0.0192,14.2,28,0.4779,0,2026-04-14 00:00:00,0
BID-000840,AUC-0152,VND-0498,98774.37,0.8556,0.68,52.5,4.2,0.0192,14.2,28,0.4899,0,2026-04-14 00:00:00,1
BID-000841,AUC-0153,VND-0699,15603.27,0.9789,0.715,58.1,4.29,0.0171,12.6,110,0.4359,0,2026-04-19 00:00:00,0
BID-000842,AUC-0153,VND-0742,14892.16,0.9343,0.772,55.5,4.43,0.0137,13.4,130,0.4686,0,2026-04-19 00:00:00,0
BID-000843,AUC-0153,VND-0764,14652.57,0.9193,0.642,51.1,4.11,0.0215,14.7,45,0.4145,0,2026-04-19 00:00:00,0
BID-000844,AUC-0153,VND-0157,14463.25,0.9074,0.513,56.0,3.78,0.0292,13.2,174,0.3799,0,2026-04-19 00:00:00,0
BID-000845,AUC-0153,VND-0764,13985.83,0.8774,0.642,51.1,4.11,0.0215,14.7,45,0.43,0,2026-04-19 00:00:00,0
BID-000846,AUC-0153,VND-0742,13550.75,0.8502,0.772,55.5,4.43,0.0137,13.4,130,0.4998,0,2026-04-19 00:00:00,1
BID-000847,AUC-0154,VND-0510,126810.06,0.9892,0.958,77.4,4.89,0.0025,6.8,167,0.6567,0,2026-02-11 00:00:00,0
BID-000848,AUC-0154,VND-0761,123906.69,0.9666,0.53,59.9,3.83,0.0282,12.0,230,0.4922,0,2026-02-11 00:00:00,0
BID-000849,AUC-0154,VND-0375,121384.68,0.9469,0.953,91.0,4.88,0.0028,2.7,215,0.6869,0,2026-02-11 00:00:00,1
BID-000850,AUC-0154,VND-0761,117333.46,0.9153,0.53,59.9,3.83,0.0282,12.0,230,0.5075,0,2026-02-11 00:00:00,0
BID-000851,AUC-0154,VND-0362,113661.56,0.8867,0.533,52.6,3.83,0.028,14.2,298,0.5063,0,2026-02-11 00:00:00,0
BID-000852,AUC-0154,VND-0761,109024.5,0.8505,0.53,59.9,3.83,0.0282,12.0,230,0.527,0,2026-02-11 00:00:00,0
BID-000853,AUC-0154,VND-0362,104038.84,0.8116,0.533,52.6,3.83,0.028,14.2,298,0.5288,0,2026-02-11 00:00:00,0
BID-000854,AUC-0155,VND-0786,472880.16,0.9687,0.793,65.1,4.48,0.0124,10.5,76,0.594,0,2026-05-27 00:00:00,0
BID-000855,AUC-0155,VND-0786,453407.65,0.9288,0.793,65.1,4.48,0.0124,10.5,76,0.6104,0,2026-05-27 00:00:00,0
BID-000856,AUC-0155,VND-0189,442552.72,0.9065,0.922,70.0,4.81,0.0047,9.0,48,0.6901,0,2026-05-27 00:00:00,1
BID-000857,AUC-0156,VND-0747,395476.21,0.9819,0.614,51.8,4.03,0.0232,14.5,83,0.3155,0,2026-04-03 00:00:00,0
BID-000858,AUC-0156,VND-0747,384809.69,0.9554,0.614,51.8,4.03,0.0232,14.5,83,0.3282,0,2026-04-03 00:00:00,0
BID-000859,AUC-0156,VND-0301,377375.49,0.937,0.584,50.0,3.96,0.0249,15.0,230,0.3262,0,2026-04-03 00:00:00,0
BID-000860,AUC-0156,VND-0747,361943.17,0.8987,0.614,51.8,4.03,0.0232,14.5,83,0.3554,0,2026-04-03 00:00:00,0
BID-000861,AUC-0156,VND-0304,356335.77,0.8847,0.603,50.0,4.01,0.0238,15.0,281,0.3549,0,2026-04-03 00:00:00,0
BID-000862,AUC-0156,VND-0225,351017.67,0.8715,0.688,59.0,4.22,0.0187,12.3,251,0.4035,0,2026-04-03 00:00:00,0
BID-000863,AUC-0156,VND-0225,347150.52,0.8619,0.688,59.0,4.22,0.0187,12.3,251,0.4081,0,2026-04-03 00:00:00,1
BID-000864,AUC-0156,VND-0747,338396.54,0.8402,0.614,51.8,4.03,0.0232,14.5,83,0.3835,0,2026-04-03 00:00:00,0
BID-000865,AUC-0157,VND-0394,456773.69,0.9512,0.792,65.5,4.48,0.0125,10.4,97,0.6459,0,2026-05-06 00:00:00,1
BID-000866,AUC-0157,VND-0688,435519.4,0.907,0.624,67.4,4.06,0.0226,9.8,67,0.5721,0,2026-05-06 00:00:00,0
BID-000867,AUC-0157,VND-0348,422166.44,0.8792,0.557,50.0,3.89,0.0266,15.0,238,0.5193,0,2026-05-06 00:00:00,0
BID-000868,AUC-0158,VND-0149,239089.7,0.96,0.885,70.3,4.71,0.0069,8.9,230,0.4871,0,2026-03-09 00:00:00,0
BID-000869,AUC-0158,VND-0149,232728.69,0.9345,0.885,70.3,4.71,0.0069,8.9,230,0.4989,0,2026-03-09 00:00:00,0
BID-000870,AUC-0158,VND-0207,221230.48,0.8883,0.975,93.4,4.94,0.0015,2.0,180,0.5758,0,2026-03-09 00:00:00,0
BID-000871,AUC-0158,VND-0676,215833.71,0.8666,0.934,85.8,4.83,0.004,4.3,166,0.5634,0,2026-03-09 00:00:00,0
BID-000872,AUC-0158,VND-0149,209283.28,0.8403,0.885,70.3,4.71,0.0069,8.9,230,0.5422,0,2026-03-09 00:00:00,0
BID-000873,AUC-0158,VND-0496,207055.29,0.8314,0.9,86.4,4.75,0.006,4.1,168,0.5691,0,2026-03-09 00:00:00,0
BID-000874,AUC-0158,VND-0496,198330.71,0.7964,0.9,86.4,4.75,0.006,4.1,168,0.5852,0,2026-03-09 00:00:00,1
BID-000875,AUC-0159,VND-0068,61469.89,0.9639,0.971,85.6,4.93,0.0017,4.3,50,0.5707,0,2026-06-22 00:00:00,0
BID-000876,AUC-0159,VND-0107,58397.11,0.9157,0.826,68.4,4.56,0.0104,9.5,290,0.513,0,2026-06-22 00:00:00,0
BID-000877,AUC-0159,VND-0738,56293.81,0.8828,0.664,61.8,4.16,0.0202,11.5,205,0.4737,0,2026-06-22 00:00:00,0
BID-000878,AUC-0159,VND-0068,54853.39,0.8602,0.971,85.6,4.93,0.0017,4.3,50,0.6122,0,2026-06-22 00:00:00,1
BID-000879,AUC-0159,VND-0325,54270.08,0.851,0.895,79.8,4.74,0.0063,6.1,300,0.5841,0,2026-06-22 00:00:00,0
BID-000880,AUC-0159,VND-0322,52143.5,0.8177,0.606,50.0,4.01,0.0237,15.0,274,0.456,0,2026-06-22 00:00:00,0
BID-000881,AUC-0160,VND-0116,269937.7,0.9693,0.897,82.7,4.74,0.0062,5.2,276,0.5272,0,2026-04-22 00:00:00,0
BID-000882,AUC-0160,VND-0116,259733.29,0.9326,0.897,82.7,4.74,0.0062,5.2,276,0.5422,0,2026-04-22 00:00:00,1
BID-000883,AUC-0160,VND-0058,256500.33,0.921,0.817,86.2,4.54,0.011,4.1,62,0.5325,0,2026-04-22 00:00:00,0
BID-000884,AUC-0161,VND-0277,222657.44,0.9571,0.776,69.6,4.44,0.0134,9.1,78,0.5239,0,2026-02-09 00:00:00,0
BID-000885,AUC-0161,VND-0277,218895.24,0.9409,0.776,69.6,4.44,0.0134,9.1,78,0.5296,0,2026-02-09 00:00:00,0
BID-000886,AUC-0161,VND-0333,208254.3,0.8952,0.551,50.0,3.88,0.0269,15.0,56,0.4269,0,2026-02-09 00:00:00,0
BID-000887,AUC-0161,VND-0646,203130.68,0.8731,0.698,54.5,4.25,0.0181,13.6,213,0.4949,0,2026-02-09 00:00:00,0
BID-000888,AUC-0161,VND-0739,194708.42,0.8369,0.904,84.9,4.76,0.0058,4.5,217,0.6422,0,2026-02-09 00:00:00,0
BID-000889,AUC-0161,VND-0739,188886.21,0.8119,0.904,84.9,4.76,0.0058,4.5,217,0.651,0,2026-02-09 00:00:00,1
BID-000890,AUC-0161,VND-0567,183947.56,0.7907,0.541,50.0,3.85,0.0276,15.0,167,0.4598,0,2026-02-09 00:00:00,0
BID-000891,AUC-0162,VND-0224,419014.62,0.9889,0.993,96.7,4.98,0.001,1.0,62,0.7629,0,2026-01-04 00:00:00,1
BID-000892,AUC-0162,VND-0466,414250.88,0.9776,0.57,61.4,3.92,0.0258,11.6,150,0.4843,0,2026-01-04 00:00:00,0
BID-000893,AUC-0162,VND-0707,394970.36,0.9321,0.635,51.2,4.09,0.0219,14.6,152,0.5055,0,2026-01-04 00:00:00,0
BID-000894,AUC-0163,VND-0344,57112.51,0.9837,0.786,70.0,4.46,0.0129,9.0,234,0.5537,0,2026-02-13 00:00:00,0
BID-000895,AUC-0163,VND-0491,55744.86,0.9601,0.667,66.6,4.17,0.02,10.0,38,0.5103,0,2026-02-13 00:00:00,0
BID-000896,AUC-0163,VND-0344,54981.99,0.947,0.786,70.0,4.46,0.0129,9.0,234,0.5647,0,2026-02-13 00:00:00,1
BID-000897,AUC-0163,VND-0491,54184.95,0.9333,0.667,66.6,4.17,0.02,10.0,38,0.5184,0,2026-02-13 00:00:00,0
BID-000898,AUC-0163,VND-0533,52636.49,0.9066,0.711,66.1,4.28,0.0174,10.2,98,0.5408,0,2026-02-13 00:00:00,0
BID-000899,AUC-0163,VND-0533,50307.56,0.8665,0.711,66.1,4.28,0.0174,10.2,98,0.5528,0,2026-02-13 00:00:00,0
BID-000900,AUC-0163,VND-0533,49534.02,0.8531,0.711,66.1,4.28,0.0174,10.2,98,0.5568,0,2026-02-13 00:00:00,0
BID-000901,AUC-0163,VND-0491,48421.62,0.834,0.667,66.6,4.17,0.02,10.0,38,0.5482,0,2026-02-13 00:00:00,0
BID-000902,AUC-0164,VND-0371,245784.73,0.9861,0.731,65.5,4.33,0.0161,10.4,186,0.3685,0,2026-03-14 00:00:00,0
BID-000903,AUC-0164,VND-0633,235965.94,0.9467,0.506,50.0,3.76,0.0297,15.0,238,0.3036,0,2026-03-14 00:00:00,0
BID-000904,AUC-0164,VND-0606,228214.56,0.9156,0.713,64.1,4.28,0.0172,10.8,292,0.3973,0,2026-03-14 00:00:00,0
BID-000905,AUC-0164,VND-0156,223930.41,0.8985,0.719,59.2,4.3,0.0168,12.2,98,0.3994,0,2026-03-14 00:00:00,0
BID-000906,AUC-0164,VND-0156,214476.54,0.8605,0.719,59.2,4.3,0.0168,12.2,98,0.4188,0,2026-03-14 00:00:00,0
BID-000907,AUC-0164,VND-0156,210396.75,0.8442,0.719,59.2,4.3,0.0168,12.2,98,0.4271,0,2026-03-14 00:00:00,0
BID-000908,AUC-0164,VND-0239,202038.23,0.8106,0.537,54.1,3.84,0.0278,13.8,92,0.3881,0,2026-03-14 00:00:00,0
BID-000909,AUC-0164,VND-0371,196754.22,0.7894,0.731,65.5,4.33,0.0161,10.4,186,0.4689,0,2026-03-14 00:00:00,1
BID-000910,AUC-0165,VND-0335,80455.66,0.9633,0.593,54.0,3.98,0.0244,13.8,73,0.3435,0,2026-04-15 00:00:00,0
BID-000911,AUC-0165,VND-0189,77205.6,0.9244,0.922,70.0,4.81,0.0047,9.0,48,0.4775,0,2026-04-15 00:00:00,0
BID-000912,AUC-0165,VND-0217,75420.78,0.903,0.809,63.1,4.52,0.0115,11.1,278,0.4439,0,2026-04-15 00:00:00,0
BID-000913,AUC-0165,VND-0675,72671.83,0.8701,0.994,75.4,4.98,0.001,7.4,271,0.5332,0,2026-04-15 00:00:00,1
BID-000914,AUC-0165,VND-0134,69770.96,0.8353,0.849,79.4,4.62,0.0091,6.2,178,0.5285,0,2026-04-15 00:00:00,0
BID-000915,AUC-0166,VND-0468,161750.08,0.9566,0.586,51.1,3.96,0.0248,14.7,169,0.4378,0,2026-05-28 00:00:00,0
BID-000916,AUC-0166,VND-0061,159085.18,0.9408,0.904,96.6,4.76,0.0058,1.0,150,0.6371,0,2026-05-28 00:00:00,0
BID-000917,AUC-0166,VND-0630,157419.8,0.931,0.532,50.0,3.83,0.0281,15.0,138,0.4301,0,2026-05-28 00:00:00,0
BID-000918,AUC-0166,VND-0143,152798.93,0.9036,0.789,60.0,4.47,0.0127,12.0,222,0.5317,0,2026-05-28 00:00:00,0
BID-000919,AUC-0166,VND-0630,150123.43,0.8878,0.532,50.0,3.83,0.0281,15.0,138,0.4452,0,2026-05-28 00:00:00,0
BID-000920,AUC-0166,VND-0116,143716.22,0.8499,0.897,82.7,4.74,0.0062,5.2,276,0.6336,0,2026-05-28 00:00:00,0
BID-000921,AUC-0166,VND-0138,139947.08,0.8276,0.756,68.1,4.39,0.0147,9.6,25,0.5691,0,2026-05-28 00:00:00,0
BID-000922,AUC-0166,VND-0061,136010.69,0.8044,0.904,96.6,4.76,0.0058,1.0,150,0.6849,0,2026-05-28 00:00:00,1
BID-000923,AUC-0167,VND-0085,362582.95,0.9765,0.52,50.0,3.8,0.0288,15.0,149,0.4221,0,2026-03-23 00:00:00,0
BID-000924,AUC-0167,VND-0431,355254.65,0.9568,0.888,78.3,4.72,0.0067,6.5,195,0.6578,0,2026-03-23 00:00:00,0
BID-000925,AUC-0167,VND-0735,340731.73,0.9177,0.935,88.3,4.84,0.0039,3.5,248,0.7131,0,2026-03-23 00:00:00,0
BID-000926,AUC-0167,VND-0735,328284.82,0.8841,0.935,88.3,4.84,0.0039,3.5,248,0.7215,0,2026-03-23 00:00:00,1
BID-000927,AUC-0167,VND-0654,313758.69,0.845,0.857,83.7,4.64,0.0086,4.9,183,0.6857,0,2026-03-23 00:00:00,0
BID-000928,AUC-0167,VND-0227,307322.07,0.8277,0.712,73.7,4.28,0.0173,7.9,154,0.602,0,2026-03-23 00:00:00,0
BID-000929,AUC-0167,VND-0085,299005.76,0.8053,0.52,50.0,3.8,0.0288,15.0,149,0.4649,0,2026-03-23 00:00:00,0
BID-000930,AUC-0168,VND-0558,239646.09,0.9852,0.796,69.2,4.49,0.0122,9.2,126,0.5669,0,2026-01-28 00:00:00,0
BID-000931,AUC-0168,VND-0108,236038.95,0.9704,0.856,73.2,4.64,0.0086,8.0,115,0.6085,0,2026-01-28 00:00:00,0
BID-000932,AUC-0168,VND-0108,230779.71,0.9487,0.856,73.2,4.64,0.0086,8.0,115,0.6185,0,2026-01-28 00:00:00,1
BID-000933,AUC-0168,VND-0218,223364.31,0.9183,0.542,55.5,3.86,0.0275,13.4,292,0.4602,0,2026-01-28 00:00:00,0
BID-000934,AUC-0168,VND-0558,212497.26,0.8736,0.796,69.2,4.49,0.0122,9.2,126,0.6182,0,2026-01-28 00:00:00,0
BID-000935,AUC-0168,VND-0156,206993.09,0.851,0.719,59.2,4.3,0.0168,12.2,98,0.5694,0,2026-01-28 00:00:00,0
BID-000936,AUC-0169,VND-0010,188161.05,0.969,0.716,56.6,4.29,0.017,13.0,250,0.3831,0,2026-01-25 00:00:00,0
BID-000937,AUC-0169,VND-0699,182042.94,0.9375,0.715,58.1,4.29,0.0171,12.6,110,0.4016,0,2026-01-25 00:00:00,0
BID-000938,AUC-0169,VND-0157,174395.24,0.8981,0.513,56.0,3.78,0.0292,13.2,174,0.3755,0,2026-01-25 00:00:00,0
BID-000939,AUC-0169,VND-0010,168888.14,0.8697,0.716,56.6,4.29,0.017,13.0,250,0.4288,0,2026-01-25 00:00:00,0
BID-000940,AUC-0169,VND-0699,164669.5,0.848,0.715,58.1,4.29,0.0171,12.6,110,0.4427,0,2026-01-25 00:00:00,0
BID-000941,AUC-0169,VND-0115,158541.18,0.8164,0.946,87.8,4.87,0.0032,3.7,179,0.5814,0,2026-01-25 00:00:00,1
BID-000942,AUC-0169,VND-0173,151608.24,0.7807,0.699,70.9,4.25,0.018,8.7,58,0.5052,0,2026-01-25 00:00:00,0
BID-000943,AUC-0169,VND-0699,146812.44,0.756,0.715,58.1,4.29,0.0171,12.6,110,0.485,0,2026-01-25 00:00:00,0
BID-000944,AUC-0170,VND-0790,193934.11,0.954,0.804,69.1,4.51,0.0118,9.3,117,0.6366,0,2026-05-12 00:00:00,0
BID-000945,AUC-0170,VND-0790,185061.66,0.9103,0.804,69.1,4.51,0.0118,9.3,117,0.6597,0,2026-05-12 00:00:00,0
BID-000946,AUC-0170,VND-0316,180828.03,0.8895,0.857,89.1,4.64,0.0086,3.3,257,0.7526,0,2026-05-12 00:00:00,0
BID-000947,AUC-0170,VND-0061,179017.2,0.8806,0.904,96.6,4.76,0.0058,1.0,150,0.8002,0,2026-05-12 00:00:00,0
BID-000948,AUC-0170,VND-0061,172154.82,0.8468,0.904,96.6,4.76,0.0058,1.0,150,0.8181,0,2026-05-12 00:00:00,1
BID-000949,AUC-0171,VND-0655,228254.39,0.9708,0.67,70.9,4.17,0.0198,8.7,84,0.4892,0,2026-04-05 00:00:00,0
BID-000950,AUC-0171,VND-0655,218990.98,0.9314,0.67,70.9,4.17,0.0198,8.7,84,0.5022,0,2026-04-05 00:00:00,0
BID-000951,AUC-0171,VND-0512,213373.96,0.9075,0.962,100.0,4.91,0.0023,0.1,155,0.6868,0,2026-04-05 00:00:00,1
BID-000952,AUC-0171,VND-0655,205725.92,0.8749,0.67,70.9,4.17,0.0198,8.7,84,0.5208,0,2026-04-05 00:00:00,0
BID-000953,AUC-0172,VND-0140,376620.05,0.9543,0.851,82.2,4.63,0.0089,5.3,214,0.6789,0,2026-03-27 00:00:00,0
BID-000954,AUC-0172,VND-0445,361917.12,0.917,0.55,50.0,3.87,0.027,15.0,59,0.4878,0,2026-03-27 00:00:00,0
BID-000955,AUC-0172,VND-0286,344627.02,0.8732,0.757,77.5,4.39,0.0146,6.8,227,0.6441,0,2026-03-27 00:00:00,0
BID-000956,AUC-0172,VND-0140,338343.35,0.8573,0.851,82.2,4.63,0.0089,5.3,214,0.7012,0,2026-03-27 00:00:00,0
BID-000957,AUC-0172,VND-0140,325862.03,0.8257,0.851,82.2,4.63,0.0089,5.3,214,0.7084,0,2026-03-27 00:00:00,1
BID-000958,AUC-0173,VND-0463,431947.15,0.9661,0.713,55.4,4.28,0.0172,13.4,101,0.4492,0,2026-04-27 00:00:00,1
BID-000959,AUC-0173,VND-0536,416217.0,0.9309,0.648,56.1,4.12,0.0211,13.2,222,0.4479,0,2026-04-27 00:00:00,0
BID-000960,AUC-0173,VND-0077,398365.61,0.891,0.572,51.9,3.93,0.0257,14.4,95,0.4331,0,2026-04-27 00:00:00,0
BID-000961,AUC-0174,VND-0100,455174.32,0.952,0.944,89.3,4.86,0.0034,3.2,183,0.7088,0,2026-03-30 00:00:00,0
BID-000962,AUC-0174,VND-0689,443676.59,0.928,0.723,63.2,4.31,0.0166,11.0,181,0.5702,0,2026-03-30 00:00:00,0
BID-000963,AUC-0174,VND-0100,437237.29,0.9145,0.944,89.3,4.86,0.0034,3.2,183,0.7186,0,2026-03-30 00:00:00,0
BID-000964,AUC-0174,VND-0672,425415.95,0.8898,0.934,94.7,4.84,0.004,1.6,235,0.7298,0,2026-03-30 00:00:00,1
BID-000965,AUC-0174,VND-0469,406251.1,0.8497,0.509,57.2,3.77,0.0294,12.8,222,0.4828,0,2026-03-30 00:00:00,0
BID-000966,AUC-0175,VND-0150,387808.79,0.9803,0.811,63.5,4.53,0.0113,11.0,291,0.5465,0,2026-06-30 00:00:00,0
BID-000967,AUC-0175,VND-0723,370951.37,0.9377,0.934,74.1,4.84,0.004,7.8,87,0.6454,0,2026-06-30 00:00:00,0
BID-000968,AUC-0175,VND-0136,360985.04,0.9125,0.905,91.6,4.76,0.0057,2.5,47,0.6793,0,2026-06-30 00:00:00,1
BID-000969,AUC-0175,VND-0774,344882.69,0.8718,0.903,79.0,4.76,0.0058,6.3,20,0.677,0,2026-06-30 00:00:00,0
BID-000970,AUC-0175,VND-0506,329813.73,0.8337,0.611,63.5,4.03,0.0234,11.0,259,0.5371,0,2026-06-30 00:00:00,0
BID-000971,AUC-0175,VND-0506,314579.88,0.7952,0.611,63.5,4.03,0.0234,11.0,259,0.5583,0,2026-06-30 00:00:00,0
BID-000972,AUC-0175,VND-0598,307296.35,0.7768,0.523,54.5,3.81,0.0286,13.6,178,0.5117,0,2026-06-30 00:00:00,0
BID-000973,AUC-0176,VND-0751,161446.71,0.9811,0.76,70.6,4.4,0.0144,8.8,126,0.6188,0,2026-02-06 00:00:00,0
BID-000974,AUC-0176,VND-0668,155533.71,0.9452,0.987,94.8,4.97,0.001,1.6,289,0.7778,0,2026-02-06 00:00:00,1
BID-000975,AUC-0176,VND-0239,147773.8,0.8981,0.537,54.1,3.84,0.0278,13.8,92,0.4996,0,2026-02-06 00:00:00,0
BID-000976,AUC-0176,VND-0751,142981.97,0.8689,0.76,70.6,4.4,0.0144,8.8,126,0.6435,0,2026-02-06 00:00:00,0
BID-000977,AUC-0177,VND-0457,335720.18,0.967,0.812,74.2,4.53,0.0113,7.7,81,0.4627,0,2026-02-19 00:00:00,0
BID-000978,AUC-0177,VND-0457,319380.96,0.9199,0.812,74.2,4.53,0.0113,7.7,81,0.4843,0,2026-02-19 00:00:00,0
BID-000979,AUC-0177,VND-0727,311579.11,0.8974,0.934,84.1,4.84,0.0039,4.8,16,0.5426,0,2026-02-19 00:00:00,1
BID-000980,AUC-0177,VND-0058,298302.3,0.8592,0.817,86.2,4.54,0.011,4.1,62,0.535,0,2026-02-19 00:00:00,0
BID-000981,AUC-0177,VND-0299,291175.21,0.8387,0.834,62.8,4.58,0.01,11.2,22,0.5064,0,2026-02-19 00:00:00,0
BID-000982,AUC-0177,VND-0093,278337.5,0.8017,0.629,57.6,4.07,0.0223,12.7,136,0.4639,0,2026-02-19 00:00:00,0
BID-000983,AUC-0177,VND-0299,265086.44,0.7635,0.834,62.8,4.58,0.01,11.2,22,0.5409,0,2026-02-19 00:00:00,0
BID-000984,AUC-0178,VND-0710,219557.5,0.9783,0.726,71.5,4.32,0.0164,8.5,141,0.4271,0,2026-03-29 00:00:00,0
BID-000985,AUC-0178,VND-0573,210319.44,0.9371,0.634,67.5,4.08,0.022,9.8,39,0.4141,0,2026-03-29 00:00:00,0
BID-000986,AUC-0178,VND-0189,201070.18,0.8959,0.922,70.0,4.81,0.0047,9.0,48,0.5067,0,2026-03-29 00:00:00,1
BID-000987,AUC-0178,VND-0029,196175.42,0.8741,0.544,50.0,3.86,0.0273,15.0,298,0.3795,0,2026-03-29 00:00:00,0
BID-000988,AUC-0178,VND-0215,191448.54,0.8531,0.675,57.7,4.19,0.0195,12.7,296,0.4383,0,2026-03-29 00:00:00,0
BID-000989,AUC-0179,VND-0711,129296.71,0.9593,0.658,60.2,4.15,0.0205,11.9,193,0.3796,0,2026-04-27 00:00:00,0
BID-000990,AUC-0179,VND-0462,126920.85,0.9416,0.947,91.0,4.87,0.0032,2.7,170,0.5306,0,2026-04-27 00:00:00,0
BID-000991,AUC-0179,VND-0343,122360.4,0.9078,0.965,90.5,4.91,0.0021,2.8,238,0.5477,0,2026-04-27 00:00:00,0
BID-000992,AUC-0179,VND-0064,117449.74,0.8714,0.909,87.9,4.77,0.0055,3.6,166,0.5469,0,2026-04-27 00:00:00,0
BID-000993,AUC-0179,VND-0462,112306.76,0.8332,0.947,91.0,4.87,0.0032,2.7,170,0.5805,0,2026-04-27 00:00:00,0
BID-000994,AUC-0179,VND-0267,109684.34,0.8138,0.998,92.4,5.0,0.001,2.3,173,0.6027,0,2026-04-27 00:00:00,1
BID-000995,AUC-0180,VND-0070,412524.3,0.9775,0.682,69.4,4.2,0.0191,9.2,35,0.5489,0,2026-05-09 00:00:00,0
BID-000996,AUC-0180,VND-0726,397847.1,0.9427,0.749,68.6,4.37,0.0151,9.4,203,0.5952,0,2026-05-09 00:00:00,1
BID-000997,AUC-0180,VND-0070,390651.65,0.9257,0.682,69.4,4.2,0.0191,9.2,35,0.5759,0,2026-05-09 00:00:00,0
BID-000998,AUC-0181,VND-0496,28412.07,0.9855,0.9,86.4,4.75,0.006,4.1,168,0.494,0,2026-05-31 00:00:00,0
BID-000999,AUC-0181,VND-0451,27095.08,0.9399,0.604,50.0,4.01,0.0238,15.0,297,0.3634,0,2026-05-31 00:00:00,0
BID-001000,AUC-0181,VND-0184,26503.1,0.9193,0.981,97.4,4.95,0.0012,0.8,288,0.5686,0,2026-05-31 00:00:00,0
BID-001001,AUC-0181,VND-0184,25667.45,0.8903,0.981,97.4,4.95,0.0012,0.8,288,0.5825,0,2026-05-31 00:00:00,1
BID-001002,AUC-0181,VND-0703,24775.79,0.8594,0.832,76.8,4.58,0.0101,7.0,242,0.5181,0,2026-05-31 00:00:00,0
BID-001003,AUC-0182,VND-0620,431941.47,0.9559,0.984,80.7,4.96,0.001,5.8,31,0.5755,0,2026-02-03 00:00:00,0
BID-001004,AUC-0182,VND-0063,415253.18,0.919,0.614,60.5,4.03,0.0232,11.8,299,0.4182,0,2026-02-03 00:00:00,0
BID-001005,AUC-0182,VND-0709,404510.47,0.8952,0.52,50.0,3.8,0.0288,15.0,240,0.3771,0,2026-02-03 00:00:00,0
BID-001006,AUC-0182,VND-0620,398788.65,0.8825,0.984,80.7,4.96,0.001,5.8,31,0.61,0,2026-02-03 00:00:00,1
BID-001007,AUC-0182,VND-0709,385015.77,0.8521,0.52,50.0,3.8,0.0288,15.0,240,0.3973,0,2026-02-03 00:00:00,0
BID-001008,AUC-0182,VND-0164,376178.33,0.8325,0.777,74.5,4.44,0.0134,7.6,250,0.5435,0,2026-02-03 00:00:00,0
BID-001009,AUC-0182,VND-0063,365757.65,0.8094,0.614,60.5,4.03,0.0232,11.8,299,0.4697,0,2026-02-03 00:00:00,0
BID-001010,AUC-0182,VND-0164,358502.43,0.7934,0.777,74.5,4.44,0.0134,7.6,250,0.5618,0,2026-02-03 00:00:00,0
BID-001011,AUC-0183,VND-0267,231445.38,0.9802,0.998,92.4,5.0,0.001,2.3,173,0.6851,0,2026-05-11 00:00:00,0
BID-001012,AUC-0183,VND-0267,225054.2,0.9531,0.998,92.4,5.0,0.001,2.3,173,0.6956,0,2026-05-11 00:00:00,0
BID-001013,AUC-0183,VND-0267,221494.95,0.938,0.998,92.4,5.0,0.001,2.3,173,0.7015,0,2026-05-11 00:00:00,1
BID-001014,AUC-0183,VND-0029,217121.04,0.9195,0.544,50.0,3.86,0.0273,15.0,298,0.4222,0,2026-05-11 00:00:00,0
BID-001015,AUC-0183,VND-0638,207502.31,0.8788,0.74,57.0,4.35,0.0156,12.9,141,0.529,0,2026-05-11 00:00:00,0
BID-001016,AUC-0183,VND-0519,198472.38,0.8405,0.67,70.0,4.17,0.0198,9.0,130,0.5563,0,2026-05-11 00:00:00,0
BID-001017,AUC-0183,VND-0519,192071.07,0.8134,0.67,70.0,4.17,0.0198,9.0,130,0.5669,0,2026-05-11 00:00:00,0
BID-001018,AUC-0183,VND-0217,188673.42,0.799,0.809,63.1,4.52,0.0115,11.1,278,0.6026,0,2026-05-11 00:00:00,0
BID-001019,AUC-0184,VND-0369,309897.08,0.9617,0.696,66.8,4.24,0.0182,10.0,205,0.4008,0,2026-04-13 00:00:00,0
BID-001020,AUC-0184,VND-0369,296838.93,0.9212,0.696,66.8,4.24,0.0182,10.0,205,0.4195,0,2026-04-13 00:00:00,0
BID-001021,AUC-0184,VND-0369,288749.3,0.8961,0.696,66.8,4.24,0.0182,10.0,205,0.431,0,2026-04-13 00:00:00,0
BID-001022,AUC-0184,VND-0369,275466.23,0.8549,0.696,66.8,4.24,0.0182,10.0,205,0.45,0,2026-04-13 00:00:00,0
BID-001023,AUC-0184,VND-0588,269183.89,0.8354,0.817,75.3,4.54,0.011,7.4,112,0.5133,0,2026-04-13 00:00:00,1
BID-001024,AUC-0184,VND-0369,265662.53,0.8245,0.696,66.8,4.24,0.0182,10.0,205,0.464,0,2026-04-13 00:00:00,0
BID-001025,AUC-0185,VND-0139,322619.81,0.9686,0.899,85.6,4.75,0.0061,4.3,259,0.5755,0,2026-04-17 00:00:00,0
BID-001026,AUC-0185,VND-0336,308976.17,0.9276,0.587,59.2,3.97,0.0248,12.2,264,0.4418,0,2026-04-17 00:00:00,0
BID-001027,AUC-0185,VND-0272,296986.58,0.8916,0.614,64.6,4.04,0.0231,10.6,166,0.4729,0,2026-04-17 00:00:00,0
BID-001028,AUC-0185,VND-0800,284262.75,0.8534,0.543,61.0,3.86,0.0274,11.7,281,0.4567,0,2026-04-17 00:00:00,0
BID-001029,AUC-0185,VND-0272,276129.58,0.829,0.614,64.6,4.04,0.0231,10.6,166,0.4967,0,2026-04-17 00:00:00,0
BID-001030,AUC-0185,VND-0170,268284.86,0.8055,0.737,57.5,4.34,0.0158,12.8,29,0.5396,0,2026-04-17 00:00:00,0
BID-001031,AUC-0185,VND-0139,260267.08,0.7814,0.899,85.6,4.75,0.0061,4.3,259,0.6467,0,2026-04-17 00:00:00,1
BID-001032,AUC-0186,VND-0487,428553.54,0.9553,0.866,66.8,4.67,0.008,10.0,273,0.4593,0,2026-05-23 00:00:00,0
BID-001033,AUC-0186,VND-0127,423174.73,0.9433,0.926,77.9,4.81,0.0045,6.6,286,0.5091,0,2026-05-23 00:00:00,1
BID-001034,AUC-0186,VND-0011,417835.75,0.9314,0.806,60.5,4.51,0.0116,11.8,165,0.4389,0,2026-05-23 00:00:00,0
BID-001035,AUC-0186,VND-0549,409042.97,0.9118,0.61,53.6,4.03,0.0234,13.9,56,0.3827,0,2026-05-23 00:00:00,0
BID-001036,AUC-0186,VND-0011,389452.25,0.8681,0.806,60.5,4.51,0.0116,11.8,165,0.4687,0,2026-05-23 00:00:00,0
BID-001037,AUC-0187,VND-0128,314758.3,0.9776,0.585,53.5,3.96,0.0249,14.0,241,0.4638,0,2026-06-26 00:00:00,0
BID-001038,AUC-0187,VND-0375,307449.2,0.9549,0.953,91.0,4.88,0.0028,2.7,215,0.6546,0,2026-06-26 00:00:00,1
BID-001039,AUC-0187,VND-0356,292737.53,0.9092,0.88,82.6,4.7,0.0072,5.2,180,0.6319,0,2026-06-26 00:00:00,0
BID-001040,AUC-0187,VND-0533,280837.17,0.8723,0.711,66.1,4.28,0.0174,10.2,98,0.5613,0,2026-06-26 00:00:00,0
BID-001041,AUC-0188,VND-0327,301132.48,0.9688,0.793,79.7,4.48,0.0124,6.1,173,0.5912,0,2026-05-10 00:00:00,1
BID-001042,AUC-0188,VND-0015,289297.29,0.9307,0.796,63.2,4.49,0.0122,11.0,201,0.5535,0,2026-05-10 00:00:00,0
BID-001043,AUC-0188,VND-0613,275066.39,0.8849,0.71,68.1,4.27,0.0174,9.6,155,0.5491,0,2026-05-10 00:00:00,0
BID-001044,AUC-0189,VND-0715,41666.74,0.9767,0.82,80.1,4.55,0.0108,6.0,120,0.3458,0,2026-05-25 00:00:00,0
BID-001045,AUC-0189,VND-0715,39673.16,0.93,0.82,80.1,4.55,0.0108,6.0,120,0.3738,0,2026-05-25 00:00:00,0
BID-001046,AUC-0189,VND-0446,38164.11,0.8946,0.861,91.5,4.65,0.0083,2.6,192,0.4195,0,2026-05-25 00:00:00,0
BID-001047,AUC-0189,VND-0549,36553.71,0.8569,0.61,53.6,4.03,0.0234,13.9,56,0.334,0,2026-05-25 00:00:00,0
BID-001048,AUC-0189,VND-0549,35169.92,0.8244,0.61,53.6,4.03,0.0234,13.9,56,0.3534,0,2026-05-25 00:00:00,0
BID-001049,AUC-0189,VND-0144,33626.29,0.7882,0.733,67.5,4.33,0.016,9.8,80,0.422,0,2026-05-25 00:00:00,0
BID-001050,AUC-0189,VND-0144,33161.08,0.7773,0.733,67.5,4.33,0.016,9.8,80,0.4286,0,2026-05-25 00:00:00,1
BID-001051,AUC-0189,VND-0024,32594.15,0.7641,0.656,58.3,4.14,0.0206,12.5,290,0.4065,0,2026-05-25 00:00:00,0
BID-001052,AUC-0190,VND-0063,250970.63,0.9506,0.614,60.5,4.03,0.0232,11.8,299,0.4174,0,2026-04-20 00:00:00,0
BID-001053,AUC-0190,VND-0369,247642.07,0.938,0.696,66.8,4.24,0.0182,10.0,205,0.4656,0,2026-04-20 00:00:00,0
BID-001054,AUC-0190,VND-0153,237718.41,0.9004,0.863,93.2,4.66,0.0082,2.0,93,0.601,0,2026-04-20 00:00:00,1
BID-001055,AUC-0190,VND-0214,232890.18,0.8821,0.721,73.1,4.3,0.0168,8.1,268,0.5173,0,2026-04-20 00:00:00,0
BID-001056,AUC-0191,VND-0066,81654.19,0.9769,0.709,54.7,4.27,0.0175,13.6,259,0.6102,0,2026-04-09 00:00:00,0
BID-001057,AUC-0191,VND-0089,80747.32,0.9661,0.845,69.1,4.61,0.0093,9.3,201,0.6943,0,2026-04-09 00:00:00,1
BID-001058,AUC-0191,VND-0126,77164.22,0.9232,0.647,55.0,4.12,0.0212,13.5,77,0.5929,0,2026-04-09 00:00:00,0
BID-001059,AUC-0192,VND-0531,353135.26,0.951,0.937,95.2,4.84,0.0038,1.4,293,0.7453,0,2026-03-11 00:00:00,0
BID-001060,AUC-0192,VND-0133,337285.18,0.9083,0.939,88.6,4.85,0.0037,3.4,54,0.7491,0,2026-03-11 00:00:00,0
BID-001061,AUC-0192,VND-0531,325821.28,0.8774,0.937,95.2,4.84,0.0038,1.4,293,0.7622,0,2026-03-11 00:00:00,0
BID-001062,AUC-0192,VND-0132,320257.19,0.8624,0.57,56.1,3.93,0.0258,13.2,281,0.5452,0,2026-03-11 00:00:00,0
BID-001063,AUC-0192,VND-0390,308005.85,0.8294,0.86,84.0,4.65,0.0084,4.8,272,0.7237,0,2026-03-11 00:00:00,0
BID-001064,AUC-0192,VND-0531,298675.38,0.8043,0.937,95.2,4.84,0.0038,1.4,293,0.779,0,2026-03-11 00:00:00,1
BID-001065,AUC-0192,VND-0390,295326.14,0.7953,0.86,84.0,4.65,0.0084,4.8,272,0.7316,0,2026-03-11 00:00:00,0
BID-001066,AUC-0193,VND-0734,248617.53,0.9526,0.989,89.2,4.97,0.001,3.2,23,0.6907,0,2026-01-17 00:00:00,1
BID-001067,AUC-0193,VND-0783,242660.12,0.9298,0.911,78.6,4.78,0.0053,6.4,91,0.6511,0,2026-01-17 00:00:00,0
BID-001068,AUC-0193,VND-0405,234505.71,0.8985,0.725,57.4,4.31,0.0165,12.8,249,0.556,0,2026-01-17 00:00:00,0
BID-001069,AUC-0194,VND-0540,327244.64,0.9532,0.609,62.1,4.02,0.0235,11.4,183,0.4357,0,2026-04-03 00:00:00,0
BID-001070,AUC-0194,VND-0174,311816.93,0.9083,0.818,63.2,4.54,0.0109,11.0,138,0.5089,0,2026-04-03 00:00:00,0
BID-001071,AUC-0194,VND-0540,298324.36,0.869,0.609,62.1,4.02,0.0235,11.4,183,0.4677,0,2026-04-03 00:00:00,0
BID-001072,AUC-0194,VND-0174,284076.26,0.8275,0.818,63.2,4.54,0.0109,11.0,138,0.5396,0,2026-04-03 00:00:00,1
BID-001073,AUC-0195,VND-0202,29149.33,0.9582,0.753,73.0,4.38,0.0148,8.1,91,0.4172,0,2026-06-16 00:00:00,0
BID-001074,AUC-0195,VND-0411,28440.04,0.9349,0.901,73.1,4.75,0.0059,8.1,298,0.4554,0,2026-06-16 00:00:00,0
BID-001075,AUC-0195,VND-0794,27233.15,0.8952,0.848,69.5,4.62,0.0091,9.2,292,0.4545,0,2026-06-16 00:00:00,0
BID-001076,AUC-0195,VND-0073,26037.32,0.8559,0.642,50.0,4.11,0.0215,15.0,168,0.3798,0,2026-06-16 00:00:00,0
BID-001077,AUC-0195,VND-0073,25085.9,0.8247,0.642,50.0,4.11,0.0215,15.0,168,0.3948,0,2026-06-16 00:00:00,0
BID-001078,AUC-0195,VND-0116,23920.04,0.7863,0.897,82.7,4.74,0.0062,5.2,276,0.5538,0,2026-06-16 00:00:00,1
BID-001079,AUC-0196,VND-0363,50372.14,0.9772,0.787,83.3,4.47,0.0128,5.0,245,0.4766,0,2026-06-28 00:00:00,0
BID-001080,AUC-0196,VND-0546,48330.01,0.9376,0.971,91.1,4.93,0.0017,2.7,247,0.5576,0,2026-06-28 00:00:00,1
BID-001081,AUC-0196,VND-0363,46021.29,0.8928,0.787,83.3,4.47,0.0128,5.0,245,0.5138,0,2026-06-28 00:00:00,0
BID-001082,AUC-0196,VND-0477,44816.93,0.8694,0.588,59.2,3.97,0.0247,12.2,96,0.4146,0,2026-06-28 00:00:00,0
BID-001083,AUC-0197,VND-0109,352971.33,0.9778,0.663,70.2,4.16,0.0202,8.9,184,0.5512,0,2026-04-18 00:00:00,0
BID-001084,AUC-0197,VND-0432,338559.64,0.9378,0.762,65.8,4.41,0.0143,10.3,44,0.5974,0,2026-04-18 00:00:00,0
BID-001085,AUC-0197,VND-0432,325910.35,0.9028,0.762,65.8,4.41,0.0143,10.3,44,0.6054,0,2026-04-18 00:00:00,0
BID-001086,AUC-0197,VND-0094,315773.88,0.8747,0.909,86.3,4.77,0.0055,4.1,226,0.7258,0,2026-04-18 00:00:00,0
BID-001087,AUC-0197,VND-0094,310240.53,0.8594,0.909,86.3,4.77,0.0055,4.1,226,0.7293,0,2026-04-18 00:00:00,0
BID-001088,AUC-0197,VND-0094,303326.88,0.8402,0.909,86.3,4.77,0.0055,4.1,226,0.7338,0,2026-04-18 00:00:00,1
BID-001089,AUC-0197,VND-0304,291219.87,0.8067,0.603,50.0,4.01,0.0238,15.0,281,0.5179,0,2026-04-18 00:00:00,0
BID-001090,AUC-0198,VND-0583,44170.34,0.9746,0.58,56.2,3.95,0.0252,13.1,290,0.4716,0,2026-01-05 00:00:00,0
BID-001091,AUC-0198,VND-0061,42025.1,0.9273,0.904,96.6,4.76,0.0058,1.0,150,0.7431,0,2026-01-05 00:00:00,1
BID-001092,AUC-0198,VND-0410,40220.12,0.8874,0.527,50.0,3.82,0.0284,15.0,284,0.4616,0,2026-01-05 00:00:00,0
BID-001093,AUC-0199,VND-0747,42830.52,0.9536,0.614,51.8,4.03,0.0232,14.5,83,0.4183,0,2026-02-28 00:00:00,0
BID-001094,AUC-0199,VND-0375,41618.87,0.9266,0.953,91.0,4.88,0.0028,2.7,215,0.6282,0,2026-02-28 00:00:00,0
BID-001095,AUC-0199,VND-0646,39717.13,0.8843,0.698,54.5,4.25,0.0181,13.6,213,0.4729,0,2026-02-28 00:00:00,0
BID-001096,AUC-0199,VND-0732,39204.04,0.8728,0.553,50.6,3.88,0.0268,14.8,263,0.4284,0,2026-02-28 00:00:00,0
BID-001097,AUC-0199,VND-0452,38035.33,0.8468,0.591,52.0,3.98,0.0246,14.4,218,0.4517,0,2026-02-28 00:00:00,0
BID-001098,AUC-0199,VND-0747,37586.16,0.8368,0.614,51.8,4.03,0.0232,14.5,83,0.4603,0,2026-02-28 00:00:00,0
BID-001099,AUC-0199,VND-0161,36900.54,0.8215,0.775,78.1,4.44,0.0135,6.6,192,0.5835,0,2026-02-28 00:00:00,0
BID-001100,AUC-0199,VND-0375,35167.23,0.783,0.953,91.0,4.88,0.0028,2.7,215,0.68,0,2026-02-28 00:00:00,1
BID-001101,AUC-0200,VND-0237,15144.72,0.9505,0.522,58.5,3.8,0.0287,12.4,225,0.4361,0,2026-02-20 00:00:00,0
BID-001102,AUC-0200,VND-0237,14768.05,0.9269,0.522,58.5,3.8,0.0287,12.4,225,0.4451,0,2026-02-20 00:00:00,0
BID-001103,AUC-0200,VND-0722,14593.93,0.9159,0.836,72.5,4.59,0.0098,8.2,141,0.611,0,2026-02-20 00:00:00,1
BID-001104,AUC-0200,VND-0237,14098.47,0.8849,0.522,58.5,3.8,0.0287,12.4,225,0.461,0,2026-02-20 00:00:00,0
BID-001105,AUC-0200,VND-0567,13460.12,0.8448,0.541,50.0,3.85,0.0276,15.0,167,0.4599,0,2026-02-20 00:00:00,0
BID-001106,AUC-0201,VND-0678,466063.64,0.9736,0.743,75.4,4.36,0.0154,7.4,120,0.4326,0,2026-02-15 00:00:00,0
BID-001107,AUC-0201,VND-0669,453649.8,0.9477,0.6,54.9,4.0,0.024,13.5,142,0.381,0,2026-02-15 00:00:00,0
BID-001108,AUC-0201,VND-0627,442269.88,0.9239,0.559,50.0,3.9,0.0265,15.0,106,0.3754,0,2026-02-15 00:00:00,0
BID-001109,AUC-0201,VND-0634,421906.43,0.8814,0.696,61.8,4.24,0.0182,11.5,218,0.4475,0,2026-02-15 00:00:00,0
BID-001110,AUC-0201,VND-0634,404536.96,0.8451,0.696,61.8,4.24,0.0182,11.5,218,0.4649,0,2026-02-15 00:00:00,0
BID-001111,AUC-0201,VND-0678,390780.6,0.8164,0.743,75.4,4.36,0.0154,7.4,120,0.5081,0,2026-02-15 00:00:00,0
BID-001112,AUC-0201,VND-0245,376047.81,0.7856,0.975,96.7,4.94,0.0015,1.0,288,0.6122,0,2026-02-15 00:00:00,1
BID-001113,AUC-0201,VND-0669,361818.14,0.7559,0.6,54.9,4.0,0.024,13.5,142,0.4731,0,2026-02-15 00:00:00,0
BID-001114,AUC-0202,VND-0567,354262.73,0.9539,0.541,50.0,3.85,0.0276,15.0,167,0.3044,0,2026-04-21 00:00:00,0
BID-001115,AUC-0202,VND-0221,349777.75,0.9418,0.542,54.8,3.86,0.0275,13.6,162,0.3216,0,2026-04-21 00:00:00,0
BID-001116,AUC-0202,VND-0092,341699.59,0.9201,0.962,100.0,4.91,0.0023,0.1,223,0.5143,0,2026-04-21 00:00:00,1
BID-001117,AUC-0203,VND-0669,178370.07,0.9742,0.6,54.9,4.0,0.024,13.5,142,0.303,0,2026-05-31 00:00:00,0
BID-001118,AUC-0203,VND-0671,169806.82,0.9274,0.629,59.2,4.07,0.0223,12.2,219,0.3418,0,2026-05-31 00:00:00,0
BID-001119,AUC-0203,VND-0284,162359.4,0.8868,0.696,66.4,4.24,0.0182,10.1,84,0.3908,0,2026-05-31 00:00:00,1
BID-001120,AUC-0204,VND-0097,152329.04,0.9809,0.95,91.0,4.88,0.003,2.7,210,0.6157,0,2026-02-10 00:00:00,0
BID-001121,AUC-0204,VND-0354,149681.69,0.9638,0.661,69.4,4.15,0.0203,9.2,53,0.5001,0,2026-02-10 00:00:00,0
BID-001122,AUC-0204,VND-0097,146737.44,0.9448,0.95,91.0,4.88,0.003,2.7,210,0.6287,0,2026-02-10 00:00:00,1
BID-001123,AUC-0205,VND-0175,173965.84,0.9593,0.687,67.7,4.22,0.0188,9.7,244,0.5164,0,2026-06-11 00:00:00,0
BID-001124,AUC-0205,VND-0708,171921.68,0.948,0.766,84.3,4.41,0.0141,4.7,292,0.5883,0,2026-06-11 00:00:00,0
BID-001125,AUC-0205,VND-0385,163679.14,0.9025,0.671,64.6,4.18,0.0197,10.6,99,0.5195,0,2026-06-11 00:00:00,0
BID-001126,AUC-0205,VND-0708,156415.14,0.8625,0.766,84.3,4.41,0.0141,4.7,292,0.6131,0,2026-06-11 00:00:00,0
BID-001127,AUC-0205,VND-0591,149083.41,0.8221,0.981,87.5,4.95,0.0011,3.8,170,0.728,0,2026-06-11 00:00:00,1
BID-001128,AUC-0205,VND-0708,144837.3,0.7986,0.766,84.3,4.41,0.0141,4.7,292,0.6316,0,2026-06-11 00:00:00,0
BID-001129,AUC-0205,VND-0385,141121.86,0.7782,0.671,64.6,4.18,0.0197,10.6,99,0.5555,0,2026-06-11 00:00:00,0
BID-001130,AUC-0206,VND-0448,380450.2,0.9766,0.834,70.4,4.59,0.01,8.9,104,0.4882,0,2026-01-20 00:00:00,0
BID-001131,AUC-0206,VND-0194,376260.54,0.9658,0.641,51.1,4.1,0.0215,14.7,234,0.3823,0,2026-01-20 00:00:00,0
BID-001132,AUC-0206,VND-0194,371453.69,0.9535,0.641,51.1,4.1,0.0215,14.7,234,0.3871,0,2026-01-20 00:00:00,0
BID-001133,AUC-0206,VND-0448,358799.6,0.921,0.834,70.4,4.59,0.01,8.9,104,0.5099,0,2026-01-20 00:00:00,0
BID-001134,AUC-0206,VND-0041,347219.66,0.8913,0.932,88.6,4.83,0.0041,3.4,296,0.6008,0,2026-01-20 00:00:00,0
BID-001135,AUC-0206,VND-0448,336148.58,0.8628,0.834,70.4,4.59,0.01,8.9,104,0.5325,0,2026-01-20 00:00:00,0
BID-001136,AUC-0206,VND-0041,332024.54,0.8523,0.932,88.6,4.83,0.0041,3.4,296,0.616,0,2026-01-20 00:00:00,1
BID-001137,AUC-0206,VND-0296,323260.09,0.8298,0.569,53.7,3.92,0.0258,13.9,90,0.4217,0,2026-01-20 00:00:00,0
BID-001138,AUC-0207,VND-0466,321586.45,0.9626,0.57,61.4,3.92,0.0258,11.6,150,0.4008,0,2026-05-15 00:00:00,0
BID-001139,AUC-0207,VND-0026,313466.87,0.9383,0.985,96.2,4.96,0.001,1.1,61,0.613,0,2026-05-15 00:00:00,0
BID-001140,AUC-0207,VND-0026,300129.4,0.8984,0.985,96.2,4.96,0.001,1.1,61,0.6289,0,2026-05-15 00:00:00,1
BID-001141,AUC-0207,VND-0466,286839.64,0.8586,0.57,61.4,3.92,0.0258,11.6,150,0.4424,0,2026-05-15 00:00:00,0
BID-001142,AUC-0208,VND-0758,98600.07,0.9787,0.598,50.0,3.99,0.0241,15.0,137,0.2956,0,2026-01-25 00:00:00,0
BID-001143,AUC-0208,VND-0758,95840.57,0.9513,0.598,50.0,3.99,0.0241,15.0,137,0.3098,0,2026-01-25 00:00:00,0
BID-001144,AUC-0208,VND-0100,92264.25,0.9158,0.944,89.3,4.86,0.0034,3.2,183,0.488,0,2026-01-25 00:00:00,0
BID-001145,AUC-0208,VND-0020,90067.82,0.894,0.842,77.4,4.61,0.0095,6.8,43,0.4516,0,2026-01-25 00:00:00,0
BID-001146,AUC-0208,VND-0483,87440.98,0.8679,0.644,58.3,4.11,0.0213,12.5,255,0.3816,0,2026-01-25 00:00:00,0
BID-001147,AUC-0208,VND-0558,84977.86,0.8435,0.796,69.2,4.49,0.0122,9.2,126,0.4497,0,2026-01-25 00:00:00,0
BID-001148,AUC-0208,VND-0625,83367.23,0.8275,0.96,86.5,4.9,0.0024,4.0,258,0.5306,0,2026-01-25 00:00:00,1
BID-001149,AUC-0208,VND-0020,80409.05,0.7981,0.842,77.4,4.61,0.0095,6.8,43,0.5015,0,2026-01-25 00:00:00,0
BID-001150,AUC-0209,VND-0398,91289.62,0.9578,0.509,58.5,3.77,0.0295,12.4,206,0.3919,0,2026-03-27 00:00:00,0
BID-001151,AUC-0209,VND-0281,90221.33,0.9466,0.852,71.4,4.63,0.0089,8.6,252,0.5673,0,2026-03-27 00:00:00,1
BID-001152,AUC-0209,VND-0398,86754.36,0.9102,0.509,58.5,3.77,0.0295,12.4,206,0.408,0,2026-03-27 00:00:00,0
BID-001153,AUC-0210,VND-0471,56598.1,0.9722,0.637,59.5,4.09,0.0218,12.2,189,0.4241,0,2026-05-25 00:00:00,0
BID-001154,AUC-0210,VND-0437,54982.75,0.9445,0.822,67.6,4.55,0.0107,9.7,93,0.5034,0,2026-05-25 00:00:00,0
BID-001155,AUC-0210,VND-0245,53715.93,0.9227,0.975,96.7,4.94,0.0015,1.0,288,0.6338,0,2026-05-25 00:00:00,0
BID-001156,AUC-0210,VND-0437,52892.75,0.9086,0.822,67.6,4.55,0.0107,9.7,93,0.517,0,2026-05-25 00:00:00,0
BID-001157,AUC-0210,VND-0627,51843.35,0.8906,0.559,50.0,3.9,0.0265,15.0,106,0.4086,0,2026-05-25 00:00:00,0
BID-001158,AUC-0210,VND-0627,50146.23,0.8614,0.559,50.0,3.9,0.0265,15.0,106,0.4197,0,2026-05-25 00:00:00,0
BID-001159,AUC-0210,VND-0245,47838.79,0.8218,0.975,96.7,4.94,0.0015,1.0,288,0.6721,0,2026-05-25 00:00:00,1
BID-001160,AUC-0210,VND-0437,46643.17,0.8012,0.822,67.6,4.55,0.0107,9.7,93,0.5578,0,2026-05-25 00:00:00,0
BID-001161,AUC-0211,VND-0354,326205.99,0.978,0.661,69.4,4.15,0.0203,9.2,53,0.6179,0,2026-03-04 00:00:00,0
BID-001162,AUC-0211,VND-0093,317566.52,0.9521,0.629,57.6,4.07,0.0223,12.7,136,0.5868,0,2026-03-04 00:00:00,0
BID-001163,AUC-0211,VND-0313,311632.12,0.9343,0.809,69.6,4.52,0.0115,9.1,131,0.6803,0,2026-03-04 00:00:00,0
BID-001164,AUC-0211,VND-0093,297422.63,0.8917,0.629,57.6,4.07,0.0223,12.7,136,0.5988,0,2026-03-04 00:00:00,0
BID-001165,AUC-0211,VND-0410,289876.54,0.8691,0.527,50.0,3.82,0.0284,15.0,284,0.5511,0,2026-03-04 00:00:00,0
BID-001166,AUC-0211,VND-0093,281971.21,0.8454,0.629,57.6,4.07,0.0223,12.7,136,0.6081,0,2026-03-04 00:00:00,0
BID-001167,AUC-0211,VND-0354,278882.66,0.8361,0.661,69.4,4.15,0.0203,9.2,53,0.6462,0,2026-03-04 00:00:00,0
BID-001168,AUC-0211,VND-0313,271788.22,0.8148,0.809,69.6,4.52,0.0115,9.1,131,0.7042,0,2026-03-04 00:00:00,1
BID-001169,AUC-0212,VND-0579,378379.41,0.984,0.579,58.1,3.95,0.0252,12.6,300,0.482,0,2026-01-12 00:00:00,0
BID-001170,AUC-0212,VND-0681,367503.58,0.9557,0.956,73.9,4.89,0.0026,7.8,190,0.7089,0,2026-01-12 00:00:00,0
BID-001171,AUC-0212,VND-0657,352617.91,0.917,0.774,82.2,4.43,0.0136,5.3,178,0.6737,0,2026-01-12 00:00:00,0
BID-001172,AUC-0212,VND-0556,344631.62,0.8962,0.908,74.0,4.77,0.0055,7.8,44,0.7202,0,2026-01-12 00:00:00,0
BID-001173,AUC-0212,VND-0362,331048.75,0.8609,0.533,52.6,3.83,0.028,14.2,298,0.5121,0,2026-01-12 00:00:00,0
BID-001174,AUC-0212,VND-0161,318784.2,0.829,0.775,78.1,4.44,0.0135,6.6,192,0.7099,0,2026-01-12 00:00:00,0
BID-001175,AUC-0212,VND-0263,314502.93,0.8179,0.919,85.5,4.8,0.0049,4.4,40,0.8007,0,2026-01-12 00:00:00,1
BID-001176,AUC-0213,VND-0053,133262.01,0.9527,0.954,81.0,4.88,0.0028,5.7,65,0.5781,0,2026-03-08 00:00:00,0
BID-001177,AUC-0213,VND-0053,130847.27,0.9355,0.954,81.0,4.88,0.0028,5.7,65,0.585,0,2026-03-08 00:00:00,1
BID-001178,AUC-0213,VND-0747,124524.96,0.8903,0.614,51.8,4.03,0.0232,14.5,83,0.4478,0,2026-03-08 00:00:00,0
BID-001179,AUC-0214,VND-0517,19675.33,0.971,0.615,50.6,4.04,0.0231,14.8,154,0.4142,0,2026-05-13 00:00:00,0
BID-001180,AUC-0214,VND-0303,19340.68,0.9545,0.56,52.6,3.9,0.0264,14.2,246,0.4129,0,2026-05-13 00:00:00,0
BID-001181,AUC-0214,VND-0331,19068.75,0.9411,0.678,70.6,4.2,0.0193,8.8,181,0.4922,0,2026-05-13 00:00:00,0
BID-001182,AUC-0214,VND-0791,18756.17,0.9256,0.616,53.1,4.04,0.023,14.1,139,0.438,0,2026-05-13 00:00:00,0
BID-001183,AUC-0214,VND-0041,18446.12,0.9103,0.932,88.6,4.83,0.0041,3.4,296,0.6088,0,2026-05-13 00:00:00,1
BID-001184,AUC-0214,VND-0731,17868.9,0.8818,0.697,64.6,4.24,0.0182,10.6,160,0.503,0,2026-05-13 00:00:00,0
BID-001185,AUC-0214,VND-0791,17397.39,0.8586,0.616,53.1,4.04,0.023,14.1,139,0.4635,0,2026-05-13 00:00:00,0
BID-001186,AUC-0215,VND-0468,48426.73,0.9634,0.586,51.1,3.96,0.0248,14.7,169,0.3648,0,2026-03-18 00:00:00,0
BID-001187,AUC-0215,VND-0354,46181.31,0.9188,0.661,69.4,4.15,0.0203,9.2,53,0.4533,0,2026-03-18 00:00:00,0
BID-001188,AUC-0215,VND-0468,44323.57,0.8818,0.586,51.1,3.96,0.0248,14.7,169,0.4031,0,2026-03-18 00:00:00,0
BID-001189,AUC-0215,VND-0354,42319.74,0.8419,0.661,69.4,4.15,0.0203,9.2,53,0.4894,0,2026-03-18 00:00:00,1
BID-001190,AUC-0216,VND-0681,468079.53,0.9666,0.956,73.9,4.89,0.0026,7.8,190,0.6092,0,2026-01-26 00:00:00,0
BID-001191,AUC-0216,VND-0432,455023.23,0.9396,0.762,65.8,4.41,0.0143,10.3,44,0.5368,0,2026-01-26 00:00:00,0
BID-001192,AUC-0216,VND-0344,432812.7,0.8938,0.786,70.0,4.46,0.0129,9.0,234,0.5694,0,2026-01-26 00:00:00,0
BID-001193,AUC-0216,VND-0525,418672.13,0.8646,0.935,72.6,4.84,0.0039,8.2,133,0.6321,0,2026-01-26 00:00:00,0
BID-001194,AUC-0216,VND-0158,397942.58,0.8218,0.918,86.8,4.79,0.0049,4.0,116,0.6771,0,2026-01-26 00:00:00,1
BID-001195,AUC-0217,VND-0124,152533.27,0.9856,0.714,77.7,4.29,0.0172,6.7,69,0.3555,0,2026-02-24 00:00:00,0
BID-001196,AUC-0217,VND-0551,149805.17,0.9679,0.529,52.5,3.82,0.0283,14.2,295,0.2814,0,2026-02-24 00:00:00,0
BID-001197,AUC-0217,VND-0551,146385.42,0.9458,0.529,52.5,3.82,0.0283,14.2,295,0.2933,0,2026-02-24 00:00:00,0
BID-001198,AUC-0217,VND-0551,140279.5,0.9064,0.529,52.5,3.82,0.0283,14.2,295,0.3146,0,2026-02-24 00:00:00,0
BID-001199,AUC-0217,VND-0038,136886.35,0.8845,0.853,86.6,4.63,0.0088,4.0,172,0.4626,0,2026-02-24 00:00:00,0
BID-001200,AUC-0217,VND-0526,135430.13,0.8751,0.937,88.5,4.84,0.0038,3.4,34,0.4961,0,2026-02-24 00:00:00,1
BID-001201,AUC-0218,VND-0372,375472.58,0.9704,0.874,79.5,4.68,0.0076,6.1,212,0.5342,0,2026-01-28 00:00:00,0
BID-001202,AUC-0218,VND-0325,370936.7,0.9587,0.895,79.8,4.74,0.0063,6.1,300,0.5495,0,2026-01-28 00:00:00,0
BID-001203,AUC-0218,VND-0732,356833.47,0.9222,0.553,50.6,3.88,0.0268,14.8,263,0.3893,0,2026-01-28 00:00:00,0
BID-001204,AUC-0218,VND-0242,346857.39,0.8965,0.727,64.3,4.32,0.0164,10.7,88,0.4934,0,2026-01-28 00:00:00,0
BID-001205,AUC-0218,VND-0452,338705.99,0.8754,0.591,52.0,3.98,0.0246,14.4,218,0.4323,0,2026-01-28 00:00:00,0
BID-001206,AUC-0218,VND-0242,325157.79,0.8404,0.727,64.3,4.32,0.0164,10.7,88,0.5243,0,2026-01-28 00:00:00,0
BID-001207,AUC-0218,VND-0266,313329.71,0.8098,0.906,95.9,4.77,0.0056,1.2,85,0.6615,0,2026-01-28 00:00:00,1
BID-001208,AUC-0219,VND-0526,305671.38,0.9671,0.937,88.5,4.84,0.0038,3.4,34,0.6538,0,2026-06-26 00:00:00,1
BID-001209,AUC-0219,VND-0081,297960.25,0.9427,0.684,63.1,4.21,0.019,11.1,122,0.5037,0,2026-06-26 00:00:00,0
BID-001210,AUC-0219,VND-0712,290451.45,0.9189,0.521,50.0,3.8,0.0288,15.0,75,0.4183,0,2026-06-26 00:00:00,0
BID-001211,AUC-0220,VND-0196,192286.37,0.9753,0.995,87.8,4.99,0.001,3.7,150,0.7689,0,2026-01-24 00:00:00,0
BID-001212,AUC-0220,VND-0569,187231.59,0.9497,0.926,80.6,4.81,0.0045,5.8,192,0.7307,0,2026-01-24 00:00:00,0
BID-001213,AUC-0220,VND-0196,184368.14,0.9352,0.995,87.8,4.99,0.001,3.7,150,0.7773,0,2026-01-24 00:00:00,0
BID-001214,AUC-0220,VND-0196,177221.17,0.8989,0.995,87.8,4.99,0.001,3.7,150,0.7849,0,2026-01-24 00:00:00,0
BID-001215,AUC-0220,VND-0551,171983.71,0.8723,0.529,52.5,3.82,0.0283,14.2,295,0.5262,0,2026-01-24 00:00:00,0
BID-001216,AUC-0220,VND-0196,169690.78,0.8607,0.995,87.8,4.99,0.001,3.7,150,0.7929,0,2026-01-24 00:00:00,1
BID-001217,AUC-0221,VND-0142,109109.33,0.9849,0.688,54.9,4.22,0.0187,13.5,154,0.5769,0,2026-05-29 00:00:00,0
BID-001218,AUC-0221,VND-0142,107551.04,0.9708,0.688,54.9,4.22,0.0187,13.5,154,0.5801,0,2026-05-29 00:00:00,0
BID-001219,AUC-0221,VND-0638,105713.6,0.9542,0.74,57.0,4.35,0.0156,12.9,141,0.6069,0,2026-05-29 00:00:00,1
BID-001220,AUC-0222,VND-0118,68757.74,0.9896,0.598,60.7,3.99,0.0241,11.8,186,0.4178,0,2026-04-11 00:00:00,0
BID-001221,AUC-0222,VND-0118,66044.55,0.9506,0.598,60.7,3.99,0.0241,11.8,186,0.4311,0,2026-04-11 00:00:00,0
BID-001222,AUC-0222,VND-0631,63085.33,0.908,0.634,63.0,4.09,0.0219,11.1,291,0.4656,0,2026-04-11 00:00:00,1
BID-001223,AUC-0223,VND-0120,307543.28,0.9878,0.823,63.3,4.56,0.0106,11.0,38,0.4246,0,2026-01-06 00:00:00,0
BID-001224,AUC-0223,VND-0588,302013.39,0.97,0.817,75.3,4.54,0.011,7.4,112,0.4602,0,2026-01-06 00:00:00,1
BID-001225,AUC-0223,VND-0120,296751.41,0.9531,0.823,63.3,4.56,0.0106,11.0,38,0.4436,0,2026-01-06 00:00:00,0
BID-001226,AUC-0224,VND-0166,380682.03,0.9772,0.678,68.5,4.19,0.0193,9.4,290,0.5594,0,2026-05-31 00:00:00,0
BID-001227,AUC-0224,VND-0709,373941.85,0.9599,0.52,50.0,3.8,0.0288,15.0,240,0.4748,0,2026-05-31 00:00:00,0
BID-001228,AUC-0224,VND-0777,359608.84,0.9231,0.91,94.7,4.77,0.0054,1.6,30,0.7046,0,2026-05-31 00:00:00,1
BID-001229,AUC-0225,VND-0640,311048.59,0.9556,0.571,50.0,3.93,0.0257,15.0,214,0.4885,0,2026-03-17 00:00:00,0
BID-001230,AUC-0225,VND-0483,305637.25,0.9389,0.644,58.3,4.11,0.0213,12.5,255,0.5399,0,2026-03-17 00:00:00,0
BID-001231,AUC-0225,VND-0592,301608.24,0.9266,0.816,81.3,4.54,0.011,5.6,112,0.6637,0,2026-03-17 00:00:00,0
BID-001232,AUC-0225,VND-0662,295416.08,0.9075,0.936,75.8,4.84,0.0038,7.3,164,0.6966,0,2026-03-17 00:00:00,0
BID-001233,AUC-0225,VND-0276,285662.22,0.8776,0.76,77.6,4.4,0.0144,6.7,61,0.6459,0,2026-03-17 00:00:00,0
BID-001234,AUC-0225,VND-0662,274807.43,0.8442,0.936,75.8,4.84,0.0038,7.3,164,0.7117,0,2026-03-17 00:00:00,0
BID-001235,AUC-0225,VND-0675,263686.89,0.8101,0.994,75.4,4.98,0.001,7.4,271,0.7392,0,2026-03-17 00:00:00,1
BID-001236,AUC-0226,VND-0603,260292.22,0.9646,0.744,73.7,4.36,0.0153,7.9,187,0.4924,0,2026-04-24 00:00:00,0
BID-001237,AUC-0226,VND-0192,254599.95,0.9435,0.814,78.9,4.54,0.0111,6.3,228,0.5344,0,2026-04-24 00:00:00,0
BID-001238,AUC-0226,VND-0603,246894.18,0.9149,0.744,73.7,4.36,0.0153,7.9,187,0.5118,0,2026-04-24 00:00:00,0
BID-001239,AUC-0226,VND-0253,242269.77,0.8978,0.842,64.7,4.61,0.0095,10.6,104,0.5461,0,2026-04-24 00:00:00,1
BID-001240,AUC-0227,VND-0005,29942.94,0.9799,0.801,74.5,4.5,0.012,7.6,294,0.4529,0,2026-02-11 00:00:00,0
BID-001241,AUC-0227,VND-0288,29566.07,0.9676,0.931,91.2,4.83,0.0041,2.6,204,0.5279,0,2026-02-11 00:00:00,0
BID-001242,AUC-0227,VND-0793,28686.28,0.9388,0.994,81.1,4.98,0.001,5.7,140,0.5561,0,2026-02-11 00:00:00,1
BID-001243,AUC-0227,VND-0005,28330.1,0.9272,0.801,74.5,4.5,0.012,7.6,294,0.4766,0,2026-02-11 00:00:00,0
BID-001244,AUC-0227,VND-0199,27956.2,0.9149,0.929,79.5,4.82,0.0042,6.1,159,0.539,0,2026-02-11 00:00:00,0
BID-001245,AUC-0227,VND-0005,27177.98,0.8894,0.801,74.5,4.5,0.012,7.6,294,0.4936,0,2026-02-11 00:00:00,0
BID-001246,AUC-0227,VND-0005,26172.93,0.8566,0.801,74.5,4.5,0.012,7.6,294,0.5084,0,2026-02-11 00:00:00,0
BID-001247,AUC-0227,VND-0730,25295.47,0.8278,0.608,56.3,4.02,0.0235,13.1,234,0.425,0,2026-02-11 00:00:00,0
BID-001248,AUC-0228,VND-0493,463438.03,0.9564,0.864,79.0,4.66,0.0082,6.3,278,0.5892,0,2026-06-13 00:00:00,0
BID-001249,AUC-0228,VND-0600,452165.13,0.9331,0.875,72.0,4.69,0.0075,8.4,23,0.585,0,2026-06-13 00:00:00,0
BID-001250,AUC-0228,VND-0600,440943.42,0.91,0.875,72.0,4.69,0.0075,8.4,23,0.5929,0,2026-06-13 00:00:00,1
BID-001251,AUC-0228,VND-0505,423069.12,0.8731,0.625,59.9,4.06,0.0225,12.0,85,0.506,0,2026-06-13 00:00:00,0
BID-001252,AUC-0228,VND-0505,409600.0,0.8453,0.625,59.9,4.06,0.0225,12.0,85,0.5155,0,2026-06-13 00:00:00,0
BID-001253,AUC-0229,VND-0568,382530.51,0.9531,0.842,66.2,4.6,0.0095,10.1,287,0.5676,0,2026-01-04 00:00:00,0
BID-001254,AUC-0229,VND-0269,371611.2,0.9259,0.925,74.6,4.81,0.0045,7.6,227,0.632,0,2026-01-04 00:00:00,0
BID-001255,AUC-0229,VND-0307,361173.73,0.8999,0.814,59.6,4.53,0.0112,12.1,56,0.5558,0,2026-01-04 00:00:00,0
BID-001256,AUC-0229,VND-0492,346902.18,0.8643,0.553,50.0,3.88,0.0268,15.0,257,0.4452,0,2026-01-04 00:00:00,0
BID-001257,AUC-0229,VND-0269,337610.79,0.8411,0.925,74.6,4.81,0.0045,7.6,227,0.6608,0,2026-01-04 00:00:00,0
BID-001258,AUC-0229,VND-0133,322440.43,0.8033,0.939,88.6,4.85,0.0037,3.4,54,0.7208,0,2026-01-04 00:00:00,1
BID-001259,AUC-0230,VND-0111,147089.47,0.9583,0.829,75.8,4.57,0.0103,7.3,221,0.402,0,2026-01-03 00:00:00,0
BID-001260,AUC-0230,VND-0331,140291.81,0.9141,0.678,70.6,4.2,0.0193,8.8,181,0.3852,0,2026-01-03 00:00:00,0
BID-001261,AUC-0230,VND-0756,135561.52,0.8832,0.906,82.6,4.77,0.0056,5.2,169,0.4702,0,2026-01-03 00:00:00,1
BID-001262,AUC-0231,VND-0011,478669.72,0.9765,0.806,60.5,4.51,0.0116,11.8,165,0.4433,0,2026-03-21 00:00:00,0
BID-001263,AUC-0231,VND-0180,464360.9,0.9473,0.97,91.3,4.93,0.0018,2.6,176,0.5864,0,2026-03-21 00:00:00,1
BID-001264,AUC-0231,VND-0069,454079.54,0.9263,0.759,77.3,4.4,0.0144,6.8,221,0.5027,0,2026-03-21 00:00:00,0
BID-001265,AUC-0231,VND-0434,444495.38,0.9068,0.578,50.0,3.94,0.0253,15.0,30,0.3904,0,2026-03-21 00:00:00,0
BID-001266,AUC-0232,VND-0508,295928.71,0.9705,0.853,88.0,4.63,0.0088,3.6,150,0.5272,0,2026-02-12 00:00:00,0
BID-001267,AUC-0232,VND-0388,288786.53,0.9471,0.899,69.9,4.75,0.0061,9.0,255,0.5073,0,2026-02-12 00:00:00,0
BID-001268,AUC-0232,VND-0388,285125.81,0.9351,0.899,69.9,4.75,0.0061,9.0,255,0.5124,0,2026-02-12 00:00:00,0
BID-001269,AUC-0232,VND-0589,274222.32,0.8993,0.89,71.8,4.72,0.0066,8.5,35,0.5292,0,2026-02-12 00:00:00,0
BID-001270,AUC-0232,VND-0330,268306.56,0.8799,0.823,73.4,4.56,0.0106,8.0,229,0.5242,0,2026-02-12 00:00:00,0
BID-001271,AUC-0232,VND-0508,260055.99,0.8529,0.853,88.0,4.63,0.0088,3.6,150,0.5766,0,2026-02-12 00:00:00,1
BID-001272,AUC-0233,VND-0147,288432.74,0.9765,0.911,75.1,4.78,0.0053,7.5,148,0.589,0,2026-01-31 00:00:00,0
BID-001273,AUC-0233,VND-0312,277656.23,0.94,0.685,66.4,4.21,0.0189,10.1,297,0.4986,0,2026-01-31 00:00:00,0
BID-001274,AUC-0233,VND-0388,268086.78,0.9076,0.899,69.9,4.75,0.0061,9.0,255,0.5985,0,2026-01-31 00:00:00,1
BID-001275,AUC-0233,VND-0006,264018.0,0.8938,0.51,56.0,3.78,0.0294,13.2,18,0.4284,0,2026-01-31 00:00:00,0
BID-001276,AUC-0233,VND-0312,257775.59,0.8727,0.685,66.4,4.21,0.0189,10.1,297,0.5214,0,2026-01-31 00:00:00,0
BID-001277,AUC-0233,VND-0312,246875.55,0.8358,0.685,66.4,4.21,0.0189,10.1,297,0.534,0,2026-01-31 00:00:00,0
BID-001278,AUC-0233,VND-0229,243141.48,0.8231,0.506,50.0,3.76,0.0297,15.0,275,0.4398,0,2026-01-31 00:00:00,0
BID-001279,AUC-0233,VND-0006,231271.98,0.7829,0.51,56.0,3.78,0.0294,13.2,18,0.4661,0,2026-01-31 00:00:00,0
BID-001280,AUC-0234,VND-0349,358562.86,0.9522,0.644,56.7,4.11,0.0213,13.0,173,0.4072,0,2026-06-16 00:00:00,0
BID-001281,AUC-0234,VND-0349,341923.45,0.908,0.644,56.7,4.11,0.0213,13.0,173,0.4298,0,2026-06-16 00:00:00,0
BID-001282,AUC-0234,VND-0279,329834.8,0.8759,0.567,50.0,3.92,0.026,15.0,205,0.4065,0,2026-06-16 00:00:00,0
BID-001283,AUC-0234,VND-0312,316155.81,0.8396,0.685,66.4,4.21,0.0189,10.1,297,0.4925,0,2026-06-16 00:00:00,1
BID-001284,AUC-0235,VND-0309,392139.85,0.9617,0.531,50.0,3.83,0.0282,15.0,181,0.5148,0,2026-01-27 00:00:00,0
BID-001285,AUC-0235,VND-0309,375461.01,0.9208,0.531,50.0,3.83,0.0282,15.0,181,0.5246,0,2026-01-27 00:00:00,0
BID-001286,AUC-0235,VND-0309,364368.58,0.8936,0.531,50.0,3.83,0.0282,15.0,181,0.5311,0,2026-01-27 00:00:00,0
BID-001287,AUC-0235,VND-0091,347745.25,0.8528,0.671,56.0,4.18,0.0198,13.2,67,0.6062,0,2026-01-27 00:00:00,1
BID-001288,AUC-0235,VND-0160,337160.43,0.8268,0.578,50.0,3.95,0.0253,15.0,76,0.5669,0,2026-01-27 00:00:00,0
BID-001289,AUC-0236,VND-0283,321336.42,0.9688,0.675,61.9,4.19,0.0195,11.4,267,0.3926,0,2026-02-03 00:00:00,0
BID-001290,AUC-0236,VND-0526,310377.56,0.9358,0.937,88.5,4.84,0.0038,3.4,34,0.5414,0,2026-02-03 00:00:00,0
BID-001291,AUC-0236,VND-0090,306442.9,0.9239,0.968,81.4,4.92,0.0019,5.6,35,0.5428,0,2026-02-03 00:00:00,0
BID-001292,AUC-0236,VND-0526,293848.92,0.886,0.937,88.5,4.84,0.0038,3.4,34,0.5674,0,2026-02-03 00:00:00,0
BID-001293,AUC-0236,VND-0090,282542.7,0.8519,0.968,81.4,4.92,0.0019,5.6,35,0.5802,0,2026-02-03 00:00:00,1
BID-001294,AUC-0237,VND-0732,71086.84,0.9769,0.553,50.6,3.88,0.0268,14.8,263,0.4322,0,2026-02-20 00:00:00,0
BID-001295,AUC-0237,VND-0238,69003.84,0.9483,0.764,80.2,4.41,0.0142,5.9,210,0.5609,0,2026-02-20 00:00:00,0
BID-001296,AUC-0237,VND-0684,66150.71,0.9091,0.858,90.6,4.64,0.0085,2.8,109,0.6217,0,2026-02-20 00:00:00,1
BID-001297,AUC-0237,VND-0062,64206.68,0.8824,0.659,52.8,4.15,0.0205,14.2,231,0.5011,0,2026-02-20 00:00:00,0
BID-001298,AUC-0237,VND-0062,62011.4,0.8522,0.659,52.8,4.15,0.0205,14.2,231,0.5116,0,2026-02-20 00:00:00,0
BID-001299,AUC-0237,VND-0238,60895.05,0.8369,0.764,80.2,4.41,0.0142,5.9,210,0.5999,0,2026-02-20 00:00:00,0
BID-001300,AUC-0237,VND-0221,59827.69,0.8222,0.542,54.8,3.86,0.0275,13.6,162,0.4916,0,2026-02-20 00:00:00,0
BID-001301,AUC-0237,VND-0238,57781.39,0.7941,0.764,80.2,4.41,0.0142,5.9,210,0.6148,0,2026-02-20 00:00:00,0
BID-001302,AUC-0238,VND-0082,168434.85,0.9584,0.817,76.7,4.54,0.011,7.0,150,0.4161,0,2026-06-28 00:00:00,0
BID-001303,AUC-0238,VND-0226,162029.97,0.9219,0.889,84.9,4.72,0.0067,4.5,270,0.4702,0,2026-06-28 00:00:00,0
BID-001304,AUC-0238,VND-0723,158477.13,0.9017,0.934,74.1,4.84,0.004,7.8,87,0.4709,0,2026-06-28 00:00:00,0
BID-001305,AUC-0238,VND-0082,155979.15,0.8875,0.817,76.7,4.54,0.011,7.0,150,0.4523,0,2026-06-28 00:00:00,0
BID-001306,AUC-0238,VND-0723,154239.54,0.8776,0.934,74.1,4.84,0.004,7.8,87,0.4832,0,2026-06-28 00:00:00,1
BID-001307,AUC-0239,VND-0791,449790.76,0.9678,0.616,53.1,4.04,0.023,14.1,139,0.4517,0,2026-03-23 00:00:00,0
BID-001308,AUC-0239,VND-0105,431646.89,0.9288,0.503,50.0,3.76,0.0298,15.0,276,0.4143,0,2026-03-23 00:00:00,0
BID-001309,AUC-0239,VND-0373,411153.97,0.8847,0.616,67.7,4.04,0.023,9.7,91,0.5167,0,2026-03-23 00:00:00,0
BID-001310,AUC-0239,VND-0105,402504.13,0.866,0.503,50.0,3.76,0.0298,15.0,276,0.4325,0,2026-03-23 00:00:00,0
BID-001311,AUC-0239,VND-0105,393894.36,0.8475,0.503,50.0,3.76,0.0298,15.0,276,0.4379,0,2026-03-23 00:00:00,0
BID-001312,AUC-0239,VND-0044,384869.39,0.8281,0.865,86.5,4.66,0.0081,4.0,206,0.6741,0,2026-03-23 00:00:00,1
BID-001313,AUC-0239,VND-0682,379113.05,0.8157,0.811,79.7,4.53,0.0113,6.1,139,0.6396,0,2026-03-23 00:00:00,0
BID-001314,AUC-0239,VND-0691,366942.39,0.7895,0.582,50.5,3.95,0.0251,14.8,213,0.4839,0,2026-03-23 00:00:00,0
BID-001315,AUC-0240,VND-0328,115757.06,0.9641,0.716,52.8,4.29,0.0171,14.2,88,0.5312,0,2026-02-27 00:00:00,0
BID-001316,AUC-0240,VND-0328,113775.31,0.9476,0.716,52.8,4.29,0.0171,14.2,88,0.5361,0,2026-02-27 00:00:00,0
BID-001317,AUC-0240,VND-0560,108832.58,0.9065,0.633,56.0,4.08,0.022,13.2,50,0.5298,0,2026-02-27 00:00:00,0
BID-001318,AUC-0240,VND-0115,104942.37,0.8741,0.946,87.8,4.87,0.0032,3.7,179,0.6976,0,2026-02-27 00:00:00,1
BID-001319,AUC-0240,VND-0726,101518.66,0.8456,0.749,68.6,4.37,0.0151,9.4,203,0.608,0,2026-02-27 00:00:00,0
BID-001320,AUC-0240,VND-0560,100343.56,0.8358,0.633,56.0,4.08,0.022,13.2,50,0.551,0,2026-02-27 00:00:00,0
BID-001321,AUC-0240,VND-0560,99115.92,0.8255,0.633,56.0,4.08,0.022,13.2,50,0.554,0,2026-02-27 00:00:00,0
BID-001322,AUC-0240,VND-0014,95295.34,0.7937,0.6,59.5,4.0,0.024,12.2,66,0.5609,0,2026-02-27 00:00:00,0
BID-001323,AUC-0241,VND-0068,184631.51,0.9598,0.971,85.6,4.93,0.0017,4.3,50,0.5115,0,2026-06-24 00:00:00,0
BID-001324,AUC-0241,VND-0151,180287.81,0.9372,0.526,50.0,3.81,0.0284,15.0,50,0.3359,0,2026-06-24 00:00:00,0
BID-001325,AUC-0241,VND-0109,176007.25,0.915,0.663,70.2,4.16,0.0202,8.9,184,0.4232,0,2026-06-24 00:00:00,0
BID-001326,AUC-0241,VND-0068,170780.15,0.8878,0.971,85.6,4.93,0.0017,4.3,50,0.5453,0,2026-06-24 00:00:00,1
BID-001327,AUC-0242,VND-0465,212278.14,0.9574,0.817,63.7,4.54,0.011,10.9,29,0.5758,0,2026-04-26 00:00:00,0
BID-001328,AUC-0242,VND-0151,208804.75,0.9418,0.526,50.0,3.81,0.0284,15.0,50,0.422,0,2026-04-26 00:00:00,0
BID-001329,AUC-0242,VND-0690,204817.45,0.9238,0.68,61.9,4.2,0.0192,11.4,265,0.5246,0,2026-04-26 00:00:00,0
BID-001330,AUC-0242,VND-0062,197486.96,0.8907,0.659,52.8,4.15,0.0205,14.2,231,0.5048,0,2026-04-26 00:00:00,0
BID-001331,AUC-0242,VND-0062,195097.5,0.8799,0.659,52.8,4.15,0.0205,14.2,231,0.5086,0,2026-04-26 00:00:00,0
BID-001332,AUC-0242,VND-0556,189410.85,0.8543,0.908,74.0,4.77,0.0055,7.8,44,0.6779,0,2026-04-26 00:00:00,1
BID-001333,AUC-0242,VND-0062,185857.5,0.8383,0.659,52.8,4.15,0.0205,14.2,231,0.5236,0,2026-04-26 00:00:00,0
BID-001334,AUC-0243,VND-0327,222881.82,0.9892,0.793,79.7,4.48,0.0124,6.1,173,0.4983,0,2026-02-15 00:00:00,0
BID-001335,AUC-0243,VND-0489,216264.66,0.9599,0.798,61.0,4.49,0.0121,11.7,188,0.4607,0,2026-02-15 00:00:00,0
BID-001336,AUC-0243,VND-0327,209343.92,0.9291,0.793,79.7,4.48,0.0124,6.1,173,0.5217,0,2026-02-15 00:00:00,1
BID-001337,AUC-0243,VND-0176,205574.69,0.9124,0.752,74.2,4.38,0.0149,7.7,222,0.5013,0,2026-02-15 00:00:00,0
BID-001338,AUC-0243,VND-0176,201801.68,0.8957,0.752,74.2,4.38,0.0149,7.7,222,0.5079,0,2026-02-15 00:00:00,0
BID-001339,AUC-0243,VND-0336,195816.52,0.8691,0.587,59.2,3.97,0.0248,12.2,264,0.4291,0,2026-02-15 00:00:00,0
BID-001340,AUC-0244,VND-0755,304595.65,0.9815,0.804,80.1,4.51,0.0118,6.0,160,0.3596,0,2026-05-19 00:00:00,1
BID-001341,AUC-0244,VND-0333,301460.14,0.9714,0.551,50.0,3.88,0.0269,15.0,56,0.2658,0,2026-05-19 00:00:00,0
BID-001342,AUC-0244,VND-0452,289471.02,0.9328,0.591,52.0,3.98,0.0246,14.4,218,0.299,0,2026-05-19 00:00:00,0
BID-001343,AUC-0244,VND-0518,283500.43,0.9135,0.538,56.0,3.85,0.0277,13.2,137,0.3079,0,2026-05-19 00:00:00,0
BID-001344,AUC-0245,VND-0119,461069.56,0.9766,0.64,50.0,4.1,0.0216,15.0,173,0.4504,0,2026-01-21 00:00:00,0
BID-001345,AUC-0245,VND-0119,439898.58,0.9318,0.64,50.0,4.1,0.0216,15.0,173,0.4643,0,2026-01-21 00:00:00,0
BID-001346,AUC-0245,VND-0664,433402.72,0.918,0.591,61.2,3.98,0.0245,11.6,138,0.4836,0,2026-01-21 00:00:00,0
BID-001347,AUC-0245,VND-0119,421238.85,0.8923,0.64,50.0,4.1,0.0216,15.0,173,0.4766,0,2026-01-21 00:00:00,0
BID-001348,AUC-0245,VND-0664,406859.98,0.8618,0.591,61.2,3.98,0.0245,11.6,138,0.5011,0,2026-01-21 00:00:00,0
BID-001349,AUC-0245,VND-0602,391857.48,0.83,0.511,50.0,3.78,0.0293,15.0,209,0.4469,0,2026-01-21 00:00:00,0
BID-001350,AUC-0245,VND-0664,384732.1,0.8149,0.591,61.2,3.98,0.0245,11.6,138,0.5156,0,2026-01-21 00:00:00,1
BID-001351,AUC-0246,VND-0392,125635.79,0.982,0.626,56.5,4.06,0.0224,13.0,205,0.3186,0,2026-06-02 00:00:00,0
BID-001352,AUC-0246,VND-0741,120193.6,0.9395,0.909,73.8,4.77,0.0055,7.9,15,0.4543,0,2026-06-02 00:00:00,0
BID-001353,AUC-0246,VND-0392,114728.87,0.8967,0.626,56.5,4.06,0.0224,13.0,205,0.363,0,2026-06-02 00:00:00,0
BID-001354,AUC-0246,VND-0741,111925.18,0.8748,0.909,73.8,4.77,0.0055,7.9,15,0.4879,0,2026-06-02 00:00:00,0
BID-001355,AUC-0246,VND-0060,107905.59,0.8434,0.946,89.7,4.87,0.0032,3.1,45,0.5328,0,2026-06-02 00:00:00,0
BID-001356,AUC-0246,VND-0392,104379.89,0.8159,0.626,56.5,4.06,0.0224,13.0,205,0.405,0,2026-06-02 00:00:00,0
BID-001357,AUC-0246,VND-0741,102430.89,0.8006,0.909,73.8,4.77,0.0055,7.9,15,0.5265,0,2026-06-02 00:00:00,0
BID-001358,AUC-0246,VND-0060,100136.84,0.7827,0.946,89.7,4.87,0.0032,3.1,45,0.5644,0,2026-06-02 00:00:00,1
BID-001359,AUC-0247,VND-0259,66837.77,0.9612,0.688,71.3,4.22,0.0187,8.6,248,0.6012,0,2026-06-18 00:00:00,0
BID-001360,AUC-0247,VND-0259,63538.05,0.9137,0.688,71.3,4.22,0.0187,8.6,248,0.6116,0,2026-06-18 00:00:00,0
BID-001361,AUC-0247,VND-0141,60986.72,0.8771,0.945,79.6,4.86,0.0033,6.1,294,0.7462,0,2026-06-18 00:00:00,0
BID-001362,AUC-0247,VND-0259,59205.48,0.8514,0.688,71.3,4.22,0.0187,8.6,248,0.6253,0,2026-06-18 00:00:00,0
BID-001363,AUC-0247,VND-0141,57937.67,0.8332,0.945,79.6,4.86,0.0033,6.1,294,0.7559,0,2026-06-18 00:00:00,1
BID-001364,AUC-0247,VND-0132,57178.28,0.8223,0.57,56.1,3.93,0.0258,13.2,281,0.5534,0,2026-06-18 00:00:00,0
BID-001365,AUC-0248,VND-0734,102032.47,0.9557,0.989,89.2,4.97,0.001,3.2,23,0.6951,0,2026-06-01 00:00:00,1
BID-001366,AUC-0248,VND-0719,97215.89,0.9106,0.654,67.3,4.13,0.0208,9.8,84,0.5426,0,2026-06-01 00:00:00,0
BID-001367,AUC-0248,VND-0719,94513.05,0.8853,0.654,67.3,4.13,0.0208,9.8,84,0.5499,0,2026-06-01 00:00:00,0
BID-001368,AUC-0248,VND-0009,93200.33,0.873,0.652,56.5,4.13,0.0209,13.0,191,0.5293,0,2026-06-01 00:00:00,0
BID-001369,AUC-0248,VND-0719,91465.66,0.8567,0.654,67.3,4.13,0.0208,9.8,84,0.5582,0,2026-06-01 00:00:00,0
BID-001370,AUC-0248,VND-0009,86998.69,0.8149,0.652,56.5,4.13,0.0209,13.0,191,0.5462,0,2026-06-01 00:00:00,0
BID-001371,AUC-0248,VND-0719,85863.88,0.8043,0.654,67.3,4.13,0.0208,9.8,84,0.5734,0,2026-06-01 00:00:00,0
BID-001372,AUC-0249,VND-0018,435475.03,0.9795,0.983,93.5,4.96,0.001,2.0,209,0.6079,0,2026-04-13 00:00:00,0
BID-001373,AUC-0249,VND-0117,415189.45,0.9339,0.788,73.8,4.47,0.0127,7.9,58,0.5271,0,2026-04-13 00:00:00,0
BID-001374,AUC-0249,VND-0563,395768.44,0.8902,0.828,75.6,4.57,0.0103,7.3,208,0.5585,0,2026-04-13 00:00:00,0
BID-001375,AUC-0249,VND-0796,376733.17,0.8474,0.846,91.2,4.62,0.0092,2.6,207,0.6171,0,2026-04-13 00:00:00,1
BID-001376,AUC-0249,VND-0117,372508.22,0.8379,0.788,73.8,4.47,0.0127,7.9,58,0.5636,0,2026-04-13 00:00:00,0
BID-001377,AUC-0250,VND-0270,315903.77,0.9677,0.725,61.4,4.31,0.0165,11.6,202,0.3747,0,2026-05-13 00:00:00,0
BID-001378,AUC-0250,VND-0154,312459.68,0.9572,0.758,66.9,4.4,0.0145,9.9,126,0.3966,0,2026-05-13 00:00:00,0
BID-001379,AUC-0250,VND-0717,303339.29,0.9292,0.744,69.7,4.36,0.0153,9.1,164,0.4128,0,2026-05-13 00:00:00,0
BID-001380,AUC-0250,VND-0270,291911.88,0.8942,0.725,61.4,4.31,0.0165,11.6,202,0.4129,0,2026-05-13 00:00:00,0
BID-001381,AUC-0250,VND-0037,288231.94,0.8829,0.503,50.3,3.76,0.0298,14.9,24,0.3546,0,2026-05-13 00:00:00,0
BID-001382,AUC-0250,VND-0270,280998.19,0.8608,0.725,61.4,4.31,0.0165,11.6,202,0.4303,0,2026-05-13 00:00:00,1
BID-001383,AUC-0250,VND-0212,272597.2,0.835,0.546,55.7,3.86,0.0273,13.3,255,0.3972,0,2026-05-13 00:00:00,0
BID-001384,AUC-0251,VND-0542,143331.83,0.9549,0.709,70.0,4.27,0.0175,9.0,75,0.4209,0,2026-05-05 00:00:00,0
BID-001385,AUC-0251,VND-0023,140284.2,0.9346,0.629,60.1,4.07,0.0222,12.0,249,0.395,0,2026-05-05 00:00:00,0
BID-001386,AUC-0251,VND-0456,137743.94,0.9177,0.795,63.1,4.49,0.0123,11.1,297,0.451,0,2026-05-05 00:00:00,1
BID-001387,AUC-0252,VND-0048,389391.53,0.9502,0.885,83.3,4.71,0.0069,5.0,51,0.7088,0,2026-01-18 00:00:00,0
BID-001388,AUC-0252,VND-0048,371891.95,0.9075,0.885,83.3,4.71,0.0069,5.0,51,0.7182,0,2026-01-18 00:00:00,0
BID-001389,AUC-0252,VND-0226,359858.36,0.8781,0.889,84.9,4.72,0.0067,4.5,270,0.73,0,2026-01-18 00:00:00,1
BID-001390,AUC-0252,VND-0671,349227.74,0.8522,0.629,59.2,4.07,0.0223,12.2,219,0.5805,0,2026-01-18 00:00:00,0
BID-001391,AUC-0252,VND-0658,335739.6,0.8192,0.726,70.7,4.32,0.0164,8.8,139,0.651,0,2026-01-18 00:00:00,0
BID-001392,AUC-0252,VND-0671,331747.06,0.8095,0.629,59.2,4.07,0.0223,12.2,219,0.5899,0,2026-01-18 00:00:00,0
BID-001393,AUC-0253,VND-0398,416368.08,0.9637,0.509,58.5,3.77,0.0295,12.4,206,0.3852,0,2026-05-14 00:00:00,0
BID-001394,AUC-0253,VND-0398,400109.76,0.926,0.509,58.5,3.77,0.0295,12.4,206,0.4013,0,2026-05-14 00:00:00,0
BID-001395,AUC-0253,VND-0479,393776.89,0.9114,0.759,64.2,4.4,0.0144,10.7,254,0.493,0,2026-05-14 00:00:00,0
BID-001396,AUC-0253,VND-0514,379769.24,0.879,0.931,96.2,4.83,0.0041,1.1,89,0.5963,0,2026-05-14 00:00:00,1
BID-001397,AUC-0254,VND-0427,406709.02,0.9574,0.605,65.4,4.01,0.0237,10.4,55,0.3951,0,2026-01-13 00:00:00,0
BID-001398,AUC-0254,VND-0619,388172.37,0.9138,0.932,81.0,4.83,0.0041,5.7,56,0.5412,0,2026-01-13 00:00:00,0
BID-001399,AUC-0254,VND-0286,375870.9,0.8848,0.757,77.5,4.39,0.0146,6.8,227,0.4976,0,2026-01-13 00:00:00,0
BID-001400,AUC-0254,VND-0316,357657.91,0.842,0.857,89.1,4.64,0.0086,3.3,257,0.572,0,2026-01-13 00:00:00,0
BID-001401,AUC-0254,VND-0137,345466.75,0.8133,0.934,95.5,4.83,0.004,1.3,227,0.6211,0,2026-01-13 00:00:00,1
BID-001402,AUC-0255,VND-0370,439290.28,0.9544,0.72,62.3,4.3,0.0168,11.3,188,0.4544,0,2026-03-10 00:00:00,0
BID-001403,AUC-0255,VND-0621,425999.94,0.9255,0.934,90.2,4.84,0.0039,2.9,258,0.589,0,2026-03-10 00:00:00,0
BID-001404,AUC-0255,VND-0370,411536.51,0.8941,0.72,62.3,4.3,0.0168,11.3,188,0.4785,0,2026-03-10 00:00:00,0
BID-001405,AUC-0255,VND-0462,397006.03,0.8625,0.947,91.0,4.87,0.0032,2.7,170,0.6192,0,2026-03-10 00:00:00,0
BID-001406,AUC-0255,VND-0370,379520.33,0.8246,0.72,62.3,4.3,0.0168,11.3,188,0.5064,0,2026-03-10 00:00:00,0
BID-001407,AUC-0255,VND-0462,373607.08,0.8117,0.947,91.0,4.87,0.0032,2.7,170,0.6396,0,2026-03-10 00:00:00,1
BID-001408,AUC-0255,VND-0370,357546.67,0.7768,0.72,62.3,4.3,0.0168,11.3,188,0.5255,0,2026-03-10 00:00:00,0
BID-001409,AUC-0256,VND-0075,131707.34,0.9858,0.526,51.0,3.81,0.0285,14.7,52,0.3069,0,2026-06-18 00:00:00,0
BID-001410,AUC-0256,VND-0044,129048.34,0.9659,0.865,86.5,4.66,0.0081,4.0,206,0.4818,0,2026-06-18 00:00:00,1
BID-001411,AUC-0256,VND-0075,124327.04,0.9306,0.526,51.0,3.81,0.0285,14.7,52,0.334,0,2026-06-18 00:00:00,0
BID-001412,AUC-0257,VND-0705,374393.78,0.9853,0.793,77.7,4.48,0.0124,6.7,162,0.5503,0,2026-05-14 00:00:00,0
BID-001413,AUC-0257,VND-0699,362436.38,0.9539,0.715,58.1,4.29,0.0171,12.6,110,0.4778,0,2026-05-14 00:00:00,0
BID-001414,AUC-0257,VND-0705,351228.09,0.9244,0.793,77.7,4.48,0.0124,6.7,162,0.5735,0,2026-05-14 00:00:00,0
BID-001415,AUC-0257,VND-0705,344638.05,0.907,0.793,77.7,4.48,0.0124,6.7,162,0.5801,0,2026-05-14 00:00:00,1
BID-001416,AUC-0257,VND-0699,330854.92,0.8707,0.715,58.1,4.29,0.0171,12.6,110,0.5094,0,2026-05-14 00:00:00,0
BID-001417,AUC-0258,VND-0745,224888.05,0.9543,0.694,61.5,4.24,0.0183,11.5,67,0.4778,0,2026-04-02 00:00:00,0
BID-001418,AUC-0258,VND-0226,215443.33,0.9142,0.889,84.9,4.72,0.0067,4.5,270,0.6189,0,2026-04-02 00:00:00,1
BID-001419,AUC-0258,VND-0671,212044.88,0.8998,0.629,59.2,4.07,0.0223,12.2,219,0.4664,0,2026-04-02 00:00:00,0
BID-001420,AUC-0258,VND-0150,204030.11,0.8658,0.811,63.5,4.53,0.0113,11.0,291,0.5672,0,2026-04-02 00:00:00,0
BID-001421,AUC-0258,VND-0632,200016.16,0.8487,0.655,61.9,4.14,0.0207,11.4,55,0.5025,0,2026-04-02 00:00:00,0
BID-001422,AUC-0258,VND-0176,195592.94,0.83,0.752,74.2,4.38,0.0149,7.7,222,0.5733,0,2026-04-02 00:00:00,0
BID-001423,AUC-0258,VND-0629,189396.82,0.8037,0.6,58.8,4.0,0.024,12.4,218,0.4905,0,2026-04-02 00:00:00,0
BID-001424,AUC-0258,VND-0150,180294.02,0.765,0.811,63.5,4.53,0.0113,11.0,291,0.6065,0,2026-04-02 00:00:00,0
BID-001425,AUC-0259,VND-0052,417220.62,0.9873,0.657,60.0,4.14,0.0206,12.0,231,0.3858,0,2026-05-10 00:00:00,0
BID-001426,AUC-0259,VND-0096,397177.13,0.9399,0.547,59.8,3.87,0.0272,12.1,142,0.3734,0,2026-05-10 00:00:00,0
BID-001427,AUC-0259,VND-0096,378194.05,0.895,0.547,59.8,3.87,0.0272,12.1,142,0.3923,0,2026-05-10 00:00:00,0
BID-001428,AUC-0259,VND-0096,374252.23,0.8856,0.547,59.8,3.87,0.0272,12.1,142,0.3962,0,2026-05-10 00:00:00,1
BID-001429,AUC-0260,VND-0228,353322.46,0.9628,0.556,56.6,3.89,0.0267,13.0,139,0.3531,0,2026-05-13 00:00:00,0
BID-001430,AUC-0260,VND-0228,342722.86,0.934,0.556,56.6,3.89,0.0267,13.0,139,0.3669,0,2026-05-13 00:00:00,0
BID-001431,AUC-0260,VND-0315,338870.1,0.9235,0.518,50.0,3.8,0.0289,15.0,145,0.3514,0,2026-05-13 00:00:00,0
BID-001432,AUC-0260,VND-0492,323808.34,0.8824,0.553,50.0,3.88,0.0268,15.0,257,0.3796,0,2026-05-13 00:00:00,0
BID-001433,AUC-0260,VND-0526,310818.21,0.847,0.937,88.5,4.84,0.0038,3.4,34,0.558,0,2026-05-13 00:00:00,1
BID-001434,AUC-0260,VND-0264,302454.7,0.8242,0.707,60.1,4.27,0.0176,12.0,161,0.4634,0,2026-05-13 00:00:00,0
BID-001435,AUC-0261,VND-0755,379137.93,0.971,0.804,80.1,4.51,0.0118,6.0,160,0.5492,0,2026-02-11 00:00:00,0
BID-001436,AUC-0261,VND-0755,374088.35,0.9581,0.804,80.1,4.51,0.0118,6.0,160,0.554,0,2026-02-11 00:00:00,0
BID-001437,AUC-0261,VND-0755,363543.76,0.9311,0.804,80.1,4.51,0.0118,6.0,160,0.5639,0,2026-02-11 00:00:00,0
BID-001438,AUC-0261,VND-0032,356398.25,0.9128,0.914,75.0,4.79,0.0051,7.5,16,0.5997,0,2026-02-11 00:00:00,1
BID-001439,AUC-0261,VND-0049,352344.69,0.9024,0.761,69.4,4.4,0.0143,9.2,124,0.5454,0,2026-02-11 00:00:00,0
BID-001440,AUC-0261,VND-0433,341032.65,0.8734,0.7,64.5,4.25,0.018,10.6,277,0.5296,0,2026-02-11 00:00:00,0
BID-001441,AUC-0262,VND-0458,315798.15,0.9526,0.776,64.7,4.44,0.0134,10.6,78,0.4464,0,2026-04-18 00:00:00,0
BID-001442,AUC-0262,VND-0165,311767.31,0.9404,0.71,56.5,4.27,0.0174,13.0,282,0.4176,0,2026-04-18 00:00:00,0
BID-001443,AUC-0262,VND-0613,302873.46,0.9136,0.71,68.1,4.27,0.0174,9.6,155,0.4469,0,2026-04-18 00:00:00,0
BID-001444,AUC-0262,VND-0669,290136.93,0.8752,0.6,54.9,4.0,0.024,13.5,142,0.4095,0,2026-04-18 00:00:00,0
BID-001445,AUC-0262,VND-0578,279649.03,0.8435,0.809,84.2,4.52,0.0114,4.7,281,0.5417,0,2026-04-18 00:00:00,1
BID-001446,AUC-0262,VND-0458,274020.21,0.8266,0.776,64.7,4.44,0.0134,10.6,78,0.5132,0,2026-04-18 00:00:00,0
BID-001447,AUC-0262,VND-0247,263626.99,0.7952,0.639,54.4,4.1,0.0217,13.7,135,0.4657,0,2026-04-18 00:00:00,0
BID-001448,AUC-0262,VND-0165,259156.73,0.7817,0.71,56.5,4.27,0.0174,13.0,282,0.5017,0,2026-04-18 00:00:00,0
BID-001449,AUC-0263,VND-0275,95370.46,0.9838,0.76,77.0,4.4,0.0144,6.9,218,0.4719,0,2026-06-23 00:00:00,0
BID-001450,AUC-0263,VND-0338,94123.7,0.9709,0.705,69.5,4.26,0.0177,9.2,169,0.4457,0,2026-06-23 00:00:00,0
BID-001451,AUC-0263,VND-0058,91351.77,0.9424,0.817,86.2,4.54,0.011,4.1,62,0.5233,0,2026-06-23 00:00:00,1
BID-001452,AUC-0264,VND-0765,265731.72,0.9591,0.902,82.3,4.75,0.0059,5.3,271,0.4522,0,2026-06-16 00:00:00,0
BID-001453,AUC-0264,VND-0340,259861.42,0.9379,0.985,93.7,4.96,0.001,1.9,235,0.5105,0,2026-06-16 00:00:00,0
BID-001454,AUC-0264,VND-0765,253727.96,0.9158,0.902,82.3,4.75,0.0059,5.3,271,0.4739,0,2026-06-16 00:00:00,0
BID-001455,AUC-0264,VND-0787,248869.25,0.8982,0.868,84.3,4.67,0.0079,4.7,279,0.4818,0,2026-06-16 00:00:00,0
BID-001456,AUC-0264,VND-0787,238332.94,0.8602,0.868,84.3,4.67,0.0079,4.7,279,0.5009,0,2026-06-16 00:00:00,0
BID-001457,AUC-0264,VND-0340,234981.61,0.8481,0.985,93.7,4.96,0.001,1.9,235,0.5554,0,2026-06-16 00:00:00,0
BID-001458,AUC-0264,VND-0765,231391.1,0.8352,0.902,82.3,4.75,0.0059,5.3,271,0.5142,0,2026-06-16 00:00:00,0
BID-001459,AUC-0264,VND-0340,225022.32,0.8122,0.985,93.7,4.96,0.001,1.9,235,0.5734,0,2026-06-16 00:00:00,1
BID-001460,AUC-0265,VND-0341,475057.4,0.9646,0.909,75.7,4.77,0.0055,7.3,132,0.4935,0,2026-02-03 00:00:00,0
BID-001461,AUC-0265,VND-0630,462352.0,0.9388,0.532,50.0,3.83,0.0281,15.0,138,0.3732,0,2026-02-03 00:00:00,0
BID-001462,AUC-0265,VND-0630,452570.44,0.9189,0.532,50.0,3.83,0.0281,15.0,138,0.3823,0,2026-02-03 00:00:00,0
BID-001463,AUC-0265,VND-0564,435335.69,0.884,0.543,54.1,3.86,0.0274,13.8,291,0.4081,0,2026-02-03 00:00:00,0
BID-001464,AUC-0265,VND-0630,429847.41,0.8728,0.532,50.0,3.83,0.0281,15.0,138,0.4035,0,2026-02-03 00:00:00,0
BID-001465,AUC-0265,VND-0341,410456.46,0.8334,0.909,75.7,4.77,0.0055,7.3,132,0.5538,0,2026-02-03 00:00:00,0
BID-001466,AUC-0265,VND-0403,400480.02,0.8132,0.712,66.5,4.28,0.0173,10.0,285,0.5013,0,2026-02-03 00:00:00,0
BID-001467,AUC-0265,VND-0026,388351.67,0.7886,0.985,96.2,4.96,0.001,1.1,61,0.6271,0,2026-02-03 00:00:00,1
BID-001468,AUC-0266,VND-0791,453918.55,0.9672,0.616,53.1,4.04,0.023,14.1,139,0.2986,0,2026-05-28 00:00:00,0
BID-001469,AUC-0266,VND-0766,441279.61,0.9403,0.656,64.5,4.14,0.0207,10.6,57,0.3387,0,2026-05-28 00:00:00,0
BID-001470,AUC-0266,VND-0024,430277.33,0.9168,0.656,58.3,4.14,0.0206,12.5,290,0.3434,0,2026-05-28 00:00:00,0
BID-001471,AUC-0266,VND-0101,417749.72,0.8901,0.821,69.1,4.55,0.0107,9.3,157,0.4099,0,2026-05-28 00:00:00,1
BID-001472,AUC-0267,VND-0307,29913.11,0.9601,0.814,59.6,4.53,0.0112,12.1,56,0.6372,0,2026-05-14 00:00:00,0
BID-001473,AUC-0267,VND-0167,29600.58,0.9501,0.507,50.0,3.77,0.0296,15.0,152,0.5093,0,2026-05-14 00:00:00,0
BID-001474,AUC-0267,VND-0132,28700.49,0.9212,0.57,56.1,3.93,0.0258,13.2,281,0.5504,0,2026-05-14 00:00:00,0
BID-001475,AUC-0267,VND-0132,28284.05,0.9078,0.57,56.1,3.93,0.0258,13.2,281,0.5535,0,2026-05-14 00:00:00,0
BID-001476,AUC-0267,VND-0443,27338.71,0.8775,0.9,74.6,4.75,0.006,7.6,266,0.7155,0,2026-05-14 00:00:00,1
BID-001477,AUC-0268,VND-0257,86942.92,0.958,0.966,100.0,4.92,0.002,0.1,294,0.6912,0,2026-06-20 00:00:00,0
BID-001478,AUC-0268,VND-0787,83764.16,0.9229,0.868,84.3,4.67,0.0079,4.7,279,0.6302,0,2026-06-20 00:00:00,0
BID-001479,AUC-0268,VND-0257,81322.49,0.896,0.966,100.0,4.92,0.002,0.1,294,0.724,0,2026-06-20 00:00:00,1
BID-001480,AUC-0268,VND-0255,79948.41,0.8809,0.975,90.2,4.94,0.0015,2.9,251,0.7055,0,2026-06-20 00:00:00,0
BID-001481,AUC-0269,VND-0410,71233.67,0.9556,0.527,50.0,3.82,0.0284,15.0,284,0.3641,0,2026-04-26 00:00:00,0
BID-001482,AUC-0269,VND-0468,69160.24,0.9277,0.586,51.1,3.96,0.0248,14.7,169,0.4024,0,2026-04-26 00:00:00,0
BID-001483,AUC-0269,VND-0468,66902.41,0.8975,0.586,51.1,3.96,0.0248,14.7,169,0.4139,0,2026-04-26 00:00:00,0
BID-001484,AUC-0269,VND-0719,64555.63,0.866,0.654,67.3,4.13,0.0208,9.8,84,0.4759,0,2026-04-26 00:00:00,1
BID-001485,AUC-0270,VND-0368,355754.93,0.9727,0.679,69.2,4.2,0.0192,9.2,239,0.5205,0,2026-02-27 00:00:00,0
BID-001486,AUC-0270,VND-0368,347636.78,0.9505,0.679,69.2,4.2,0.0192,9.2,239,0.5305,0,2026-02-27 00:00:00,1
BID-001487,AUC-0270,VND-0194,343775.71,0.94,0.641,51.1,4.1,0.0215,14.7,234,0.4739,0,2026-02-27 00:00:00,0
BID-001488,AUC-0271,VND-0298,398732.36,0.9708,0.948,81.9,4.87,0.0031,5.4,104,0.5101,0,2026-06-10 00:00:00,0
BID-001489,AUC-0271,VND-0190,380570.19,0.9266,0.907,76.7,4.77,0.0056,7.0,42,0.5091,0,2026-06-10 00:00:00,0
BID-001490,AUC-0271,VND-0298,373090.61,0.9084,0.948,81.9,4.87,0.0031,5.4,104,0.5389,0,2026-06-10 00:00:00,0
BID-001491,AUC-0271,VND-0190,365067.25,0.8889,0.907,76.7,4.77,0.0056,7.0,42,0.5265,0,2026-06-10 00:00:00,0
BID-001492,AUC-0271,VND-0783,355097.39,0.8646,0.911,78.6,4.78,0.0053,6.4,91,0.5417,0,2026-06-10 00:00:00,0
BID-001493,AUC-0271,VND-0574,345618.9,0.8415,0.899,84.1,4.75,0.0061,4.8,134,0.5559,0,2026-06-10 00:00:00,0
BID-001494,AUC-0271,VND-0190,340989.78,0.8302,0.907,76.7,4.77,0.0056,7.0,42,0.5534,0,2026-06-10 00:00:00,0
BID-001495,AUC-0271,VND-0298,327037.6,0.7963,0.948,81.9,4.87,0.0031,5.4,104,0.5904,0,2026-06-10 00:00:00,1
BID-001496,AUC-0272,VND-0356,112082.88,0.9779,0.88,82.6,4.7,0.0072,5.2,180,0.4348,0,2026-04-28 00:00:00,0
BID-001497,AUC-0272,VND-0356,106840.42,0.9321,0.88,82.6,4.7,0.0072,5.2,180,0.4586,0,2026-04-28 00:00:00,0
BID-001498,AUC-0272,VND-0416,103586.32,0.9037,0.612,54.3,4.03,0.0233,13.7,104,0.3626,0,2026-04-28 00:00:00,0
BID-001499,AUC-0272,VND-0416,99412.13,0.8673,0.612,54.3,4.03,0.0233,13.7,104,0.3815,0,2026-04-28 00:00:00,0
BID-001500,AUC-0272,VND-0266,96551.74,0.8424,0.906,95.9,4.77,0.0056,1.2,85,0.532,0,2026-04-28 00:00:00,0
BID-001501,AUC-0272,VND-0333,92915.89,0.8106,0.551,50.0,3.88,0.0269,15.0,56,0.389,0,2026-04-28 00:00:00,0
BID-001502,AUC-0272,VND-0356,90006.73,0.7853,0.88,82.6,4.7,0.0072,5.2,180,0.535,0,2026-04-28 00:00:00,1
BID-001503,AUC-0272,VND-0333,88200.86,0.7695,0.551,50.0,3.88,0.0269,15.0,56,0.4104,0,2026-04-28 00:00:00,0
BID-001504,AUC-0273,VND-0292,245931.45,0.9537,0.746,63.9,4.37,0.0152,10.8,123,0.3469,0,2026-04-10 00:00:00,0
BID-001505,AUC-0273,VND-0450,241590.6,0.9369,0.507,50.0,3.77,0.0296,15.0,28,0.2874,0,2026-04-10 00:00:00,0
BID-001506,AUC-0273,VND-0292,237320.76,0.9203,0.746,63.9,4.37,0.0152,10.8,123,0.3659,0,2026-04-10 00:00:00,0
BID-001507,AUC-0273,VND-0292,230033.38,0.8921,0.746,63.9,4.37,0.0152,10.8,123,0.382,0,2026-04-10 00:00:00,0
BID-001508,AUC-0273,VND-0500,225170.27,0.8732,0.975,85.7,4.94,0.0015,4.3,283,0.4733,0,2026-04-10 00:00:00,1
BID-001509,AUC-0274,VND-0615,414518.83,0.9824,0.992,82.3,4.98,0.001,5.3,64,0.7135,0,2026-02-09 00:00:00,1
BID-001510,AUC-0274,VND-0509,398557.85,0.9446,0.59,60.6,3.98,0.0246,11.8,157,0.5525,0,2026-02-09 00:00:00,0
BID-001511,AUC-0274,VND-0509,391312.63,0.9274,0.59,60.6,3.98,0.0246,11.8,157,0.5569,0,2026-02-09 00:00:00,0
BID-001512,AUC-0274,VND-0624,378293.68,0.8965,0.566,50.0,3.91,0.0261,15.0,285,0.5389,0,2026-02-09 00:00:00,0
BID-001513,AUC-0275,VND-0653,356551.87,0.9661,0.855,84.4,4.64,0.0087,4.7,217,0.6636,0,2026-05-18 00:00:00,1
BID-001514,AUC-0275,VND-0766,350375.29,0.9493,0.656,64.5,4.14,0.0207,10.6,57,0.5543,0,2026-05-18 00:00:00,0
BID-001515,AUC-0275,VND-0296,341615.92,0.9256,0.569,53.7,3.92,0.0258,13.9,90,0.5055,0,2026-05-18 00:00:00,0
BID-001516,AUC-0275,VND-0296,331581.39,0.8984,0.569,53.7,3.92,0.0258,13.9,90,0.5126,0,2026-05-18 00:00:00,0
BID-001517,AUC-0276,VND-0493,270154.34,0.9799,0.864,79.0,4.66,0.0082,6.3,278,0.6421,0,2026-06-05 00:00:00,0
BID-001518,AUC-0276,VND-0318,258666.14,0.9382,0.554,50.0,3.88,0.0268,15.0,81,0.4875,0,2026-06-05 00:00:00,0
BID-001519,AUC-0276,VND-0318,256045.68,0.9287,0.554,50.0,3.88,0.0268,15.0,81,0.4901,0,2026-06-05 00:00:00,0
BID-001520,AUC-0276,VND-0415,245168.95,0.8893,0.869,79.8,4.67,0.0079,6.1,83,0.6699,0,2026-06-05 00:00:00,1
BID-001521,AUC-0276,VND-0464,233618.49,0.8474,0.634,55.9,4.09,0.0219,13.2,187,0.5515,0,2026-06-05 00:00:00,0
BID-001522,AUC-0276,VND-0318,222547.3,0.8072,0.554,50.0,3.88,0.0268,15.0,81,0.5229,0,2026-06-05 00:00:00,0
BID-001523,AUC-0276,VND-0105,215126.83,0.7803,0.503,50.0,3.76,0.0298,15.0,276,0.5154,0,2026-06-05 00:00:00,0
BID-001524,AUC-0277,VND-0034,284525.96,0.9507,0.57,62.3,3.93,0.0258,11.3,167,0.5077,0,2026-05-15 00:00:00,0
BID-001525,AUC-0277,VND-0254,280450.64,0.9371,0.955,93.5,4.89,0.0027,2.0,138,0.7733,0,2026-05-15 00:00:00,1
BID-001526,AUC-0277,VND-0172,273306.06,0.9132,0.587,51.8,3.97,0.0248,14.5,156,0.4911,0,2026-05-15 00:00:00,0
BID-001527,AUC-0277,VND-0450,269045.46,0.899,0.507,50.0,3.77,0.0296,15.0,28,0.4533,0,2026-05-15 00:00:00,0
BID-001528,AUC-0277,VND-0450,262466.39,0.877,0.507,50.0,3.77,0.0296,15.0,28,0.4577,0,2026-05-15 00:00:00,0
BID-001529,AUC-0277,VND-0450,259410.91,0.8668,0.507,50.0,3.77,0.0296,15.0,28,0.4598,0,2026-05-15 00:00:00,0
BID-001530,AUC-0278,VND-0072,248381.77,0.9586,0.749,61.0,4.37,0.0151,11.7,175,0.4407,0,2026-03-01 00:00:00,0
BID-001531,AUC-0278,VND-0554,243862.29,0.9412,0.698,70.1,4.25,0.0181,9.0,61,0.4372,0,2026-03-01 00:00:00,0
BID-001532,AUC-0278,VND-0227,241327.53,0.9314,0.712,73.7,4.28,0.0173,7.9,154,0.451,0,2026-03-01 00:00:00,1
BID-001533,AUC-0278,VND-0560,229484.75,0.8857,0.633,56.0,4.08,0.022,13.2,50,0.4184,0,2026-03-01 00:00:00,0
BID-001534,AUC-0278,VND-0560,224581.23,0.8668,0.633,56.0,4.08,0.022,13.2,50,0.4265,0,2026-03-01 00:00:00,0
BID-001535,AUC-0279,VND-0423,152037.44,0.9759,0.574,55.8,3.94,0.0255,13.3,184,0.4133,0,2026-06-01 00:00:00,0
BID-001536,AUC-0279,VND-0190,149594.48,0.9602,0.907,76.7,4.77,0.0056,7.0,42,0.5995,0,2026-06-01 00:00:00,0
BID-001537,AUC-0279,VND-0423,144603.29,0.9281,0.574,55.8,3.94,0.0255,13.3,184,0.4348,0,2026-06-01 00:00:00,0
BID-001538,AUC-0279,VND-0190,142163.3,0.9125,0.907,76.7,4.77,0.0056,7.0,42,0.621,0,2026-06-01 00:00:00,1
BID-001539,AUC-0279,VND-0457,139586.5,0.8959,0.812,74.2,4.53,0.0113,7.7,81,0.5849,0,2026-06-01 00:00:00,0
BID-001540,AUC-0280,VND-0794,282894.26,0.9862,0.848,69.5,4.62,0.0091,9.2,292,0.3518,0,2026-03-08 00:00:00,0
BID-001541,AUC-0280,VND-0460,277564.83,0.9676,0.882,68.8,4.7,0.0071,9.4,280,0.3662,0,2026-03-08 00:00:00,0
BID-001542,AUC-0280,VND-0230,268020.96,0.9343,0.528,50.0,3.82,0.0283,15.0,156,0.2815,0,2026-03-08 00:00:00,0
BID-001543,AUC-0280,VND-0123,255503.04,0.8907,0.508,50.7,3.77,0.0295,14.8,17,0.3042,0,2026-03-08 00:00:00,0
BID-001544,AUC-0280,VND-0423,251850.5,0.878,0.574,55.8,3.94,0.0255,13.3,184,0.3343,0,2026-03-08 00:00:00,0
BID-001545,AUC-0280,VND-0087,242570.7,0.8456,0.756,58.6,4.39,0.0146,12.4,91,0.3898,0,2026-03-08 00:00:00,1
BID-001546,AUC-0281,VND-0440,334174.02,0.9615,0.514,50.0,3.78,0.0292,15.0,28,0.3869,0,2026-06-04 00:00:00,0
BID-001547,AUC-0281,VND-0440,328822.08,0.9461,0.514,50.0,3.78,0.0292,15.0,28,0.3922,0,2026-06-04 00:00:00,0
BID-001548,AUC-0281,VND-0440,314346.2,0.9045,0.514,50.0,3.78,0.0292,15.0,28,0.4063,0,2026-06-04 00:00:00,1
BID-001549,AUC-0282,VND-0254,419717.64,0.9584,0.955,93.5,4.89,0.0027,2.0,138,0.5362,0,2026-01-03 00:00:00,0
BID-001550,AUC-0282,VND-0177,409773.88,0.9357,0.829,68.6,4.57,0.0102,9.4,203,0.4714,0,2026-01-03 00:00:00,0
BID-001551,AUC-0282,VND-0011,397496.52,0.9077,0.806,60.5,4.51,0.0116,11.8,165,0.4647,0,2026-01-03 00:00:00,0
BID-001552,AUC-0282,VND-0177,387353.99,0.8845,0.829,68.6,4.57,0.0102,9.4,203,0.4949,0,2026-01-03 00:00:00,0
BID-001553,AUC-0282,VND-0254,374082.41,0.8542,0.955,93.5,4.89,0.0027,2.0,138,0.5842,0,2026-01-03 00:00:00,1
BID-001554,AUC-0282,VND-0682,368179.15,0.8407,0.811,79.7,4.53,0.0113,6.1,139,0.528,0,2026-01-03 00:00:00,0
BID-001555,AUC-0283,VND-0731,308421.44,0.9585,0.697,64.6,4.24,0.0182,10.6,160,0.3484,0,2026-04-08 00:00:00,0
BID-001556,AUC-0283,VND-0731,302648.67,0.9405,0.697,64.6,4.24,0.0182,10.6,160,0.3579,0,2026-04-08 00:00:00,0
BID-001557,AUC-0283,VND-0626,294718.04,0.9159,0.898,82.3,4.75,0.0061,5.3,158,0.4513,0,2026-04-08 00:00:00,1
BID-001558,AUC-0283,VND-0731,283342.7,0.8805,0.697,64.6,4.24,0.0182,10.6,160,0.3897,0,2026-04-08 00:00:00,0
BID-001559,AUC-0283,VND-0731,276208.77,0.8584,0.697,64.6,4.24,0.0182,10.6,160,0.4015,0,2026-04-08 00:00:00,0
BID-001560,AUC-0283,VND-0605,262833.03,0.8168,0.637,70.9,4.09,0.0218,8.7,101,0.4297,0,2026-04-08 00:00:00,0
BID-001561,AUC-0284,VND-0378,373612.92,0.9756,0.57,62.5,3.92,0.0258,11.2,284,0.433,0,2026-04-04 00:00:00,0
BID-001562,AUC-0284,VND-0504,362539.67,0.9467,0.846,84.2,4.62,0.0092,4.7,256,0.5953,0,2026-04-04 00:00:00,1
BID-001563,AUC-0284,VND-0718,345729.61,0.9028,0.57,50.0,3.92,0.0258,15.0,278,0.4321,0,2026-04-04 00:00:00,0
BID-001564,AUC-0284,VND-0238,336223.95,0.878,0.764,80.2,4.41,0.0142,5.9,210,0.5774,0,2026-04-04 00:00:00,0
BID-001565,AUC-0284,VND-0378,329787.86,0.8612,0.57,62.5,3.92,0.0258,11.2,284,0.4708,0,2026-04-04 00:00:00,0
BID-001566,AUC-0284,VND-0378,314464.61,0.8212,0.57,62.5,3.92,0.0258,11.2,284,0.484,0,2026-04-04 00:00:00,0
BID-001567,AUC-0285,VND-0776,85431.47,0.966,0.976,92.8,4.94,0.0015,2.2,152,0.6906,0,2026-03-09 00:00:00,0
BID-001568,AUC-0285,VND-0182,81686.49,0.9237,0.729,67.4,4.32,0.0163,9.8,283,0.5475,0,2026-03-09 00:00:00,0
BID-001569,AUC-0285,VND-0217,79678.4,0.901,0.809,63.1,4.52,0.0115,11.1,278,0.5668,0,2026-03-09 00:00:00,0
BID-001570,AUC-0285,VND-0182,78594.86,0.8887,0.729,67.4,4.32,0.0163,9.8,283,0.5577,0,2026-03-09 00:00:00,0
BID-001571,AUC-0285,VND-0182,77518.5,0.8766,0.729,67.4,4.32,0.0163,9.8,283,0.5612,0,2026-03-09 00:00:00,0
BID-001572,AUC-0285,VND-0584,75029.15,0.8484,0.916,79.9,4.79,0.005,6.0,88,0.6668,0,2026-03-09 00:00:00,0
BID-001573,AUC-0285,VND-0184,74041.0,0.8372,0.981,97.4,4.95,0.0012,0.8,288,0.7432,0,2026-03-09 00:00:00,0
BID-001574,AUC-0285,VND-0184,71958.67,0.8137,0.981,97.4,4.95,0.0012,0.8,288,0.7501,0,2026-03-09 00:00:00,1
BID-001575,AUC-0286,VND-0719,229933.51,0.9736,0.654,67.3,4.13,0.0208,9.8,84,0.4344,0,2026-06-07 00:00:00,0
BID-001576,AUC-0286,VND-0719,222846.89,0.9436,0.654,67.3,4.13,0.0208,9.8,84,0.4491,0,2026-06-07 00:00:00,0
BID-001577,AUC-0286,VND-0719,212847.21,0.9013,0.654,67.3,4.13,0.0208,9.8,84,0.4698,0,2026-06-07 00:00:00,0
BID-001578,AUC-0286,VND-0727,210274.77,0.8904,0.934,84.1,4.84,0.0039,4.8,16,0.6008,0,2026-06-07 00:00:00,1
BID-001579,AUC-0287,VND-0300,14075.49,0.9659,0.596,50.0,3.99,0.0242,15.0,180,0.3379,0,2026-05-23 00:00:00,0
BID-001580,AUC-0287,VND-0736,13896.8,0.9536,0.784,73.6,4.46,0.013,7.9,82,0.4498,0,2026-05-23 00:00:00,0
BID-001581,AUC-0287,VND-0736,13608.28,0.9338,0.784,73.6,4.46,0.013,7.9,82,0.4587,0,2026-05-23 00:00:00,1
BID-001582,AUC-0288,VND-0096,128764.45,0.9839,0.547,59.8,3.87,0.0272,12.1,142,0.274,0,2026-05-25 00:00:00,0
BID-001583,AUC-0288,VND-0096,126211.58,0.9644,0.547,59.8,3.87,0.0272,12.1,142,0.2847,0,2026-05-25 00:00:00,0
BID-001584,AUC-0288,VND-0405,123306.3,0.9422,0.725,57.4,4.31,0.0165,12.8,249,0.3422,0,2026-05-25 00:00:00,0
BID-001585,AUC-0288,VND-0096,118293.41,0.9039,0.547,59.8,3.87,0.0272,12.1,142,0.318,0,2026-05-25 00:00:00,0
BID-001586,AUC-0288,VND-0411,113262.13,0.8654,0.901,73.1,4.75,0.0059,8.1,298,0.4564,0,2026-05-25 00:00:00,1
BID-001587,AUC-0289,VND-0036,358765.11,0.9803,0.886,72.5,4.72,0.0068,8.2,286,0.4298,0,2026-04-13 00:00:00,0
BID-001588,AUC-0289,VND-0127,346942.16,0.948,0.926,77.9,4.81,0.0045,6.6,286,0.4657,0,2026-04-13 00:00:00,1
BID-001589,AUC-0289,VND-0101,337055.62,0.921,0.821,69.1,4.55,0.0107,9.3,157,0.4369,0,2026-04-13 00:00:00,0
BID-001590,AUC-0289,VND-0434,331323.72,0.9053,0.578,50.0,3.94,0.0253,15.0,30,0.3488,0,2026-04-13 00:00:00,0
BID-001591,AUC-0290,VND-0604,489696.3,0.9873,0.842,74.7,4.6,0.0095,7.6,266,0.6146,0,2026-04-26 00:00:00,0
BID-001592,AUC-0290,VND-0553,482137.26,0.9721,0.997,80.1,4.99,0.001,6.0,74,0.7004,0,2026-04-26 00:00:00,0
BID-001593,AUC-0290,VND-0155,468429.66,0.9444,0.898,77.6,4.74,0.0061,6.7,100,0.6573,0,2026-04-26 00:00:00,0
BID-001594,AUC-0290,VND-0553,451050.45,0.9094,0.997,80.1,4.99,0.001,6.0,74,0.7179,0,2026-04-26 00:00:00,0
BID-001595,AUC-0290,VND-0553,436611.13,0.8803,0.997,80.1,4.99,0.001,6.0,74,0.7261,0,2026-04-26 00:00:00,0
BID-001596,AUC-0290,VND-0553,416722.75,0.8402,0.997,80.1,4.99,0.001,6.0,74,0.7373,0,2026-04-26 00:00:00,0
BID-001597,AUC-0290,VND-0553,396518.28,0.7995,0.997,80.1,4.99,0.001,6.0,74,0.7487,0,2026-04-26 00:00:00,1
BID-001598,AUC-0291,VND-0590,57620.11,0.9833,0.881,83.5,4.7,0.0072,5.0,126,0.6385,0,2026-03-29 00:00:00,0
BID-001599,AUC-0291,VND-0316,56752.95,0.9685,0.857,89.1,4.64,0.0086,3.3,257,0.6439,0,2026-03-29 00:00:00,1
BID-001600,AUC-0291,VND-0291,55715.75,0.9508,0.73,73.7,4.32,0.0162,7.9,77,0.5818,0,2026-03-29 00:00:00,0
BID-001601,AUC-0291,VND-0707,53282.21,0.9093,0.635,51.2,4.09,0.0219,14.6,152,0.5271,0,2026-03-29 00:00:00,0
BID-001602,AUC-0291,VND-0628,51461.24,0.8782,0.843,69.7,4.61,0.0094,9.1,121,0.6357,0,2026-03-29 00:00:00,0
BID-001603,AUC-0292,VND-0244,201063.3,0.9726,0.523,50.0,3.81,0.0286,15.0,218,0.2599,0,2026-04-11 00:00:00,0
BID-001604,AUC-0292,VND-0360,193017.98,0.9337,0.562,51.8,3.91,0.0263,14.5,161,0.2955,0,2026-04-11 00:00:00,0
BID-001605,AUC-0292,VND-0052,184407.85,0.892,0.657,60.0,4.14,0.0206,12.0,231,0.3573,0,2026-04-11 00:00:00,1
BID-001606,AUC-0293,VND-0018,393947.12,0.9799,0.983,93.5,4.96,0.001,2.0,209,0.7876,0,2026-05-02 00:00:00,0
BID-001607,AUC-0293,VND-0145,382658.97,0.9518,0.643,56.3,4.11,0.0214,13.1,216,0.5735,0,2026-05-02 00:00:00,0
BID-001608,AUC-0293,VND-0018,373145.04,0.9281,0.983,93.5,4.96,0.001,2.0,209,0.798,0,2026-05-02 00:00:00,1
BID-001609,AUC-0293,VND-0285,362498.48,0.9017,0.952,83.0,4.88,0.0029,5.1,291,0.7745,0,2026-05-02 00:00:00,0
BID-001610,AUC-0294,VND-0034,107335.56,0.976,0.57,62.3,3.93,0.0258,11.3,167,0.3824,0,2026-02-27 00:00:00,0
BID-001611,AUC-0294,VND-0778,102453.74,0.9316,0.614,50.0,4.04,0.0232,15.0,47,0.4002,0,2026-02-27 00:00:00,0
BID-001612,AUC-0294,VND-0296,99653.14,0.9061,0.569,53.7,3.92,0.0258,13.9,90,0.4042,0,2026-02-27 00:00:00,0
BID-001613,AUC-0294,VND-0536,97484.88,0.8864,0.648,56.1,4.12,0.0211,13.2,222,0.4374,0,2026-02-27 00:00:00,1
BID-001614,AUC-0294,VND-0296,94511.35,0.8594,0.569,53.7,3.92,0.0258,13.9,90,0.4262,0,2026-02-27 00:00:00,0
BID-001615,AUC-0295,VND-0481,279047.0,0.9896,0.541,51.9,3.85,0.0275,14.4,138,0.4861,0,2026-04-14 00:00:00,0
BID-001616,AUC-0295,VND-0065,274627.58,0.9739,0.503,50.0,3.76,0.0298,15.0,292,0.4706,0,2026-04-14 00:00:00,0
BID-001617,AUC-0295,VND-0226,265712.18,0.9423,0.889,84.9,4.72,0.0067,4.5,270,0.696,0,2026-04-14 00:00:00,1
BID-001618,AUC-0295,VND-0065,262792.71,0.9319,0.503,50.0,3.76,0.0298,15.0,292,0.4811,0,2026-04-14 00:00:00,0
BID-001619,AUC-0295,VND-0481,253535.31,0.8991,0.541,51.9,3.85,0.0275,14.4,138,0.5087,0,2026-04-14 00:00:00,0
BID-001620,AUC-0295,VND-0103,250755.15,0.8892,0.803,57.6,4.51,0.0118,12.7,148,0.6396,0,2026-04-14 00:00:00,0
BID-001621,AUC-0295,VND-0389,244897.1,0.8685,0.615,59.6,4.04,0.0231,12.1,240,0.5596,0,2026-04-14 00:00:00,0
BID-001622,AUC-0296,VND-0323,352464.7,0.9547,0.56,58.5,3.9,0.0264,12.4,70,0.3758,0,2026-02-15 00:00:00,0
BID-001623,AUC-0296,VND-0696,342829.61,0.9286,0.618,50.0,4.05,0.0229,15.0,229,0.3777,0,2026-02-15 00:00:00,0
BID-001624,AUC-0296,VND-0415,330263.94,0.8945,0.869,79.8,4.67,0.0079,6.1,83,0.5406,0,2026-02-15 00:00:00,1
BID-001625,AUC-0296,VND-0323,313768.65,0.8498,0.56,58.5,3.9,0.0264,12.4,70,0.4261,0,2026-02-15 00:00:00,0
BID-001626,AUC-0296,VND-0517,298921.78,0.8096,0.615,50.6,4.04,0.0231,14.8,154,0.4358,0,2026-02-15 00:00:00,0
BID-001627,AUC-0296,VND-0034,291984.98,0.7908,0.57,62.3,3.93,0.0258,11.3,167,0.468,0,2026-02-15 00:00:00,0
BID-001628,AUC-0296,VND-0696,280522.23,0.7598,0.618,50.0,4.05,0.0229,15.0,229,0.4587,0,2026-02-15 00:00:00,0
BID-001629,AUC-0297,VND-0263,308165.55,0.9882,0.919,85.5,4.8,0.0049,4.4,40,0.4561,0,2026-06-19 00:00:00,0
BID-001630,AUC-0297,VND-0263,293329.72,0.9407,0.919,85.5,4.8,0.0049,4.4,40,0.4803,0,2026-06-19 00:00:00,1
BID-001631,AUC-0297,VND-0178,285487.54,0.9155,0.535,50.9,3.84,0.0279,14.7,296,0.3376,0,2026-06-19 00:00:00,0
BID-001632,AUC-0297,VND-0178,277864.01,0.8911,0.535,50.9,3.84,0.0279,14.7,296,0.3501,0,2026-06-19 00:00:00,0
BID-001633,AUC-0298,VND-0338,97062.17,0.9504,0.705,69.5,4.26,0.0177,9.2,169,0.3737,0,2026-06-04 00:00:00,0
BID-001634,AUC-0298,VND-0411,92757.11,0.9082,0.901,73.1,4.75,0.0059,8.1,298,0.4508,0,2026-06-04 00:00:00,0
BID-001635,AUC-0298,VND-0420,89131.28,0.8727,0.79,79.1,4.48,0.0126,6.3,278,0.4516,0,2026-06-04 00:00:00,1
BID-001636,AUC-0298,VND-0338,87458.84,0.8563,0.705,69.5,4.26,0.0177,9.2,169,0.4235,0,2026-06-04 00:00:00,0
BID-001637,AUC-0299,VND-0075,177754.0,0.9653,0.526,51.0,3.81,0.0285,14.7,52,0.3479,0,2026-06-23 00:00:00,0
BID-001638,AUC-0299,VND-0075,169928.61,0.9228,0.526,51.0,3.81,0.0285,14.7,52,0.3683,0,2026-06-23 00:00:00,0
BID-001639,AUC-0299,VND-0075,164307.07,0.8923,0.526,51.0,3.81,0.0285,14.7,52,0.3829,0,2026-06-23 00:00:00,0
BID-001640,AUC-0299,VND-0596,156820.12,0.8516,0.534,52.9,3.83,0.028,14.1,172,0.4086,0,2026-06-23 00:00:00,0
BID-001641,AUC-0299,VND-0075,151290.49,0.8216,0.526,51.0,3.81,0.0285,14.7,52,0.4168,0,2026-06-23 00:00:00,0
BID-001642,AUC-0299,VND-0075,146590.14,0.7961,0.526,51.0,3.81,0.0285,14.7,52,0.4291,0,2026-06-23 00:00:00,1
BID-001643,AUC-0300,VND-0587,377272.17,0.9574,0.816,64.1,4.54,0.011,10.8,245,0.4401,0,2026-02-11 00:00:00,0
BID-001644,AUC-0300,VND-0751,366204.58,0.9293,0.76,70.6,4.4,0.0144,8.8,126,0.4594,0,2026-02-11 00:00:00,0
BID-001645,AUC-0300,VND-0267,348774.12,0.8851,0.998,92.4,5.0,0.001,2.3,173,0.5963,0,2026-02-11 00:00:00,0
BID-001646,AUC-0300,VND-0527,338326.6,0.8586,0.97,94.5,4.92,0.0018,1.6,105,0.6076,0,2026-02-11 00:00:00,1
BID-001647,AUC-0301,VND-0758,276236.63,0.9811,0.598,50.0,3.99,0.0241,15.0,137,0.3762,0,2026-06-22 00:00:00,0
BID-001648,AUC-0301,VND-0335,263742.49,0.9367,0.593,54.0,3.98,0.0244,13.8,73,0.3996,0,2026-06-22 00:00:00,0
BID-001649,AUC-0301,VND-0335,256206.33,0.9099,0.593,54.0,3.98,0.0244,13.8,73,0.4095,0,2026-06-22 00:00:00,0
BID-001650,AUC-0301,VND-0587,244153.86,0.8671,0.816,64.1,4.54,0.011,10.8,245,0.5312,0,2026-06-22 00:00:00,1
BID-001651,AUC-0302,VND-0502,12315.03,0.9803,0.936,87.9,4.84,0.0038,3.6,71,0.5181,0,2026-01-19 00:00:00,0
BID-001652,AUC-0302,VND-0565,11724.65,0.9333,0.686,56.7,4.22,0.0188,13.0,106,0.4057,0,2026-01-19 00:00:00,0
BID-001653,AUC-0302,VND-0502,11243.96,0.895,0.936,87.9,4.84,0.0038,3.6,71,0.5564,0,2026-01-19 00:00:00,1
BID-001654,AUC-0302,VND-0555,10935.59,0.8705,0.848,71.2,4.62,0.0091,8.6,247,0.5113,0,2026-01-19 00:00:00,0
BID-001655,AUC-0302,VND-0397,10758.85,0.8564,0.753,66.6,4.38,0.0148,10.0,272,0.4784,0,2026-01-19 00:00:00,0
BID-001656,AUC-0303,VND-0149,370044.67,0.9665,0.885,70.3,4.71,0.0069,8.9,230,0.4689,0,2026-03-31 00:00:00,0
BID-001657,AUC-0303,VND-0149,359977.89,0.9402,0.885,70.3,4.71,0.0069,8.9,230,0.4821,0,2026-03-31 00:00:00,0
BID-001658,AUC-0303,VND-0345,352253.23,0.92,0.885,73.1,4.71,0.0069,8.1,163,0.4997,0,2026-03-31 00:00:00,1
BID-001659,AUC-0303,VND-0337,337394.77,0.8812,0.54,50.0,3.85,0.0276,15.0,217,0.374,0,2026-03-31 00:00:00,0
BID-001660,AUC-0303,VND-0385,331872.4,0.8668,0.671,64.6,4.18,0.0197,10.6,99,0.4521,0,2026-03-31 00:00:00,0
BID-001661,AUC-0303,VND-0385,320675.74,0.8375,0.671,64.6,4.18,0.0197,10.6,99,0.4667,0,2026-03-31 00:00:00,0
BID-001662,AUC-0304,VND-0084,26439.39,0.9684,0.66,58.1,4.15,0.0204,12.6,37,0.4335,0,2026-04-28 00:00:00,0
BID-001663,AUC-0304,VND-0583,25226.8,0.924,0.58,56.2,3.95,0.0252,13.1,290,0.424,0,2026-04-28 00:00:00,0
BID-001664,AUC-0304,VND-0084,23973.69,0.8781,0.66,58.1,4.15,0.0204,12.6,37,0.4669,0,2026-04-28 00:00:00,1
BID-001665,AUC-0305,VND-0022,361463.24,0.9629,0.517,59.0,3.79,0.029,12.3,176,0.3,0,2026-04-16 00:00:00,0
BID-001666,AUC-0305,VND-0022,348218.38,0.9276,0.517,59.0,3.79,0.029,12.3,176,0.3197,0,2026-04-16 00:00:00,0
BID-001667,AUC-0305,VND-0476,344173.06,0.9168,0.8,72.0,4.5,0.012,8.4,211,0.4002,0,2026-04-16 00:00:00,0
BID-001668,AUC-0305,VND-0022,336186.3,0.8955,0.517,59.0,3.79,0.029,12.3,176,0.3377,0,2026-04-16 00:00:00,0
BID-001669,AUC-0305,VND-0476,319426.53,0.8509,0.8,72.0,4.5,0.012,8.4,211,0.4371,0,2026-04-16 00:00:00,1
BID-001670,AUC-0306,VND-0512,104204.42,0.9541,0.962,100.0,4.91,0.0023,0.1,155,0.7354,0,2026-03-30 00:00:00,0
BID-001671,AUC-0306,VND-0713,102714.14,0.9405,0.993,99.4,4.98,0.001,0.2,194,0.7515,0,2026-03-30 00:00:00,1
BID-001672,AUC-0306,VND-0002,99158.44,0.9079,0.866,77.9,4.66,0.008,6.6,67,0.6774,0,2026-03-30 00:00:00,0
BID-001673,AUC-0306,VND-0033,94867.65,0.8686,0.64,57.5,4.1,0.0216,12.8,271,0.563,0,2026-03-30 00:00:00,0
BID-001674,AUC-0307,VND-0246,459777.69,0.959,0.728,70.3,4.32,0.0163,8.9,264,0.5234,0,2026-06-28 00:00:00,0
BID-001675,AUC-0307,VND-0776,453412.16,0.9457,0.976,92.8,4.94,0.0015,2.2,152,0.6818,0,2026-06-28 00:00:00,0
BID-001676,AUC-0307,VND-0776,444819.24,0.9278,0.976,92.8,4.94,0.0015,2.2,152,0.6902,0,2026-06-28 00:00:00,1
BID-001677,AUC-0307,VND-0475,439801.08,0.9173,0.937,83.0,4.84,0.0038,5.1,245,0.6599,0,2026-06-28 00:00:00,0
BID-001678,AUC-0308,VND-0787,186055.86,0.9777,0.868,84.3,4.67,0.0079,4.7,279,0.5559,0,2026-03-29 00:00:00,0
BID-001679,AUC-0308,VND-0440,178943.64,0.9404,0.514,50.0,3.78,0.0292,15.0,28,0.3678,0,2026-03-29 00:00:00,0
BID-001680,AUC-0308,VND-0476,174162.48,0.9152,0.8,72.0,4.5,0.012,8.4,211,0.5271,0,2026-03-29 00:00:00,0
BID-001681,AUC-0308,VND-0130,166887.66,0.877,0.785,61.6,4.46,0.0129,11.5,96,0.511,0,2026-03-29 00:00:00,0
BID-001682,AUC-0308,VND-0700,160771.19,0.8449,0.809,79.4,4.52,0.0115,6.2,198,0.5759,0,2026-03-29 00:00:00,1
BID-001683,AUC-0309,VND-0200,164493.66,0.9665,0.875,81.1,4.69,0.0075,5.7,134,0.5744,0,2026-05-05 00:00:00,0
BID-001684,AUC-0309,VND-0200,161877.03,0.9511,0.875,81.1,4.69,0.0075,5.7,134,0.5812,0,2026-05-05 00:00:00,1
BID-001685,AUC-0309,VND-0564,159441.69,0.9368,0.543,54.1,3.86,0.0274,13.8,291,0.4032,0,2026-05-05 00:00:00,0
BID-001686,AUC-0310,VND-0584,80765.52,0.9736,0.916,79.9,4.79,0.005,6.0,88,0.5826,0,2026-06-24 00:00:00,0
BID-001687,AUC-0310,VND-0668,77601.51,0.9355,0.987,94.8,4.97,0.001,1.6,289,0.6484,0,2026-06-24 00:00:00,0
BID-001688,AUC-0310,VND-0645,73915.64,0.891,0.517,50.0,3.79,0.029,15.0,181,0.4387,0,2026-06-24 00:00:00,0
BID-001689,AUC-0310,VND-0345,70528.56,0.8502,0.885,73.1,4.71,0.0069,8.1,163,0.6035,0,2026-06-24 00:00:00,0
BID-001690,AUC-0310,VND-0100,68795.79,0.8293,0.944,89.3,4.86,0.0034,3.2,183,0.6628,0,2026-06-24 00:00:00,1
BID-001691,AUC-0310,VND-0584,67580.89,0.8147,0.916,79.9,4.79,0.005,6.0,88,0.6398,0,2026-06-24 00:00:00,0
BID-001692,AUC-0311,VND-0738,156956.5,0.9825,0.664,61.8,4.16,0.0202,11.5,205,0.4535,0,2026-04-02 00:00:00,0
BID-001693,AUC-0311,VND-0738,152476.94,0.9545,0.664,61.8,4.16,0.0202,11.5,205,0.463,0,2026-04-02 00:00:00,0
BID-001694,AUC-0311,VND-0738,146172.17,0.915,0.664,61.8,4.16,0.0202,11.5,205,0.4764,0,2026-04-02 00:00:00,1
BID-001695,AUC-0311,VND-0728,142081.62,0.8894,0.515,57.3,3.79,0.0291,12.8,249,0.4158,0,2026-04-02 00:00:00,0
BID-001696,AUC-0311,VND-0728,136425.17,0.854,0.515,57.3,3.79,0.0291,12.8,249,0.4279,0,2026-04-02 00:00:00,0
BID-001697,AUC-0312,VND-0303,418384.62,0.9518,0.56,52.6,3.9,0.0264,14.2,246,0.3171,0,2026-03-16 00:00:00,0
BID-001698,AUC-0312,VND-0756,412640.77,0.9388,0.906,82.6,4.77,0.0056,5.2,169,0.4441,0,2026-03-16 00:00:00,1
BID-001699,AUC-0312,VND-0493,406068.76,0.9238,0.864,79.0,4.66,0.0082,6.3,278,0.4375,0,2026-03-16 00:00:00,0
BID-001700,AUC-0313,VND-0524,484894.41,0.9733,0.616,50.0,4.04,0.023,15.0,45,0.3824,0,2026-05-23 00:00:00,0
BID-001701,AUC-0313,VND-0223,467796.3,0.939,0.906,96.3,4.77,0.0056,1.1,96,0.5933,0,2026-05-23 00:00:00,1
BID-001702,AUC-0313,VND-0592,448144.95,0.8995,0.816,81.3,4.54,0.011,5.6,112,0.5466,0,2026-05-23 00:00:00,0
BID-001703,AUC-0313,VND-0592,437619.28,0.8784,0.816,81.3,4.54,0.011,5.6,112,0.555,0,2026-05-23 00:00:00,0
BID-001704,AUC-0314,VND-0615,187440.84,0.9841,0.992,82.3,4.98,0.001,5.3,64,0.4688,0,2026-05-28 00:00:00,0
BID-001705,AUC-0314,VND-0663,181586.17,0.9534,0.988,87.0,4.97,0.001,3.9,224,0.4931,0,2026-05-28 00:00:00,0
BID-001706,AUC-0314,VND-0615,176611.16,0.9272,0.992,82.3,4.98,0.001,5.3,64,0.4973,0,2026-05-28 00:00:00,1
BID-001707,AUC-0314,VND-0387,171631.06,0.9011,0.564,50.0,3.91,0.0262,15.0,244,0.3376,0,2026-05-28 00:00:00,0
BID-001708,AUC-0315,VND-0065,222103.53,0.9664,0.503,50.0,3.76,0.0298,15.0,292,0.3894,0,2026-02-22 00:00:00,0
BID-001709,AUC-0315,VND-0523,215666.82,0.9384,0.943,87.6,4.86,0.0034,3.7,117,0.6628,0,2026-02-22 00:00:00,1
BID-001710,AUC-0315,VND-0065,205495.55,0.8942,0.503,50.0,3.76,0.0298,15.0,292,0.4118,0,2026-02-22 00:00:00,0
BID-001711,AUC-0316,VND-0664,347202.79,0.9543,0.591,61.2,3.98,0.0245,11.6,138,0.4244,0,2026-03-01 00:00:00,0
BID-001712,AUC-0316,VND-0456,332387.83,0.9136,0.795,63.1,4.49,0.0123,11.1,297,0.5278,0,2026-03-01 00:00:00,0
BID-001713,AUC-0316,VND-0664,323814.72,0.8901,0.591,61.2,3.98,0.0245,11.6,138,0.4469,0,2026-03-01 00:00:00,0
BID-001714,AUC-0316,VND-0456,313702.08,0.8623,0.795,63.1,4.49,0.0123,11.1,297,0.5457,0,2026-03-01 00:00:00,0
BID-001715,AUC-0316,VND-0456,307781.88,0.846,0.795,63.1,4.49,0.0123,11.1,297,0.5514,0,2026-03-01 00:00:00,1
BID-001716,AUC-0317,VND-0025,425321.7,0.9574,0.773,62.6,4.43,0.0136,11.2,219,0.5612,0,2026-02-10 00:00:00,0
BID-001717,AUC-0317,VND-0025,405077.8,0.9119,0.773,62.6,4.43,0.0136,11.2,219,0.5749,0,2026-02-10 00:00:00,0
BID-001718,AUC-0317,VND-0183,392897.08,0.8844,0.971,87.1,4.93,0.0018,3.9,166,0.7354,0,2026-02-10 00:00:00,1
BID-001719,AUC-0317,VND-0799,376479.8,0.8475,0.637,53.2,4.09,0.0218,14.0,62,0.5112,0,2026-02-10 00:00:00,0
BID-001720,AUC-0317,VND-0799,360848.46,0.8123,0.637,53.2,4.09,0.0218,14.0,62,0.5217,0,2026-02-10 00:00:00,0
BID-001721,AUC-0318,VND-0427,286456.34,0.953,0.605,65.4,4.01,0.0237,10.4,55,0.5623,0,2026-06-08 00:00:00,0
BID-001722,AUC-0318,VND-0411,277166.51,0.9221,0.901,73.1,4.75,0.0059,8.1,298,0.6906,0,2026-06-08 00:00:00,1
BID-001723,AUC-0318,VND-0405,272429.88,0.9063,0.725,57.4,4.31,0.0165,12.8,249,0.6099,0,2026-06-08 00:00:00,0
BID-001724,AUC-0319,VND-0013,198780.5,0.9848,0.728,68.2,4.32,0.0163,9.5,131,0.4601,0,2026-04-07 00:00:00,1
BID-001725,AUC-0319,VND-0102,195448.75,0.9683,0.581,59.8,3.95,0.0252,12.1,289,0.3927,0,2026-04-07 00:00:00,0
BID-001726,AUC-0319,VND-0102,188242.08,0.9326,0.581,59.8,3.95,0.0252,12.1,289,0.4102,0,2026-04-07 00:00:00,0
BID-001727,AUC-0320,VND-0382,201593.42,0.9501,0.624,57.9,4.06,0.0225,12.6,66,0.3949,0,2026-05-07 00:00:00,0
BID-001728,AUC-0320,VND-0331,195153.06,0.9197,0.678,70.6,4.2,0.0193,8.8,181,0.4581,0,2026-05-07 00:00:00,0
BID-001729,AUC-0320,VND-0125,192606.51,0.9077,0.982,94.8,4.95,0.0011,1.6,280,0.6171,0,2026-05-07 00:00:00,1
BID-001730,AUC-0320,VND-0781,183952.92,0.8669,0.677,59.8,4.19,0.0194,12.1,74,0.4486,0,2026-05-07 00:00:00,0
BID-001731,AUC-0320,VND-0069,175218.08,0.8258,0.759,77.3,4.4,0.0144,6.8,221,0.5375,0,2026-05-07 00:00:00,0
BID-001732,AUC-0321,VND-0618,345753.3,0.9855,0.826,71.2,4.56,0.0104,8.6,139,0.3858,0,2026-05-29 00:00:00,0
BID-001733,AUC-0321,VND-0647,337627.69,0.9623,0.784,79.5,4.46,0.013,6.1,139,0.407,0,2026-05-29 00:00:00,0
BID-001734,AUC-0321,VND-0614,323906.5,0.9232,0.699,54.6,4.25,0.0181,13.6,235,0.3539,0,2026-05-29 00:00:00,0
BID-001735,AUC-0321,VND-0614,314638.92,0.8968,0.699,54.6,4.25,0.0181,13.6,235,0.3676,0,2026-05-29 00:00:00,0
BID-001736,AUC-0321,VND-0038,305435.84,0.8706,0.853,86.6,4.63,0.0088,4.0,172,0.4855,0,2026-05-29 00:00:00,1
BID-001737,AUC-0322,VND-0054,11125.3,0.961,0.705,68.2,4.26,0.0177,9.5,70,0.5877,0,2026-05-20 00:00:00,1
BID-001738,AUC-0322,VND-0624,10572.54,0.9132,0.566,50.0,3.91,0.0261,15.0,285,0.5011,0,2026-05-20 00:00:00,0
BID-001739,AUC-0322,VND-0046,10405.15,0.8988,0.56,51.0,3.9,0.0264,14.7,298,0.5046,0,2026-05-20 00:00:00,0
BID-001740,AUC-0322,VND-0046,10083.81,0.871,0.56,51.0,3.9,0.0264,14.7,298,0.511,0,2026-05-20 00:00:00,0
BID-001741,AUC-0323,VND-0029,309163.62,0.9859,0.544,50.0,3.86,0.0273,15.0,298,0.2702,0,2026-04-29 00:00:00,0
BID-001742,AUC-0323,VND-0776,296477.25,0.9454,0.976,92.8,4.94,0.0015,2.2,152,0.4869,0,2026-04-29 00:00:00,0
BID-001743,AUC-0323,VND-0029,290994.08,0.9279,0.544,50.0,3.86,0.0273,15.0,298,0.3003,0,2026-04-29 00:00:00,0
BID-001744,AUC-0323,VND-0703,280854.98,0.8956,0.832,76.8,4.58,0.0101,7.0,242,0.4438,0,2026-04-29 00:00:00,0
BID-001745,AUC-0323,VND-0359,269357.18,0.8589,0.915,94.8,4.79,0.0051,1.6,173,0.522,0,2026-04-29 00:00:00,1
BID-001746,AUC-0323,VND-0197,256146.43,0.8168,0.686,65.9,4.22,0.0188,10.2,297,0.4265,0,2026-04-29 00:00:00,0
BID-001747,AUC-0324,VND-0571,180882.67,0.982,0.912,77.3,4.78,0.0053,6.8,23,0.4777,0,2026-01-05 00:00:00,0
BID-001748,AUC-0324,VND-0218,178810.62,0.9708,0.542,55.5,3.86,0.0275,13.4,292,0.3323,0,2026-01-05 00:00:00,0
BID-001749,AUC-0324,VND-0710,176995.9,0.9609,0.726,71.5,4.32,0.0164,8.5,141,0.4224,0,2026-01-05 00:00:00,0
BID-001750,AUC-0324,VND-0571,175104.72,0.9507,0.912,77.3,4.78,0.0053,6.8,23,0.4928,0,2026-01-05 00:00:00,0
BID-001751,AUC-0324,VND-0571,168809.94,0.9165,0.912,77.3,4.78,0.0053,6.8,23,0.5092,0,2026-01-05 00:00:00,1
BID-001752,AUC-0325,VND-0094,393632.72,0.9862,0.909,86.3,4.77,0.0055,4.1,226,0.6084,0,2026-03-26 00:00:00,0
BID-001753,AUC-0325,VND-0739,380856.79,0.9542,0.904,84.9,4.76,0.0058,4.5,217,0.6136,0,2026-03-26 00:00:00,1
BID-001754,AUC-0325,VND-0657,368016.04,0.922,0.774,82.2,4.43,0.0136,5.3,178,0.5768,0,2026-03-26 00:00:00,0
BID-001755,AUC-0325,VND-0301,357058.8,0.8945,0.584,50.0,3.96,0.0249,15.0,230,0.4379,0,2026-03-26 00:00:00,0
BID-001756,AUC-0326,VND-0163,54316.17,0.9775,0.977,97.8,4.94,0.0014,0.7,265,0.6485,0,2026-05-22 00:00:00,1
BID-001757,AUC-0326,VND-0800,53135.44,0.9563,0.543,61.0,3.86,0.0274,11.7,281,0.4115,0,2026-05-22 00:00:00,0
BID-001758,AUC-0326,VND-0774,52487.38,0.9446,0.903,79.0,4.76,0.0058,6.3,20,0.6014,0,2026-05-22 00:00:00,0
BID-001759,AUC-0326,VND-0616,50566.71,0.91,0.947,74.5,4.87,0.0032,7.6,284,0.6305,0,2026-05-22 00:00:00,0
BID-001760,AUC-0326,VND-0379,48653.45,0.8756,0.81,73.5,4.53,0.0114,8.0,200,0.5898,0,2026-05-22 00:00:00,0
BID-001761,AUC-0327,VND-0430,291558.27,0.9777,0.782,63.4,4.46,0.0131,11.0,100,0.5033,0,2026-04-05 00:00:00,0
BID-001762,AUC-0327,VND-0379,283897.62,0.952,0.81,73.5,4.53,0.0114,8.0,200,0.5457,0,2026-04-05 00:00:00,0
BID-001763,AUC-0327,VND-0176,269915.62,0.9051,0.752,74.2,4.38,0.0149,7.7,222,0.5468,0,2026-04-05 00:00:00,1
BID-001764,AUC-0328,VND-0088,237328.17,0.966,0.823,65.4,4.56,0.0106,10.4,297,0.4025,0,2026-06-30 00:00:00,0
BID-001765,AUC-0328,VND-0132,231513.33,0.9423,0.57,56.1,3.93,0.0258,13.2,281,0.3289,0,2026-06-30 00:00:00,0
BID-001766,AUC-0328,VND-0132,220172.52,0.8962,0.57,56.1,3.93,0.0258,13.2,281,0.3524,0,2026-06-30 00:00:00,0
BID-001767,AUC-0328,VND-0054,215167.45,0.8758,0.705,68.2,4.26,0.0177,9.5,70,0.4198,0,2026-06-30 00:00:00,1
BID-001768,AUC-0328,VND-0132,211444.03,0.8607,0.57,56.1,3.93,0.0258,13.2,281,0.3705,0,2026-06-30 00:00:00,0
BID-001769,AUC-0328,VND-0585,204405.24,0.832,0.503,50.0,3.76,0.0298,15.0,228,0.3566,0,2026-06-30 00:00:00,0
BID-001770,AUC-0328,VND-0132,200468.24,0.816,0.57,56.1,3.93,0.0258,13.2,281,0.3933,0,2026-06-30 00:00:00,0
BID-001771,AUC-0329,VND-0410,314361.66,0.968,0.527,50.0,3.82,0.0284,15.0,284,0.3414,0,2026-04-27 00:00:00,0
BID-001772,AUC-0329,VND-0603,300274.48,0.9247,0.744,73.7,4.36,0.0153,7.9,187,0.4729,0,2026-04-27 00:00:00,0
BID-001773,AUC-0329,VND-0603,293702.0,0.9044,0.744,73.7,4.36,0.0153,7.9,187,0.4816,0,2026-04-27 00:00:00,1
BID-001774,AUC-0330,VND-0784,41205.12,0.9863,0.834,61.0,4.58,0.01,11.7,229,0.3862,0,2026-01-27 00:00:00,0
BID-001775,AUC-0330,VND-0602,40349.62,0.9658,0.511,50.0,3.78,0.0293,15.0,209,0.3046,0,2026-01-27 00:00:00,0
BID-001776,AUC-0330,VND-0542,39725.18,0.9509,0.709,70.0,4.27,0.0175,9.0,75,0.4057,0,2026-01-27 00:00:00,0
BID-001777,AUC-0330,VND-0228,37819.99,0.9053,0.556,56.6,3.89,0.0267,13.0,139,0.3624,0,2026-01-27 00:00:00,0
BID-001778,AUC-0330,VND-0542,37280.18,0.8923,0.709,70.0,4.27,0.0175,9.0,75,0.4356,0,2026-01-27 00:00:00,1
BID-001779,AUC-0331,VND-0421,284297.16,0.9664,0.507,50.6,3.77,0.0296,14.8,144,0.3589,0,2026-04-09 00:00:00,0
BID-001780,AUC-0331,VND-0362,271276.07,0.9221,0.533,52.6,3.83,0.028,14.2,298,0.3891,0,2026-04-09 00:00:00,0
BID-001781,AUC-0331,VND-0421,267673.43,0.9099,0.507,50.6,3.77,0.0296,14.8,144,0.3798,0,2026-04-09 00:00:00,0
BID-001782,AUC-0331,VND-0421,263014.53,0.894,0.507,50.6,3.77,0.0296,14.8,144,0.3856,0,2026-04-09 00:00:00,0
BID-001783,AUC-0331,VND-0362,253012.64,0.86,0.533,52.6,3.83,0.028,14.2,298,0.412,0,2026-04-09 00:00:00,1
BID-001784,AUC-0332,VND-0656,280344.5,0.9832,0.54,61.3,3.85,0.0276,11.6,117,0.4491,0,2026-01-04 00:00:00,0
BID-001785,AUC-0332,VND-0656,266443.37,0.9345,0.54,61.3,3.85,0.0276,11.6,117,0.4632,0,2026-01-04 00:00:00,0
BID-001786,AUC-0332,VND-0528,256516.64,0.8997,0.999,90.1,5.0,0.001,3.0,218,0.7249,0,2026-01-04 00:00:00,1
BID-001787,AUC-0332,VND-0007,248034.24,0.8699,0.916,76.8,4.79,0.005,7.0,189,0.6766,0,2026-01-04 00:00:00,0
BID-001788,AUC-0333,VND-0035,279684.17,0.9823,0.537,59.1,3.84,0.0278,12.3,93,0.3403,0,2026-05-06 00:00:00,0
BID-001789,AUC-0333,VND-0147,273612.71,0.961,0.911,75.1,4.78,0.0053,7.5,148,0.4942,0,2026-05-06 00:00:00,0
BID-001790,AUC-0333,VND-0133,266449.31,0.9358,0.939,88.6,4.85,0.0037,3.4,54,0.5338,0,2026-05-06 00:00:00,0
BID-001791,AUC-0333,VND-0035,254078.1,0.8924,0.537,59.1,3.84,0.0278,12.3,93,0.3817,0,2026-05-06 00:00:00,0
BID-001792,AUC-0333,VND-0439,248799.78,0.8738,0.858,80.1,4.64,0.0085,6.0,175,0.5239,0,2026-05-06 00:00:00,0
BID-001793,AUC-0333,VND-0683,239276.68,0.8404,0.867,65.6,4.67,0.008,10.3,233,0.5221,0,2026-05-06 00:00:00,0
BID-001794,AUC-0333,VND-0439,230678.63,0.8102,0.858,80.1,4.64,0.0085,6.0,175,0.5532,0,2026-05-06 00:00:00,1
BID-001795,AUC-0334,VND-0154,295600.8,0.9669,0.758,66.9,4.4,0.0145,9.9,126,0.4831,0,2026-04-13 00:00:00,0
BID-001796,AUC-0334,VND-0281,285067.71,0.9325,0.852,71.4,4.63,0.0089,8.6,252,0.5376,0,2026-04-13 00:00:00,0
BID-001797,AUC-0334,VND-0015,271188.63,0.8871,0.796,63.2,4.49,0.0122,11.0,201,0.5134,0,2026-04-13 00:00:00,0
BID-001798,AUC-0334,VND-0154,267040.0,0.8735,0.758,66.9,4.4,0.0145,9.9,126,0.5167,0,2026-04-13 00:00:00,0
BID-001799,AUC-0334,VND-0015,261903.69,0.8567,0.796,63.2,4.49,0.0122,11.0,201,0.5243,0,2026-04-13 00:00:00,0
BID-001800,AUC-0334,VND-0154,251481.18,0.8226,0.758,66.9,4.4,0.0145,9.9,126,0.535,0,2026-04-13 00:00:00,0
BID-001801,AUC-0334,VND-0737,248240.1,0.812,0.939,78.3,4.85,0.0036,6.5,155,0.6277,0,2026-04-13 00:00:00,1
BID-001802,AUC-0334,VND-0578,244437.44,0.7996,0.809,84.2,4.52,0.0114,4.7,281,0.6077,0,2026-04-13 00:00:00,0
BID-001803,AUC-0335,VND-0267,326718.22,0.9568,0.998,92.4,5.0,0.001,2.3,173,0.7006,0,2026-05-03 00:00:00,0
BID-001804,AUC-0335,VND-0267,318049.0,0.9314,0.998,92.4,5.0,0.001,2.3,173,0.7082,0,2026-05-03 00:00:00,1
BID-001805,AUC-0335,VND-0580,312243.54,0.9144,0.936,75.4,4.84,0.0038,7.4,233,0.6655,0,2026-05-03 00:00:00,0
BID-001806,AUC-0335,VND-0142,307285.27,0.8999,0.688,54.9,4.22,0.0187,13.5,154,0.5565,0,2026-05-03 00:00:00,0
BID-001807,AUC-0336,VND-0253,393226.74,0.9723,0.842,64.7,4.61,0.0095,10.6,104,0.3722,0,2026-03-09 00:00:00,0
BID-001808,AUC-0336,VND-0298,375802.77,0.9292,0.948,81.9,4.87,0.0031,5.4,104,0.4561,0,2026-03-09 00:00:00,0
BID-001809,AUC-0336,VND-0727,368936.38,0.9122,0.934,84.1,4.84,0.0039,4.8,16,0.4683,0,2026-03-09 00:00:00,0
BID-001810,AUC-0336,VND-0324,362472.6,0.8962,0.797,75.1,4.49,0.0122,7.5,157,0.4307,0,2026-03-09 00:00:00,0
BID-001811,AUC-0336,VND-0298,351744.67,0.8697,0.948,81.9,4.87,0.0031,5.4,104,0.4889,0,2026-03-09 00:00:00,0
BID-001812,AUC-0336,VND-0253,342072.38,0.8458,0.842,64.7,4.61,0.0095,10.6,104,0.4418,0,2026-03-09 00:00:00,0
BID-001813,AUC-0336,VND-0253,338609.83,0.8372,0.842,64.7,4.61,0.0095,10.6,104,0.4465,0,2026-03-09 00:00:00,0
BID-001814,AUC-0336,VND-0532,333075.52,0.8235,0.884,81.1,4.71,0.007,5.7,254,0.5008,0,2026-03-09 00:00:00,1
BID-001815,AUC-0337,VND-0314,140161.93,0.9856,0.731,71.6,4.33,0.0161,8.5,227,0.4828,0,2026-03-31 00:00:00,0
BID-001816,AUC-0337,VND-0507,137971.49,0.9702,0.972,78.7,4.93,0.0017,6.4,250,0.5849,0,2026-03-31 00:00:00,0
BID-001817,AUC-0337,VND-0507,135614.6,0.9536,0.972,78.7,4.93,0.0017,6.4,250,0.5912,0,2026-03-31 00:00:00,1
BID-001818,AUC-0337,VND-0737,131691.36,0.926,0.939,78.3,4.85,0.0036,6.5,155,0.5901,0,2026-03-31 00:00:00,0
BID-001819,AUC-0338,VND-0335,396220.67,0.9564,0.593,54.0,3.98,0.0244,13.8,73,0.3697,0,2026-05-29 00:00:00,0
BID-001820,AUC-0338,VND-0217,387984.99,0.9365,0.809,63.1,4.52,0.0115,11.1,278,0.4477,0,2026-05-29 00:00:00,0
BID-001821,AUC-0338,VND-0462,380682.1,0.9189,0.947,91.0,4.87,0.0032,2.7,170,0.5463,0,2026-05-29 00:00:00,1
BID-001822,AUC-0338,VND-0469,376614.19,0.9091,0.509,57.2,3.77,0.0294,12.8,222,0.3789,0,2026-05-29 00:00:00,0
BID-001823,AUC-0339,VND-0438,250487.37,0.9856,0.513,50.0,3.78,0.0292,15.0,54,0.2704,0,2026-03-26 00:00:00,0
BID-001824,AUC-0339,VND-0361,242752.04,0.9552,0.969,82.7,4.92,0.0018,5.2,61,0.4448,0,2026-03-26 00:00:00,0
BID-001825,AUC-0339,VND-0546,237685.2,0.9352,0.971,91.1,4.93,0.0017,2.7,247,0.472,0,2026-03-26 00:00:00,0
BID-001826,AUC-0339,VND-0480,227707.54,0.896,0.583,58.3,3.96,0.025,12.5,61,0.3494,0,2026-03-26 00:00:00,0
BID-001827,AUC-0339,VND-0194,225245.57,0.8863,0.641,51.1,4.1,0.0215,14.7,234,0.353,0,2026-03-26 00:00:00,0
BID-001828,AUC-0339,VND-0480,214369.33,0.8435,0.583,58.3,3.96,0.025,12.5,61,0.3778,0,2026-03-26 00:00:00,0
BID-001829,AUC-0339,VND-0546,210157.18,0.8269,0.971,91.1,4.93,0.0017,2.7,247,0.5305,0,2026-03-26 00:00:00,1
BID-001830,AUC-0340,VND-0570,45754.62,0.958,0.74,73.9,4.35,0.0156,7.8,72,0.4691,0,2026-04-09 00:00:00,0
BID-001831,AUC-0340,VND-0570,43609.96,0.9131,0.74,73.9,4.35,0.0156,7.8,72,0.4902,0,2026-04-09 00:00:00,0
BID-001832,AUC-0340,VND-0501,42306.83,0.8858,0.593,58.5,3.98,0.0244,12.4,209,0.4219,0,2026-04-09 00:00:00,0
BID-001833,AUC-0340,VND-0570,41878.06,0.8769,0.74,73.9,4.35,0.0156,7.8,72,0.5072,0,2026-04-09 00:00:00,1
BID-001834,AUC-0340,VND-0242,40910.88,0.8566,0.727,64.3,4.32,0.0164,10.7,88,0.4899,0,2026-04-09 00:00:00,0
BID-001835,AUC-0340,VND-0501,39242.23,0.8217,0.593,58.5,3.98,0.0244,12.4,209,0.4521,0,2026-04-09 00:00:00,0
BID-001836,AUC-0340,VND-0670,37958.3,0.7948,0.536,50.0,3.84,0.0278,15.0,37,0.4272,0,2026-04-09 00:00:00,0
BID-001837,AUC-0341,VND-0144,37187.43,0.9612,0.733,67.5,4.33,0.016,9.8,80,0.4625,0,2026-02-13 00:00:00,0
BID-001838,AUC-0341,VND-0074,36441.94,0.9419,0.805,77.4,4.51,0.0117,6.8,19,0.5196,0,2026-02-13 00:00:00,0
BID-001839,AUC-0341,VND-0144,35223.04,0.9104,0.733,67.5,4.33,0.016,9.8,80,0.4818,0,2026-02-13 00:00:00,0
BID-001840,AUC-0341,VND-0074,33927.06,0.8769,0.805,77.4,4.51,0.0117,6.8,19,0.5443,0,2026-02-13 00:00:00,0
BID-001841,AUC-0341,VND-0144,33457.39,0.8648,0.733,67.5,4.33,0.016,9.8,80,0.4991,0,2026-02-13 00:00:00,0
BID-001842,AUC-0341,VND-0074,32286.89,0.8345,0.805,77.4,4.51,0.0117,6.8,19,0.5604,0,2026-02-13 00:00:00,1
BID-001843,AUC-0341,VND-0160,31544.66,0.8153,0.578,50.0,3.95,0.0253,15.0,76,0.4221,0,2026-02-13 00:00:00,0
BID-001844,AUC-0341,VND-0144,30778.91,0.7955,0.733,67.5,4.33,0.016,9.8,80,0.5254,0,2026-02-13 00:00:00,0
BID-001845,AUC-0342,VND-0467,167244.65,0.9624,0.992,90.3,4.98,0.001,2.9,30,0.5742,0,2026-01-20 00:00:00,0
BID-001846,AUC-0342,VND-0467,161791.42,0.931,0.992,90.3,4.98,0.001,2.9,30,0.5871,0,2026-01-20 00:00:00,0
BID-001847,AUC-0342,VND-0311,158676.58,0.9131,0.592,50.0,3.98,0.0245,15.0,73,0.3695,0,2026-01-20 00:00:00,0
BID-001848,AUC-0342,VND-0467,155788.92,0.8965,0.992,90.3,4.98,0.001,2.9,30,0.6013,0,2026-01-20 00:00:00,0
BID-001849,AUC-0342,VND-0225,150897.27,0.8683,0.688,59.0,4.22,0.0187,12.3,251,0.4399,0,2026-01-20 00:00:00,0
BID-001850,AUC-0342,VND-0467,148768.92,0.8561,0.992,90.3,4.98,0.001,2.9,30,0.6178,0,2026-01-20 00:00:00,0
BID-001851,AUC-0342,VND-0375,144655.28,0.8324,0.953,91.0,4.88,0.0028,2.7,215,0.6195,0,2026-01-20 00:00:00,1
BID-001852,AUC-0343,VND-0215,390468.89,0.9895,0.675,57.7,4.19,0.0195,12.7,296,0.5128,0,2026-03-24 00:00:00,0
BID-001853,AUC-0343,VND-0108,380173.97,0.9634,0.856,73.2,4.64,0.0086,8.0,115,0.6128,0,2026-03-24 00:00:00,1
BID-001854,AUC-0343,VND-0215,366593.86,0.929,0.675,57.7,4.19,0.0195,12.7,296,0.5309,0,2026-03-24 00:00:00,0
BID-001855,AUC-0344,VND-0117,349623.87,0.98,0.788,73.8,4.47,0.0127,7.9,58,0.4999,0,2026-03-12 00:00:00,0
BID-001856,AUC-0344,VND-0237,338619.23,0.9491,0.522,58.5,3.8,0.0287,12.4,225,0.3829,0,2026-03-12 00:00:00,0
BID-001857,AUC-0344,VND-0541,322524.37,0.904,0.893,70.6,4.73,0.0064,8.8,148,0.5628,0,2026-03-12 00:00:00,1
BID-001858,AUC-0345,VND-0027,377770.05,0.953,0.97,94.1,4.92,0.0018,1.8,96,0.6999,0,2026-04-17 00:00:00,1
BID-001859,AUC-0345,VND-0227,361645.84,0.9123,0.712,73.7,4.28,0.0173,7.9,154,0.5603,0,2026-04-17 00:00:00,0
BID-001860,AUC-0345,VND-0476,346518.59,0.8741,0.8,72.0,4.5,0.012,8.4,211,0.6034,0,2026-04-17 00:00:00,0
BID-001861,AUC-0345,VND-0700,341666.04,0.8619,0.809,79.4,4.52,0.0115,6.2,198,0.6322,0,2026-04-17 00:00:00,0
BID-001862,AUC-0346,VND-0001,252888.3,0.9599,0.687,73.5,4.22,0.0188,8.0,27,0.5258,0,2026-03-03 00:00:00,0
BID-001863,AUC-0346,VND-0775,250087.32,0.9492,0.522,51.3,3.8,0.0287,14.6,147,0.4274,0,2026-03-03 00:00:00,0
BID-001864,AUC-0346,VND-0167,237775.97,0.9025,0.507,50.0,3.77,0.0296,15.0,152,0.4337,0,2026-03-03 00:00:00,0
BID-001865,AUC-0346,VND-0459,229051.51,0.8694,0.647,64.8,4.12,0.0212,10.6,180,0.526,0,2026-03-03 00:00:00,0
BID-001866,AUC-0346,VND-0456,225184.49,0.8547,0.795,63.1,4.49,0.0123,11.1,297,0.5998,0,2026-03-03 00:00:00,1
BID-001867,AUC-0347,VND-0646,221656.22,0.9821,0.698,54.5,4.25,0.0181,13.6,213,0.453,0,2026-02-13 00:00:00,0
BID-001868,AUC-0347,VND-0051,215353.6,0.9542,0.516,53.7,3.79,0.0291,13.9,112,0.3783,0,2026-02-13 00:00:00,0
BID-001869,AUC-0347,VND-0639,211256.5,0.936,0.621,63.9,4.05,0.0227,10.8,209,0.4453,0,2026-02-13 00:00:00,0
BID-001870,AUC-0347,VND-0646,208877.83,0.9255,0.698,54.5,4.25,0.0181,13.6,213,0.4734,0,2026-02-13 00:00:00,1
BID-001871,AUC-0348,VND-0166,78686.56,0.9567,0.678,68.5,4.19,0.0193,9.4,290,0.5922,0,2026-05-22 00:00:00,0
BID-001872,AUC-0348,VND-0310,76408.64,0.929,0.903,88.1,4.76,0.0058,3.6,247,0.7081,0,2026-05-22 00:00:00,1
BID-001873,AUC-0348,VND-0726,75120.77,0.9133,0.749,68.6,4.37,0.0151,9.4,203,0.6305,0,2026-05-22 00:00:00,0
BID-001874,AUC-0348,VND-0726,72767.9,0.8847,0.749,68.6,4.37,0.0151,9.4,203,0.6379,0,2026-05-22 00:00:00,0
BID-001875,AUC-0349,VND-0426,166136.74,0.9726,0.534,52.6,3.83,0.028,14.2,280,0.4792,0,2026-01-28 00:00:00,0
BID-001876,AUC-0349,VND-0134,162706.75,0.9525,0.849,79.4,4.62,0.0091,6.2,178,0.6858,0,2026-01-28 00:00:00,0
BID-001877,AUC-0349,VND-0179,156434.58,0.9158,0.513,50.0,3.78,0.0292,15.0,171,0.476,0,2026-01-28 00:00:00,0
BID-001878,AUC-0349,VND-0179,148925.93,0.8719,0.513,50.0,3.78,0.0292,15.0,171,0.4852,0,2026-01-28 00:00:00,0
BID-001879,AUC-0349,VND-0182,142156.42,0.8322,0.729,67.4,4.32,0.0163,9.8,283,0.6301,0,2026-01-28 00:00:00,0
BID-001880,AUC-0349,VND-0134,136022.23,0.7963,0.849,79.4,4.62,0.0091,6.2,178,0.7186,0,2026-01-28 00:00:00,1
BID-001881,AUC-0350,VND-0458,217630.66,0.9774,0.776,64.7,4.44,0.0134,10.6,78,0.3328,0,2026-03-22 00:00:00,0
BID-001882,AUC-0350,VND-0247,207391.45,0.9314,0.639,54.4,4.1,0.0217,13.7,135,0.3182,0,2026-03-22 00:00:00,0
BID-001883,AUC-0350,VND-0511,203689.35,0.9148,0.849,68.8,4.62,0.0091,9.4,265,0.3903,0,2026-03-22 00:00:00,0
BID-001884,AUC-0350,VND-0458,198592.83,0.8919,0.776,64.7,4.44,0.0134,10.6,78,0.3833,0,2026-03-22 00:00:00,0
BID-001885,AUC-0350,VND-0613,189241.12,0.8499,0.71,68.1,4.27,0.0174,9.6,155,0.3978,0,2026-03-22 00:00:00,0
BID-001886,AUC-0350,VND-0648,181318.71,0.8143,0.9,75.1,4.75,0.006,7.5,101,0.4682,0,2026-03-22 00:00:00,1
BID-001887,AUC-0351,VND-0753,51683.45,0.9676,0.69,59.8,4.23,0.0186,12.1,234,0.4626,0,2026-06-11 00:00:00,0
BID-001888,AUC-0351,VND-0599,49286.72,0.9227,0.987,99.9,4.97,0.001,0.1,38,0.6718,0,2026-06-11 00:00:00,1
BID-001889,AUC-0351,VND-0569,47389.28,0.8872,0.926,80.6,4.81,0.0045,5.8,192,0.6233,0,2026-06-11 00:00:00,0
BID-001890,AUC-0351,VND-0025,46815.24,0.8765,0.773,62.6,4.43,0.0136,11.2,219,0.5325,0,2026-06-11 00:00:00,0
BID-001891,AUC-0351,VND-0025,45337.7,0.8488,0.773,62.6,4.43,0.0136,11.2,219,0.5421,0,2026-06-11 00:00:00,0
BID-001892,AUC-0351,VND-0025,43435.44,0.8132,0.773,62.6,4.43,0.0136,11.2,219,0.5546,0,2026-06-11 00:00:00,0
BID-001893,AUC-0351,VND-0025,41423.51,0.7755,0.773,62.6,4.43,0.0136,11.2,219,0.5678,0,2026-06-11 00:00:00,0
BID-001894,AUC-0352,VND-0183,114438.41,0.969,0.971,87.1,4.93,0.0018,3.9,166,0.6975,0,2026-01-10 00:00:00,0
BID-001895,AUC-0352,VND-0508,112105.43,0.9492,0.853,88.0,4.63,0.0088,3.6,150,0.6551,0,2026-01-10 00:00:00,0
BID-001896,AUC-0352,VND-0183,108522.95,0.9189,0.971,87.1,4.93,0.0018,3.9,166,0.7115,0,2026-01-10 00:00:00,1
BID-001897,AUC-0353,VND-0374,290364.11,0.9579,0.692,66.0,4.23,0.0185,10.2,194,0.4882,0,2026-05-01 00:00:00,0
BID-001898,AUC-0353,VND-0374,279344.5,0.9215,0.692,66.0,4.23,0.0185,10.2,194,0.5017,0,2026-05-01 00:00:00,1
BID-001899,AUC-0353,VND-0051,270763.54,0.8932,0.516,53.7,3.79,0.0291,13.9,112,0.4136,0,2026-05-01 00:00:00,0
BID-001900,AUC-0353,VND-0728,263265.04,0.8685,0.515,57.3,3.79,0.0291,12.8,249,0.4296,0,2026-05-01 00:00:00,0
BID-001901,AUC-0354,VND-0472,356673.42,0.9627,0.826,86.3,4.56,0.0105,4.1,178,0.5869,0,2026-02-05 00:00:00,0
BID-001902,AUC-0354,VND-0253,348289.01,0.9401,0.842,64.7,4.61,0.0095,10.6,104,0.5664,0,2026-02-05 00:00:00,0
BID-001903,AUC-0354,VND-0574,334141.79,0.9019,0.899,84.1,4.75,0.0061,4.8,134,0.645,0,2026-02-05 00:00:00,1
BID-001904,AUC-0354,VND-0253,330435.2,0.8919,0.842,64.7,4.61,0.0095,10.6,104,0.59,0,2026-02-05 00:00:00,0
BID-001905,AUC-0354,VND-0608,317999.16,0.8584,0.847,65.2,4.62,0.0092,10.4,18,0.6095,0,2026-02-05 00:00:00,0
BID-001906,AUC-0354,VND-0253,304521.11,0.822,0.842,64.7,4.61,0.0095,10.6,104,0.6243,0,2026-02-05 00:00:00,0
BID-001907,AUC-0355,VND-0094,492548.4,0.9867,0.909,86.3,4.77,0.0055,4.1,226,0.4799,0,2026-06-12 00:00:00,0
BID-001908,AUC-0355,VND-0304,478150.62,0.9579,0.603,50.0,4.01,0.0238,15.0,281,0.3313,0,2026-06-12 00:00:00,0
BID-001909,AUC-0355,VND-0094,464973.19,0.9315,0.909,86.3,4.77,0.0055,4.1,226,0.507,0,2026-06-12 00:00:00,0
BID-001910,AUC-0355,VND-0158,459258.72,0.92,0.918,86.8,4.79,0.0049,4.0,116,0.5157,0,2026-06-12 00:00:00,0
BID-001911,AUC-0355,VND-0094,441453.71,0.8843,0.909,86.3,4.77,0.0055,4.1,226,0.5301,0,2026-06-12 00:00:00,0
BID-001912,AUC-0355,VND-0158,431514.92,0.8644,0.918,86.8,4.79,0.0049,4.0,116,0.543,0,2026-06-12 00:00:00,0
BID-001913,AUC-0355,VND-0094,413482.96,0.8283,0.909,86.3,4.77,0.0055,4.1,226,0.5575,0,2026-06-12 00:00:00,0
BID-001914,AUC-0355,VND-0158,396901.81,0.7951,0.918,86.8,4.79,0.0049,4.0,116,0.5769,0,2026-06-12 00:00:00,1
BID-001915,AUC-0356,VND-0145,452460.95,0.9684,0.643,56.3,4.11,0.0214,13.1,216,0.5016,0,2026-05-16 00:00:00,0
BID-001916,AUC-0356,VND-0491,439047.49,0.9397,0.667,66.6,4.17,0.02,10.0,38,0.5565,0,2026-05-16 00:00:00,0
BID-001917,AUC-0356,VND-0155,432012.59,0.9246,0.898,77.6,4.74,0.0061,6.7,100,0.6948,0,2026-05-16 00:00:00,0
BID-001918,AUC-0356,VND-0491,419027.76,0.8968,0.667,66.6,4.17,0.02,10.0,38,0.5801,0,2026-05-16 00:00:00,0
BID-001919,AUC-0356,VND-0155,409572.59,0.8766,0.898,77.6,4.74,0.0061,6.7,100,0.7212,0,2026-05-16 00:00:00,0
BID-001920,AUC-0356,VND-0722,404815.27,0.8664,0.836,72.5,4.59,0.0098,8.2,141,0.6859,0,2026-05-16 00:00:00,0
BID-001921,AUC-0356,VND-0722,393200.1,0.8416,0.836,72.5,4.59,0.0098,8.2,141,0.6996,0,2026-05-16 00:00:00,0
BID-001922,AUC-0356,VND-0155,379843.7,0.813,0.898,77.6,4.74,0.0061,6.7,100,0.7562,0,2026-05-16 00:00:00,1
BID-001923,AUC-0357,VND-0761,313335.34,0.9645,0.53,59.9,3.83,0.0282,12.0,230,0.353,0,2026-05-05 00:00:00,0
BID-001924,AUC-0357,VND-0567,305671.58,0.9409,0.541,50.0,3.85,0.0276,15.0,167,0.3506,0,2026-05-05 00:00:00,0
BID-001925,AUC-0357,VND-0761,296134.19,0.9116,0.53,59.9,3.83,0.0282,12.0,230,0.3821,0,2026-05-05 00:00:00,0
BID-001926,AUC-0357,VND-0238,288698.6,0.8887,0.764,80.2,4.41,0.0142,5.9,210,0.5081,0,2026-05-05 00:00:00,0
BID-001927,AUC-0357,VND-0567,283088.59,0.8714,0.541,50.0,3.85,0.0276,15.0,167,0.3888,0,2026-05-05 00:00:00,0
BID-001928,AUC-0357,VND-0249,271224.91,0.8349,0.792,64.8,4.48,0.0125,10.6,66,0.5174,0,2026-05-05 00:00:00,1
BID-001929,AUC-0358,VND-0302,207931.68,0.9608,0.589,50.0,3.97,0.0247,15.0,244,0.4303,0,2026-03-21 00:00:00,0
BID-001930,AUC-0358,VND-0201,200653.93,0.9272,0.552,61.0,3.88,0.0269,11.7,116,0.4386,0,2026-03-21 00:00:00,0
BID-001931,AUC-0358,VND-0201,195382.9,0.9028,0.552,61.0,3.88,0.0269,11.7,116,0.4469,0,2026-03-21 00:00:00,0
BID-001932,AUC-0358,VND-0595,190223.36,0.879,0.65,64.4,4.13,0.021,10.7,159,0.5029,0,2026-03-21 00:00:00,1
BID-001933,AUC-0359,VND-0616,316891.14,0.985,0.947,74.5,4.87,0.0032,7.6,284,0.496,0,2026-01-04 00:00:00,0
BID-001934,AUC-0359,VND-0530,310327.56,0.9646,0.74,68.2,4.35,0.0156,9.5,69,0.4364,0,2026-01-04 00:00:00,0
BID-001935,AUC-0359,VND-0530,295703.2,0.9191,0.74,68.2,4.35,0.0156,9.5,69,0.4573,0,2026-01-04 00:00:00,0
BID-001936,AUC-0359,VND-0779,289755.84,0.9006,0.805,72.3,4.51,0.0117,8.3,269,0.4903,0,2026-01-04 00:00:00,0
BID-001937,AUC-0359,VND-0471,276540.6,0.8596,0.637,59.5,4.09,0.0218,12.2,189,0.4425,0,2026-01-04 00:00:00,0
BID-001938,AUC-0359,VND-0530,270881.38,0.842,0.74,68.2,4.35,0.0156,9.5,69,0.4928,0,2026-01-04 00:00:00,0
BID-001939,AUC-0359,VND-0800,257747.41,0.8011,0.543,61.0,3.86,0.0274,11.7,281,0.4445,0,2026-01-04 00:00:00,0
BID-001940,AUC-0359,VND-0616,249525.49,0.7756,0.947,74.5,4.87,0.0032,7.6,284,0.5923,0,2026-01-04 00:00:00,1
BID-001941,AUC-0360,VND-0197,380786.06,0.9641,0.686,65.9,4.22,0.0188,10.2,297,0.4409,0,2026-03-16 00:00:00,0
BID-001942,AUC-0360,VND-0527,372899.23,0.9441,0.97,94.5,4.92,0.0018,1.6,105,0.6067,0,2026-03-16 00:00:00,1
BID-001943,AUC-0360,VND-0795,359131.79,0.9093,0.714,71.8,4.29,0.0172,8.5,19,0.4869,0,2026-03-16 00:00:00,0
BID-001944,AUC-0360,VND-0795,345532.99,0.8748,0.714,71.8,4.29,0.0172,8.5,19,0.5034,0,2026-03-16 00:00:00,0
BID-001945,AUC-0361,VND-0515,66196.35,0.9737,0.66,71.6,4.15,0.0204,8.5,55,0.3505,0,2026-03-19 00:00:00,0
BID-001946,AUC-0361,VND-0726,65479.55,0.9632,0.749,68.6,4.37,0.0151,9.4,203,0.3624,0,2026-03-19 00:00:00,0
BID-001947,AUC-0361,VND-0651,62843.4,0.9244,0.516,53.7,3.79,0.0291,13.9,141,0.3101,0,2026-03-19 00:00:00,0
BID-001948,AUC-0361,VND-0726,61289.26,0.9015,0.749,68.6,4.37,0.0151,9.4,203,0.3957,0,2026-03-19 00:00:00,0
BID-001949,AUC-0361,VND-0651,60152.04,0.8848,0.516,53.7,3.79,0.0291,13.9,141,0.3314,0,2026-03-19 00:00:00,0
BID-001950,AUC-0361,VND-0515,57238.82,0.8419,0.66,71.6,4.15,0.0204,8.5,55,0.4217,0,2026-03-19 00:00:00,0
BID-001951,AUC-0361,VND-0515,56478.3,0.8307,0.66,71.6,4.15,0.0204,8.5,55,0.4277,0,2026-03-19 00:00:00,0
BID-001952,AUC-0361,VND-0698,54056.43,0.7951,0.669,69.8,4.17,0.0199,9.1,103,0.4438,0,2026-03-19 00:00:00,1
BID-001953,AUC-0362,VND-0611,207171.15,0.9825,0.975,78.9,4.94,0.0015,6.3,262,0.5973,0,2026-01-03 00:00:00,1
BID-001954,AUC-0362,VND-0392,199123.59,0.9444,0.626,56.5,4.06,0.0224,13.0,205,0.431,0,2026-01-03 00:00:00,0
BID-001955,AUC-0362,VND-0182,194424.83,0.9221,0.729,67.4,4.32,0.0163,9.8,283,0.5023,0,2026-01-03 00:00:00,0
BID-001956,AUC-0362,VND-0385,191026.63,0.906,0.671,64.6,4.18,0.0197,10.6,99,0.4807,0,2026-01-03 00:00:00,0
BID-001957,AUC-0362,VND-0392,181786.91,0.8621,0.626,56.5,4.06,0.0224,13.0,205,0.4655,0,2026-01-03 00:00:00,0
BID-001958,AUC-0363,VND-0262,407581.56,0.967,0.985,93.2,4.96,0.001,2.0,217,0.5647,0,2026-04-13 00:00:00,0
BID-001959,AUC-0363,VND-0262,395269.07,0.9378,0.985,93.2,4.96,0.001,2.0,217,0.5773,0,2026-04-13 00:00:00,0
BID-001960,AUC-0363,VND-0011,379109.88,0.8994,0.806,60.5,4.51,0.0116,11.8,165,0.4737,0,2026-04-13 00:00:00,0
BID-001961,AUC-0363,VND-0596,369732.65,0.8772,0.534,52.9,3.83,0.028,14.1,172,0.3978,0,2026-04-13 00:00:00,0
BID-001962,AUC-0363,VND-0262,355721.17,0.8439,0.985,93.2,4.96,0.001,2.0,217,0.6176,0,2026-04-13 00:00:00,1
BID-001963,AUC-0364,VND-0124,190759.73,0.9631,0.714,77.7,4.29,0.0172,6.7,69,0.5413,0,2026-04-08 00:00:00,0
BID-001964,AUC-0364,VND-0088,188565.68,0.952,0.823,65.4,4.56,0.0106,10.4,297,0.5469,0,2026-04-08 00:00:00,0
BID-001965,AUC-0364,VND-0124,179189.25,0.9046,0.714,77.7,4.29,0.0172,6.7,69,0.5588,0,2026-04-08 00:00:00,0
BID-001966,AUC-0364,VND-0589,175685.62,0.887,0.89,71.8,4.72,0.0066,8.5,35,0.6096,0,2026-04-08 00:00:00,0
BID-001967,AUC-0364,VND-0259,172460.47,0.8707,0.688,71.3,4.22,0.0187,8.6,248,0.5404,0,2026-04-08 00:00:00,0
BID-001968,AUC-0364,VND-0088,169395.3,0.8552,0.823,65.4,4.56,0.0106,10.4,297,0.576,0,2026-04-08 00:00:00,0
BID-001969,AUC-0364,VND-0589,163723.13,0.8266,0.89,71.8,4.72,0.0066,8.5,35,0.6278,0,2026-04-08 00:00:00,1
BID-001970,AUC-0364,VND-0664,159500.9,0.8052,0.591,61.2,3.98,0.0245,11.6,138,0.4948,0,2026-04-08 00:00:00,0
BID-001971,AUC-0365,VND-0059,282036.25,0.9718,0.902,70.4,4.75,0.0059,8.9,223,0.5558,0,2026-05-14 00:00:00,0
BID-001972,AUC-0365,VND-0054,271079.12,0.9341,0.705,68.2,4.26,0.0177,9.5,70,0.5123,0,2026-05-14 00:00:00,0
BID-001973,AUC-0365,VND-0656,262465.55,0.9044,0.54,61.3,3.85,0.0276,11.6,117,0.4635,0,2026-05-14 00:00:00,0
BID-001974,AUC-0365,VND-0059,249598.54,0.86,0.902,70.4,4.75,0.0059,8.9,223,0.596,0,2026-05-14 00:00:00,0
BID-001975,AUC-0365,VND-0090,241178.91,0.831,0.968,81.4,4.92,0.0019,5.6,35,0.6496,0,2026-05-14 00:00:00,0
BID-001976,AUC-0365,VND-0090,234015.11,0.8063,0.968,81.4,4.92,0.0019,5.6,35,0.6585,0,2026-05-14 00:00:00,0
BID-001977,AUC-0365,VND-0090,227883.97,0.7852,0.968,81.4,4.92,0.0019,5.6,35,0.6661,0,2026-05-14 00:00:00,1
BID-001978,AUC-0365,VND-0076,216494.84,0.746,0.954,76.1,4.89,0.0028,7.2,193,0.6646,0,2026-05-14 00:00:00,0
BID-001979,AUC-0366,VND-0733,283628.62,0.9518,1.0,79.0,5.0,0.001,6.3,38,0.6183,0,2026-06-17 00:00:00,0
BID-001980,AUC-0366,VND-0056,272188.2,0.9134,0.645,52.8,4.11,0.0213,14.2,53,0.4498,0,2026-06-17 00:00:00,0
BID-001981,AUC-0366,VND-0719,258672.18,0.868,0.654,67.3,4.13,0.0208,9.8,84,0.5039,0,2026-06-17 00:00:00,0
BID-001982,AUC-0366,VND-0733,251308.17,0.8433,1.0,79.0,5.0,0.001,6.3,38,0.6768,0,2026-06-17 00:00:00,0
BID-001983,AUC-0366,VND-0056,240965.19,0.8086,0.645,52.8,4.11,0.0213,14.2,53,0.5064,0,2026-06-17 00:00:00,0
BID-001984,AUC-0366,VND-0733,238452.68,0.8002,1.0,79.0,5.0,0.001,6.3,38,0.7001,0,2026-06-17 00:00:00,0
BID-001985,AUC-0366,VND-0324,234077.51,0.7855,0.797,75.1,4.49,0.0122,7.5,157,0.6198,0,2026-06-17 00:00:00,0
BID-001986,AUC-0366,VND-0733,222399.26,0.7463,1.0,79.0,5.0,0.001,6.3,38,0.7292,0,2026-06-17 00:00:00,1
BID-001987,AUC-0367,VND-0525,97181.81,0.968,0.935,72.6,4.84,0.0039,8.2,133,0.5704,0,2026-02-19 00:00:00,0
BID-001988,AUC-0367,VND-0525,95260.0,0.9489,0.935,72.6,4.84,0.0039,8.2,133,0.5798,0,2026-02-19 00:00:00,0
BID-001989,AUC-0367,VND-0684,93035.29,0.9267,0.858,90.6,4.64,0.0085,2.8,109,0.5921,0,2026-02-19 00:00:00,0
BID-001990,AUC-0367,VND-0684,91122.91,0.9077,0.858,90.6,4.64,0.0085,2.8,109,0.6014,0,2026-02-19 00:00:00,0
BID-001991,AUC-0367,VND-0311,87211.76,0.8687,0.592,50.0,3.98,0.0245,15.0,73,0.4411,0,2026-02-19 00:00:00,0
BID-001992,AUC-0367,VND-0525,82989.43,0.8266,0.935,72.6,4.84,0.0039,8.2,133,0.6397,0,2026-02-19 00:00:00,1
BID-001993,AUC-0368,VND-0547,179679.94,0.9583,0.804,72.0,4.51,0.0118,8.4,296,0.6553,0,2026-01-30 00:00:00,0
BID-001994,AUC-0368,VND-0009,171516.12,0.9148,0.652,56.5,4.13,0.0209,13.0,191,0.5856,0,2026-01-30 00:00:00,0
BID-001995,AUC-0368,VND-0762,167665.74,0.8942,0.676,51.0,4.19,0.0195,14.7,256,0.592,0,2026-01-30 00:00:00,0
BID-001996,AUC-0368,VND-0762,160566.68,0.8564,0.676,51.0,4.19,0.0195,14.7,256,0.6011,0,2026-01-30 00:00:00,0
BID-001997,AUC-0368,VND-0313,155582.94,0.8298,0.809,69.6,4.52,0.0115,9.1,131,0.6845,0,2026-01-30 00:00:00,1
BID-001998,AUC-0369,VND-0225,166341.49,0.9565,0.688,59.0,4.22,0.0187,12.3,251,0.4447,0,2026-06-30 00:00:00,0
BID-001999,AUC-0369,VND-0491,159644.44,0.918,0.667,66.6,4.17,0.02,10.0,38,0.4728,0,2026-06-30 00:00:00,0
BID-002000,AUC-0369,VND-0356,156804.65,0.9016,0.88,82.6,4.7,0.0072,5.2,180,0.5907,0,2026-06-30 00:00:00,1
BID-002001,AUC-0369,VND-0491,149330.71,0.8587,0.667,66.6,4.17,0.02,10.0,38,0.4989,0,2026-06-30 00:00:00,0
BID-002002,AUC-0369,VND-0491,147398.36,0.8476,0.667,66.6,4.17,0.02,10.0,38,0.5037,0,2026-06-30 00:00:00,0
BID-002003,AUC-0369,VND-0465,144302.88,0.8298,0.817,63.7,4.54,0.011,10.9,29,0.5555,0,2026-06-30 00:00:00,0
BID-002004,AUC-0370,VND-0626,22339.52,0.9782,0.898,82.3,4.75,0.0061,5.3,158,0.4429,0,2026-02-09 00:00:00,0
BID-002005,AUC-0370,VND-0030,21637.07,0.9475,0.523,50.0,3.81,0.0286,15.0,73,0.3095,0,2026-02-09 00:00:00,0
BID-002006,AUC-0370,VND-0626,21383.61,0.9364,0.898,82.3,4.75,0.0061,5.3,158,0.4642,0,2026-02-09 00:00:00,0
BID-002007,AUC-0370,VND-0057,20630.5,0.9034,0.965,98.7,4.91,0.0021,0.4,65,0.5287,0,2026-02-09 00:00:00,0
BID-002008,AUC-0370,VND-0057,20228.08,0.8858,0.965,98.7,4.91,0.0021,0.4,65,0.5377,0,2026-02-09 00:00:00,1
BID-002009,AUC-0370,VND-0222,19678.95,0.8617,0.687,60.3,4.22,0.0188,11.9,29,0.4108,0,2026-02-09 00:00:00,0
BID-002010,AUC-0370,VND-0626,19445.67,0.8515,0.898,82.3,4.75,0.0061,5.3,158,0.5075,0,2026-02-09 00:00:00,0
BID-002011,AUC-0370,VND-0626,19176.56,0.8397,0.898,82.3,4.75,0.0061,5.3,158,0.5135,0,2026-02-09 00:00:00,0
BID-002012,AUC-0371,VND-0771,21319.57,0.9755,0.855,69.8,4.64,0.0087,9.1,137,0.3983,0,2026-03-15 00:00:00,0
BID-002013,AUC-0371,VND-0197,20352.05,0.9313,0.686,65.9,4.22,0.0188,10.2,297,0.3818,0,2026-03-15 00:00:00,0
BID-002014,AUC-0371,VND-0428,19482.47,0.8915,0.603,50.0,4.01,0.0238,15.0,165,0.3623,0,2026-03-15 00:00:00,0
BID-002015,AUC-0371,VND-0156,18986.62,0.8688,0.719,59.2,4.3,0.0168,12.2,98,0.4122,0,2026-03-15 00:00:00,0
BID-002016,AUC-0371,VND-0786,18741.55,0.8576,0.793,65.1,4.48,0.0124,10.5,76,0.442,0,2026-03-15 00:00:00,0
BID-002017,AUC-0371,VND-0771,18479.21,0.8456,0.855,69.8,4.64,0.0087,9.1,137,0.4685,0,2026-03-15 00:00:00,1
BID-002018,AUC-0371,VND-0710,17727.04,0.8112,0.726,71.5,4.32,0.0164,8.5,141,0.4633,0,2026-03-15 00:00:00,0
BID-002019,AUC-0372,VND-0442,403802.42,0.9671,0.51,50.0,3.77,0.0294,15.0,124,0.413,0,2026-03-02 00:00:00,0
BID-002020,AUC-0372,VND-0442,389647.07,0.9332,0.51,50.0,3.77,0.0294,15.0,124,0.4225,0,2026-03-02 00:00:00,0
BID-002021,AUC-0372,VND-0442,379134.81,0.908,0.51,50.0,3.77,0.0294,15.0,124,0.4296,0,2026-03-02 00:00:00,0
BID-002022,AUC-0372,VND-0498,365574.66,0.8756,0.68,52.5,4.2,0.0192,14.2,28,0.5128,0,2026-03-02 00:00:00,1
BID-002023,AUC-0373,VND-0609,141700.39,0.9854,0.541,54.9,3.85,0.0275,13.5,49,0.4728,0,2026-03-30 00:00:00,0
BID-002024,AUC-0373,VND-0529,135202.8,0.9402,0.884,81.5,4.71,0.007,5.6,163,0.6486,0,2026-03-30 00:00:00,0
BID-002025,AUC-0373,VND-0609,129557.75,0.9009,0.541,54.9,3.85,0.0275,13.5,49,0.4973,0,2026-03-30 00:00:00,0
BID-002026,AUC-0373,VND-0759,124218.71,0.8638,0.824,81.5,4.56,0.0106,5.6,51,0.654,0,2026-03-30 00:00:00,0
BID-002027,AUC-0373,VND-0529,121493.65,0.8449,0.884,81.5,4.71,0.007,5.6,163,0.6763,0,2026-03-30 00:00:00,1
BID-002028,AUC-0374,VND-0560,254411.03,0.9642,0.633,56.0,4.08,0.022,13.2,50,0.4553,0,2026-04-30 00:00:00,0
BID-002029,AUC-0374,VND-0112,244500.63,0.9266,0.547,50.0,3.87,0.0272,15.0,230,0.4188,0,2026-04-30 00:00:00,0
BID-002030,AUC-0374,VND-0679,241053.42,0.9136,0.95,82.9,4.88,0.003,5.1,239,0.6667,0,2026-04-30 00:00:00,1
BID-002031,AUC-0374,VND-0730,234289.13,0.8879,0.608,56.3,4.02,0.0235,13.1,234,0.4721,0,2026-04-30 00:00:00,0
BID-002032,AUC-0375,VND-0447,153024.31,0.9786,0.915,80.0,4.79,0.0051,6.0,168,0.7244,0,2026-01-16 00:00:00,1
BID-002033,AUC-0375,VND-0724,145771.19,0.9322,0.846,86.1,4.62,0.0092,4.2,207,0.7125,0,2026-01-16 00:00:00,0
BID-002034,AUC-0375,VND-0518,138529.9,0.8859,0.538,56.0,3.85,0.0277,13.2,137,0.5541,0,2026-01-16 00:00:00,0
BID-002035,AUC-0376,VND-0616,449842.95,0.9552,0.947,74.5,4.87,0.0032,7.6,284,0.4908,0,2026-02-17 00:00:00,0
BID-002036,AUC-0376,VND-0678,430404.66,0.9139,0.743,75.4,4.36,0.0154,7.4,120,0.471,0,2026-02-17 00:00:00,0
BID-002037,AUC-0376,VND-0627,424557.1,0.9015,0.559,50.0,3.9,0.0265,15.0,106,0.3712,0,2026-02-17 00:00:00,0
BID-002038,AUC-0376,VND-0678,417846.02,0.8873,0.743,75.4,4.36,0.0154,7.4,120,0.483,0,2026-02-17 00:00:00,0
BID-002039,AUC-0376,VND-0544,403985.58,0.8578,0.807,68.1,4.52,0.0116,9.6,75,0.4893,0,2026-02-17 00:00:00,0
BID-002040,AUC-0376,VND-0581,397571.39,0.8442,0.913,77.0,4.78,0.0052,6.9,210,0.5405,0,2026-02-17 00:00:00,1
BID-002041,AUC-0377,VND-0615,130458.72,0.9519,0.992,82.3,4.98,0.001,5.3,64,0.6153,0,2026-02-02 00:00:00,0
BID-002042,AUC-0377,VND-0615,128588.7,0.9382,0.992,82.3,4.98,0.001,5.3,64,0.6202,0,2026-02-02 00:00:00,0
BID-002043,AUC-0377,VND-0615,125788.39,0.9178,0.992,82.3,4.98,0.001,5.3,64,0.6275,0,2026-02-02 00:00:00,0
BID-002044,AUC-0377,VND-0007,120624.68,0.8801,0.916,76.8,4.79,0.005,7.0,189,0.5994,0,2026-02-02 00:00:00,0
BID-002045,AUC-0377,VND-0229,117468.12,0.8571,0.506,50.0,3.76,0.0297,15.0,275,0.3887,0,2026-02-02 00:00:00,0
BID-002046,AUC-0377,VND-0076,114377.21,0.8345,0.954,76.1,4.89,0.0028,7.2,193,0.6291,0,2026-02-02 00:00:00,0
BID-002047,AUC-0377,VND-0076,108703.99,0.7931,0.954,76.1,4.89,0.0028,7.2,193,0.644,0,2026-02-02 00:00:00,1
BID-002048,AUC-0378,VND-0608,214427.61,0.9723,0.847,65.2,4.62,0.0092,10.4,18,0.5281,0,2026-01-10 00:00:00,0
BID-002049,AUC-0378,VND-0608,210431.48,0.9542,0.847,65.2,4.62,0.0092,10.4,18,0.5344,0,2026-01-10 00:00:00,1
BID-002050,AUC-0378,VND-0351,200389.43,0.9087,0.766,55.9,4.42,0.014,13.2,276,0.5026,0,2026-01-10 00:00:00,0
BID-002051,AUC-0379,VND-0152,417532.36,0.9541,0.77,68.6,4.43,0.0138,9.4,30,0.4101,0,2026-05-03 00:00:00,0
BID-002052,AUC-0379,VND-0273,411043.52,0.9392,0.809,73.1,4.52,0.0115,8.1,254,0.437,0,2026-05-03 00:00:00,0
BID-002053,AUC-0379,VND-0273,394486.48,0.9014,0.809,73.1,4.52,0.0115,8.1,254,0.4555,0,2026-05-03 00:00:00,0
BID-002054,AUC-0379,VND-0251,377476.01,0.8625,0.849,73.2,4.62,0.0091,8.0,198,0.4889,0,2026-05-03 00:00:00,0
BID-002055,AUC-0379,VND-0545,359205.86,0.8208,0.996,80.1,4.99,0.001,6.0,128,0.5705,0,2026-05-03 00:00:00,1
BID-002056,AUC-0379,VND-0400,341509.97,0.7803,0.848,82.5,4.62,0.0091,5.2,256,0.5409,0,2026-05-03 00:00:00,0
BID-002057,AUC-0379,VND-0542,333432.04,0.7619,0.709,70.0,4.27,0.0175,9.0,75,0.4843,0,2026-05-03 00:00:00,0
BID-002058,AUC-0379,VND-0273,319366.74,0.7298,0.809,73.1,4.52,0.0115,8.1,254,0.5396,0,2026-05-03 00:00:00,0
BID-002059,AUC-0380,VND-0617,410984.09,0.9726,0.607,50.0,4.02,0.0236,15.0,218,0.4264,0,2026-06-12 00:00:00,0
BID-002060,AUC-0380,VND-0752,405337.21,0.9593,0.513,50.0,3.78,0.0292,15.0,78,0.3895,0,2026-06-12 00:00:00,0
BID-002061,AUC-0380,VND-0555,395083.25,0.935,0.848,71.2,4.62,0.0091,8.6,247,0.5876,0,2026-06-12 00:00:00,1
BID-002062,AUC-0380,VND-0306,385684.74,0.9128,0.52,52.4,3.8,0.0288,14.3,70,0.4133,0,2026-06-12 00:00:00,0
BID-002063,AUC-0380,VND-0369,367581.29,0.8699,0.696,66.8,4.24,0.0182,10.0,205,0.5341,0,2026-06-12 00:00:00,0
BID-002064,AUC-0380,VND-0617,363685.91,0.8607,0.607,50.0,4.02,0.0236,15.0,218,0.4645,0,2026-06-12 00:00:00,0
BID-002065,AUC-0380,VND-0306,348283.93,0.8242,0.52,52.4,3.8,0.0288,14.3,70,0.4434,0,2026-06-12 00:00:00,0
BID-002066,AUC-0380,VND-0369,335439.06,0.7938,0.696,66.8,4.24,0.0182,10.0,205,0.5599,0,2026-06-12 00:00:00,0
BID-002067,AUC-0381,VND-0721,96764.43,0.9563,0.985,78.2,4.96,0.001,6.5,82,0.7244,0,2026-03-07 00:00:00,0
BID-002068,AUC-0381,VND-0721,94253.7,0.9315,0.985,78.2,4.96,0.001,6.5,82,0.7298,0,2026-03-07 00:00:00,1
BID-002069,AUC-0381,VND-0681,92404.06,0.9132,0.956,73.9,4.89,0.0026,7.8,190,0.7102,0,2026-03-07 00:00:00,0
BID-002070,AUC-0382,VND-0219,399246.49,0.99,0.536,52.2,3.84,0.0278,14.3,200,0.2298,0,2026-01-15 00:00:00,0
BID-002071,AUC-0382,VND-0146,381644.39,0.9463,0.515,50.0,3.79,0.0291,15.0,234,0.248,0,2026-01-15 00:00:00,0
BID-002072,AUC-0382,VND-0027,368662.48,0.9141,0.97,94.1,4.92,0.0018,1.8,96,0.4356,0,2026-01-15 00:00:00,0
BID-002073,AUC-0382,VND-0027,364052.66,0.9027,0.97,94.1,4.92,0.0018,1.8,96,0.4424,0,2026-01-15 00:00:00,0
BID-002074,AUC-0382,VND-0513,358711.51,0.8895,0.972,88.2,4.93,0.0017,3.5,209,0.4414,0,2026-01-15 00:00:00,0
BID-002075,AUC-0382,VND-0027,347894.21,0.8626,0.97,94.1,4.92,0.0018,1.8,96,0.4665,0,2026-01-15 00:00:00,1
BID-002076,AUC-0383,VND-0140,224441.08,0.9571,0.851,82.2,4.63,0.0089,5.3,214,0.6072,0,2026-03-26 00:00:00,0
BID-002077,AUC-0383,VND-0084,221766.49,0.9457,0.66,58.1,4.15,0.0204,12.6,37,0.5096,0,2026-03-26 00:00:00,0
BID-002078,AUC-0383,VND-0084,216220.63,0.922,0.66,58.1,4.15,0.0204,12.6,37,0.5174,0,2026-03-26 00:00:00,0
BID-002079,AUC-0383,VND-0084,208764.76,0.8902,0.66,58.1,4.15,0.0204,12.6,37,0.5279,0,2026-03-26 00:00:00,0
BID-002080,AUC-0383,VND-0140,206008.19,0.8785,0.851,82.2,4.63,0.0089,5.3,214,0.6331,0,2026-03-26 00:00:00,0
BID-002081,AUC-0383,VND-0084,196879.25,0.8395,0.66,58.1,4.15,0.0204,12.6,37,0.5446,0,2026-03-26 00:00:00,0
BID-002082,AUC-0383,VND-0140,194482.65,0.8293,0.851,82.2,4.63,0.0089,5.3,214,0.6493,0,2026-03-26 00:00:00,1
BID-002083,AUC-0384,VND-0611,237853.39,0.9643,0.975,78.9,4.94,0.0015,6.3,262,0.6619,0,2026-04-13 00:00:00,0
BID-002084,AUC-0384,VND-0206,234108.16,0.9491,0.66,69.8,4.15,0.0204,9.1,239,0.513,0,2026-04-13 00:00:00,0
BID-002085,AUC-0384,VND-0206,228317.63,0.9257,0.66,69.8,4.15,0.0204,9.1,239,0.52,0,2026-04-13 00:00:00,0
BID-002086,AUC-0384,VND-0206,223479.12,0.906,0.66,69.8,4.15,0.0204,9.1,239,0.5259,0,2026-04-13 00:00:00,0
BID-002087,AUC-0384,VND-0710,213237.35,0.8645,0.726,71.5,4.32,0.0164,8.5,141,0.5703,0,2026-04-13 00:00:00,0
BID-002088,AUC-0384,VND-0611,207329.02,0.8406,0.975,78.9,4.94,0.0015,6.3,262,0.6991,0,2026-04-13 00:00:00,1
BID-002089,AUC-0384,VND-0785,202015.27,0.819,0.812,71.6,4.53,0.0113,8.5,178,0.6214,0,2026-04-13 00:00:00,0
BID-002090,AUC-0385,VND-0734,72349.87,0.9595,0.989,89.2,4.97,0.001,3.2,23,0.6486,0,2026-06-27 00:00:00,0
BID-002091,AUC-0385,VND-0734,69683.37,0.9241,0.989,89.2,4.97,0.001,3.2,23,0.6609,0,2026-06-27 00:00:00,1
BID-002092,AUC-0385,VND-0788,68026.15,0.9021,0.608,50.0,4.02,0.0235,15.0,253,0.5038,0,2026-06-27 00:00:00,0
BID-002093,AUC-0385,VND-0566,65316.36,0.8662,0.862,78.0,4.65,0.0083,6.6,129,0.628,0,2026-06-27 00:00:00,0
BID-002094,AUC-0386,VND-0034,47153.67,0.9527,0.57,62.3,3.93,0.0258,11.3,167,0.5069,0,2026-02-11 00:00:00,0
BID-002095,AUC-0386,VND-0653,45231.47,0.9139,0.855,84.4,4.64,0.0087,4.7,217,0.6584,0,2026-02-11 00:00:00,0
BID-002096,AUC-0386,VND-0713,44738.02,0.9039,0.993,99.4,4.98,0.001,0.2,194,0.7342,0,2026-02-11 00:00:00,0
BID-002097,AUC-0386,VND-0361,43083.37,0.8705,0.969,82.7,4.92,0.0018,5.2,61,0.7142,0,2026-02-11 00:00:00,0
BID-002098,AUC-0386,VND-0713,42536.8,0.8594,0.993,99.4,4.98,0.001,0.2,194,0.7471,0,2026-02-11 00:00:00,1
BID-002099,AUC-0386,VND-0521,41773.8,0.844,0.77,78.3,4.42,0.0138,6.5,85,0.6368,0,2026-02-11 00:00:00,0
BID-002100,AUC-0386,VND-0434,40968.21,0.8277,0.578,50.0,3.94,0.0253,15.0,30,0.5308,0,2026-02-11 00:00:00,0
BID-002101,AUC-0387,VND-0146,361428.79,0.9857,0.515,50.0,3.79,0.0291,15.0,234,0.4219,0,2026-06-11 00:00:00,0
BID-002102,AUC-0387,VND-0164,344410.31,0.9392,0.777,74.5,4.44,0.0134,7.6,250,0.6053,0,2026-06-11 00:00:00,0
BID-002103,AUC-0387,VND-0146,340819.61,0.9294,0.515,50.0,3.79,0.0291,15.0,234,0.436,0,2026-06-11 00:00:00,0
BID-002104,AUC-0387,VND-0306,328167.94,0.8949,0.52,52.4,3.8,0.0288,14.3,70,0.4534,0,2026-06-11 00:00:00,0
BID-002105,AUC-0387,VND-0257,316971.81,0.8644,0.966,100.0,4.92,0.002,0.1,294,0.771,0,2026-06-11 00:00:00,1
BID-002106,AUC-0388,VND-0142,242373.83,0.957,0.688,54.9,4.22,0.0187,13.5,154,0.5385,0,2026-06-30 00:00:00,0
BID-002107,AUC-0388,VND-0217,238666.9,0.9424,0.809,63.1,4.52,0.0115,11.1,278,0.6075,0,2026-06-30 00:00:00,0
BID-002108,AUC-0388,VND-0703,231066.67,0.9123,0.832,76.8,4.58,0.0101,7.0,242,0.6634,0,2026-06-30 00:00:00,0
BID-002109,AUC-0388,VND-0217,225280.94,0.8895,0.809,63.1,4.52,0.0115,11.1,278,0.6196,0,2026-06-30 00:00:00,0
BID-002110,AUC-0388,VND-0142,221061.39,0.8728,0.688,54.9,4.22,0.0187,13.5,154,0.5579,0,2026-06-30 00:00:00,0
BID-002111,AUC-0388,VND-0391,210968.61,0.833,0.847,80.8,4.62,0.0092,5.8,85,0.6989,0,2026-06-30 00:00:00,1
BID-002112,AUC-0389,VND-0653,221388.0,0.9881,0.855,84.4,4.64,0.0087,4.7,217,0.6586,0,2026-03-24 00:00:00,0
BID-002113,AUC-0389,VND-0127,216570.45,0.9666,0.926,77.9,4.81,0.0045,6.6,286,0.6698,0,2026-03-24 00:00:00,0
BID-002114,AUC-0389,VND-0296,205975.15,0.9193,0.569,53.7,3.92,0.0258,13.9,90,0.5093,0,2026-03-24 00:00:00,0
BID-002115,AUC-0389,VND-0302,200363.07,0.8943,0.589,50.0,3.97,0.0247,15.0,244,0.5129,0,2026-03-24 00:00:00,0
BID-002116,AUC-0389,VND-0034,190385.56,0.8497,0.57,62.3,3.93,0.0258,11.3,167,0.5497,0,2026-03-24 00:00:00,0
BID-002117,AUC-0389,VND-0499,185041.52,0.8259,0.959,80.6,4.9,0.0025,5.8,131,0.724,0,2026-03-24 00:00:00,1
BID-002118,AUC-0389,VND-0034,177032.92,0.7901,0.57,62.3,3.93,0.0258,11.3,167,0.5652,0,2026-03-24 00:00:00,0
BID-002119,AUC-0390,VND-0429,356238.44,0.9695,0.518,50.0,3.8,0.0289,15.0,166,0.3886,0,2026-01-07 00:00:00,0
BID-002120,AUC-0390,VND-0464,351604.79,0.9569,0.634,55.9,4.09,0.0219,13.2,187,0.4538,0,2026-01-07 00:00:00,0
BID-002121,AUC-0390,VND-0659,345817.7,0.9411,0.763,77.8,4.41,0.0142,6.7,216,0.5638,0,2026-01-07 00:00:00,0
BID-002122,AUC-0390,VND-0434,330211.9,0.8986,0.578,50.0,3.94,0.0253,15.0,30,0.4386,0,2026-01-07 00:00:00,0
BID-002123,AUC-0390,VND-0659,319130.08,0.8685,0.763,77.8,4.41,0.0142,6.7,216,0.5906,0,2026-01-07 00:00:00,0
BID-002124,AUC-0390,VND-0659,313610.51,0.8535,0.763,77.8,4.41,0.0142,6.7,216,0.5962,0,2026-01-07 00:00:00,1
BID-002125,AUC-0391,VND-0317,377647.85,0.9806,0.756,65.4,4.39,0.0146,10.4,236,0.4432,0,2026-01-12 00:00:00,0
BID-002126,AUC-0391,VND-0491,360780.83,0.9368,0.667,66.6,4.17,0.02,10.0,38,0.4362,0,2026-01-12 00:00:00,0
BID-002127,AUC-0391,VND-0372,344549.54,0.8947,0.874,79.5,4.68,0.0076,6.1,212,0.5377,0,2026-01-12 00:00:00,0
BID-002128,AUC-0391,VND-0646,337754.62,0.8771,0.698,54.5,4.25,0.0181,13.6,213,0.4555,0,2026-01-12 00:00:00,0
BID-002129,AUC-0391,VND-0249,322919.41,0.8385,0.792,64.8,4.48,0.0125,10.6,66,0.5162,0,2026-01-12 00:00:00,0
BID-002130,AUC-0391,VND-0454,312669.8,0.8119,0.909,78.4,4.77,0.0055,6.5,79,0.5837,0,2026-01-12 00:00:00,1
BID-002131,AUC-0392,VND-0742,86905.8,0.9891,0.772,55.5,4.43,0.0137,13.4,130,0.3723,0,2026-02-19 00:00:00,0
BID-002132,AUC-0392,VND-0742,83990.59,0.9559,0.772,55.5,4.43,0.0137,13.4,130,0.3882,0,2026-02-19 00:00:00,0
BID-002133,AUC-0392,VND-0742,81011.78,0.922,0.772,55.5,4.43,0.0137,13.4,130,0.4045,0,2026-02-19 00:00:00,0
BID-002134,AUC-0392,VND-0193,77995.73,0.8877,0.868,87.1,4.67,0.0079,3.9,282,0.5098,0,2026-02-19 00:00:00,1
BID-002135,AUC-0392,VND-0396,75800.7,0.8627,0.577,58.3,3.94,0.0254,12.5,193,0.3797,0,2026-02-19 00:00:00,0
BID-002136,AUC-0392,VND-0742,74857.47,0.852,0.772,55.5,4.43,0.0137,13.4,130,0.4381,0,2026-02-19 00:00:00,0
BID-002137,AUC-0393,VND-0364,296470.24,0.9594,0.57,59.6,3.92,0.0258,12.1,179,0.4563,0,2026-05-01 00:00:00,0
BID-002138,AUC-0393,VND-0461,287094.42,0.9291,0.934,79.4,4.84,0.0039,6.2,115,0.6442,0,2026-05-01 00:00:00,0
BID-002139,AUC-0393,VND-0205,276656.69,0.8953,0.953,76.1,4.88,0.0028,7.2,221,0.6545,0,2026-05-01 00:00:00,1
BID-002140,AUC-0394,VND-0261,75297.13,0.9866,0.797,70.3,4.49,0.0122,8.9,166,0.5976,0,2026-01-19 00:00:00,0
BID-002141,AUC-0394,VND-0383,72499.85,0.9499,0.517,53.1,3.79,0.029,14.1,284,0.4474,0,2026-01-19 00:00:00,0
BID-002142,AUC-0394,VND-0627,71731.84,0.9398,0.559,50.0,3.9,0.0265,15.0,106,0.4629,0,2026-01-19 00:00:00,0
BID-002143,AUC-0394,VND-0627,69467.77,0.9102,0.559,50.0,3.9,0.0265,15.0,106,0.4786,0,2026-01-19 00:00:00,0
BID-002144,AUC-0394,VND-0383,66169.28,0.867,0.517,53.1,3.79,0.029,14.1,284,0.4913,0,2026-01-19 00:00:00,0
BID-002145,AUC-0394,VND-0627,64435.82,0.8442,0.559,50.0,3.9,0.0265,15.0,106,0.5136,0,2026-01-19 00:00:00,0
BID-002146,AUC-0394,VND-0261,61903.52,0.8111,0.797,70.3,4.49,0.0122,8.9,166,0.6906,0,2026-01-19 00:00:00,1
BID-002147,AUC-0394,VND-0336,59671.77,0.7818,0.587,59.2,3.97,0.0248,12.2,264,0.5838,0,2026-01-19 00:00:00,0
BID-002148,AUC-0395,VND-0308,362971.76,0.9598,0.937,91.2,4.84,0.0038,2.6,155,0.6809,0,2026-05-20 00:00:00,1
BID-002149,AUC-0395,VND-0042,351247.39,0.9288,0.665,56.5,4.16,0.0201,13.0,231,0.5206,0,2026-05-20 00:00:00,0
BID-002150,AUC-0395,VND-0493,336880.38,0.8908,0.864,79.0,4.66,0.0082,6.3,278,0.6501,0,2026-05-20 00:00:00,0
BID-002151,AUC-0395,VND-0101,330341.94,0.8735,0.821,69.1,4.55,0.0107,9.3,157,0.6198,0,2026-05-20 00:00:00,0
BID-002152,AUC-0395,VND-0493,318991.91,0.8435,0.864,79.0,4.66,0.0082,6.3,278,0.6638,0,2026-05-20 00:00:00,0
BID-002153,AUC-0395,VND-0101,305806.7,0.8086,0.821,69.1,4.55,0.0107,9.3,157,0.6386,0,2026-05-20 00:00:00,0
BID-002154,AUC-0396,VND-0165,319795.86,0.9635,0.71,56.5,4.27,0.0174,13.0,282,0.3523,0,2026-02-18 00:00:00,0
BID-002155,AUC-0396,VND-0358,304125.75,0.9163,0.674,71.7,4.19,0.0195,8.5,155,0.4157,0,2026-02-18 00:00:00,1
BID-002156,AUC-0396,VND-0055,294912.42,0.8885,0.614,50.0,4.04,0.0231,15.0,86,0.3549,0,2026-02-18 00:00:00,0
BID-002157,AUC-0397,VND-0592,464145.19,0.9695,0.816,81.3,4.54,0.011,5.6,112,0.5799,0,2026-03-25 00:00:00,0
BID-002158,AUC-0397,VND-0359,458278.08,0.9573,0.915,94.8,4.79,0.0051,1.6,173,0.6565,0,2026-03-25 00:00:00,0
BID-002159,AUC-0397,VND-0621,448497.21,0.9368,0.934,90.2,4.84,0.0039,2.9,258,0.6659,0,2026-03-25 00:00:00,0
BID-002160,AUC-0397,VND-0795,432780.69,0.904,0.714,71.8,4.29,0.0172,8.5,19,0.5526,0,2026-03-25 00:00:00,0
BID-002161,AUC-0397,VND-0592,420526.32,0.8784,0.816,81.3,4.54,0.011,5.6,112,0.6291,0,2026-03-25 00:00:00,0
BID-002162,AUC-0397,VND-0621,404625.71,0.8452,0.934,90.2,4.84,0.0039,2.9,258,0.7154,0,2026-03-25 00:00:00,1
BID-002163,AUC-0397,VND-0795,399095.84,0.8336,0.714,71.8,4.29,0.0172,8.5,19,0.5906,0,2026-03-25 00:00:00,0
BID-002164,AUC-0397,VND-0156,391348.9,0.8175,0.719,59.2,4.3,0.0168,12.2,98,0.5749,0,2026-03-25 00:00:00,0
BID-002165,AUC-0398,VND-0362,41715.73,0.9526,0.533,52.6,3.83,0.028,14.2,298,0.4565,0,2026-02-19 00:00:00,0
BID-002166,AUC-0398,VND-0567,40839.87,0.9326,0.541,50.0,3.85,0.0276,15.0,167,0.4575,0,2026-02-19 00:00:00,0
BID-002167,AUC-0398,VND-0378,38857.46,0.8874,0.57,62.5,3.92,0.0258,11.2,284,0.5136,0,2026-02-19 00:00:00,0
BID-002168,AUC-0398,VND-0378,37350.71,0.853,0.57,62.5,3.92,0.0258,11.2,284,0.5219,0,2026-02-19 00:00:00,1
BID-002169,AUC-0399,VND-0111,36809.29,0.9698,0.829,75.8,4.57,0.0103,7.3,221,0.5918,0,2026-06-07 00:00:00,0
BID-002170,AUC-0399,VND-0512,35208.76,0.9276,0.962,100.0,4.91,0.0023,0.1,155,0.7286,0,2026-06-07 00:00:00,0
BID-002171,AUC-0399,VND-0512,34405.83,0.9064,0.962,100.0,4.91,0.0023,0.1,155,0.7383,0,2026-06-07 00:00:00,1
BID-002172,AUC-0399,VND-0464,33382.04,0.8795,0.634,55.9,4.09,0.0219,13.2,187,0.5037,0,2026-06-07 00:00:00,0
BID-002173,AUC-0399,VND-0429,31992.65,0.8429,0.518,50.0,3.8,0.0289,15.0,166,0.4594,0,2026-06-07 00:00:00,0
BID-002174,AUC-0399,VND-0517,31265.45,0.8237,0.615,50.6,4.04,0.0231,14.8,154,0.5076,0,2026-06-07 00:00:00,0
BID-002175,AUC-0399,VND-0517,30951.97,0.8155,0.615,50.6,4.04,0.0231,14.8,154,0.5114,0,2026-06-07 00:00:00,0
BID-002176,AUC-0400,VND-0071,142307.79,0.9598,0.981,82.4,4.95,0.0011,5.3,282,0.5582,0,2026-01-30 00:00:00,0
BID-002177,AUC-0400,VND-0677,138716.28,0.9356,0.719,66.6,4.3,0.0168,10.0,87,0.4511,0,2026-01-30 00:00:00,0
BID-002178,AUC-0400,VND-0071,133524.9,0.9005,0.981,82.4,4.95,0.0011,5.3,282,0.5819,0,2026-01-30 00:00:00,0
BID-002179,AUC-0400,VND-0213,132026.03,0.8904,0.529,50.0,3.82,0.0283,15.0,68,0.369,0,2026-01-30 00:00:00,0
BID-002180,AUC-0400,VND-0669,129818.98,0.8755,0.6,54.9,4.0,0.024,13.5,142,0.4085,0,2026-01-30 00:00:00,0
BID-002181,AUC-0400,VND-0048,127607.35,0.8606,0.885,83.3,4.71,0.0069,5.0,51,0.5751,0,2026-01-30 00:00:00,0
BID-002182,AUC-0400,VND-0071,121979.96,0.8227,0.981,82.4,4.95,0.0011,5.3,282,0.6131,0,2026-01-30 00:00:00,1
BID-002183,AUC-0400,VND-0398,119534.47,0.8062,0.509,58.5,3.77,0.0295,12.4,206,0.4229,0,2026-01-30 00:00:00,0
BID-002184,AUC-0401,VND-0162,135826.68,0.9826,0.83,68.6,4.58,0.0102,9.4,274,0.4396,0,2026-02-04 00:00:00,0
BID-002185,AUC-0401,VND-0206,131024.12,0.9478,0.66,69.8,4.15,0.0204,9.1,239,0.3964,0,2026-02-04 00:00:00,0
BID-002186,AUC-0401,VND-0587,126131.55,0.9124,0.816,64.1,4.54,0.011,10.8,245,0.4627,0,2026-02-04 00:00:00,0
BID-002187,AUC-0401,VND-0162,120886.82,0.8745,0.83,68.6,4.58,0.0102,9.4,274,0.4915,0,2026-02-04 00:00:00,1
BID-002188,AUC-0401,VND-0206,115489.02,0.8354,0.66,69.8,4.15,0.0204,9.1,239,0.4503,0,2026-02-04 00:00:00,0
BID-002189,AUC-0401,VND-0206,111811.01,0.8088,0.66,69.8,4.15,0.0204,9.1,239,0.4631,0,2026-02-04 00:00:00,0
BID-002190,AUC-0401,VND-0469,109171.44,0.7897,0.509,57.2,3.77,0.0294,12.8,222,0.4028,0,2026-02-04 00:00:00,0
BID-002191,AUC-0402,VND-0251,125718.57,0.9595,0.849,73.2,4.62,0.0091,8.0,198,0.6927,0,2026-02-20 00:00:00,0
BID-002192,AUC-0402,VND-0768,123566.77,0.9431,0.707,57.1,4.27,0.0176,12.9,119,0.6183,0,2026-02-20 00:00:00,0
BID-002193,AUC-0402,VND-0561,120408.03,0.919,0.944,92.6,4.86,0.0033,2.2,224,0.7655,0,2026-02-20 00:00:00,1
BID-002194,AUC-0402,VND-0251,118376.23,0.9035,0.849,73.2,4.62,0.0091,8.0,198,0.705,0,2026-02-20 00:00:00,0
BID-002195,AUC-0403,VND-0786,445463.78,0.9811,0.793,65.1,4.48,0.0124,10.5,76,0.6007,0,2026-06-19 00:00:00,0
BID-002196,AUC-0403,VND-0786,431031.94,0.9493,0.793,65.1,4.48,0.0124,10.5,76,0.6077,0,2026-06-19 00:00:00,0
BID-002197,AUC-0403,VND-0711,420355.6,0.9258,0.658,60.2,4.15,0.0205,11.9,193,0.5472,0,2026-06-19 00:00:00,0
BID-002198,AUC-0403,VND-0217,400151.15,0.8813,0.809,63.1,4.52,0.0115,11.1,278,0.6227,0,2026-06-19 00:00:00,1
BID-002199,AUC-0403,VND-0643,387843.54,0.8542,0.663,60.9,4.16,0.0202,11.7,299,0.5668,0,2026-06-19 00:00:00,0
BID-002200,AUC-0404,VND-0010,126590.43,0.957,0.716,56.6,4.29,0.017,13.0,250,0.4726,0,2026-01-14 00:00:00,0
BID-002201,AUC-0404,VND-0258,125286.03,0.9471,0.523,50.0,3.81,0.0286,15.0,168,0.3932,0,2026-01-14 00:00:00,0
BID-002202,AUC-0404,VND-0010,120885.35,0.9139,0.716,56.6,4.29,0.017,13.0,250,0.4933,0,2026-01-14 00:00:00,0
BID-002203,AUC-0404,VND-0562,115432.21,0.8727,0.931,94.7,4.83,0.0041,1.6,230,0.6929,0,2026-01-14 00:00:00,0
BID-002204,AUC-0404,VND-0742,110471.72,0.8352,0.772,55.5,4.43,0.0137,13.4,130,0.547,0,2026-01-14 00:00:00,0
BID-002205,AUC-0404,VND-0562,105273.73,0.7959,0.931,94.7,4.83,0.0041,1.6,230,0.7297,0,2026-01-14 00:00:00,0
BID-002206,AUC-0404,VND-0562,100372.68,0.7588,0.931,94.7,4.83,0.0041,1.6,230,0.7475,0,2026-01-14 00:00:00,1
BID-002207,AUC-0404,VND-0742,97424.74,0.7365,0.772,55.5,4.43,0.0137,13.4,130,0.5944,0,2026-01-14 00:00:00,0
BID-002208,AUC-0405,VND-0506,140280.62,0.9792,0.611,63.5,4.03,0.0234,11.0,259,0.462,0,2026-02-24 00:00:00,0
BID-002209,AUC-0405,VND-0243,138395.19,0.9661,0.792,85.9,4.48,0.0125,4.2,53,0.5683,0,2026-02-24 00:00:00,1
BID-002210,AUC-0405,VND-0678,135847.69,0.9483,0.743,75.4,4.36,0.0154,7.4,120,0.5415,0,2026-02-24 00:00:00,0
BID-002211,AUC-0405,VND-0678,134009.91,0.9355,0.743,75.4,4.36,0.0154,7.4,120,0.5459,0,2026-02-24 00:00:00,0
BID-002212,AUC-0405,VND-0678,130237.92,0.9091,0.743,75.4,4.36,0.0154,7.4,120,0.5548,0,2026-02-24 00:00:00,0
BID-002213,AUC-0405,VND-0678,124624.15,0.8699,0.743,75.4,4.36,0.0154,7.4,120,0.5682,0,2026-02-24 00:00:00,0
BID-002214,AUC-0405,VND-0506,122843.41,0.8575,0.611,63.5,4.03,0.0234,11.0,259,0.5033,0,2026-02-24 00:00:00,0
BID-002215,AUC-0406,VND-0325,374644.18,0.9805,0.895,79.8,4.74,0.0063,6.1,300,0.5486,0,2026-06-14 00:00:00,0
BID-002216,AUC-0406,VND-0372,364194.2,0.9531,0.874,79.5,4.68,0.0076,6.1,212,0.5514,0,2026-06-14 00:00:00,0
BID-002217,AUC-0406,VND-0722,359885.17,0.9418,0.836,72.5,4.59,0.0098,8.2,141,0.5316,0,2026-06-14 00:00:00,0
BID-002218,AUC-0406,VND-0208,342571.38,0.8965,0.816,68.6,4.54,0.011,9.4,25,0.539,0,2026-06-14 00:00:00,0
BID-002219,AUC-0406,VND-0543,329593.05,0.8626,0.972,85.3,4.93,0.0017,4.4,272,0.6433,0,2026-06-14 00:00:00,1
BID-002220,AUC-0406,VND-0325,322559.81,0.8442,0.895,79.8,4.74,0.0063,6.1,300,0.6113,0,2026-06-14 00:00:00,0
BID-002221,AUC-0406,VND-0325,318880.15,0.8345,0.895,79.8,4.74,0.0063,6.1,300,0.6157,0,2026-06-14 00:00:00,0
BID-002222,AUC-0407,VND-0529,223242.76,0.9691,0.884,81.5,4.71,0.007,5.6,163,0.5054,0,2026-01-16 00:00:00,0
BID-002223,AUC-0407,VND-0529,220473.28,0.957,0.884,81.5,4.71,0.007,5.6,163,0.5105,0,2026-01-16 00:00:00,0
BID-002224,AUC-0407,VND-0149,210905.51,0.9155,0.885,70.3,4.71,0.0069,8.9,230,0.5029,0,2026-01-16 00:00:00,0
BID-002225,AUC-0407,VND-0606,208739.71,0.9061,0.713,64.1,4.28,0.0172,10.8,292,0.4402,0,2026-01-16 00:00:00,0
BID-002226,AUC-0407,VND-0392,205568.74,0.8923,0.626,56.5,4.06,0.0224,13.0,205,0.4021,0,2026-01-16 00:00:00,0
BID-002227,AUC-0407,VND-0529,199181.44,0.8646,0.884,81.5,4.71,0.007,5.6,163,0.5503,0,2026-01-16 00:00:00,1
BID-002228,AUC-0407,VND-0392,193985.25,0.8421,0.626,56.5,4.06,0.0224,13.0,205,0.4237,0,2026-01-16 00:00:00,0
BID-002229,AUC-0407,VND-0469,184789.0,0.8021,0.509,57.2,3.77,0.0294,12.8,222,0.4069,0,2026-01-16 00:00:00,0
BID-002230,AUC-0408,VND-0794,374303.84,0.9583,0.848,69.5,4.62,0.0091,9.2,292,0.4483,0,2026-01-20 00:00:00,0
BID-002231,AUC-0408,VND-0253,362492.08,0.9281,0.842,64.7,4.61,0.0095,10.6,104,0.4508,0,2026-01-20 00:00:00,0
BID-002232,AUC-0408,VND-0332,354536.83,0.9077,0.803,67.7,4.51,0.0118,9.7,41,0.4606,0,2026-01-20 00:00:00,0
BID-002233,AUC-0408,VND-0623,349031.31,0.8936,0.881,84.1,4.7,0.0072,4.8,184,0.5287,0,2026-01-20 00:00:00,1
BID-002234,AUC-0408,VND-0066,338417.85,0.8664,0.709,54.7,4.27,0.0175,13.6,259,0.4274,0,2026-01-20 00:00:00,0
BID-002235,AUC-0408,VND-0332,327705.58,0.839,0.803,67.7,4.51,0.0118,9.7,41,0.4977,0,2026-01-20 00:00:00,0
BID-002236,AUC-0408,VND-0066,314821.67,0.806,0.709,54.7,4.27,0.0175,13.6,259,0.46,0,2026-01-20 00:00:00,0
BID-002237,AUC-0409,VND-0720,41310.25,0.9829,0.601,57.9,4.0,0.0239,12.6,45,0.4354,0,2026-01-27 00:00:00,0
BID-002238,AUC-0409,VND-0630,40393.92,0.9611,0.532,50.0,3.83,0.0281,15.0,138,0.4118,0,2026-01-27 00:00:00,0
BID-002239,AUC-0409,VND-0628,38518.86,0.9165,0.843,69.7,4.61,0.0094,9.1,121,0.5495,0,2026-01-27 00:00:00,1
BID-002240,AUC-0409,VND-0294,36881.93,0.8775,0.538,50.0,3.84,0.0277,15.0,120,0.4458,0,2026-01-27 00:00:00,0
BID-002241,AUC-0409,VND-0252,35059.4,0.8342,0.655,63.7,4.14,0.0207,10.9,225,0.5184,0,2026-01-27 00:00:00,0
BID-002242,AUC-0409,VND-0294,34517.9,0.8213,0.538,50.0,3.84,0.0277,15.0,120,0.4677,0,2026-01-27 00:00:00,0
BID-002243,AUC-0409,VND-0707,34164.09,0.8129,0.635,51.2,4.09,0.0219,14.6,152,0.501,0,2026-01-27 00:00:00,0
BID-002244,AUC-0410,VND-0151,240583.03,0.9665,0.526,50.0,3.81,0.0284,15.0,50,0.3929,0,2026-02-20 00:00:00,0
BID-002245,AUC-0410,VND-0151,237477.13,0.9541,0.526,50.0,3.81,0.0284,15.0,50,0.3972,0,2026-02-20 00:00:00,0
BID-002246,AUC-0410,VND-0151,233856.76,0.9395,0.526,50.0,3.81,0.0284,15.0,50,0.4021,0,2026-02-20 00:00:00,0
BID-002247,AUC-0410,VND-0051,224041.21,0.9001,0.516,53.7,3.79,0.0291,13.9,112,0.4203,0,2026-02-20 00:00:00,0
BID-002248,AUC-0410,VND-0718,221180.27,0.8886,0.57,50.0,3.92,0.0258,15.0,278,0.4351,0,2026-02-20 00:00:00,1
BID-002249,AUC-0411,VND-0318,25535.27,0.9647,0.554,50.0,3.88,0.0268,15.0,81,0.3718,0,2026-05-24 00:00:00,0
BID-002250,AUC-0411,VND-0030,24712.48,0.9336,0.523,50.0,3.81,0.0286,15.0,73,0.373,0,2026-05-24 00:00:00,0
BID-002251,AUC-0411,VND-0318,23791.2,0.8988,0.554,50.0,3.88,0.0268,15.0,81,0.3949,0,2026-05-24 00:00:00,0
BID-002252,AUC-0411,VND-0436,23264.69,0.8789,0.687,55.8,4.22,0.0188,13.3,202,0.4612,0,2026-05-24 00:00:00,1
BID-002253,AUC-0411,VND-0030,22673.0,0.8565,0.523,50.0,3.81,0.0286,15.0,73,0.4,0,2026-05-24 00:00:00,0
BID-002254,AUC-0411,VND-0030,22315.61,0.843,0.523,50.0,3.81,0.0286,15.0,73,0.4047,0,2026-05-24 00:00:00,0
BID-002255,AUC-0411,VND-0318,21714.81,0.8203,0.554,50.0,3.88,0.0268,15.0,81,0.4223,0,2026-05-24 00:00:00,0
BID-002256,AUC-0412,VND-0367,38915.84,0.9562,0.833,76.0,4.58,0.01,7.2,103,0.3969,0,2026-06-23 00:00:00,0
BID-002257,AUC-0412,VND-0607,37095.76,0.9114,0.582,59.4,3.95,0.0251,12.2,53,0.3309,0,2026-06-23 00:00:00,0
BID-002258,AUC-0412,VND-0556,36414.46,0.8947,0.908,74.0,4.77,0.0055,7.8,44,0.4488,0,2026-06-23 00:00:00,1
BID-002259,AUC-0412,VND-0376,35284.4,0.8669,0.558,63.7,3.9,0.0265,10.9,173,0.3545,0,2026-06-23 00:00:00,0
BID-002260,AUC-0413,VND-0555,446153.54,0.9824,0.848,71.2,4.62,0.0091,8.6,247,0.5146,0,2026-02-17 00:00:00,0
BID-002261,AUC-0413,VND-0705,439438.11,0.9676,0.793,77.7,4.48,0.0124,6.7,162,0.5056,0,2026-02-17 00:00:00,0
BID-002262,AUC-0413,VND-0072,432526.41,0.9524,0.749,61.0,4.37,0.0151,11.7,175,0.4713,0,2026-02-17 00:00:00,0
BID-002263,AUC-0413,VND-0705,417354.91,0.919,0.793,77.7,4.48,0.0124,6.7,162,0.526,0,2026-02-17 00:00:00,0
BID-002264,AUC-0413,VND-0072,411635.41,0.9064,0.749,61.0,4.37,0.0151,11.7,175,0.4906,0,2026-02-17 00:00:00,0
BID-002265,AUC-0413,VND-0789,395362.69,0.8705,0.512,53.8,3.78,0.0293,13.9,182,0.3945,0,2026-02-17 00:00:00,0
BID-002266,AUC-0413,VND-0705,383192.0,0.8437,0.793,77.7,4.48,0.0124,6.7,162,0.5576,0,2026-02-17 00:00:00,1
BID-002267,AUC-0413,VND-0789,375338.24,0.8265,0.512,53.8,3.78,0.0293,13.9,182,0.413,0,2026-02-17 00:00:00,0
BID-002268,AUC-0414,VND-0323,76931.42,0.9834,0.56,58.5,3.9,0.0264,12.4,70,0.3403,0,2026-05-18 00:00:00,0
BID-002269,AUC-0414,VND-0429,74918.82,0.9577,0.518,50.0,3.8,0.0289,15.0,166,0.3221,0,2026-05-18 00:00:00,0
BID-002270,AUC-0414,VND-0177,72176.32,0.9226,0.829,68.6,4.57,0.0102,9.4,203,0.4698,0,2026-05-18 00:00:00,1
BID-002271,AUC-0415,VND-0781,265356.36,0.9796,0.677,59.8,4.19,0.0194,12.1,74,0.4822,0,2026-05-22 00:00:00,0
BID-002272,AUC-0415,VND-0781,256737.15,0.9478,0.677,59.8,4.19,0.0194,12.1,74,0.4959,0,2026-05-22 00:00:00,0
BID-002273,AUC-0415,VND-0781,249201.06,0.9199,0.677,59.8,4.19,0.0194,12.1,74,0.5078,0,2026-05-22 00:00:00,0
BID-002274,AUC-0415,VND-0323,245166.44,0.9051,0.56,58.5,3.9,0.0264,12.4,70,0.4601,0,2026-05-22 00:00:00,0
BID-002275,AUC-0415,VND-0436,233475.56,0.8619,0.687,55.8,4.22,0.0188,13.3,202,0.5289,0,2026-05-22 00:00:00,0
BID-002276,AUC-0415,VND-0781,229810.5,0.8484,0.677,59.8,4.19,0.0194,12.1,74,0.5386,0,2026-05-22 00:00:00,1
BID-002277,AUC-0416,VND-0736,201713.7,0.954,0.784,73.6,4.46,0.013,7.9,82,0.5078,0,2026-03-25 00:00:00,0
BID-002278,AUC-0416,VND-0780,193810.11,0.9166,0.92,89.0,4.8,0.0048,3.3,100,0.6063,0,2026-03-25 00:00:00,0
BID-002279,AUC-0416,VND-0736,191460.38,0.9055,0.784,73.6,4.46,0.013,7.9,82,0.5262,0,2026-03-25 00:00:00,0
BID-002280,AUC-0416,VND-0780,184044.82,0.8704,0.92,89.0,4.8,0.0048,3.3,100,0.6238,0,2026-03-25 00:00:00,0
BID-002281,AUC-0416,VND-0498,177452.92,0.8393,0.68,52.5,4.2,0.0192,14.2,28,0.459,0,2026-03-25 00:00:00,0
BID-002282,AUC-0416,VND-0780,175228.93,0.8288,0.92,89.0,4.8,0.0048,3.3,100,0.6397,0,2026-03-25 00:00:00,1
BID-002283,AUC-0417,VND-0180,176047.74,0.977,0.97,91.3,4.93,0.0018,2.6,176,0.6248,0,2026-04-08 00:00:00,1
BID-002284,AUC-0417,VND-0394,173194.42,0.9611,0.792,65.5,4.48,0.0125,10.4,97,0.5018,0,2026-04-08 00:00:00,0
BID-002285,AUC-0417,VND-0692,166329.03,0.923,0.985,77.4,4.96,0.001,6.8,195,0.6109,0,2026-04-08 00:00:00,0
BID-002286,AUC-0417,VND-0394,158309.69,0.8785,0.792,65.5,4.48,0.0125,10.4,97,0.5307,0,2026-04-08 00:00:00,0
BID-002287,AUC-0418,VND-0244,436477.07,0.968,0.523,50.0,3.81,0.0286,15.0,218,0.3862,0,2026-04-27 00:00:00,0
BID-002288,AUC-0418,VND-0532,416456.62,0.9236,0.884,81.1,4.71,0.007,5.7,254,0.6232,0,2026-04-27 00:00:00,0
BID-002289,AUC-0418,VND-0427,401408.89,0.8902,0.605,65.4,4.01,0.0237,10.4,55,0.4888,0,2026-04-27 00:00:00,0
BID-002290,AUC-0418,VND-0532,384720.69,0.8532,0.884,81.1,4.71,0.007,5.7,254,0.6583,0,2026-04-27 00:00:00,1
BID-002291,AUC-0419,VND-0485,19876.39,0.9605,0.783,72.9,4.46,0.013,8.1,221,0.4795,0,2026-06-03 00:00:00,0
BID-002292,AUC-0419,VND-0485,19503.61,0.9425,0.783,72.9,4.46,0.013,8.1,221,0.4876,0,2026-06-03 00:00:00,0
BID-002293,AUC-0419,VND-0085,19082.46,0.9221,0.52,50.0,3.8,0.0288,15.0,149,0.4004,0,2026-06-03 00:00:00,0
BID-002294,AUC-0419,VND-0166,18455.76,0.8919,0.678,68.5,4.19,0.0193,9.4,290,0.4767,0,2026-06-03 00:00:00,0
BID-002295,AUC-0419,VND-0219,17632.31,0.8521,0.536,52.2,3.84,0.0278,14.3,200,0.4387,0,2026-06-03 00:00:00,0
BID-002296,AUC-0419,VND-0485,17024.9,0.8227,0.783,72.9,4.46,0.013,8.1,221,0.5415,0,2026-06-03 00:00:00,0
BID-002297,AUC-0419,VND-0257,16731.76,0.8086,0.966,100.0,4.92,0.002,0.1,294,0.6273,0,2026-06-03 00:00:00,1
BID-002298,AUC-0419,VND-0485,16160.47,0.7809,0.783,72.9,4.46,0.013,8.1,221,0.5603,0,2026-06-03 00:00:00,0
BID-002299,AUC-0420,VND-0580,322963.47,0.9633,0.936,75.4,4.84,0.0038,7.4,233,0.4293,0,2026-03-19 00:00:00,0
BID-002300,AUC-0420,VND-0067,309919.03,0.9244,0.56,50.0,3.9,0.0264,15.0,44,0.3227,0,2026-03-19 00:00:00,0
BID-002301,AUC-0420,VND-0067,297909.49,0.8886,0.56,50.0,3.9,0.0264,15.0,44,0.3416,0,2026-03-19 00:00:00,0
BID-002302,AUC-0420,VND-0580,289087.47,0.8623,0.936,75.4,4.84,0.0038,7.4,233,0.4828,0,2026-03-19 00:00:00,1
BID-002303,AUC-0420,VND-0086,284597.65,0.8489,0.839,64.6,4.6,0.0097,10.6,233,0.4491,0,2026-03-19 00:00:00,0
BID-002304,AUC-0421,VND-0768,474644.97,0.9846,0.707,57.1,4.27,0.0176,12.9,119,0.4663,0,2026-06-27 00:00:00,0
BID-002305,AUC-0421,VND-0114,462358.65,0.9591,0.987,84.4,4.97,0.001,4.7,15,0.6469,0,2026-06-27 00:00:00,1
BID-002306,AUC-0421,VND-0798,447600.55,0.9285,0.862,79.0,4.66,0.0083,6.3,45,0.5937,0,2026-06-27 00:00:00,0
BID-002307,AUC-0421,VND-0400,442450.33,0.9178,0.848,82.5,4.62,0.0091,5.2,256,0.5983,0,2026-06-27 00:00:00,0
BID-002308,AUC-0421,VND-0798,433330.34,0.8989,0.862,79.0,4.66,0.0083,6.3,45,0.6035,0,2026-06-27 00:00:00,0
BID-002309,AUC-0421,VND-0656,418483.05,0.8681,0.54,61.3,3.85,0.0276,11.6,117,0.4429,0,2026-06-27 00:00:00,0
BID-002310,AUC-0421,VND-0656,405616.81,0.8414,0.54,61.3,3.85,0.0276,11.6,117,0.4517,0,2026-06-27 00:00:00,0
BID-002311,AUC-0421,VND-0656,395893.15,0.8212,0.54,61.3,3.85,0.0276,11.6,117,0.4584,0,2026-06-27 00:00:00,0
BID-002312,AUC-0422,VND-0733,277571.03,0.9757,1.0,79.0,5.0,0.001,6.3,38,0.7111,0,2026-01-26 00:00:00,0
BID-002313,AUC-0422,VND-0583,267718.07,0.9411,0.58,56.2,3.95,0.0252,13.1,290,0.4758,0,2026-01-26 00:00:00,0
BID-002314,AUC-0422,VND-0564,255142.79,0.8969,0.543,54.1,3.86,0.0274,13.8,291,0.468,0,2026-01-26 00:00:00,0
BID-002315,AUC-0422,VND-0552,250529.86,0.8807,0.942,97.0,4.85,0.0035,0.9,91,0.7645,0,2026-01-26 00:00:00,1
BID-002316,AUC-0422,VND-0574,238223.93,0.8374,0.899,84.1,4.75,0.0061,4.8,134,0.7247,0,2026-01-26 00:00:00,0
BID-002317,AUC-0423,VND-0102,462298.53,0.9856,0.581,59.8,3.95,0.0252,12.1,289,0.3392,0,2026-03-10 00:00:00,0
BID-002318,AUC-0423,VND-0392,451260.92,0.9621,0.626,56.5,4.06,0.0224,13.0,205,0.3591,0,2026-03-10 00:00:00,0
BID-002319,AUC-0423,VND-0621,429526.5,0.9158,0.934,90.2,4.84,0.0039,2.9,258,0.5186,0,2026-03-10 00:00:00,0
BID-002320,AUC-0423,VND-0580,409793.37,0.8737,0.936,75.4,4.84,0.0038,7.4,233,0.5189,0,2026-03-10 00:00:00,0
BID-002321,AUC-0423,VND-0392,405321.04,0.8641,0.626,56.5,4.06,0.0224,13.0,205,0.407,0,2026-03-10 00:00:00,0
BID-002322,AUC-0423,VND-0621,390844.4,0.8333,0.934,90.2,4.84,0.0039,2.9,258,0.559,0,2026-03-10 00:00:00,0
BID-002323,AUC-0423,VND-0621,374753.8,0.799,0.934,90.2,4.84,0.0039,2.9,258,0.5758,0,2026-03-10 00:00:00,1
BID-002324,AUC-0424,VND-0481,34975.63,0.9823,0.541,51.9,3.85,0.0275,14.4,138,0.2596,0,2026-03-19 00:00:00,0
BID-002325,AUC-0424,VND-0648,33350.44,0.9366,0.9,75.1,4.75,0.006,7.5,101,0.4023,0,2026-03-19 00:00:00,0
BID-002326,AUC-0424,VND-0321,31693.36,0.8901,0.51,50.0,3.78,0.0294,15.0,162,0.3024,0,2026-03-19 00:00:00,0
BID-002327,AUC-0424,VND-0737,31109.67,0.8737,0.939,78.3,4.85,0.0036,6.5,155,0.452,0,2026-03-19 00:00:00,1
BID-002328,AUC-0424,VND-0243,30682.93,0.8617,0.792,85.9,4.48,0.0125,4.2,53,0.4401,0,2026-03-19 00:00:00,0
BID-002329,AUC-0425,VND-0401,212061.87,0.9854,0.854,71.1,4.63,0.0088,8.7,255,0.487,0,2026-01-21 00:00:00,0
BID-002330,AUC-0425,VND-0401,208939.64,0.9709,0.854,71.1,4.63,0.0088,8.7,255,0.4944,0,2026-01-21 00:00:00,0
BID-002331,AUC-0425,VND-0612,203422.7,0.9452,0.716,69.8,4.29,0.017,9.1,297,0.4667,0,2026-01-21 00:00:00,0
BID-002332,AUC-0425,VND-0401,200953.12,0.9338,0.854,71.1,4.63,0.0088,8.7,255,0.5133,0,2026-01-21 00:00:00,1
BID-002333,AUC-0426,VND-0572,135872.4,0.9883,0.839,73.5,4.6,0.0097,8.0,32,0.5735,0,2026-05-06 00:00:00,0
BID-002334,AUC-0426,VND-0681,132087.05,0.9608,0.956,73.9,4.89,0.0026,7.8,190,0.6309,0,2026-05-06 00:00:00,1
BID-002335,AUC-0426,VND-0344,127270.0,0.9258,0.786,70.0,4.46,0.0129,9.0,234,0.5653,0,2026-05-06 00:00:00,0
BID-002336,AUC-0426,VND-0109,121250.63,0.882,0.663,70.2,4.16,0.0202,8.9,184,0.5321,0,2026-05-06 00:00:00,0
BID-002337,AUC-0427,VND-0590,356000.78,0.9671,0.881,83.5,4.7,0.0072,5.0,126,0.5365,0,2026-01-11 00:00:00,0
BID-002338,AUC-0427,VND-0576,347025.52,0.9427,0.854,82.9,4.64,0.0087,5.1,178,0.5372,0,2026-01-11 00:00:00,1
BID-002339,AUC-0427,VND-0466,336112.98,0.9131,0.57,61.4,3.92,0.0258,11.6,150,0.4077,0,2026-01-11 00:00:00,0
BID-002340,AUC-0428,VND-0563,470920.21,0.9594,0.828,75.6,4.57,0.0103,7.3,208,0.387,0,2026-03-28 00:00:00,1
BID-002341,AUC-0428,VND-0570,462893.15,0.9431,0.74,73.9,4.35,0.0156,7.8,72,0.3704,0,2026-03-28 00:00:00,0
BID-002342,AUC-0428,VND-0414,452997.41,0.9229,0.673,56.3,4.18,0.0196,13.1,68,0.3424,0,2026-03-28 00:00:00,0
BID-002343,AUC-0429,VND-0379,129012.54,0.9507,0.81,73.5,4.53,0.0114,8.0,200,0.459,0,2026-06-18 00:00:00,0
BID-002344,AUC-0429,VND-0627,124645.08,0.9185,0.559,50.0,3.9,0.0265,15.0,106,0.3645,0,2026-06-18 00:00:00,0
BID-002345,AUC-0429,VND-0037,122756.42,0.9046,0.503,50.3,3.76,0.0298,14.9,24,0.3537,0,2026-06-18 00:00:00,0
BID-002346,AUC-0429,VND-0507,118088.61,0.8702,0.972,78.7,4.93,0.0017,6.4,250,0.5545,0,2026-06-18 00:00:00,1
BID-002347,AUC-0429,VND-0379,112209.84,0.8269,0.81,73.5,4.53,0.0114,8.0,200,0.5172,0,2026-06-18 00:00:00,0
BID-002348,AUC-0429,VND-0379,107849.03,0.7948,0.81,73.5,4.53,0.0114,8.0,200,0.5323,0,2026-06-18 00:00:00,0
BID-002349,AUC-0429,VND-0413,103274.23,0.761,0.769,81.8,4.42,0.0139,5.5,197,0.5458,0,2026-06-18 00:00:00,0
BID-002350,AUC-0429,VND-0669,98914.56,0.7289,0.6,54.9,4.0,0.024,13.5,142,0.4728,0,2026-06-18 00:00:00,0
BID-002351,AUC-0430,VND-0286,320674.69,0.9701,0.757,77.5,4.39,0.0146,6.8,227,0.4764,0,2026-01-15 00:00:00,0
BID-002352,AUC-0430,VND-0566,307509.55,0.9303,0.862,78.0,4.65,0.0083,6.6,129,0.5441,0,2026-01-15 00:00:00,0
BID-002353,AUC-0430,VND-0535,292516.79,0.885,0.677,61.0,4.19,0.0194,11.7,113,0.4698,0,2026-01-15 00:00:00,0
BID-002354,AUC-0430,VND-0566,287931.54,0.8711,0.862,78.0,4.65,0.0083,6.6,129,0.5755,0,2026-01-15 00:00:00,1
BID-002355,AUC-0431,VND-0336,104682.6,0.9777,0.587,59.2,3.97,0.0248,12.2,264,0.3218,0,2026-03-26 00:00:00,0
BID-002356,AUC-0431,VND-0389,102748.02,0.9597,0.615,59.6,4.04,0.0231,12.1,240,0.3375,0,2026-03-26 00:00:00,0
BID-002357,AUC-0431,VND-0441,100654.6,0.9401,0.616,60.3,4.04,0.0231,11.9,75,0.3494,0,2026-03-26 00:00:00,0
BID-002358,AUC-0431,VND-0441,96072.39,0.8973,0.616,60.3,4.04,0.0231,11.9,75,0.3721,0,2026-03-26 00:00:00,0
BID-002359,AUC-0431,VND-0389,95013.11,0.8874,0.615,59.6,4.04,0.0231,12.1,240,0.3758,0,2026-03-26 00:00:00,1
BID-002360,AUC-0432,VND-0512,278460.51,0.9702,0.962,100.0,4.91,0.0023,0.1,155,0.6574,0,2026-04-26 00:00:00,0
BID-002361,AUC-0432,VND-0034,273823.01,0.954,0.57,62.3,3.93,0.0258,11.3,167,0.4862,0,2026-04-26 00:00:00,0
BID-002362,AUC-0432,VND-0512,270410.97,0.9422,0.962,100.0,4.91,0.0023,0.1,155,0.667,0,2026-04-26 00:00:00,0
BID-002363,AUC-0432,VND-0125,259902.28,0.9055,0.982,94.8,4.95,0.0011,1.6,280,0.6798,0,2026-04-26 00:00:00,1
BID-002364,AUC-0433,VND-0445,232787.32,0.9809,0.55,50.0,3.87,0.027,15.0,59,0.3715,0,2026-02-27 00:00:00,0
BID-002365,AUC-0433,VND-0338,222451.46,0.9373,0.705,69.5,4.26,0.0177,9.2,169,0.4965,0,2026-02-27 00:00:00,0
BID-002366,AUC-0433,VND-0341,217180.34,0.9151,0.909,75.7,4.77,0.0055,7.3,132,0.5917,0,2026-02-27 00:00:00,1
BID-002367,AUC-0434,VND-0005,467602.91,0.9616,0.801,74.5,4.5,0.012,7.6,294,0.5038,0,2026-02-04 00:00:00,1
BID-002368,AUC-0434,VND-0699,462321.18,0.9507,0.715,58.1,4.29,0.0171,12.6,110,0.4397,0,2026-02-04 00:00:00,0
BID-002369,AUC-0434,VND-0130,455392.01,0.9365,0.785,61.6,4.46,0.0129,11.5,96,0.479,0,2026-02-04 00:00:00,0
BID-002370,AUC-0434,VND-0651,444222.4,0.9135,0.516,53.7,3.79,0.0291,13.9,141,0.3695,0,2026-02-04 00:00:00,0
BID-002371,AUC-0435,VND-0458,304296.76,0.9874,0.776,64.7,4.44,0.0134,10.6,78,0.5737,0,2026-05-22 00:00:00,0
BID-002372,AUC-0435,VND-0629,294070.9,0.9542,0.6,58.8,4.0,0.024,12.4,218,0.5021,0,2026-05-22 00:00:00,0
BID-002373,AUC-0435,VND-0441,279390.41,0.9066,0.616,60.3,4.04,0.0231,11.9,75,0.524,0,2026-05-22 00:00:00,0
BID-002374,AUC-0435,VND-0779,273410.97,0.8872,0.805,72.3,4.51,0.0117,8.3,269,0.6303,0,2026-05-22 00:00:00,1
BID-002375,AUC-0435,VND-0441,268790.52,0.8722,0.616,60.3,4.04,0.0231,11.9,75,0.5326,0,2026-05-22 00:00:00,0
BID-002376,AUC-0436,VND-0112,176297.56,0.9726,0.547,50.0,3.87,0.0272,15.0,230,0.4177,0,2026-06-29 00:00:00,0
BID-002377,AUC-0436,VND-0211,174223.43,0.9612,0.896,93.2,4.74,0.0063,2.0,238,0.6109,0,2026-06-29 00:00:00,0
BID-002378,AUC-0436,VND-0211,167120.99,0.922,0.896,93.2,4.74,0.0063,2.0,238,0.625,0,2026-06-29 00:00:00,1
BID-002379,AUC-0436,VND-0787,164629.97,0.9083,0.868,84.3,4.67,0.0079,4.7,279,0.6028,0,2026-06-29 00:00:00,0
BID-002380,AUC-0436,VND-0478,162808.2,0.8982,0.709,64.8,4.27,0.0174,10.6,112,0.5205,0,2026-06-29 00:00:00,0
BID-002381,AUC-0437,VND-0198,64821.12,0.9835,0.67,69.1,4.18,0.0198,9.3,255,0.5259,0,2026-05-06 00:00:00,0
BID-002382,AUC-0437,VND-0614,64062.39,0.972,0.699,54.6,4.25,0.0181,13.6,235,0.5,0,2026-05-06 00:00:00,0
BID-002383,AUC-0437,VND-0647,62097.33,0.9422,0.784,79.5,4.46,0.013,6.1,139,0.6052,0,2026-05-06 00:00:00,1
BID-002384,AUC-0438,VND-0679,81710.57,0.9715,0.95,82.9,4.88,0.003,5.1,239,0.488,0,2026-03-05 00:00:00,0
BID-002385,AUC-0438,VND-0072,79231.92,0.942,0.749,61.0,4.37,0.0151,11.7,175,0.4015,0,2026-03-05 00:00:00,0
BID-002386,AUC-0438,VND-0014,77004.04,0.9155,0.6,59.5,4.0,0.024,12.2,66,0.3797,0,2026-03-05 00:00:00,0
BID-002387,AUC-0438,VND-0072,76068.03,0.9044,0.749,61.0,4.37,0.0151,11.7,175,0.4207,0,2026-03-05 00:00:00,0
BID-002388,AUC-0438,VND-0072,74296.74,0.8833,0.749,61.0,4.37,0.0151,11.7,175,0.4314,0,2026-03-05 00:00:00,0
BID-002389,AUC-0438,VND-0679,71137.65,0.8458,0.95,82.9,4.88,0.003,5.1,239,0.5521,0,2026-03-05 00:00:00,0
BID-002390,AUC-0438,VND-0115,69398.7,0.8251,0.946,87.8,4.87,0.0032,3.7,179,0.575,0,2026-03-05 00:00:00,0
BID-002391,AUC-0438,VND-0271,66056.77,0.7854,0.977,93.9,4.94,0.0014,1.8,146,0.6181,0,2026-03-05 00:00:00,1
BID-002392,AUC-0439,VND-0335,119117.3,0.9893,0.593,54.0,3.98,0.0244,13.8,73,0.3775,0,2026-06-26 00:00:00,0
BID-002393,AUC-0439,VND-0407,117060.26,0.9722,0.562,60.1,3.91,0.0263,12.0,88,0.3865,0,2026-06-26 00:00:00,0
BID-002394,AUC-0439,VND-0186,111865.57,0.9291,0.55,50.0,3.88,0.027,15.0,266,0.3748,0,2026-06-26 00:00:00,0
BID-002395,AUC-0439,VND-0142,109156.93,0.9066,0.688,54.9,4.22,0.0187,13.5,154,0.4454,0,2026-06-26 00:00:00,1
BID-002396,AUC-0440,VND-0446,131614.85,0.9898,0.861,91.5,4.65,0.0083,2.6,192,0.6876,0,2026-04-05 00:00:00,1
BID-002397,AUC-0440,VND-0382,125035.37,0.9403,0.624,57.9,4.06,0.0225,12.6,66,0.5459,0,2026-04-05 00:00:00,0
BID-002398,AUC-0440,VND-0177,119422.95,0.8981,0.829,68.6,4.57,0.0102,9.4,203,0.6475,0,2026-04-05 00:00:00,0
BID-002399,AUC-0441,VND-0455,415076.62,0.9725,0.63,51.8,4.07,0.0222,14.5,253,0.4634,0,2026-03-21 00:00:00,0
BID-002400,AUC-0441,VND-0419,409615.32,0.9597,0.957,77.5,4.89,0.0026,6.8,117,0.6311,0,2026-03-21 00:00:00,0
BID-002401,AUC-0441,VND-0281,404469.33,0.9477,0.852,71.4,4.63,0.0089,8.6,252,0.5871,0,2026-03-21 00:00:00,0
BID-002402,AUC-0441,VND-0419,386985.04,0.9067,0.957,77.5,4.89,0.0026,6.8,117,0.6481,0,2026-03-21 00:00:00,1
BID-002403,AUC-0441,VND-0455,382821.38,0.897,0.63,51.8,4.07,0.0222,14.5,253,0.4875,0,2026-03-21 00:00:00,0
BID-002404,AUC-0441,VND-0598,363989.28,0.8528,0.523,54.5,3.81,0.0286,13.6,178,0.4719,0,2026-03-21 00:00:00,0
BID-002405,AUC-0442,VND-0492,281376.13,0.9873,0.553,50.0,3.88,0.0268,15.0,257,0.3245,0,2026-04-24 00:00:00,0
BID-002406,AUC-0442,VND-0312,277993.12,0.9754,0.685,66.4,4.21,0.0189,10.1,297,0.4104,0,2026-04-24 00:00:00,0
BID-002407,AUC-0442,VND-0259,269812.85,0.9467,0.688,71.3,4.22,0.0187,8.6,248,0.4352,0,2026-04-24 00:00:00,1
BID-002408,AUC-0443,VND-0239,258000.03,0.9682,0.537,54.1,3.84,0.0278,13.8,92,0.433,0,2026-01-23 00:00:00,0
BID-002409,AUC-0443,VND-0689,254718.84,0.9559,0.723,63.2,4.31,0.0166,11.0,181,0.5134,0,2026-01-23 00:00:00,0
BID-002410,AUC-0443,VND-0625,246436.19,0.9248,0.96,86.5,4.9,0.0024,4.0,258,0.645,0,2026-01-23 00:00:00,0
BID-002411,AUC-0443,VND-0625,235514.93,0.8839,0.96,86.5,4.9,0.0024,4.0,258,0.6589,0,2026-01-23 00:00:00,0
BID-002412,AUC-0443,VND-0625,226598.91,0.8504,0.96,86.5,4.9,0.0024,4.0,258,0.6703,0,2026-01-23 00:00:00,1
BID-002413,AUC-0443,VND-0689,224305.49,0.8418,0.723,63.2,4.31,0.0166,11.0,181,0.5522,0,2026-01-23 00:00:00,0
BID-002414,AUC-0443,VND-0239,216071.6,0.8109,0.537,54.1,3.84,0.0278,13.8,92,0.4865,0,2026-01-23 00:00:00,0
BID-002415,AUC-0444,VND-0060,63861.28,0.9641,0.946,89.7,4.87,0.0032,3.1,45,0.7311,0,2026-03-16 00:00:00,1
BID-002416,AUC-0444,VND-0592,60848.91,0.9187,0.816,81.3,4.54,0.011,5.6,112,0.6747,0,2026-03-16 00:00:00,0
BID-002417,AUC-0444,VND-0606,58333.84,0.8807,0.713,64.1,4.28,0.0172,10.8,292,0.5999,0,2026-03-16 00:00:00,0
BID-002418,AUC-0445,VND-0612,413110.93,0.9575,0.716,69.8,4.29,0.017,9.1,297,0.4574,0,2026-04-27 00:00:00,0
BID-002419,AUC-0445,VND-0475,399015.8,0.9248,0.937,83.0,4.84,0.0038,5.1,245,0.5741,0,2026-04-27 00:00:00,0
BID-002420,AUC-0445,VND-0086,393396.77,0.9118,0.839,64.6,4.6,0.0097,10.6,233,0.5174,0,2026-04-27 00:00:00,0
BID-002421,AUC-0445,VND-0475,374427.93,0.8678,0.937,83.0,4.84,0.0038,5.1,245,0.5975,0,2026-04-27 00:00:00,1
BID-002422,AUC-0445,VND-0217,367444.35,0.8516,0.809,63.1,4.52,0.0115,11.1,278,0.5283,0,2026-04-27 00:00:00,0
BID-002423,AUC-0445,VND-0086,349769.6,0.8106,0.839,64.6,4.6,0.0097,10.6,233,0.5589,0,2026-04-27 00:00:00,0
BID-002424,AUC-0446,VND-0204,357871.21,0.9827,0.695,54.8,4.24,0.0183,13.6,162,0.595,0,2026-02-23 00:00:00,0
BID-002425,AUC-0446,VND-0148,344431.22,0.9458,0.564,52.5,3.91,0.0262,14.2,187,0.5444,0,2026-02-23 00:00:00,0
BID-002426,AUC-0446,VND-0193,331759.85,0.911,0.868,87.1,4.67,0.0079,3.9,282,0.7333,0,2026-02-23 00:00:00,0
BID-002427,AUC-0446,VND-0193,324605.7,0.8913,0.868,87.1,4.67,0.0079,3.9,282,0.7374,0,2026-02-23 00:00:00,0
BID-002428,AUC-0446,VND-0193,309518.43,0.8499,0.868,87.1,4.67,0.0079,3.9,282,0.7461,0,2026-02-23 00:00:00,1
BID-002429,AUC-0447,VND-0791,41261.81,0.9561,0.616,53.1,4.04,0.023,14.1,139,0.4069,0,2026-06-10 00:00:00,0
BID-002430,AUC-0447,VND-0004,40805.78,0.9455,0.529,52.5,3.82,0.0283,14.2,273,0.3769,0,2026-06-10 00:00:00,0
BID-002431,AUC-0447,VND-0232,40314.51,0.9341,0.873,78.7,4.68,0.0076,6.4,167,0.5637,0,2026-06-10 00:00:00,0
BID-002432,AUC-0447,VND-0232,38589.35,0.8942,0.873,78.7,4.68,0.0076,6.4,167,0.5829,0,2026-06-10 00:00:00,1
BID-002433,AUC-0448,VND-0732,344266.69,0.9648,0.553,50.6,3.88,0.0268,14.8,263,0.4628,0,2026-05-31 00:00:00,0
BID-002434,AUC-0448,VND-0367,339514.73,0.9515,0.833,76.0,4.58,0.01,7.2,103,0.6223,0,2026-05-31 00:00:00,0
BID-002435,AUC-0448,VND-0158,332925.29,0.933,0.918,86.8,4.79,0.0049,4.0,116,0.6778,0,2026-05-31 00:00:00,0
BID-002436,AUC-0448,VND-0155,317599.64,0.89,0.898,77.6,4.74,0.0061,6.7,100,0.6718,0,2026-05-31 00:00:00,0
BID-002437,AUC-0448,VND-0158,313362.85,0.8782,0.918,86.8,4.79,0.0049,4.0,116,0.6937,0,2026-05-31 00:00:00,1
BID-002438,AUC-0448,VND-0155,298164.51,0.8356,0.898,77.6,4.74,0.0061,6.7,100,0.6876,0,2026-05-31 00:00:00,0
BID-002439,AUC-0448,VND-0367,284117.34,0.7962,0.833,76.0,4.58,0.01,7.2,103,0.6673,0,2026-05-31 00:00:00,0
BID-002440,AUC-0448,VND-0732,272010.32,0.7623,0.553,50.6,3.88,0.0268,14.8,263,0.5215,0,2026-05-31 00:00:00,0
BID-002441,AUC-0449,VND-0362,271793.94,0.9836,0.533,52.6,3.83,0.028,14.2,298,0.2999,0,2026-01-17 00:00:00,0
BID-002442,AUC-0449,VND-0491,264169.67,0.956,0.667,66.6,4.17,0.02,10.0,38,0.3667,0,2026-01-17 00:00:00,0
BID-002443,AUC-0449,VND-0773,256012.68,0.9265,0.981,83.0,4.95,0.0011,5.1,104,0.4745,0,2026-01-17 00:00:00,1
BID-002444,AUC-0449,VND-0362,247604.32,0.896,0.533,52.6,3.83,0.028,14.2,298,0.3463,0,2026-01-17 00:00:00,0
BID-002445,AUC-0449,VND-0249,235496.28,0.8522,0.792,64.8,4.48,0.0125,10.6,66,0.4434,0,2026-01-17 00:00:00,0
BID-002446,AUC-0450,VND-0082,49451.24,0.9881,0.817,76.7,4.54,0.011,7.0,150,0.6024,0,2026-01-15 00:00:00,0
BID-002447,AUC-0450,VND-0212,48323.36,0.9656,0.546,55.7,3.86,0.0273,13.3,255,0.4391,0,2026-01-15 00:00:00,0
BID-002448,AUC-0450,VND-0048,47659.01,0.9523,0.885,83.3,4.71,0.0069,5.0,51,0.6584,0,2026-01-15 00:00:00,1
BID-002449,AUC-0450,VND-0037,45577.04,0.9107,0.503,50.3,3.76,0.0298,14.9,24,0.4212,0,2026-01-15 00:00:00,0
BID-002450,AUC-0450,VND-0212,44094.09,0.8811,0.546,55.7,3.86,0.0273,13.3,255,0.4619,0,2026-01-15 00:00:00,0
BID-002451,AUC-0451,VND-0369,227428.04,0.9696,0.696,66.8,4.24,0.0182,10.0,205,0.6266,0,2026-06-20 00:00:00,1
BID-002452,AUC-0451,VND-0752,219019.2,0.9337,0.513,50.0,3.78,0.0292,15.0,78,0.5326,0,2026-06-20 00:00:00,0
BID-002453,AUC-0451,VND-0651,214459.95,0.9143,0.516,53.7,3.79,0.0291,13.9,141,0.5459,0,2026-06-20 00:00:00,0
BID-002454,AUC-0452,VND-0535,240438.89,0.9715,0.677,61.0,4.19,0.0194,11.7,113,0.4007,0,2026-03-17 00:00:00,0
BID-002455,AUC-0452,VND-0417,232469.82,0.9393,0.57,50.0,3.93,0.0258,15.0,260,0.357,0,2026-03-17 00:00:00,0
BID-002456,AUC-0452,VND-0417,223965.3,0.9049,0.57,50.0,3.93,0.0258,15.0,260,0.3718,0,2026-03-17 00:00:00,0
BID-002457,AUC-0452,VND-0453,219332.49,0.8862,0.711,72.9,4.28,0.0174,8.1,225,0.4667,0,2026-03-17 00:00:00,0
BID-002458,AUC-0452,VND-0746,214027.8,0.8648,0.619,58.8,4.05,0.0229,12.4,85,0.4203,0,2026-03-17 00:00:00,0
BID-002459,AUC-0452,VND-0453,209673.17,0.8472,0.711,72.9,4.28,0.0174,8.1,225,0.4835,0,2026-03-17 00:00:00,0
BID-002460,AUC-0452,VND-0453,200949.79,0.8119,0.711,72.9,4.28,0.0174,8.1,225,0.4986,0,2026-03-17 00:00:00,1
BID-002461,AUC-0453,VND-0291,89671.21,0.9829,0.73,73.7,4.32,0.0162,7.9,77,0.4406,0,2026-03-23 00:00:00,0
BID-002462,AUC-0453,VND-0338,86356.27,0.9466,0.705,69.5,4.26,0.0177,9.2,169,0.4411,0,2026-03-23 00:00:00,0
BID-002463,AUC-0453,VND-0411,83106.06,0.911,0.901,73.1,4.75,0.0059,8.1,298,0.5147,0,2026-03-23 00:00:00,0
BID-002464,AUC-0453,VND-0365,81529.94,0.8937,0.601,50.0,4.0,0.024,15.0,46,0.395,0,2026-03-23 00:00:00,0
BID-002465,AUC-0453,VND-0746,79483.91,0.8713,0.619,58.8,4.05,0.0229,12.4,85,0.4289,0,2026-03-23 00:00:00,0
BID-002466,AUC-0453,VND-0095,76212.25,0.8354,0.765,68.1,4.41,0.0141,9.6,225,0.5022,0,2026-03-23 00:00:00,0
BID-002467,AUC-0453,VND-0058,73678.85,0.8076,0.817,86.2,4.54,0.011,4.1,62,0.5675,0,2026-03-23 00:00:00,0
BID-002468,AUC-0453,VND-0411,70570.16,0.7735,0.901,73.1,4.75,0.0059,8.1,298,0.5751,0,2026-03-23 00:00:00,1
BID-002469,AUC-0454,VND-0649,452845.23,0.9566,0.584,50.0,3.96,0.025,15.0,89,0.3199,0,2026-02-21 00:00:00,0
BID-002470,AUC-0454,VND-0622,441365.96,0.9323,0.885,90.7,4.71,0.0069,2.8,57,0.4778,0,2026-02-21 00:00:00,0
BID-002471,AUC-0454,VND-0241,424234.69,0.8962,0.815,81.9,4.54,0.0111,5.4,66,0.4642,0,2026-02-21 00:00:00,0
BID-002472,AUC-0454,VND-0622,419557.57,0.8863,0.885,90.7,4.71,0.0069,2.8,57,0.5023,0,2026-02-21 00:00:00,0
BID-002473,AUC-0454,VND-0397,406774.48,0.8593,0.753,66.6,4.38,0.0148,10.0,272,0.4454,0,2026-02-21 00:00:00,0
BID-002474,AUC-0454,VND-0153,401653.03,0.8485,0.863,93.2,4.66,0.0082,2.0,93,0.5184,0,2026-02-21 00:00:00,0
BID-002475,AUC-0454,VND-0651,395179.2,0.8348,0.516,53.7,3.79,0.0291,13.9,141,0.3671,0,2026-02-21 00:00:00,0
BID-002476,AUC-0454,VND-0027,389611.76,0.823,0.97,94.1,4.92,0.0018,1.8,96,0.567,0,2026-02-21 00:00:00,1
BID-002477,AUC-0455,VND-0682,417527.98,0.979,0.811,79.7,4.53,0.0113,6.1,139,0.4358,0,2026-03-06 00:00:00,0
BID-002478,AUC-0455,VND-0220,411264.09,0.9643,0.853,68.0,4.63,0.0088,9.6,41,0.4454,0,2026-03-06 00:00:00,0
BID-002479,AUC-0455,VND-0220,391232.88,0.9173,0.853,68.0,4.63,0.0088,9.6,41,0.4685,0,2026-03-06 00:00:00,0
BID-002480,AUC-0455,VND-0329,383159.11,0.8984,0.642,52.4,4.1,0.0215,14.3,30,0.3903,0,2026-03-06 00:00:00,0
BID-002481,AUC-0455,VND-0682,371163.12,0.8703,0.811,79.7,4.53,0.0113,6.1,139,0.4891,0,2026-03-06 00:00:00,0
BID-002482,AUC-0455,VND-0220,364067.19,0.8536,0.853,68.0,4.63,0.0088,9.6,41,0.4997,0,2026-03-06 00:00:00,0
BID-002483,AUC-0455,VND-0125,347606.48,0.815,0.982,94.8,4.95,0.0011,1.6,280,0.5892,0,2026-03-06 00:00:00,1
BID-002484,AUC-0455,VND-0329,330434.55,0.7748,0.642,52.4,4.1,0.0215,14.3,30,0.4509,0,2026-03-06 00:00:00,0
BID-002485,AUC-0456,VND-0463,334144.72,0.9891,0.713,55.4,4.28,0.0172,13.4,101,0.4223,0,2026-02-11 00:00:00,0
BID-002486,AUC-0456,VND-0495,329955.75,0.9767,0.623,66.9,4.06,0.0226,9.9,187,0.4309,0,2026-02-11 00:00:00,0
BID-002487,AUC-0456,VND-0673,325681.46,0.9641,0.871,74.3,4.68,0.0077,7.7,276,0.5237,0,2026-02-11 00:00:00,1
BID-002488,AUC-0457,VND-0703,224712.02,0.9501,0.832,76.8,4.58,0.0101,7.0,242,0.4951,0,2026-06-11 00:00:00,0
BID-002489,AUC-0457,VND-0703,216040.52,0.9134,0.832,76.8,4.58,0.0101,7.0,242,0.5105,0,2026-06-11 00:00:00,1
BID-002490,AUC-0457,VND-0587,211869.65,0.8958,0.816,64.1,4.54,0.011,10.8,245,0.4858,0,2026-06-11 00:00:00,0
BID-002491,AUC-0457,VND-0231,203651.53,0.861,0.559,53.8,3.9,0.0265,13.9,274,0.3914,0,2026-06-11 00:00:00,0
BID-002492,AUC-0457,VND-0587,198831.27,0.8406,0.816,64.1,4.54,0.011,10.8,245,0.509,0,2026-06-11 00:00:00,0
BID-002493,AUC-0458,VND-0530,206831.41,0.9767,0.74,68.2,4.35,0.0156,9.5,69,0.506,0,2026-06-11 00:00:00,1
BID-002494,AUC-0458,VND-0065,197234.35,0.9314,0.503,50.0,3.76,0.0298,15.0,292,0.4027,0,2026-06-11 00:00:00,0
BID-002495,AUC-0458,VND-0336,188110.85,0.8883,0.587,59.2,3.97,0.0248,12.2,264,0.465,0,2026-06-11 00:00:00,0
BID-002496,AUC-0459,VND-0745,320043.07,0.9728,0.694,61.5,4.24,0.0183,11.5,67,0.405,0,2026-02-28 00:00:00,0
BID-002497,AUC-0459,VND-0163,316438.54,0.9619,0.977,97.8,4.94,0.0014,0.7,265,0.5649,0,2026-02-28 00:00:00,0
BID-002498,AUC-0459,VND-0321,304451.66,0.9254,0.51,50.0,3.78,0.0294,15.0,162,0.3371,0,2026-02-28 00:00:00,0
BID-002499,AUC-0459,VND-0486,301063.06,0.9151,0.832,81.3,4.58,0.0101,5.6,114,0.5081,0,2026-02-28 00:00:00,0
BID-002500,AUC-0459,VND-0284,293038.03,0.8908,0.696,66.4,4.24,0.0182,10.1,84,0.4468,0,2026-02-28 00:00:00,0
BID-002501,AUC-0459,VND-0745,284597.99,0.8651,0.694,61.5,4.24,0.0183,11.5,67,0.4524,0,2026-02-28 00:00:00,0
BID-002502,AUC-0459,VND-0163,276239.47,0.8397,0.977,97.8,4.94,0.0014,0.7,265,0.6186,0,2026-02-28 00:00:00,1
BID-002503,AUC-0460,VND-0038,268425.8,0.9681,0.853,86.6,4.63,0.0088,4.0,172,0.6187,0,2026-01-24 00:00:00,0
BID-002504,AUC-0460,VND-0038,256440.06,0.9249,0.853,86.6,4.63,0.0088,4.0,172,0.6343,0,2026-01-24 00:00:00,0
BID-002505,AUC-0460,VND-0408,245327.72,0.8848,0.935,85.7,4.84,0.0039,4.3,138,0.6821,0,2026-01-24 00:00:00,0
BID-002506,AUC-0460,VND-0400,241923.57,0.8725,0.848,82.5,4.62,0.0091,5.2,256,0.642,0,2026-01-24 00:00:00,0
BID-002507,AUC-0460,VND-0615,235218.89,0.8484,0.992,82.3,4.98,0.001,5.3,64,0.7122,0,2026-01-24 00:00:00,0
BID-002508,AUC-0460,VND-0503,228002.64,0.8223,0.903,83.6,4.76,0.0058,4.9,92,0.6862,0,2026-01-24 00:00:00,0
BID-002509,AUC-0460,VND-0615,218542.56,0.7882,0.992,82.3,4.98,0.001,5.3,64,0.7339,0,2026-01-24 00:00:00,1
BID-002510,AUC-0461,VND-0548,39109.66,0.9653,0.615,51.6,4.04,0.0231,14.5,126,0.4039,0,2026-04-18 00:00:00,0
BID-002511,AUC-0461,VND-0344,37752.7,0.9318,0.786,70.0,4.46,0.0129,9.0,234,0.5231,0,2026-04-18 00:00:00,0
BID-002512,AUC-0461,VND-0169,36319.79,0.8965,0.928,86.3,4.82,0.0043,4.1,252,0.6283,0,2026-04-18 00:00:00,0
BID-002513,AUC-0461,VND-0344,35381.54,0.8733,0.786,70.0,4.46,0.0129,9.0,234,0.546,0,2026-04-18 00:00:00,0
BID-002514,AUC-0461,VND-0344,34249.96,0.8454,0.786,70.0,4.46,0.0129,9.0,234,0.5569,0,2026-04-18 00:00:00,0
BID-002515,AUC-0461,VND-0356,32632.94,0.8055,0.88,82.6,4.7,0.0072,5.2,180,0.6382,0,2026-04-18 00:00:00,1
BID-002516,AUC-0461,VND-0548,31566.21,0.7791,0.615,51.6,4.04,0.0231,14.5,126,0.4765,0,2026-04-18 00:00:00,0
BID-002517,AUC-0462,VND-0749,257359.33,0.9856,0.81,74.1,4.52,0.0114,7.8,240,0.3552,0,2026-06-05 00:00:00,0
BID-002518,AUC-0462,VND-0054,247349.27,0.9472,0.705,68.2,4.26,0.0177,9.5,70,0.3447,0,2026-06-05 00:00:00,0
BID-002519,AUC-0462,VND-0054,244296.11,0.9355,0.705,68.2,4.26,0.0177,9.5,70,0.3513,0,2026-06-05 00:00:00,0
BID-002520,AUC-0462,VND-0236,232133.25,0.889,0.506,51.5,3.77,0.0296,14.6,137,0.3042,0,2026-06-05 00:00:00,0
BID-002521,AUC-0462,VND-0251,223340.13,0.8553,0.849,73.2,4.62,0.0091,8.0,198,0.4329,0,2026-06-05 00:00:00,0
BID-002522,AUC-0462,VND-0195,213163.38,0.8163,0.875,82.4,4.69,0.0075,5.3,65,0.4805,0,2026-06-05 00:00:00,0
BID-002523,AUC-0462,VND-0749,208036.71,0.7967,0.81,74.1,4.52,0.0114,7.8,240,0.461,0,2026-06-05 00:00:00,0
BID-002524,AUC-0462,VND-0695,202007.96,0.7736,0.985,85.0,4.96,0.001,4.5,108,0.5296,0,2026-06-05 00:00:00,1
BID-002525,AUC-0463,VND-0745,394687.07,0.9742,0.694,61.5,4.24,0.0183,11.5,67,0.3791,0,2026-06-18 00:00:00,0
BID-002526,AUC-0463,VND-0268,385776.8,0.9522,0.884,91.9,4.71,0.0069,2.4,82,0.4939,0,2026-06-18 00:00:00,0
BID-002527,AUC-0463,VND-0268,366860.4,0.9055,0.884,91.9,4.71,0.0069,2.4,82,0.5163,0,2026-06-18 00:00:00,0
BID-002528,AUC-0463,VND-0511,361346.3,0.8919,0.849,68.8,4.62,0.0091,9.4,265,0.4791,0,2026-06-18 00:00:00,0
BID-002529,AUC-0463,VND-0581,349360.17,0.8623,0.913,77.0,4.78,0.0052,6.9,210,0.5256,0,2026-06-18 00:00:00,1
BID-002530,AUC-0463,VND-0082,340662.66,0.8409,0.817,76.7,4.54,0.011,7.0,150,0.5042,0,2026-06-18 00:00:00,0
BID-002531,AUC-0463,VND-0669,332091.82,0.8197,0.6,54.9,4.0,0.024,13.5,142,0.4134,0,2026-06-18 00:00:00,0
BID-002532,AUC-0464,VND-0503,225090.64,0.9577,0.903,83.6,4.76,0.0058,4.9,92,0.4948,0,2026-03-22 00:00:00,0
BID-002533,AUC-0464,VND-0503,218064.63,0.9278,0.903,83.6,4.76,0.0058,4.9,92,0.5103,0,2026-03-22 00:00:00,0
BID-002534,AUC-0464,VND-0503,214323.27,0.9119,0.903,83.6,4.76,0.0058,4.9,92,0.5186,0,2026-03-22 00:00:00,0
BID-002535,AUC-0464,VND-0503,204288.59,0.8692,0.903,83.6,4.76,0.0058,4.9,92,0.5408,0,2026-03-22 00:00:00,0
BID-002536,AUC-0464,VND-0538,196669.37,0.8368,0.994,91.7,4.98,0.001,2.5,259,0.5996,0,2026-03-22 00:00:00,0
BID-002537,AUC-0464,VND-0503,188523.19,0.8021,0.903,83.6,4.76,0.0058,4.9,92,0.5757,0,2026-03-22 00:00:00,0
BID-002538,AUC-0464,VND-0538,183385.25,0.7803,0.994,91.7,4.98,0.001,2.5,259,0.629,0,2026-03-22 00:00:00,0
BID-002539,AUC-0464,VND-0538,181184.61,0.7709,0.994,91.7,4.98,0.001,2.5,259,0.6338,0,2026-03-22 00:00:00,1
BID-002540,AUC-0465,VND-0301,34587.59,0.9754,0.584,50.0,3.96,0.0249,15.0,230,0.3888,0,2026-02-08 00:00:00,0
BID-002541,AUC-0465,VND-0301,33628.69,0.9484,0.584,50.0,3.96,0.0249,15.0,230,0.4017,0,2026-02-08 00:00:00,0
BID-002542,AUC-0465,VND-0690,32091.9,0.905,0.68,61.9,4.2,0.0192,11.4,265,0.4814,0,2026-02-08 00:00:00,0
BID-002543,AUC-0465,VND-0690,31192.53,0.8797,0.68,61.9,4.2,0.0192,11.4,265,0.4936,0,2026-02-08 00:00:00,0
BID-002544,AUC-0465,VND-0016,29922.37,0.8439,0.804,62.3,4.51,0.0118,11.3,151,0.5659,0,2026-02-08 00:00:00,0
BID-002545,AUC-0465,VND-0155,29393.0,0.8289,0.898,77.6,4.74,0.0061,6.7,100,0.6358,0,2026-02-08 00:00:00,1
BID-002546,AUC-0466,VND-0121,378691.63,0.958,0.97,100.0,4.93,0.0018,0.1,52,0.6483,0,2026-01-19 00:00:00,0
BID-002547,AUC-0466,VND-0738,363039.87,0.9184,0.664,61.8,4.16,0.0202,11.5,205,0.4765,0,2026-01-19 00:00:00,0
BID-002548,AUC-0466,VND-0032,348221.67,0.881,0.914,75.0,4.79,0.0051,7.5,16,0.6255,0,2026-01-19 00:00:00,0
BID-002549,AUC-0466,VND-0238,334980.91,0.8475,0.764,80.2,4.41,0.0142,5.9,210,0.5843,0,2026-01-19 00:00:00,0
BID-002550,AUC-0466,VND-0721,330178.65,0.8353,0.985,78.2,4.96,0.001,6.5,82,0.6846,0,2026-01-19 00:00:00,1
BID-002551,AUC-0467,VND-0323,107066.85,0.9853,0.56,58.5,3.9,0.0264,12.4,70,0.3853,0,2026-03-24 00:00:00,0
BID-002552,AUC-0467,VND-0323,104736.6,0.9638,0.56,58.5,3.9,0.0264,12.4,70,0.3958,0,2026-03-24 00:00:00,0
BID-002553,AUC-0467,VND-0600,101895.38,0.9377,0.875,72.0,4.69,0.0075,8.4,23,0.5679,0,2026-03-24 00:00:00,0
BID-002554,AUC-0467,VND-0600,98048.01,0.9023,0.875,72.0,4.69,0.0075,8.4,23,0.5853,0,2026-03-24 00:00:00,1
BID-002555,AUC-0468,VND-0250,134790.07,0.9859,0.987,100.0,4.97,0.001,0.1,29,0.7081,0,2026-04-17 00:00:00,0
BID-002556,AUC-0468,VND-0316,131927.51,0.9649,0.857,89.1,4.64,0.0086,3.3,257,0.6419,0,2026-04-17 00:00:00,0
BID-002557,AUC-0468,VND-0250,130121.16,0.9517,0.987,100.0,4.97,0.001,0.1,29,0.718,0,2026-04-17 00:00:00,1
BID-002558,AUC-0468,VND-0073,126200.03,0.923,0.642,50.0,4.11,0.0215,15.0,168,0.5143,0,2026-04-17 00:00:00,0
BID-002559,AUC-0468,VND-0104,122245.38,0.8941,0.551,50.0,3.88,0.027,15.0,237,0.4798,0,2026-04-17 00:00:00,0
BID-002560,AUC-0468,VND-0252,117896.29,0.8623,0.655,63.7,4.14,0.0207,10.9,225,0.5516,0,2026-04-17 00:00:00,0
BID-002561,AUC-0469,VND-0008,87662.7,0.9664,0.591,54.1,3.98,0.0245,13.8,187,0.3729,0,2026-02-09 00:00:00,0
BID-002562,AUC-0469,VND-0008,85098.74,0.9382,0.591,54.1,3.98,0.0245,13.8,187,0.384,0,2026-02-09 00:00:00,0
BID-002563,AUC-0469,VND-0008,80872.27,0.8916,0.591,54.1,3.98,0.0245,13.8,187,0.4021,0,2026-02-09 00:00:00,1
BID-002564,AUC-0470,VND-0084,167035.46,0.9722,0.66,58.1,4.15,0.0204,12.6,37,0.5163,0,2026-01-08 00:00:00,0
BID-002565,AUC-0470,VND-0143,159144.8,0.9263,0.789,60.0,4.47,0.0127,12.0,222,0.5767,0,2026-01-08 00:00:00,0
BID-002566,AUC-0470,VND-0084,154713.47,0.9005,0.66,58.1,4.15,0.0204,12.6,37,0.5393,0,2026-01-08 00:00:00,0
BID-002567,AUC-0470,VND-0137,148261.75,0.863,0.934,95.5,4.83,0.004,1.3,227,0.695,0,2026-01-08 00:00:00,0
BID-002568,AUC-0470,VND-0727,142991.97,0.8323,0.934,84.1,4.84,0.0039,4.8,16,0.6897,0,2026-01-08 00:00:00,0
BID-002569,AUC-0470,VND-0137,141126.55,0.8214,0.934,95.5,4.83,0.004,1.3,227,0.7083,0,2026-01-08 00:00:00,1
BID-002570,AUC-0470,VND-0143,134524.53,0.783,0.789,60.0,4.47,0.0127,12.0,222,0.6225,0,2026-01-08 00:00:00,0
BID-002571,AUC-0471,VND-0192,371788.41,0.9763,0.814,78.9,4.54,0.0111,6.3,228,0.4817,0,2026-06-03 00:00:00,0
BID-002572,AUC-0471,VND-0192,362929.15,0.953,0.814,78.9,4.54,0.0111,6.3,228,0.4942,0,2026-06-03 00:00:00,0
BID-002573,AUC-0471,VND-0192,346722.21,0.9105,0.814,78.9,4.54,0.0111,6.3,228,0.5172,0,2026-06-03 00:00:00,0
BID-002574,AUC-0471,VND-0159,336858.6,0.8846,0.704,61.2,4.26,0.0177,11.6,139,0.4618,0,2026-06-03 00:00:00,0
BID-002575,AUC-0471,VND-0216,320370.0,0.8413,0.571,55.8,3.93,0.0257,13.3,180,0.4303,0,2026-06-03 00:00:00,0
BID-002576,AUC-0471,VND-0403,312444.1,0.8205,0.712,66.5,4.28,0.0173,10.0,285,0.5087,0,2026-06-03 00:00:00,0
BID-002577,AUC-0471,VND-0216,297471.93,0.7812,0.571,55.8,3.93,0.0257,13.3,180,0.4628,0,2026-06-03 00:00:00,0
BID-002578,AUC-0471,VND-0403,290811.38,0.7637,0.712,66.5,4.28,0.0173,10.0,285,0.5394,0,2026-06-03 00:00:00,1
BID-002579,AUC-0472,VND-0568,252558.0,0.9549,0.842,66.2,4.6,0.0095,10.1,287,0.5726,0,2026-01-22 00:00:00,0
BID-002580,AUC-0472,VND-0568,241981.72,0.9149,0.842,66.2,4.6,0.0095,10.1,287,0.5862,0,2026-01-22 00:00:00,0
BID-002581,AUC-0472,VND-0568,239105.53,0.904,0.842,66.2,4.6,0.0095,10.1,287,0.5899,0,2026-01-22 00:00:00,1
BID-002582,AUC-0472,VND-0602,234280.72,0.8858,0.511,50.0,3.78,0.0293,15.0,209,0.4363,0,2026-01-22 00:00:00,0
BID-002583,AUC-0473,VND-0274,108669.96,0.9844,0.557,57.4,3.89,0.0266,12.8,130,0.3128,0,2026-06-17 00:00:00,0
BID-002584,AUC-0473,VND-0416,106913.14,0.9685,0.612,54.3,4.03,0.0233,13.7,104,0.3232,0,2026-06-17 00:00:00,0
BID-002585,AUC-0473,VND-0747,104623.2,0.9477,0.614,51.8,4.03,0.0232,14.5,83,0.3274,0,2026-06-17 00:00:00,1
BID-002586,AUC-0474,VND-0131,419869.84,0.954,0.808,84.2,4.52,0.0115,4.7,141,0.5889,0,2026-05-03 00:00:00,0
BID-002587,AUC-0474,VND-0616,402837.28,0.9153,0.947,74.5,4.87,0.0032,7.6,284,0.638,0,2026-05-03 00:00:00,0
BID-002588,AUC-0474,VND-0723,388101.53,0.8818,0.934,74.1,4.84,0.004,7.8,87,0.642,0,2026-05-03 00:00:00,0
BID-002589,AUC-0474,VND-0736,376624.82,0.8557,0.784,73.6,4.46,0.013,7.9,82,0.5859,0,2026-05-03 00:00:00,0
BID-002590,AUC-0474,VND-0613,369971.69,0.8406,0.71,68.1,4.27,0.0174,9.6,155,0.5473,0,2026-05-03 00:00:00,0
BID-002591,AUC-0474,VND-0616,356133.52,0.8091,0.947,74.5,4.87,0.0032,7.6,284,0.6709,0,2026-05-03 00:00:00,1
BID-002592,AUC-0475,VND-0749,422452.22,0.958,0.81,74.1,4.52,0.0114,7.8,240,0.6027,0,2026-04-16 00:00:00,0
BID-002593,AUC-0475,VND-0749,407974.94,0.9251,0.81,74.1,4.52,0.0114,7.8,240,0.6125,0,2026-04-16 00:00:00,1
BID-002594,AUC-0475,VND-0585,388191.15,0.8803,0.503,50.0,3.76,0.0298,15.0,228,0.4796,0,2026-04-16 00:00:00,0
BID-002595,AUC-0476,VND-0216,425466.04,0.9745,0.571,55.8,3.93,0.0257,13.3,180,0.509,0,2026-02-27 00:00:00,0
BID-002596,AUC-0476,VND-0275,415680.33,0.9521,0.76,77.0,4.4,0.0144,6.9,218,0.647,0,2026-02-27 00:00:00,0
BID-002597,AUC-0476,VND-0275,407087.96,0.9324,0.76,77.0,4.4,0.0144,6.9,218,0.6509,0,2026-02-27 00:00:00,0
BID-002598,AUC-0476,VND-0275,397626.84,0.9108,0.76,77.0,4.4,0.0144,6.9,218,0.6552,0,2026-02-27 00:00:00,1
BID-002599,AUC-0477,VND-0755,123125.14,0.9694,0.804,80.1,4.51,0.0118,6.0,160,0.5737,0,2026-02-16 00:00:00,0
BID-002600,AUC-0477,VND-0049,119724.22,0.9426,0.761,69.4,4.4,0.0143,9.2,124,0.5465,0,2026-02-16 00:00:00,0
BID-002601,AUC-0477,VND-0738,117154.43,0.9224,0.664,61.8,4.16,0.0202,11.5,205,0.4992,0,2026-02-16 00:00:00,0
BID-002602,AUC-0477,VND-0755,112034.5,0.8821,0.804,80.1,4.51,0.0118,6.0,160,0.6016,0,2026-02-16 00:00:00,1
BID-002603,AUC-0477,VND-0016,106482.53,0.8384,0.804,62.3,4.51,0.0118,11.3,151,0.5871,0,2026-02-16 00:00:00,0
BID-002604,AUC-0477,VND-0016,104335.4,0.8215,0.804,62.3,4.51,0.0118,11.3,151,0.5925,0,2026-02-16 00:00:00,0
BID-002605,AUC-0477,VND-0016,102200.06,0.8047,0.804,62.3,4.51,0.0118,11.3,151,0.5979,0,2026-02-16 00:00:00,0
BID-002606,AUC-0477,VND-0049,100959.41,0.7949,0.761,69.4,4.4,0.0143,9.2,124,0.5938,0,2026-02-16 00:00:00,0
BID-002607,AUC-0478,VND-0310,224633.17,0.972,0.903,88.1,4.76,0.0058,3.6,247,0.5123,0,2026-03-06 00:00:00,0
BID-002608,AUC-0478,VND-0789,222246.94,0.9617,0.512,53.8,3.78,0.0293,13.9,182,0.3319,0,2026-03-06 00:00:00,0
BID-002609,AUC-0478,VND-0039,217882.69,0.9428,0.886,72.7,4.71,0.0069,8.2,55,0.492,0,2026-03-06 00:00:00,0
BID-002610,AUC-0478,VND-0789,214421.98,0.9278,0.512,53.8,3.78,0.0293,13.9,182,0.3502,0,2026-03-06 00:00:00,0
BID-002611,AUC-0478,VND-0622,204041.0,0.8829,0.885,90.7,4.71,0.0069,2.8,57,0.5601,0,2026-03-06 00:00:00,1
BID-002612,AUC-0478,VND-0700,194866.23,0.8432,0.809,79.4,4.52,0.0115,6.2,198,0.5361,0,2026-03-06 00:00:00,0
BID-002613,AUC-0478,VND-0476,186651.4,0.8076,0.8,72.0,4.5,0.012,8.4,211,0.5379,0,2026-03-06 00:00:00,0
BID-002614,AUC-0479,VND-0588,481687.03,0.9778,0.817,75.3,4.54,0.011,7.4,112,0.4614,0,2026-03-23 00:00:00,0
BID-002615,AUC-0479,VND-0765,467597.86,0.9492,0.902,82.3,4.75,0.0059,5.3,271,0.5151,0,2026-03-23 00:00:00,0
BID-002616,AUC-0479,VND-0617,447257.16,0.9079,0.607,50.0,4.02,0.0236,15.0,218,0.3832,0,2026-03-23 00:00:00,0
BID-002617,AUC-0479,VND-0424,437878.34,0.8888,0.543,57.4,3.86,0.0274,12.8,219,0.375,0,2026-03-23 00:00:00,0
BID-002618,AUC-0479,VND-0752,421571.33,0.8557,0.513,50.0,3.78,0.0292,15.0,78,0.3699,0,2026-03-23 00:00:00,0
BID-002619,AUC-0479,VND-0513,411000.98,0.8343,0.972,88.2,4.93,0.0017,3.5,209,0.6007,0,2026-03-23 00:00:00,1
BID-002620,AUC-0479,VND-0588,393570.86,0.7989,0.817,75.3,4.54,0.011,7.4,112,0.5419,0,2026-03-23 00:00:00,0
BID-002621,AUC-0479,VND-0120,378450.3,0.7682,0.823,63.3,4.56,0.0106,11.0,38,0.545,0,2026-03-23 00:00:00,0
BID-002622,AUC-0480,VND-0654,377421.39,0.972,0.857,83.7,4.64,0.0086,4.9,183,0.6851,0,2026-05-15 00:00:00,0
BID-002623,AUC-0480,VND-0654,370092.38,0.9531,0.857,83.7,4.64,0.0086,4.9,183,0.6953,0,2026-05-15 00:00:00,0
BID-002624,AUC-0480,VND-0654,354661.77,0.9134,0.857,83.7,4.64,0.0086,4.9,183,0.7167,0,2026-05-15 00:00:00,1
BID-002625,AUC-0480,VND-0098,337272.19,0.8686,0.67,58.4,4.17,0.0198,12.5,117,0.5859,0,2026-05-15 00:00:00,0
BID-002626,AUC-0481,VND-0519,22596.75,0.9693,0.67,70.0,4.17,0.0198,9.0,130,0.3943,0,2026-05-14 00:00:00,0
BID-002627,AUC-0481,VND-0573,21535.47,0.9238,0.634,67.5,4.08,0.022,9.8,39,0.4017,0,2026-05-14 00:00:00,0
BID-002628,AUC-0481,VND-0573,20524.06,0.8804,0.634,67.5,4.08,0.022,9.8,39,0.4225,0,2026-05-14 00:00:00,0
BID-002629,AUC-0481,VND-0519,20199.2,0.8665,0.67,70.0,4.17,0.0198,9.0,130,0.4437,0,2026-05-14 00:00:00,1
BID-002630,AUC-0482,VND-0075,40039.06,0.9544,0.526,51.0,3.81,0.0285,14.7,52,0.334,0,2026-05-14 00:00:00,0
BID-002631,AUC-0482,VND-0701,39537.72,0.9425,0.584,50.0,3.96,0.025,15.0,211,0.3607,0,2026-05-14 00:00:00,0
BID-002632,AUC-0482,VND-0144,38412.78,0.9157,0.733,67.5,4.33,0.016,9.8,80,0.4493,0,2026-05-14 00:00:00,0
BID-002633,AUC-0482,VND-0144,37852.54,0.9023,0.733,67.5,4.33,0.016,9.8,80,0.4554,0,2026-05-14 00:00:00,1
BID-002634,AUC-0483,VND-0453,228166.84,0.9614,0.711,72.9,4.28,0.0174,8.1,225,0.4714,0,2026-03-17 00:00:00,0
BID-002635,AUC-0483,VND-0380,225782.92,0.9514,0.947,89.7,4.87,0.0032,3.1,124,0.6016,0,2026-03-17 00:00:00,0
BID-002636,AUC-0483,VND-0380,216139.01,0.9107,0.947,89.7,4.87,0.0032,3.1,124,0.624,0,2026-03-17 00:00:00,0
BID-002637,AUC-0483,VND-0707,210755.67,0.888,0.635,51.2,4.09,0.0219,14.6,152,0.4537,0,2026-03-17 00:00:00,0
BID-002638,AUC-0483,VND-0380,206213.77,0.8689,0.947,89.7,4.87,0.0032,3.1,124,0.647,0,2026-03-17 00:00:00,1
BID-002639,AUC-0483,VND-0707,196746.57,0.829,0.635,51.2,4.09,0.0219,14.6,152,0.4862,0,2026-03-17 00:00:00,0
BID-002640,AUC-0483,VND-0468,187471.49,0.7899,0.586,51.1,3.96,0.0248,14.7,169,0.4853,0,2026-03-17 00:00:00,0
BID-002641,AUC-0483,VND-0707,180788.86,0.7618,0.635,51.2,4.09,0.0219,14.6,152,0.5231,0,2026-03-17 00:00:00,0
BID-002642,AUC-0484,VND-0742,443289.25,0.9732,0.772,55.5,4.43,0.0137,13.4,130,0.4981,0,2026-04-30 00:00:00,0
BID-002643,AUC-0484,VND-0513,435398.92,0.9558,0.972,88.2,4.93,0.0017,3.5,209,0.6532,0,2026-04-30 00:00:00,0
BID-002644,AUC-0484,VND-0742,423927.59,0.9306,0.772,55.5,4.43,0.0137,13.4,130,0.5152,0,2026-04-30 00:00:00,0
BID-002645,AUC-0484,VND-0742,405579.02,0.8904,0.772,55.5,4.43,0.0137,13.4,130,0.5313,0,2026-04-30 00:00:00,0
BID-002646,AUC-0484,VND-0617,400957.55,0.8802,0.607,50.0,4.02,0.0236,15.0,218,0.454,0,2026-04-30 00:00:00,0
BID-002647,AUC-0484,VND-0513,385186.52,0.8456,0.972,88.2,4.93,0.0017,3.5,209,0.6973,0,2026-04-30 00:00:00,1
BID-002648,AUC-0485,VND-0352,267168.94,0.9752,0.668,52.9,4.17,0.0199,14.1,90,0.3337,0,2026-06-27 00:00:00,0
BID-002649,AUC-0485,VND-0602,254414.74,0.9286,0.511,50.0,3.78,0.0293,15.0,209,0.3134,0,2026-06-27 00:00:00,0
BID-002650,AUC-0485,VND-0295,247417.98,0.9031,0.564,50.0,3.91,0.0262,15.0,125,0.3368,0,2026-06-27 00:00:00,0
BID-002651,AUC-0485,VND-0352,241663.95,0.8821,0.668,52.9,4.17,0.0199,14.1,90,0.3774,0,2026-06-27 00:00:00,1
BID-002652,AUC-0486,VND-0254,242083.5,0.9534,0.955,93.5,4.89,0.0027,2.0,138,0.6895,0,2026-01-25 00:00:00,1
BID-002653,AUC-0486,VND-0361,231262.33,0.9107,0.969,82.7,4.92,0.0018,5.2,61,0.6738,0,2026-01-25 00:00:00,0
BID-002654,AUC-0486,VND-0386,222436.63,0.876,0.555,56.6,3.89,0.0267,13.0,136,0.4712,0,2026-01-25 00:00:00,0
BID-002655,AUC-0487,VND-0274,60081.28,0.974,0.557,57.4,3.89,0.0266,12.8,130,0.3276,0,2026-04-12 00:00:00,0
BID-002656,AUC-0487,VND-0491,58834.32,0.9538,0.667,66.6,4.17,0.02,10.0,38,0.3774,0,2026-04-12 00:00:00,0
BID-002657,AUC-0487,VND-0491,57141.22,0.9264,0.667,66.6,4.17,0.02,10.0,38,0.3917,0,2026-04-12 00:00:00,0
BID-002658,AUC-0487,VND-0491,55163.73,0.8943,0.667,66.6,4.17,0.02,10.0,38,0.4084,0,2026-04-12 00:00:00,0
BID-002659,AUC-0487,VND-0721,52906.42,0.8577,0.985,78.2,4.96,0.001,6.5,82,0.5177,0,2026-04-12 00:00:00,1
BID-002660,AUC-0488,VND-0397,323487.93,0.9749,0.753,66.6,4.38,0.0148,10.0,272,0.4851,0,2026-04-28 00:00:00,0
BID-002661,AUC-0488,VND-0241,312947.38,0.9431,0.815,81.9,4.54,0.0111,5.4,66,0.5363,0,2026-04-28 00:00:00,0
BID-002662,AUC-0488,VND-0164,307823.73,0.9277,0.777,74.5,4.44,0.0134,7.6,250,0.5208,0,2026-04-28 00:00:00,0
BID-002663,AUC-0488,VND-0241,299092.45,0.9014,0.815,81.9,4.54,0.0111,5.4,66,0.553,0,2026-04-28 00:00:00,0
BID-002664,AUC-0488,VND-0425,289785.24,0.8733,0.751,68.9,4.38,0.0149,9.3,110,0.5276,0,2026-04-28 00:00:00,0
BID-002665,AUC-0488,VND-0241,281863.1,0.8494,0.815,81.9,4.54,0.0111,5.4,66,0.5738,0,2026-04-28 00:00:00,0
BID-002666,AUC-0488,VND-0241,273181.28,0.8233,0.815,81.9,4.54,0.0111,5.4,66,0.5843,0,2026-04-28 00:00:00,1
BID-002667,AUC-0489,VND-0077,402690.04,0.9754,0.572,51.9,3.93,0.0257,14.4,95,0.3969,0,2026-03-07 00:00:00,0
BID-002668,AUC-0489,VND-0595,385731.14,0.9344,0.65,64.4,4.13,0.021,10.7,159,0.4721,0,2026-03-07 00:00:00,0
BID-002669,AUC-0489,VND-0546,379087.15,0.9183,0.971,91.1,4.93,0.0017,2.7,247,0.6729,0,2026-03-07 00:00:00,1
BID-002670,AUC-0489,VND-0438,362499.92,0.8781,0.513,50.0,3.78,0.0292,15.0,54,0.3993,0,2026-03-07 00:00:00,0
BID-002671,AUC-0489,VND-0438,345871.44,0.8378,0.513,50.0,3.78,0.0292,15.0,54,0.4122,0,2026-03-07 00:00:00,0
BID-002672,AUC-0489,VND-0493,332822.21,0.8062,0.864,79.0,4.66,0.0082,6.3,278,0.6359,0,2026-03-07 00:00:00,0
BID-002673,AUC-0489,VND-0463,327809.85,0.7941,0.713,55.4,4.28,0.0172,13.4,101,0.5212,0,2026-03-07 00:00:00,0
BID-002674,AUC-0490,VND-0774,187769.68,0.956,0.903,79.0,4.76,0.0058,6.3,20,0.6429,0,2026-01-31 00:00:00,1
BID-002675,AUC-0490,VND-0442,183036.83,0.9319,0.51,50.0,3.77,0.0294,15.0,124,0.4371,0,2026-01-31 00:00:00,0
BID-002676,AUC-0490,VND-0677,174047.69,0.8862,0.719,66.6,4.3,0.0168,10.0,87,0.5658,0,2026-01-31 00:00:00,0
BID-002677,AUC-0490,VND-0165,167008.83,0.8503,0.71,56.5,4.27,0.0174,13.0,282,0.5591,0,2026-01-31 00:00:00,0
BID-002678,AUC-0490,VND-0677,159095.79,0.81,0.719,66.6,4.3,0.0168,10.0,87,0.5886,0,2026-01-31 00:00:00,0
BID-002679,AUC-0491,VND-0325,370991.74,0.9511,0.895,79.8,4.74,0.0063,6.1,300,0.5519,0,2026-05-16 00:00:00,0
BID-002680,AUC-0491,VND-0686,360447.1,0.9241,0.986,78.7,4.96,0.001,6.4,234,0.5929,0,2026-05-16 00:00:00,0
BID-002681,AUC-0491,VND-0311,352650.09,0.9041,0.592,50.0,3.98,0.0245,15.0,73,0.4034,0,2026-05-16 00:00:00,0
BID-002682,AUC-0491,VND-0686,339658.97,0.8708,0.986,78.7,4.96,0.001,6.4,234,0.6158,0,2026-05-16 00:00:00,0
BID-002683,AUC-0491,VND-0416,329628.46,0.8451,0.612,54.3,4.03,0.0233,13.7,104,0.4448,0,2026-05-16 00:00:00,0
BID-002684,AUC-0491,VND-0311,318393.1,0.8163,0.592,50.0,3.98,0.0245,15.0,73,0.4412,0,2026-05-16 00:00:00,0
BID-002685,AUC-0491,VND-0686,313979.25,0.805,0.986,78.7,4.96,0.001,6.4,234,0.6441,0,2026-05-16 00:00:00,1
BID-002686,AUC-0492,VND-0099,459622.77,0.9524,0.863,86.4,4.66,0.0082,4.1,131,0.6212,0,2026-04-08 00:00:00,0
BID-002687,AUC-0492,VND-0099,450131.18,0.9327,0.863,86.4,4.66,0.0082,4.1,131,0.6289,0,2026-04-08 00:00:00,0
BID-002688,AUC-0492,VND-0556,443092.69,0.9181,0.908,74.0,4.77,0.0055,7.8,44,0.6194,0,2026-04-08 00:00:00,0
BID-002689,AUC-0492,VND-0540,432737.3,0.8967,0.609,62.1,4.02,0.0235,11.4,183,0.4831,0,2026-04-08 00:00:00,0
BID-002690,AUC-0492,VND-0725,420633.13,0.8716,0.972,95.3,4.93,0.0017,1.4,62,0.7172,0,2026-04-08 00:00:00,1
BID-002691,AUC-0492,VND-0145,404295.64,0.8378,0.643,56.3,4.11,0.0214,13.1,216,0.504,0,2026-04-08 00:00:00,0
BID-002692,AUC-0492,VND-0266,395944.49,0.8205,0.906,95.9,4.77,0.0056,1.2,85,0.7137,0,2026-04-08 00:00:00,0
BID-002693,AUC-0493,VND-0480,106611.24,0.9706,0.583,58.3,3.96,0.025,12.5,61,0.4021,0,2026-05-26 00:00:00,0
BID-002694,AUC-0493,VND-0074,104184.94,0.9485,0.805,77.4,4.51,0.0117,6.8,19,0.4979,0,2026-05-26 00:00:00,1
BID-002695,AUC-0493,VND-0605,102616.25,0.9342,0.637,70.9,4.09,0.0218,8.7,101,0.4508,0,2026-05-26 00:00:00,0
BID-002696,AUC-0493,VND-0605,101009.13,0.9196,0.637,70.9,4.09,0.0218,8.7,101,0.4572,0,2026-05-26 00:00:00,0
BID-002697,AUC-0493,VND-0480,97991.2,0.8921,0.583,58.3,3.96,0.025,12.5,61,0.4367,0,2026-05-26 00:00:00,0
BID-002698,AUC-0494,VND-0564,263091.86,0.9875,0.543,54.1,3.86,0.0274,13.8,291,0.4851,0,2026-01-15 00:00:00,0
BID-002699,AUC-0494,VND-0788,258150.39,0.9689,0.608,50.0,4.02,0.0235,15.0,253,0.5079,0,2026-01-15 00:00:00,0
BID-002700,AUC-0494,VND-0026,251335.13,0.9433,0.985,96.2,4.96,0.001,1.1,61,0.7155,0,2026-01-15 00:00:00,0
BID-002701,AUC-0494,VND-0564,244203.67,0.9166,0.543,54.1,3.86,0.0274,13.8,291,0.5056,0,2026-01-15 00:00:00,0
BID-002702,AUC-0494,VND-0423,233680.63,0.8771,0.574,55.8,3.94,0.0255,13.3,184,0.5308,0,2026-01-15 00:00:00,0
BID-002703,AUC-0494,VND-0026,223420.94,0.8386,0.985,96.2,4.96,0.001,1.1,61,0.7459,0,2026-01-15 00:00:00,1
BID-002704,AUC-0494,VND-0788,212322.47,0.7969,0.608,50.0,4.02,0.0235,15.0,253,0.5578,0,2026-01-15 00:00:00,0
BID-002705,AUC-0494,VND-0423,202389.66,0.7596,0.574,55.8,3.94,0.0255,13.3,184,0.5649,0,2026-01-15 00:00:00,0
BID-002706,AUC-0495,VND-0770,148220.63,0.9836,0.591,58.7,3.98,0.0246,12.4,48,0.4029,0,2026-06-11 00:00:00,0
BID-002707,AUC-0495,VND-0005,142487.0,0.9455,0.801,74.5,4.5,0.012,7.6,294,0.5142,0,2026-06-11 00:00:00,1
BID-002708,AUC-0495,VND-0227,140548.67,0.9327,0.712,73.7,4.28,0.0173,7.9,154,0.4925,0,2026-06-11 00:00:00,0
BID-002709,AUC-0495,VND-0063,138735.65,0.9206,0.614,60.5,4.03,0.0232,11.8,299,0.4379,0,2026-06-11 00:00:00,0
BID-002710,AUC-0495,VND-0031,137313.63,0.9112,0.694,61.6,4.24,0.0183,11.5,189,0.467,0,2026-06-11 00:00:00,0
BID-002711,AUC-0495,VND-0726,135616.89,0.8999,0.749,68.6,4.37,0.0151,9.4,203,0.5033,0,2026-06-11 00:00:00,0
BID-002712,AUC-0495,VND-0031,129145.41,0.857,0.694,61.6,4.24,0.0183,11.5,189,0.4881,0,2026-06-11 00:00:00,0
BID-002713,AUC-0496,VND-0798,381062.91,0.9562,0.862,79.0,4.66,0.0083,6.3,45,0.6457,0,2026-01-02 00:00:00,0
BID-002714,AUC-0496,VND-0602,362298.54,0.9092,0.511,50.0,3.78,0.0293,15.0,209,0.4475,0,2026-01-02 00:00:00,0
BID-002715,AUC-0496,VND-0602,354110.83,0.8886,0.511,50.0,3.78,0.0293,15.0,209,0.453,0,2026-01-02 00:00:00,0
BID-002716,AUC-0496,VND-0456,349424.23,0.8769,0.795,63.1,4.49,0.0123,11.1,297,0.6123,0,2026-01-02 00:00:00,0
BID-002717,AUC-0496,VND-0569,335532.97,0.842,0.926,80.6,4.81,0.0045,5.8,192,0.7094,0,2026-01-02 00:00:00,1
BID-002718,AUC-0496,VND-0035,319467.59,0.8017,0.537,59.1,3.84,0.0278,12.3,93,0.5016,0,2026-01-02 00:00:00,0
BID-002719,AUC-0496,VND-0279,315592.58,0.792,0.567,50.0,3.92,0.026,15.0,205,0.5063,0,2026-01-02 00:00:00,0
BID-002720,AUC-0497,VND-0042,282114.69,0.9628,0.665,56.5,4.16,0.0201,13.0,231,0.4651,0,2026-05-09 00:00:00,0
BID-002721,AUC-0497,VND-0101,268494.4,0.9163,0.821,69.1,4.55,0.0107,9.3,157,0.5511,0,2026-05-09 00:00:00,1
BID-002722,AUC-0497,VND-0429,256078.68,0.8739,0.518,50.0,3.8,0.0289,15.0,166,0.4452,0,2026-05-09 00:00:00,0
BID-002723,AUC-0497,VND-0172,244532.02,0.8345,0.587,51.8,3.97,0.0248,14.5,156,0.4808,0,2026-05-09 00:00:00,0
BID-002724,AUC-0497,VND-0429,236591.83,0.8074,0.518,50.0,3.8,0.0289,15.0,166,0.4691,0,2026-05-09 00:00:00,0
BID-002725,AUC-0497,VND-0042,227609.6,0.7768,0.665,56.5,4.16,0.0201,13.0,231,0.5321,0,2026-05-09 00:00:00,0
BID-002726,AUC-0497,VND-0030,217952.33,0.7438,0.523,50.0,3.81,0.0286,15.0,73,0.4931,0,2026-05-09 00:00:00,0
BID-002727,AUC-0498,VND-0368,310378.78,0.9671,0.679,69.2,4.2,0.0192,9.2,239,0.5949,0,2026-02-26 00:00:00,0
BID-002728,AUC-0498,VND-0429,302996.56,0.9441,0.518,50.0,3.8,0.0289,15.0,166,0.484,0,2026-02-26 00:00:00,0
BID-002729,AUC-0498,VND-0368,296850.68,0.9249,0.679,69.2,4.2,0.0192,9.2,239,0.6033,0,2026-02-26 00:00:00,0
BID-002730,AUC-0498,VND-0429,284786.78,0.8873,0.518,50.0,3.8,0.0289,15.0,166,0.4954,0,2026-02-26 00:00:00,0
BID-002731,AUC-0498,VND-0429,272411.85,0.8488,0.518,50.0,3.8,0.0289,15.0,166,0.5031,0,2026-02-26 00:00:00,0
BID-002732,AUC-0498,VND-0696,259234.35,0.8077,0.618,50.0,4.05,0.0229,15.0,229,0.5533,0,2026-02-26 00:00:00,0
BID-002733,AUC-0498,VND-0368,247043.13,0.7697,0.679,69.2,4.2,0.0192,9.2,239,0.6344,0,2026-02-26 00:00:00,1
BID-002734,AUC-0499,VND-0781,395833.82,0.9872,0.677,59.8,4.19,0.0194,12.1,74,0.3896,0,2026-01-22 00:00:00,0
BID-002735,AUC-0499,VND-0302,386614.22,0.9642,0.589,50.0,3.97,0.0247,15.0,244,0.3519,0,2026-01-22 00:00:00,0
BID-002736,AUC-0499,VND-0697,377307.72,0.941,0.585,53.6,3.96,0.0249,13.9,110,0.3694,0,2026-01-22 00:00:00,0
BID-002737,AUC-0499,VND-0044,363513.53,0.9066,0.865,86.5,4.66,0.0081,4.0,206,0.5418,0,2026-01-22 00:00:00,1
BID-002738,AUC-0499,VND-0464,356653.61,0.8895,0.634,55.9,4.09,0.0219,13.2,187,0.4123,0,2026-01-22 00:00:00,0
BID-002739,AUC-0499,VND-0697,352106.69,0.8781,0.585,53.6,3.96,0.0249,13.9,110,0.3977,0,2026-01-22 00:00:00,0
BID-002740,AUC-0499,VND-0302,345580.95,0.8618,0.589,50.0,3.97,0.0247,15.0,244,0.3979,0,2026-01-22 00:00:00,0
BID-002741,AUC-0499,VND-0781,331195.55,0.826,0.677,59.8,4.19,0.0194,12.1,74,0.4621,0,2026-01-22 00:00:00,0
BID-002742,AUC-0500,VND-0463,194874.11,0.9551,0.713,55.4,4.28,0.0172,13.4,101,0.3199,0,2026-06-09 00:00:00,0
BID-002743,AUC-0500,VND-0222,189646.21,0.9295,0.687,60.3,4.22,0.0188,11.9,29,0.3387,0,2026-06-09 00:00:00,0
BID-002744,AUC-0500,VND-0394,184672.69,0.9051,0.792,65.5,4.48,0.0125,10.4,97,0.38,0,2026-06-09 00:00:00,1
BID-002745,AUC-0500,VND-0463,175594.08,0.8606,0.713,55.4,4.28,0.0172,13.4,101,0.3747,0,2026-06-09 00:00:00,0
BID-002746,AUC-0501,VND-0525,435539.41,0.9501,0.935,72.6,4.84,0.0039,8.2,133,0.5745,0,2026-02-18 00:00:00,1
BID-002747,AUC-0501,VND-0374,414965.42,0.9053,0.692,66.0,4.23,0.0185,10.2,194,0.4867,0,2026-02-18 00:00:00,0
BID-002748,AUC-0501,VND-0174,407575.18,0.8891,0.818,63.2,4.54,0.0109,11.0,138,0.5418,0,2026-02-18 00:00:00,0
BID-002749,AUC-0501,VND-0374,387723.45,0.8458,0.692,66.0,4.23,0.0185,10.2,194,0.5164,0,2026-02-18 00:00:00,0
BID-002750,AUC-0502,VND-0768,258546.91,0.9534,0.707,57.1,4.27,0.0176,12.9,119,0.5648,0,2026-02-08 00:00:00,0
BID-002751,AUC-0502,VND-0763,255470.9,0.9421,0.743,58.3,4.36,0.0154,12.5,49,0.5854,0,2026-02-08 00:00:00,0
BID-002752,AUC-0502,VND-0280,252373.84,0.9306,0.878,81.9,4.69,0.0073,5.4,182,0.6952,0,2026-02-08 00:00:00,0
BID-002753,AUC-0502,VND-0768,240491.96,0.8868,0.707,57.1,4.27,0.0176,12.9,119,0.5801,0,2026-02-08 00:00:00,0
BID-002754,AUC-0502,VND-0528,237604.9,0.8762,0.999,90.1,5.0,0.001,3.0,218,0.7774,0,2026-02-08 00:00:00,1
BID-002755,AUC-0503,VND-0466,85803.76,0.9818,0.57,61.4,3.92,0.0258,11.6,150,0.5016,0,2026-03-27 00:00:00,0
BID-002756,AUC-0503,VND-0466,82443.04,0.9433,0.57,61.4,3.92,0.0258,11.6,150,0.5101,0,2026-03-27 00:00:00,0
BID-002757,AUC-0503,VND-0347,79659.55,0.9115,0.754,62.7,4.38,0.0148,11.2,200,0.5952,0,2026-03-27 00:00:00,0
BID-002758,AUC-0503,VND-0084,75877.57,0.8682,0.66,58.1,4.15,0.0204,12.6,37,0.554,0,2026-03-27 00:00:00,0
BID-002759,AUC-0503,VND-0275,74793.62,0.8558,0.76,77.0,4.4,0.0144,6.9,218,0.6501,0,2026-03-27 00:00:00,1
BID-002760,AUC-0503,VND-0291,72164.04,0.8257,0.73,73.7,4.32,0.0162,7.9,77,0.6352,0,2026-03-27 00:00:00,0
BID-002761,AUC-0504,VND-0675,333486.23,0.9501,0.994,75.4,4.98,0.001,7.4,271,0.7225,0,2026-02-12 00:00:00,0
BID-002762,AUC-0504,VND-0591,319761.15,0.911,0.981,87.5,4.95,0.0011,3.8,170,0.7551,0,2026-02-12 00:00:00,0
BID-002763,AUC-0504,VND-0591,315351.58,0.8985,0.981,87.5,4.95,0.0011,3.8,170,0.758,0,2026-02-12 00:00:00,1
BID-002764,AUC-0505,VND-0311,392028.8,0.9833,0.592,50.0,3.98,0.0245,15.0,73,0.4018,0,2026-04-28 00:00:00,0
BID-002765,AUC-0505,VND-0018,381740.03,0.9575,0.983,93.5,4.96,0.001,2.0,209,0.6695,0,2026-04-28 00:00:00,1
BID-002766,AUC-0505,VND-0597,363884.11,0.9127,0.673,68.1,4.18,0.0196,9.6,253,0.5051,0,2026-04-28 00:00:00,0
BID-002767,AUC-0506,VND-0722,159154.12,0.9633,0.836,72.5,4.59,0.0098,8.2,141,0.3772,0,2026-03-19 00:00:00,0
BID-002768,AUC-0506,VND-0263,154775.87,0.9368,0.919,85.5,4.8,0.0049,4.4,40,0.4286,0,2026-03-19 00:00:00,1
BID-002769,AUC-0506,VND-0593,148368.56,0.898,0.551,61.0,3.88,0.0269,11.7,260,0.3263,0,2026-03-19 00:00:00,0
BID-002770,AUC-0507,VND-0774,423808.49,0.9856,0.903,79.0,4.76,0.0058,6.3,20,0.6176,0,2026-04-21 00:00:00,1
BID-002771,AUC-0507,VND-0187,404943.52,0.9417,0.547,54.9,3.87,0.0272,13.5,255,0.4282,0,2026-04-21 00:00:00,0
BID-002772,AUC-0507,VND-0037,386210.75,0.8981,0.503,50.3,3.76,0.0298,14.9,24,0.4157,0,2026-04-21 00:00:00,0
BID-002773,AUC-0508,VND-0224,443299.47,0.9764,0.993,96.7,4.98,0.001,1.0,62,0.4553,0,2026-02-05 00:00:00,0
BID-002774,AUC-0508,VND-0445,433856.84,0.9556,0.55,50.0,3.87,0.027,15.0,59,0.2938,0,2026-02-05 00:00:00,0
BID-002775,AUC-0508,VND-0445,427784.7,0.9422,0.55,50.0,3.87,0.027,15.0,59,0.3011,0,2026-02-05 00:00:00,0
BID-002776,AUC-0508,VND-0445,411457.28,0.9063,0.55,50.0,3.87,0.027,15.0,59,0.3209,0,2026-02-05 00:00:00,0
BID-002777,AUC-0508,VND-0516,399711.07,0.8804,0.519,51.8,3.8,0.0289,14.5,260,0.3329,0,2026-02-05 00:00:00,0
BID-002778,AUC-0508,VND-0224,394922.25,0.8699,0.993,96.7,4.98,0.001,1.0,62,0.5139,0,2026-02-05 00:00:00,0
BID-002779,AUC-0508,VND-0547,379784.14,0.8365,0.804,72.0,4.51,0.0118,8.4,296,0.4495,0,2026-02-05 00:00:00,0
BID-002780,AUC-0508,VND-0224,365746.23,0.8056,0.993,96.7,4.98,0.001,1.0,62,0.5493,0,2026-02-05 00:00:00,1
BID-002781,AUC-0509,VND-0703,138574.82,0.9512,0.832,76.8,4.58,0.0101,7.0,242,0.5399,0,2026-05-16 00:00:00,1
BID-002782,AUC-0509,VND-0029,136062.39,0.934,0.544,50.0,3.86,0.0273,15.0,298,0.3945,0,2026-05-16 00:00:00,0
BID-002783,AUC-0509,VND-0218,134685.41,0.9245,0.542,55.5,3.86,0.0275,13.4,292,0.4119,0,2026-05-16 00:00:00,0
BID-002784,AUC-0509,VND-0086,132659.44,0.9106,0.839,64.6,4.6,0.0097,10.6,233,0.5252,0,2026-05-16 00:00:00,0
BID-002785,AUC-0509,VND-0029,126672.32,0.8695,0.544,50.0,3.86,0.0273,15.0,298,0.4183,0,2026-05-16 00:00:00,0
BID-002786,AUC-0510,VND-0614,481105.29,0.978,0.699,54.6,4.25,0.0181,13.6,235,0.4995,0,2026-05-28 00:00:00,0
BID-002787,AUC-0510,VND-0614,458784.75,0.9326,0.699,54.6,4.25,0.0181,13.6,235,0.5145,0,2026-05-28 00:00:00,0
BID-002788,AUC-0510,VND-0395,436020.11,0.8864,0.731,72.7,4.33,0.0161,8.2,238,0.5633,0,2026-05-28 00:00:00,1
BID-002789,AUC-0511,VND-0541,75287.64,0.9536,0.893,70.6,4.73,0.0064,8.8,148,0.437,0,2026-06-27 00:00:00,0
BID-002790,AUC-0511,VND-0322,72826.99,0.9225,0.606,50.0,4.01,0.0237,15.0,274,0.3404,0,2026-06-27 00:00:00,0
BID-002791,AUC-0511,VND-0541,71965.58,0.9115,0.893,70.6,4.73,0.0064,8.8,148,0.4601,0,2026-06-27 00:00:00,0
BID-002792,AUC-0511,VND-0161,71042.51,0.8999,0.775,78.1,4.44,0.0135,6.6,192,0.4391,0,2026-06-27 00:00:00,0
BID-002793,AUC-0511,VND-0755,69173.93,0.8762,0.804,80.1,4.51,0.0118,6.0,160,0.4635,0,2026-06-27 00:00:00,1
BID-002794,AUC-0512,VND-0493,107576.56,0.9871,0.864,79.0,4.66,0.0082,6.3,278,0.5259,0,2026-03-09 00:00:00,0
BID-002795,AUC-0512,VND-0546,103414.95,0.9489,0.971,91.1,4.93,0.0017,2.7,247,0.6056,0,2026-03-09 00:00:00,0
BID-002796,AUC-0512,VND-0546,101293.83,0.9294,0.971,91.1,4.93,0.0017,2.7,247,0.6129,0,2026-03-09 00:00:00,1
BID-002797,AUC-0512,VND-0382,97463.09,0.8943,0.624,57.9,4.06,0.0225,12.6,66,0.4328,0,2026-03-09 00:00:00,0
BID-002798,AUC-0512,VND-0495,92605.08,0.8497,0.623,66.9,4.06,0.0226,9.9,187,0.4756,0,2026-03-09 00:00:00,0
BID-002799,AUC-0512,VND-0011,90689.8,0.8321,0.806,60.5,4.51,0.0116,11.8,165,0.5148,0,2026-03-09 00:00:00,0
BID-002800,AUC-0512,VND-0363,89328.34,0.8196,0.787,83.3,4.47,0.0128,5.0,245,0.5805,0,2026-03-09 00:00:00,0
BID-002801,AUC-0513,VND-0292,96464.36,0.962,0.746,63.9,4.37,0.0152,10.8,123,0.4573,0,2026-06-08 00:00:00,0
BID-002802,AUC-0513,VND-0493,92174.06,0.9193,0.864,79.0,4.66,0.0082,6.3,278,0.5508,0,2026-06-08 00:00:00,1
BID-002803,AUC-0513,VND-0595,91242.07,0.91,0.65,64.4,4.13,0.021,10.7,159,0.4523,0,2026-06-08 00:00:00,0
BID-002804,AUC-0513,VND-0748,88656.36,0.8842,0.802,73.1,4.5,0.0119,8.1,286,0.5352,0,2026-06-08 00:00:00,0
BID-002805,AUC-0513,VND-0160,86584.72,0.8635,0.578,50.0,3.95,0.0253,15.0,76,0.4212,0,2026-06-08 00:00:00,0
BID-002806,AUC-0514,VND-0180,434734.64,0.9703,0.97,91.3,4.93,0.0018,2.6,176,0.6384,0,2026-05-08 00:00:00,0
BID-002807,AUC-0514,VND-0323,424942.61,0.9484,0.56,58.5,3.9,0.0264,12.4,70,0.4228,0,2026-05-08 00:00:00,0
BID-002808,AUC-0514,VND-0125,405414.9,0.9048,0.982,94.8,4.95,0.0011,1.6,280,0.6825,0,2026-05-08 00:00:00,1
BID-002809,AUC-0515,VND-0216,326488.68,0.9876,0.571,55.8,3.93,0.0257,13.3,180,0.4606,0,2026-03-17 00:00:00,0
BID-002810,AUC-0515,VND-0093,314585.02,0.9515,0.629,57.6,4.07,0.0223,12.7,136,0.5001,0,2026-03-17 00:00:00,0
BID-002811,AUC-0515,VND-0216,302599.88,0.9153,0.571,55.8,3.93,0.0257,13.3,180,0.4794,0,2026-03-17 00:00:00,0
BID-002812,AUC-0515,VND-0093,296925.1,0.8981,0.629,57.6,4.07,0.0223,12.7,136,0.5139,0,2026-03-17 00:00:00,1
BID-002813,AUC-0516,VND-0229,81754.02,0.9671,0.506,50.0,3.76,0.0297,15.0,275,0.551,0,2026-06-11 00:00:00,0
BID-002814,AUC-0516,VND-0059,78193.05,0.925,0.902,70.4,4.75,0.0059,8.9,223,0.7442,0,2026-06-11 00:00:00,1
BID-002815,AUC-0516,VND-0229,76297.12,0.9026,0.506,50.0,3.76,0.0297,15.0,275,0.5639,0,2026-06-11 00:00:00,0
BID-002816,AUC-0517,VND-0410,218891.48,0.9696,0.527,50.0,3.82,0.0284,15.0,284,0.4455,0,2026-04-17 00:00:00,0
BID-002817,AUC-0517,VND-0608,216580.47,0.9593,0.847,65.2,4.62,0.0092,10.4,18,0.6166,0,2026-04-17 00:00:00,0
BID-002818,AUC-0517,VND-0472,213648.96,0.9464,0.826,86.3,4.56,0.0105,4.1,178,0.644,0,2026-04-17 00:00:00,0
BID-002819,AUC-0517,VND-0410,207717.45,0.9201,0.527,50.0,3.82,0.0284,15.0,284,0.4588,0,2026-04-17 00:00:00,0
BID-002820,AUC-0517,VND-0608,200519.9,0.8882,0.847,65.2,4.62,0.0092,10.4,18,0.6358,0,2026-04-17 00:00:00,0
BID-002821,AUC-0517,VND-0472,196256.13,0.8693,0.826,86.3,4.56,0.0105,4.1,178,0.6648,0,2026-04-17 00:00:00,1
BID-002822,AUC-0517,VND-0794,186775.48,0.8273,0.848,69.5,4.62,0.0091,9.2,292,0.6594,0,2026-04-17 00:00:00,0
BID-002823,AUC-0518,VND-0795,297700.37,0.9557,0.714,71.8,4.29,0.0172,8.5,19,0.4563,0,2026-01-04 00:00:00,0
BID-002824,AUC-0518,VND-0558,292507.67,0.939,0.796,69.2,4.49,0.0122,9.2,126,0.4778,0,2026-01-04 00:00:00,0
BID-002825,AUC-0518,VND-0703,282639.4,0.9074,0.832,76.8,4.58,0.0101,7.0,242,0.5208,0,2026-01-04 00:00:00,0
BID-002826,AUC-0518,VND-0571,271095.66,0.8703,0.912,77.3,4.78,0.0053,6.8,23,0.5586,0,2026-01-04 00:00:00,1
BID-002827,AUC-0518,VND-0795,266568.51,0.8558,0.714,71.8,4.29,0.0172,8.5,19,0.4973,0,2026-01-04 00:00:00,0
BID-002828,AUC-0518,VND-0345,261440.31,0.8393,0.885,73.1,4.71,0.0069,8.1,163,0.5527,0,2026-01-04 00:00:00,0
BID-002829,AUC-0519,VND-0570,49456.85,0.9717,0.74,73.9,4.35,0.0156,7.8,72,0.5342,0,2026-01-19 00:00:00,0
BID-002830,AUC-0519,VND-0718,47932.28,0.9417,0.57,50.0,3.92,0.0258,15.0,278,0.4293,0,2026-01-19 00:00:00,0
BID-002831,AUC-0519,VND-0372,46962.44,0.9227,0.874,79.5,4.68,0.0076,6.1,212,0.6146,0,2026-01-19 00:00:00,1
BID-002832,AUC-0520,VND-0154,431868.51,0.9762,0.758,66.9,4.4,0.0145,9.9,126,0.4574,0,2026-01-03 00:00:00,0
BID-002833,AUC-0520,VND-0671,423651.79,0.9577,0.629,59.2,4.07,0.0223,12.2,219,0.405,0,2026-01-03 00:00:00,0
BID-002834,AUC-0520,VND-0154,410082.54,0.927,0.758,66.9,4.4,0.0145,9.9,126,0.4766,0,2026-01-03 00:00:00,1
BID-002835,AUC-0521,VND-0108,388009.87,0.961,0.856,73.2,4.64,0.0086,8.0,115,0.506,0,2026-02-15 00:00:00,0
BID-002836,AUC-0521,VND-0435,383081.75,0.9488,0.931,97.5,4.83,0.0041,0.8,239,0.5859,0,2026-02-15 00:00:00,0
BID-002837,AUC-0521,VND-0108,367211.8,0.9095,0.856,73.2,4.64,0.0086,8.0,115,0.5271,0,2026-02-15 00:00:00,0
BID-002838,AUC-0521,VND-0108,355125.38,0.8795,0.856,73.2,4.64,0.0086,8.0,115,0.5394,0,2026-02-15 00:00:00,0
BID-002839,AUC-0521,VND-0184,341306.9,0.8453,0.981,97.4,4.95,0.0012,0.8,288,0.6422,0,2026-02-15 00:00:00,0
BID-002840,AUC-0521,VND-0650,330172.87,0.8177,0.818,76.8,4.55,0.0109,7.0,168,0.562,0,2026-02-15 00:00:00,0
BID-002841,AUC-0521,VND-0184,325465.72,0.8061,0.981,97.4,4.95,0.0012,0.8,288,0.6583,0,2026-02-15 00:00:00,1
BID-002842,AUC-0521,VND-0197,315660.96,0.7818,0.686,65.9,4.22,0.0188,10.2,297,0.5151,0,2026-02-15 00:00:00,0
BID-002843,AUC-0522,VND-0046,245902.54,0.9548,0.56,51.0,3.9,0.0264,14.7,298,0.3979,0,2026-05-03 00:00:00,0
BID-002844,AUC-0522,VND-0046,236070.13,0.9166,0.56,51.0,3.9,0.0264,14.7,298,0.4116,0,2026-05-03 00:00:00,0
BID-002845,AUC-0522,VND-0439,232127.95,0.9013,0.858,80.1,4.64,0.0085,6.0,175,0.5974,0,2026-05-03 00:00:00,0
BID-002846,AUC-0522,VND-0408,226262.36,0.8785,0.935,85.7,4.84,0.0039,4.3,138,0.6485,0,2026-05-03 00:00:00,0
BID-002847,AUC-0522,VND-0046,223597.38,0.8682,0.56,51.0,3.9,0.0264,14.7,298,0.4291,0,2026-05-03 00:00:00,0
BID-002848,AUC-0522,VND-0408,214649.79,0.8334,0.935,85.7,4.84,0.0039,4.3,138,0.6648,0,2026-05-03 00:00:00,1
BID-002849,AUC-0522,VND-0259,204628.5,0.7945,0.688,71.3,4.22,0.0187,8.6,248,0.5487,0,2026-05-03 00:00:00,0
BID-002850,AUC-0522,VND-0439,198203.34,0.7696,0.858,80.1,4.64,0.0085,6.0,175,0.6448,0,2026-05-03 00:00:00,0
BID-002851,AUC-0523,VND-0118,461648.21,0.954,0.598,60.7,3.99,0.0241,11.8,186,0.5458,0,2026-02-10 00:00:00,0
BID-002852,AUC-0523,VND-0380,451933.08,0.934,0.947,89.7,4.87,0.0032,3.1,124,0.7554,0,2026-02-10 00:00:00,1
BID-002853,AUC-0523,VND-0411,431754.58,0.8923,0.901,73.1,4.75,0.0059,8.1,298,0.7193,0,2026-02-10 00:00:00,0
BID-002854,AUC-0523,VND-0719,410245.79,0.8478,0.654,67.3,4.13,0.0208,9.8,84,0.6047,0,2026-02-10 00:00:00,0
BID-002855,AUC-0523,VND-0188,403384.49,0.8336,0.536,50.0,3.84,0.0279,15.0,41,0.5285,0,2026-02-10 00:00:00,0
BID-002856,AUC-0523,VND-0118,396728.43,0.8199,0.598,60.7,3.99,0.0241,11.8,186,0.5753,0,2026-02-10 00:00:00,0
BID-002857,AUC-0523,VND-0457,389942.28,0.8058,0.812,74.2,4.53,0.0113,7.7,81,0.6982,0,2026-02-10 00:00:00,0
BID-002858,AUC-0524,VND-0277,206866.35,0.9635,0.776,69.6,4.44,0.0134,9.1,78,0.5877,0,2026-04-30 00:00:00,0
BID-002859,AUC-0524,VND-0277,204308.16,0.9516,0.776,69.6,4.44,0.0134,9.1,78,0.5929,0,2026-04-30 00:00:00,0
BID-002860,AUC-0524,VND-0541,199997.88,0.9315,0.893,70.6,4.73,0.0064,8.8,148,0.6547,0,2026-04-30 00:00:00,0
BID-002861,AUC-0524,VND-0121,190098.76,0.8854,0.97,100.0,4.93,0.0018,0.1,52,0.7876,0,2026-04-30 00:00:00,1
BID-002862,AUC-0525,VND-0720,475926.22,0.9669,0.601,57.9,4.0,0.0239,12.6,45,0.3916,0,2026-05-26 00:00:00,0
BID-002863,AUC-0525,VND-0769,457820.07,0.9301,0.591,58.4,3.98,0.0246,12.5,215,0.403,0,2026-05-26 00:00:00,0
BID-002864,AUC-0525,VND-0097,439768.78,0.8935,0.95,91.0,4.88,0.003,2.7,210,0.6119,0,2026-05-26 00:00:00,0
BID-002865,AUC-0525,VND-0188,433126.86,0.88,0.536,50.0,3.84,0.0279,15.0,41,0.3901,0,2026-05-26 00:00:00,0
BID-002866,AUC-0525,VND-0769,411839.96,0.8367,0.591,58.4,3.98,0.0246,12.5,215,0.4413,0,2026-05-26 00:00:00,0
BID-002867,AUC-0525,VND-0590,392284.08,0.797,0.881,83.5,4.7,0.0072,5.0,126,0.6127,0,2026-05-26 00:00:00,1
BID-002868,AUC-0526,VND-0221,330620.19,0.9803,0.542,54.8,3.86,0.0275,13.6,162,0.3485,0,2026-02-24 00:00:00,0
BID-002869,AUC-0526,VND-0121,326766.1,0.9688,0.97,100.0,4.93,0.0018,0.1,52,0.6035,0,2026-02-24 00:00:00,1
BID-002870,AUC-0526,VND-0738,316919.48,0.9396,0.664,61.8,4.16,0.0202,11.5,205,0.4202,0,2026-02-24 00:00:00,0
BID-002871,AUC-0526,VND-0444,309497.67,0.9176,0.826,72.1,4.57,0.0104,8.4,246,0.5055,0,2026-02-24 00:00:00,0
BID-002872,AUC-0527,VND-0368,313356.65,0.9762,0.679,69.2,4.2,0.0192,9.2,239,0.4755,0,2026-02-09 00:00:00,0
BID-002873,AUC-0527,VND-0222,298504.76,0.93,0.687,60.3,4.22,0.0188,11.9,29,0.4767,0,2026-02-09 00:00:00,1
BID-002874,AUC-0527,VND-0172,290064.02,0.9037,0.587,51.8,3.97,0.0248,14.5,156,0.4283,0,2026-02-09 00:00:00,0
BID-002875,AUC-0528,VND-0413,87907.04,0.9626,0.769,81.8,4.42,0.0139,5.5,197,0.6687,0,2026-05-28 00:00:00,0
BID-002876,AUC-0528,VND-0261,86458.69,0.9468,0.797,70.3,4.49,0.0122,8.9,166,0.6575,0,2026-05-28 00:00:00,0
BID-002877,AUC-0528,VND-0511,85284.03,0.9339,0.849,68.8,4.62,0.0091,9.4,265,0.6769,0,2026-05-28 00:00:00,1
BID-002878,AUC-0528,VND-0261,81417.39,0.8916,0.797,70.3,4.49,0.0122,8.9,166,0.6691,0,2026-05-28 00:00:00,0
BID-002879,AUC-0529,VND-0125,433864.65,0.9813,0.982,94.8,4.95,0.0011,1.6,280,0.5493,0,2026-03-21 00:00:00,0
BID-002880,AUC-0529,VND-0665,424950.11,0.9611,0.829,77.2,4.57,0.0102,6.8,208,0.475,0,2026-03-21 00:00:00,0
BID-002881,AUC-0529,VND-0125,406742.22,0.9199,0.982,94.8,4.95,0.0011,1.6,280,0.5763,0,2026-03-21 00:00:00,1
BID-002882,AUC-0529,VND-0042,392586.15,0.8879,0.665,56.5,4.16,0.0201,13.0,231,0.4128,0,2026-03-21 00:00:00,0
BID-002883,AUC-0529,VND-0505,386113.15,0.8733,0.625,59.9,4.06,0.0225,12.0,85,0.4207,0,2026-03-21 00:00:00,0
BID-002884,AUC-0529,VND-0042,369873.87,0.8365,0.665,56.5,4.16,0.0201,13.0,231,0.4354,0,2026-03-21 00:00:00,0
BID-002885,AUC-0529,VND-0297,352284.36,0.7968,0.591,50.0,3.98,0.0245,15.0,89,0.4186,0,2026-03-21 00:00:00,0
BID-002886,AUC-0530,VND-0501,213608.49,0.9733,0.593,58.5,3.98,0.0244,12.4,209,0.4001,0,2026-04-17 00:00:00,0
BID-002887,AUC-0530,VND-0062,207537.69,0.9456,0.659,52.8,4.15,0.0205,14.2,231,0.4318,0,2026-04-17 00:00:00,0
BID-002888,AUC-0530,VND-0501,198181.79,0.903,0.593,58.5,3.98,0.0244,12.4,209,0.4282,0,2026-04-17 00:00:00,0
BID-002889,AUC-0530,VND-0433,193162.52,0.8801,0.7,64.5,4.25,0.018,10.6,277,0.4874,0,2026-04-17 00:00:00,1
BID-002890,AUC-0530,VND-0362,188186.64,0.8575,0.533,52.6,3.83,0.028,14.2,298,0.4157,0,2026-04-17 00:00:00,0
BID-002891,AUC-0531,VND-0524,88383.05,0.9876,0.616,50.0,4.04,0.023,15.0,45,0.4056,0,2026-04-27 00:00:00,0
BID-002892,AUC-0531,VND-0401,86484.79,0.9664,0.854,71.1,4.63,0.0088,8.7,255,0.5535,0,2026-04-27 00:00:00,0
BID-002893,AUC-0531,VND-0524,84580.39,0.9451,0.616,50.0,4.04,0.023,15.0,45,0.4251,0,2026-04-27 00:00:00,0
BID-002894,AUC-0531,VND-0102,82242.67,0.919,0.581,59.8,3.95,0.0252,12.1,289,0.4387,0,2026-04-27 00:00:00,0
BID-002895,AUC-0531,VND-0741,80132.27,0.8954,0.909,73.8,4.77,0.0055,7.9,15,0.6144,0,2026-04-27 00:00:00,1
BID-002896,AUC-0532,VND-0250,15648.64,0.9673,0.987,100.0,4.97,0.001,0.1,29,0.6195,0,2026-02-15 00:00:00,0
BID-002897,AUC-0532,VND-0457,15486.81,0.9573,0.812,74.2,4.53,0.0113,7.7,81,0.5116,0,2026-02-15 00:00:00,0
BID-002898,AUC-0532,VND-0140,15098.44,0.9333,0.851,82.2,4.63,0.0089,5.3,214,0.5518,0,2026-02-15 00:00:00,0
BID-002899,AUC-0532,VND-0619,14832.85,0.9169,0.932,81.0,4.83,0.0041,5.7,56,0.5757,0,2026-02-15 00:00:00,0
BID-002900,AUC-0532,VND-0250,14455.89,0.8936,0.987,100.0,4.97,0.001,0.1,29,0.6483,0,2026-02-15 00:00:00,0
BID-002901,AUC-0532,VND-0619,13801.29,0.8531,0.932,81.0,4.83,0.0041,5.7,56,0.6005,0,2026-02-15 00:00:00,0
BID-002902,AUC-0532,VND-0547,13614.44,0.8416,0.804,72.0,4.51,0.0118,8.4,296,0.549,0,2026-02-15 00:00:00,0
BID-002903,AUC-0532,VND-0250,13339.04,0.8245,0.987,100.0,4.97,0.001,0.1,29,0.6752,0,2026-02-15 00:00:00,1
BID-002904,AUC-0533,VND-0759,278406.42,0.9793,0.824,81.5,4.56,0.0106,5.6,51,0.4873,0,2026-01-25 00:00:00,0
BID-002905,AUC-0533,VND-0162,274493.01,0.9656,0.83,68.6,4.58,0.0102,9.4,274,0.4815,0,2026-01-25 00:00:00,0
BID-002906,AUC-0533,VND-0359,262413.67,0.9231,0.915,94.8,4.79,0.0051,1.6,173,0.563,0,2026-01-25 00:00:00,0
BID-002907,AUC-0533,VND-0625,250486.61,0.8811,0.96,86.5,4.9,0.0024,4.0,258,0.5901,0,2026-01-25 00:00:00,0
BID-002908,AUC-0533,VND-0638,242633.34,0.8535,0.74,57.0,4.35,0.0156,12.9,141,0.4804,0,2026-01-25 00:00:00,0
BID-002909,AUC-0533,VND-0676,230995.25,0.8126,0.934,85.8,4.83,0.004,4.3,166,0.6081,0,2026-01-25 00:00:00,0
BID-002910,AUC-0533,VND-0359,219904.05,0.7735,0.915,94.8,4.79,0.0051,1.6,173,0.6273,0,2026-01-25 00:00:00,0
BID-002911,AUC-0533,VND-0359,216842.23,0.7628,0.915,94.8,4.79,0.0051,1.6,173,0.6319,0,2026-01-25 00:00:00,1
BID-002912,AUC-0534,VND-0793,262910.52,0.9795,0.994,81.1,4.98,0.001,5.7,140,0.4423,0,2026-02-19 00:00:00,0
BID-002913,AUC-0534,VND-0199,254395.32,0.9477,0.929,79.5,4.82,0.0042,6.1,159,0.4442,0,2026-02-19 00:00:00,0
BID-002914,AUC-0534,VND-0199,242821.74,0.9046,0.929,79.5,4.82,0.0042,6.1,159,0.4666,0,2026-02-19 00:00:00,1
BID-002915,AUC-0535,VND-0658,345095.16,0.952,0.726,70.7,4.32,0.0164,8.8,139,0.5314,0,2026-03-26 00:00:00,0
BID-002916,AUC-0535,VND-0300,330478.08,0.9117,0.596,50.0,3.99,0.0242,15.0,180,0.4462,0,2026-03-26 00:00:00,0
BID-002917,AUC-0535,VND-0393,326148.18,0.8998,0.591,64.0,3.98,0.0246,10.8,279,0.4861,0,2026-03-26 00:00:00,0
BID-002918,AUC-0535,VND-0082,311819.32,0.8602,0.817,76.7,4.54,0.011,7.0,150,0.6227,0,2026-03-26 00:00:00,1
BID-002919,AUC-0536,VND-0695,425411.99,0.9534,0.985,85.0,4.96,0.001,4.5,108,0.7068,0,2026-02-23 00:00:00,0
BID-002920,AUC-0536,VND-0589,412660.19,0.9248,0.89,71.8,4.72,0.0066,8.5,35,0.6399,0,2026-02-23 00:00:00,0
BID-002921,AUC-0536,VND-0381,401908.3,0.9007,0.576,50.4,3.94,0.0254,14.9,130,0.4588,0,2026-02-23 00:00:00,0
BID-002922,AUC-0536,VND-0589,386286.2,0.8657,0.89,71.8,4.72,0.0066,8.5,35,0.6553,0,2026-02-23 00:00:00,0
BID-002923,AUC-0536,VND-0196,367790.98,0.8242,0.995,87.8,4.99,0.001,3.7,150,0.7519,0,2026-02-23 00:00:00,0
BID-002924,AUC-0536,VND-0196,349886.11,0.7841,0.995,87.8,4.99,0.001,3.7,150,0.7624,0,2026-02-23 00:00:00,1
BID-002925,AUC-0536,VND-0695,341198.88,0.7646,0.985,85.0,4.96,0.001,4.5,108,0.7558,0,2026-02-23 00:00:00,0
BID-002926,AUC-0536,VND-0381,324260.01,0.7267,0.576,50.4,3.94,0.0254,14.9,130,0.504,0,2026-02-23 00:00:00,0
BID-002927,AUC-0537,VND-0356,47577.12,0.9728,0.88,82.6,4.7,0.0072,5.2,180,0.6997,0,2026-01-03 00:00:00,0
BID-002928,AUC-0537,VND-0639,46860.66,0.9581,0.621,63.9,4.05,0.0227,10.8,209,0.558,0,2026-01-03 00:00:00,0
BID-002929,AUC-0537,VND-0350,45748.64,0.9354,0.577,51.8,3.94,0.0254,14.5,101,0.5188,0,2026-01-03 00:00:00,0
BID-002930,AUC-0537,VND-0639,45250.67,0.9252,0.621,63.9,4.05,0.0227,10.8,209,0.5653,0,2026-01-03 00:00:00,0
BID-002931,AUC-0537,VND-0447,43154.19,0.8823,0.915,80.0,4.79,0.0051,6.0,168,0.728,0,2026-01-03 00:00:00,0
BID-002932,AUC-0537,VND-0684,42149.49,0.8618,0.858,90.6,4.64,0.0085,2.8,109,0.7326,0,2026-01-03 00:00:00,1
BID-002933,AUC-0538,VND-0774,353157.63,0.9585,0.903,79.0,4.76,0.0058,6.3,20,0.6895,0,2026-03-28 00:00:00,0
BID-002934,AUC-0538,VND-0774,341493.31,0.9269,0.903,79.0,4.76,0.0058,6.3,20,0.6965,0,2026-03-28 00:00:00,0
BID-002935,AUC-0538,VND-0419,333951.95,0.9064,0.957,77.5,4.89,0.0026,6.8,117,0.718,0,2026-03-28 00:00:00,1
BID-002936,AUC-0538,VND-0581,328184.95,0.8908,0.913,77.0,4.78,0.0052,6.9,210,0.7024,0,2026-03-28 00:00:00,0
BID-002937,AUC-0539,VND-0199,96791.99,0.9505,0.929,79.5,4.82,0.0042,6.1,159,0.7143,0,2026-01-07 00:00:00,1
BID-002938,AUC-0539,VND-0227,95121.0,0.9341,0.712,73.7,4.28,0.0173,7.9,154,0.6325,0,2026-01-07 00:00:00,0
BID-002939,AUC-0539,VND-0008,90619.4,0.8899,0.591,54.1,3.98,0.0245,13.8,187,0.5522,0,2026-01-07 00:00:00,0
BID-002940,AUC-0539,VND-0227,89522.4,0.8791,0.712,73.7,4.28,0.0173,7.9,154,0.6446,0,2026-01-07 00:00:00,0
BID-002941,AUC-0539,VND-0227,86297.21,0.8474,0.712,73.7,4.28,0.0173,7.9,154,0.6516,0,2026-01-07 00:00:00,0
BID-002942,AUC-0540,VND-0373,410942.28,0.9546,0.616,67.7,4.04,0.023,9.7,91,0.432,0,2026-02-22 00:00:00,1
BID-002943,AUC-0540,VND-0778,395024.11,0.9176,0.614,50.0,4.04,0.0232,15.0,47,0.4175,0,2026-02-22 00:00:00,0
BID-002944,AUC-0540,VND-0172,383919.11,0.8918,0.587,51.8,3.97,0.0248,14.5,156,0.4203,0,2026-02-22 00:00:00,0
BID-002945,AUC-0540,VND-0701,376701.27,0.875,0.584,50.0,3.96,0.025,15.0,211,0.4227,0,2026-02-22 00:00:00,0
BID-002946,AUC-0540,VND-0075,369528.79,0.8584,0.526,51.0,3.81,0.0285,14.7,52,0.4089,0,2026-02-22 00:00:00,0
BID-002947,AUC-0541,VND-0561,392094.43,0.9532,0.944,92.6,4.86,0.0033,2.2,224,0.603,0,2026-04-24 00:00:00,1
BID-002948,AUC-0541,VND-0017,373557.44,0.9081,0.533,58.4,3.83,0.028,12.5,102,0.4187,0,2026-04-24 00:00:00,0
BID-002949,AUC-0541,VND-0007,364317.71,0.8857,0.916,76.8,4.79,0.005,7.0,189,0.5785,0,2026-04-24 00:00:00,0
BID-002950,AUC-0541,VND-0390,354165.87,0.861,0.86,84.0,4.65,0.0084,4.8,272,0.5925,0,2026-04-24 00:00:00,0
BID-002951,AUC-0541,VND-0390,346645.49,0.8427,0.86,84.0,4.65,0.0084,4.8,272,0.5995,0,2026-04-24 00:00:00,0
BID-002952,AUC-0541,VND-0017,340279.48,0.8272,0.533,58.4,3.83,0.028,12.5,102,0.4495,0,2026-04-24 00:00:00,0
BID-002953,AUC-0541,VND-0537,326816.33,0.7945,0.521,50.0,3.8,0.0287,15.0,220,0.4361,0,2026-04-24 00:00:00,0
BID-002954,AUC-0542,VND-0796,269301.52,0.9793,0.846,91.2,4.62,0.0092,2.6,207,0.6644,0,2026-03-13 00:00:00,0
BID-002955,AUC-0542,VND-0447,266084.88,0.9676,0.915,80.0,4.79,0.0051,6.0,168,0.6782,0,2026-03-13 00:00:00,0
BID-002956,AUC-0542,VND-0447,261359.26,0.9504,0.915,80.0,4.79,0.0051,6.0,168,0.6829,0,2026-03-13 00:00:00,0
BID-002957,AUC-0542,VND-0761,249653.57,0.9079,0.53,59.9,3.83,0.0282,12.0,230,0.5182,0,2026-03-13 00:00:00,0
BID-002958,AUC-0542,VND-0375,240251.6,0.8737,0.953,91.0,4.88,0.0028,2.7,215,0.7332,0,2026-03-13 00:00:00,1
BID-002959,AUC-0542,VND-0447,230193.4,0.8371,0.915,80.0,4.79,0.0051,6.0,168,0.7135,0,2026-03-13 00:00:00,0
BID-002960,AUC-0543,VND-0462,348613.99,0.9737,0.947,91.0,4.87,0.0032,2.7,170,0.7551,0,2026-02-23 00:00:00,0
BID-002961,AUC-0543,VND-0451,338601.37,0.9458,0.604,50.0,4.01,0.0238,15.0,297,0.4857,0,2026-02-23 00:00:00,0
BID-002962,AUC-0543,VND-0175,331441.2,0.9258,0.687,67.7,4.22,0.0188,9.7,244,0.5788,0,2026-02-23 00:00:00,0
BID-002963,AUC-0543,VND-0758,319566.26,0.8926,0.598,50.0,3.99,0.0241,15.0,137,0.4935,0,2026-02-23 00:00:00,0
BID-002964,AUC-0543,VND-0758,304546.64,0.8506,0.598,50.0,3.99,0.0241,15.0,137,0.5019,0,2026-02-23 00:00:00,0
BID-002965,AUC-0543,VND-0462,291569.4,0.8144,0.947,91.0,4.87,0.0032,2.7,170,0.787,0,2026-02-23 00:00:00,1
BID-002966,AUC-0544,VND-0464,162152.63,0.9885,0.634,55.9,4.09,0.0219,13.2,187,0.3778,0,2026-02-07 00:00:00,0
BID-002967,AUC-0544,VND-0041,157392.84,0.9595,0.932,88.6,4.83,0.0041,3.4,296,0.5521,0,2026-02-07 00:00:00,0
BID-002968,AUC-0544,VND-0549,154697.13,0.9431,0.61,53.6,4.03,0.0234,13.9,56,0.3845,0,2026-02-07 00:00:00,0
BID-002969,AUC-0544,VND-0041,152743.54,0.9312,0.932,88.6,4.83,0.0041,3.4,296,0.564,0,2026-02-07 00:00:00,0
BID-002970,AUC-0544,VND-0041,149262.28,0.91,0.932,88.6,4.83,0.0041,3.4,296,0.5729,0,2026-02-07 00:00:00,0
BID-002971,AUC-0544,VND-0549,142714.55,0.87,0.61,53.6,4.03,0.0234,13.9,56,0.4151,0,2026-02-07 00:00:00,0
BID-002972,AUC-0544,VND-0041,140602.86,0.8572,0.932,88.6,4.83,0.0041,3.4,296,0.5951,0,2026-02-07 00:00:00,1
BID-002973,AUC-0544,VND-0464,135798.65,0.8279,0.634,55.9,4.09,0.0219,13.2,187,0.4452,0,2026-02-07 00:00:00,0
BID-002974,AUC-0545,VND-0117,233365.86,0.9688,0.788,73.8,4.47,0.0127,7.9,58,0.5099,0,2026-01-20 00:00:00,0
BID-002975,AUC-0545,VND-0510,226417.37,0.94,0.958,77.4,4.89,0.0025,6.8,167,0.5889,0,2026-01-20 00:00:00,1
BID-002976,AUC-0545,VND-0586,215925.79,0.8964,0.808,83.5,4.52,0.0115,5.0,145,0.5612,0,2026-01-20 00:00:00,0
BID-002977,AUC-0545,VND-0586,212716.07,0.8831,0.808,83.5,4.52,0.0115,5.0,145,0.5663,0,2026-01-20 00:00:00,0
BID-002978,AUC-0546,VND-0780,408033.93,0.9889,0.92,89.0,4.8,0.0048,3.3,100,0.6296,0,2026-01-14 00:00:00,0
BID-002979,AUC-0546,VND-0780,400909.87,0.9717,0.92,89.0,4.8,0.0048,3.3,100,0.6389,0,2026-01-14 00:00:00,0
BID-002980,AUC-0546,VND-0780,386779.12,0.9374,0.92,89.0,4.8,0.0048,3.3,100,0.6574,0,2026-01-14 00:00:00,1
BID-002981,AUC-0546,VND-0176,370780.5,0.8986,0.752,74.2,4.38,0.0149,7.7,222,0.5765,0,2026-01-14 00:00:00,0
BID-002982,AUC-0547,VND-0663,230685.05,0.9815,0.988,87.0,4.97,0.001,3.9,224,0.774,0,2026-04-10 00:00:00,1
BID-002983,AUC-0547,VND-0589,227009.23,0.9658,0.89,71.8,4.72,0.0066,8.5,35,0.7146,0,2026-04-10 00:00:00,0
BID-002984,AUC-0547,VND-0589,218928.28,0.9315,0.89,71.8,4.72,0.0066,8.5,35,0.7218,0,2026-04-10 00:00:00,0
BID-002985,AUC-0547,VND-0509,214752.53,0.9137,0.59,60.6,3.98,0.0246,11.8,157,0.5746,0,2026-04-10 00:00:00,0
BID-002986,AUC-0547,VND-0269,210972.0,0.8976,0.925,74.6,4.81,0.0045,7.6,227,0.7485,0,2026-04-10 00:00:00,0
BID-002987,AUC-0547,VND-0269,203770.34,0.867,0.925,74.6,4.81,0.0045,7.6,227,0.7549,0,2026-04-10 00:00:00,0
BID-002988,AUC-0547,VND-0589,201721.03,0.8582,0.89,71.8,4.72,0.0066,8.5,35,0.7372,0,2026-04-10 00:00:00,0
BID-002989,AUC-0547,VND-0279,192822.2,0.8204,0.567,50.0,3.92,0.026,15.0,205,0.5716,0,2026-04-10 00:00:00,0
BID-002990,AUC-0548,VND-0156,176262.71,0.9511,0.719,59.2,4.3,0.0168,12.2,98,0.5658,0,2026-06-03 00:00:00,0
BID-002991,AUC-0548,VND-0428,171700.35,0.9265,0.603,50.0,4.01,0.0238,15.0,165,0.5077,0,2026-06-03 00:00:00,0
BID-002992,AUC-0548,VND-0645,166197.51,0.8968,0.517,50.0,3.79,0.029,15.0,181,0.4821,0,2026-06-03 00:00:00,0
BID-002993,AUC-0548,VND-0428,164232.65,0.8862,0.603,50.0,4.01,0.0238,15.0,165,0.5177,0,2026-06-03 00:00:00,0
BID-002994,AUC-0548,VND-0711,160034.27,0.8636,0.658,60.2,4.15,0.0205,11.9,193,0.5669,0,2026-06-03 00:00:00,0
BID-002995,AUC-0548,VND-0428,153390.21,0.8277,0.603,50.0,4.01,0.0238,15.0,165,0.5324,0,2026-06-03 00:00:00,0
BID-002996,AUC-0548,VND-0759,147165.69,0.7941,0.824,81.5,4.56,0.0106,5.6,51,0.6939,0,2026-06-03 00:00:00,1
BID-002997,AUC-0549,VND-0715,244686.0,0.9703,0.82,80.1,4.55,0.0108,6.0,120,0.5948,0,2026-03-22 00:00:00,1
BID-002998,AUC-0549,VND-0750,238359.15,0.9453,0.69,71.8,4.22,0.0186,8.5,92,0.5352,0,2026-03-22 00:00:00,0
BID-002999,AUC-0549,VND-0172,229827.74,0.9114,0.587,51.8,3.97,0.0248,14.5,156,0.4638,0,2026-03-22 00:00:00,0
BID-003000,AUC-0550,VND-0136,396330.1,0.9531,0.905,91.6,4.76,0.0057,2.5,47,0.6376,0,2026-05-01 00:00:00,1
BID-003001,AUC-0550,VND-0213,383899.09,0.9232,0.529,50.0,3.82,0.0283,15.0,68,0.3976,0,2026-05-01 00:00:00,0
BID-003002,AUC-0550,VND-0213,368092.42,0.8852,0.529,50.0,3.82,0.0283,15.0,68,0.4098,0,2026-05-01 00:00:00,0
BID-003003,AUC-0550,VND-0486,361462.28,0.8692,0.832,81.3,4.58,0.0101,5.6,114,0.61,0,2026-05-01 00:00:00,0
BID-003004,AUC-0550,VND-0486,346949.55,0.8343,0.832,81.3,4.58,0.0101,5.6,114,0.6212,0,2026-05-01 00:00:00,0
BID-003005,AUC-0550,VND-0667,341465.68,0.8211,0.614,67.7,4.04,0.0231,9.7,293,0.5092,0,2026-05-01 00:00:00,0
BID-003006,AUC-0550,VND-0627,324636.17,0.7807,0.559,50.0,3.9,0.0265,15.0,106,0.4543,0,2026-05-01 00:00:00,0
BID-003007,AUC-0550,VND-0667,319550.62,0.7684,0.614,67.7,4.04,0.0231,9.7,293,0.5261,0,2026-05-01 00:00:00,0
BID-003008,AUC-0551,VND-0536,170473.9,0.9783,0.648,56.1,4.12,0.0211,13.2,222,0.5151,0,2026-04-28 00:00:00,0
BID-003009,AUC-0551,VND-0644,166409.08,0.955,0.544,50.0,3.86,0.0274,15.0,196,0.4758,0,2026-04-28 00:00:00,0
BID-003010,AUC-0551,VND-0536,163718.02,0.9395,0.648,56.1,4.12,0.0211,13.2,222,0.526,0,2026-04-28 00:00:00,1
BID-003011,AUC-0552,VND-0389,93388.5,0.9816,0.615,59.6,4.04,0.0231,12.1,240,0.3368,0,2026-02-07 00:00:00,0
BID-003012,AUC-0552,VND-0669,89091.81,0.9364,0.6,54.9,4.0,0.024,13.5,142,0.3465,0,2026-02-07 00:00:00,0
BID-003013,AUC-0552,VND-0212,85231.94,0.8958,0.546,55.7,3.86,0.0273,13.3,255,0.3517,0,2026-02-07 00:00:00,0
BID-003014,AUC-0552,VND-0082,81432.32,0.8559,0.817,76.7,4.54,0.011,7.0,150,0.487,0,2026-02-07 00:00:00,1
BID-003015,AUC-0553,VND-0482,349601.47,0.9741,0.623,51.1,4.06,0.0226,14.7,159,0.3146,0,2026-02-17 00:00:00,0
BID-003016,AUC-0553,VND-0095,342248.93,0.9536,0.765,68.1,4.41,0.0141,9.6,225,0.3939,0,2026-02-17 00:00:00,1
BID-003017,AUC-0553,VND-0719,338740.02,0.9439,0.654,67.3,4.13,0.0208,9.8,84,0.372,0,2026-02-17 00:00:00,0
BID-003018,AUC-0554,VND-0301,395842.9,0.9545,0.584,50.0,3.96,0.0249,15.0,230,0.4,0,2026-05-06 00:00:00,0
BID-003019,AUC-0554,VND-0225,388404.99,0.9365,0.688,59.0,4.22,0.0187,12.3,251,0.4661,0,2026-05-06 00:00:00,0
BID-003020,AUC-0554,VND-0117,381809.64,0.9206,0.788,73.8,4.47,0.0127,7.9,58,0.5414,0,2026-05-06 00:00:00,1
BID-003021,AUC-0554,VND-0301,370222.21,0.8927,0.584,50.0,3.96,0.0249,15.0,230,0.4222,0,2026-05-06 00:00:00,0
BID-003022,AUC-0555,VND-0672,57852.39,0.9754,0.934,94.7,4.84,0.004,1.6,235,0.7304,0,2026-05-04 00:00:00,1
BID-003023,AUC-0555,VND-0633,56547.63,0.9534,0.506,50.0,3.76,0.0297,15.0,238,0.4884,0,2026-05-04 00:00:00,0
BID-003024,AUC-0555,VND-0218,54193.54,0.9137,0.542,55.5,3.86,0.0275,13.4,292,0.5217,0,2026-05-04 00:00:00,0
BID-003025,AUC-0555,VND-0633,52867.9,0.8913,0.506,50.0,3.76,0.0297,15.0,238,0.5033,0,2026-05-04 00:00:00,0
BID-003026,AUC-0555,VND-0218,51136.63,0.8622,0.542,55.5,3.86,0.0275,13.4,292,0.5341,0,2026-05-04 00:00:00,0
BID-003027,AUC-0555,VND-0407,48709.1,0.8212,0.562,60.1,3.91,0.0263,12.0,88,0.5587,0,2026-05-04 00:00:00,0
BID-003028,AUC-0556,VND-0219,124579.69,0.9768,0.536,52.2,3.84,0.0278,14.3,200,0.4488,0,2026-05-12 00:00:00,0
BID-003029,AUC-0556,VND-0726,123249.65,0.9664,0.749,68.6,4.37,0.0151,9.4,203,0.5587,0,2026-05-12 00:00:00,0
BID-003030,AUC-0556,VND-0319,119176.34,0.9344,0.766,68.6,4.42,0.014,9.4,183,0.5745,0,2026-05-12 00:00:00,0
BID-003031,AUC-0556,VND-0043,115160.45,0.9029,0.655,59.6,4.14,0.0207,12.1,117,0.5271,0,2026-05-12 00:00:00,0
BID-003032,AUC-0556,VND-0424,111286.75,0.8726,0.543,57.4,3.86,0.0274,12.8,219,0.4935,0,2026-05-12 00:00:00,0
BID-003033,AUC-0556,VND-0565,107738.39,0.8448,0.686,56.7,4.22,0.0188,13.0,106,0.5492,0,2026-05-12 00:00:00,0
BID-003034,AUC-0556,VND-0219,103192.46,0.8091,0.536,52.2,3.84,0.0278,14.3,200,0.4991,0,2026-05-12 00:00:00,0
BID-003035,AUC-0556,VND-0039,100190.96,0.7856,0.886,72.7,4.71,0.0069,8.2,55,0.6679,0,2026-05-12 00:00:00,1
BID-003036,AUC-0557,VND-0239,75663.08,0.9509,0.537,54.1,3.84,0.0278,13.8,92,0.3318,0,2026-05-24 00:00:00,0
BID-003037,AUC-0557,VND-0751,74691.21,0.9387,0.76,70.6,4.4,0.0144,8.8,126,0.4458,0,2026-05-24 00:00:00,0
BID-003038,AUC-0557,VND-0239,73657.2,0.9257,0.537,54.1,3.84,0.0278,13.8,92,0.3431,0,2026-05-24 00:00:00,0
BID-003039,AUC-0557,VND-0751,72479.65,0.9109,0.76,70.6,4.4,0.0144,8.8,126,0.4583,0,2026-05-24 00:00:00,1
BID-003040,AUC-0558,VND-0670,172145.83,0.9538,0.536,50.0,3.84,0.0278,15.0,37,0.4627,0,2026-04-14 00:00:00,0
BID-003041,AUC-0558,VND-0670,167237.9,0.9266,0.536,50.0,3.84,0.0278,15.0,37,0.4692,0,2026-04-14 00:00:00,0
BID-003042,AUC-0558,VND-0670,162849.69,0.9023,0.536,50.0,3.84,0.0278,15.0,37,0.475,0,2026-04-14 00:00:00,0
BID-003043,AUC-0558,VND-0670,159816.65,0.8855,0.536,50.0,3.84,0.0278,15.0,37,0.4791,0,2026-04-14 00:00:00,0
BID-003044,AUC-0558,VND-0510,155492.89,0.8615,0.958,77.4,4.89,0.0025,6.8,167,0.7308,0,2026-04-14 00:00:00,0
BID-003045,AUC-0558,VND-0670,152499.19,0.8449,0.536,50.0,3.84,0.0278,15.0,37,0.4888,0,2026-04-14 00:00:00,0
BID-003046,AUC-0558,VND-0510,150169.91,0.832,0.958,77.4,4.89,0.0025,6.8,167,0.7378,0,2026-04-14 00:00:00,1
BID-003047,AUC-0558,VND-0670,144613.92,0.8012,0.536,50.0,3.84,0.0278,15.0,37,0.4993,0,2026-04-14 00:00:00,0
BID-003048,AUC-0559,VND-0495,222379.34,0.9641,0.623,66.9,4.06,0.0226,9.9,187,0.3814,0,2026-05-22 00:00:00,0
BID-003049,AUC-0559,VND-0495,217020.73,0.9408,0.623,66.9,4.06,0.0226,9.9,187,0.3921,0,2026-05-22 00:00:00,0
BID-003050,AUC-0559,VND-0318,206684.43,0.896,0.554,50.0,3.88,0.0268,15.0,81,0.3491,0,2026-05-22 00:00:00,0
BID-003051,AUC-0559,VND-0626,202939.18,0.8798,0.898,82.3,4.75,0.0061,5.3,158,0.5226,0,2026-05-22 00:00:00,0
BID-003052,AUC-0559,VND-0415,195796.01,0.8488,0.869,79.8,4.67,0.0079,6.1,83,0.5234,0,2026-05-22 00:00:00,1
BID-003053,AUC-0559,VND-0495,191262.81,0.8292,0.623,66.9,4.06,0.0226,9.9,187,0.4435,0,2026-05-22 00:00:00,0
BID-003054,AUC-0559,VND-0318,189113.96,0.8198,0.554,50.0,3.88,0.0268,15.0,81,0.3841,0,2026-05-22 00:00:00,0
BID-003055,AUC-0560,VND-0624,372466.93,0.9882,0.566,50.0,3.91,0.0261,15.0,285,0.3156,0,2026-02-24 00:00:00,0
BID-003056,AUC-0560,VND-0589,360010.25,0.9551,0.89,71.8,4.72,0.0066,8.5,35,0.4554,0,2026-02-24 00:00:00,1
BID-003057,AUC-0560,VND-0259,344282.62,0.9134,0.688,71.3,4.22,0.0187,8.6,248,0.4153,0,2026-02-24 00:00:00,0
BID-003058,AUC-0561,VND-0230,315247.75,0.958,0.528,50.0,3.82,0.0283,15.0,156,0.3347,0,2026-05-21 00:00:00,0
BID-003059,AUC-0561,VND-0299,306043.29,0.93,0.834,62.8,4.58,0.01,11.2,22,0.4642,0,2026-05-21 00:00:00,0
BID-003060,AUC-0561,VND-0420,302371.49,0.9189,0.79,79.1,4.48,0.0126,6.3,278,0.4954,0,2026-05-21 00:00:00,0
BID-003061,AUC-0561,VND-0641,294257.47,0.8942,0.809,74.0,4.52,0.0115,7.8,172,0.5017,0,2026-05-21 00:00:00,0
BID-003062,AUC-0561,VND-0235,285850.33,0.8687,0.612,65.3,4.03,0.0233,10.4,248,0.4398,0,2026-05-21 00:00:00,0
BID-003063,AUC-0561,VND-0299,279456.58,0.8493,0.834,62.8,4.58,0.01,11.2,22,0.5062,0,2026-05-21 00:00:00,0
BID-003064,AUC-0561,VND-0420,268138.42,0.8149,0.79,79.1,4.48,0.0126,6.3,278,0.5495,0,2026-05-21 00:00:00,1
BID-003065,AUC-0561,VND-0230,261157.02,0.7936,0.528,50.0,3.82,0.0283,15.0,156,0.4201,0,2026-05-21 00:00:00,0
BID-003066,AUC-0562,VND-0372,305749.62,0.9729,0.874,79.5,4.68,0.0076,6.1,212,0.5917,0,2026-01-31 00:00:00,0
BID-003067,AUC-0562,VND-0378,299549.86,0.9532,0.57,62.5,3.92,0.0258,11.2,284,0.4748,0,2026-01-31 00:00:00,0
BID-003068,AUC-0562,VND-0372,296158.64,0.9424,0.874,79.5,4.68,0.0076,6.1,212,0.6023,0,2026-01-31 00:00:00,0
BID-003069,AUC-0562,VND-0722,290303.42,0.9238,0.836,72.5,4.59,0.0098,8.2,141,0.5879,0,2026-01-31 00:00:00,0
BID-003070,AUC-0562,VND-0372,279283.13,0.8887,0.874,79.5,4.68,0.0076,6.1,212,0.6211,0,2026-01-31 00:00:00,1
BID-003071,AUC-0562,VND-0178,274265.2,0.8727,0.535,50.9,3.84,0.0279,14.7,296,0.4777,0,2026-01-31 00:00:00,0
BID-003072,AUC-0563,VND-0361,180034.02,0.9856,0.969,82.7,4.92,0.0018,5.2,61,0.504,0,2026-04-25 00:00:00,0
BID-003073,AUC-0563,VND-0512,177244.55,0.9703,0.962,100.0,4.91,0.0023,0.1,155,0.5448,0,2026-04-25 00:00:00,0
BID-003074,AUC-0563,VND-0144,173892.93,0.952,0.733,67.5,4.33,0.016,9.8,80,0.423,0,2026-04-25 00:00:00,0
BID-003075,AUC-0563,VND-0493,171809.37,0.9406,0.864,79.0,4.66,0.0082,6.3,278,0.4901,0,2026-04-25 00:00:00,0
BID-003076,AUC-0563,VND-0512,166012.08,0.9088,0.962,100.0,4.91,0.0023,0.1,155,0.5774,0,2026-04-25 00:00:00,1
BID-003077,AUC-0563,VND-0659,163161.68,0.8932,0.763,77.8,4.41,0.0142,6.7,216,0.4835,0,2026-04-25 00:00:00,0
BID-003078,AUC-0564,VND-0381,413023.4,0.978,0.576,50.4,3.94,0.0254,14.9,130,0.4276,0,2026-06-04 00:00:00,0
BID-003079,AUC-0564,VND-0079,394795.43,0.9348,0.836,82.5,4.59,0.0098,5.2,68,0.6299,0,2026-06-04 00:00:00,1
BID-003080,AUC-0564,VND-0307,386268.15,0.9147,0.814,59.6,4.53,0.0112,12.1,56,0.5763,0,2026-06-04 00:00:00,0
BID-003081,AUC-0564,VND-0307,372814.2,0.8828,0.814,59.6,4.53,0.0112,12.1,56,0.5872,0,2026-06-04 00:00:00,0
BID-003082,AUC-0565,VND-0366,236131.24,0.9801,0.582,63.5,3.96,0.0251,11.0,190,0.4273,0,2026-05-08 00:00:00,0
BID-003083,AUC-0565,VND-0401,226650.86,0.9407,0.854,71.1,4.63,0.0088,8.7,255,0.5708,0,2026-05-08 00:00:00,0
BID-003084,AUC-0565,VND-0606,217627.17,0.9033,0.713,64.1,4.28,0.0172,10.8,292,0.5203,0,2026-05-08 00:00:00,0
BID-003085,AUC-0565,VND-0606,209278.67,0.8686,0.713,64.1,4.28,0.0172,10.8,292,0.5387,0,2026-05-08 00:00:00,0
BID-003086,AUC-0565,VND-0573,200558.39,0.8324,0.634,67.5,4.08,0.022,9.8,39,0.5345,0,2026-05-08 00:00:00,0
BID-003087,AUC-0565,VND-0606,193643.24,0.8037,0.713,64.1,4.28,0.0172,10.8,292,0.5731,0,2026-05-08 00:00:00,1
BID-003088,AUC-0566,VND-0525,473534.27,0.9669,0.935,72.6,4.84,0.0039,8.2,133,0.7103,0,2026-05-30 00:00:00,0
BID-003089,AUC-0566,VND-0525,464510.31,0.9484,0.935,72.6,4.84,0.0039,8.2,133,0.7145,0,2026-05-30 00:00:00,0
BID-003090,AUC-0566,VND-0525,443568.82,0.9057,0.935,72.6,4.84,0.0039,8.2,133,0.7244,0,2026-05-30 00:00:00,0
BID-003091,AUC-0566,VND-0525,438828.38,0.896,0.935,72.6,4.84,0.0039,8.2,133,0.7266,0,2026-05-30 00:00:00,1
BID-003092,AUC-0566,VND-0597,422573.8,0.8628,0.673,68.1,4.18,0.0196,9.6,253,0.6309,0,2026-05-30 00:00:00,0
BID-003093,AUC-0567,VND-0126,309755.07,0.9658,0.647,55.0,4.12,0.0212,13.5,77,0.3827,0,2026-06-20 00:00:00,0
BID-003094,AUC-0567,VND-0275,297692.63,0.9282,0.76,77.0,4.4,0.0144,6.9,218,0.4705,0,2026-06-20 00:00:00,0
BID-003095,AUC-0567,VND-0116,282947.0,0.8822,0.897,82.7,4.74,0.0062,5.2,276,0.5562,0,2026-06-20 00:00:00,0
BID-003096,AUC-0567,VND-0377,272845.28,0.8507,0.814,72.8,4.53,0.0112,8.2,80,0.5304,0,2026-06-20 00:00:00,0
BID-003097,AUC-0567,VND-0377,263758.04,0.8224,0.814,72.8,4.53,0.0112,8.2,80,0.546,0,2026-06-20 00:00:00,0
BID-003098,AUC-0567,VND-0190,260067.97,0.8109,0.907,76.7,4.77,0.0056,7.0,42,0.5936,0,2026-06-20 00:00:00,1
BID-003099,AUC-0568,VND-0006,70975.07,0.9876,0.51,56.0,3.78,0.0294,13.2,18,0.2954,0,2026-06-08 00:00:00,0
BID-003100,AUC-0568,VND-0006,69938.43,0.9731,0.51,56.0,3.78,0.0294,13.2,18,0.3024,0,2026-06-08 00:00:00,0
BID-003101,AUC-0568,VND-0614,67108.21,0.9337,0.699,54.6,4.25,0.0181,13.6,235,0.3753,0,2026-06-08 00:00:00,0
BID-003102,AUC-0568,VND-0614,65559.82,0.9122,0.699,54.6,4.25,0.0181,13.6,235,0.3856,0,2026-06-08 00:00:00,0
BID-003103,AUC-0568,VND-0456,63992.3,0.8904,0.795,63.1,4.49,0.0123,11.1,297,0.441,0,2026-06-08 00:00:00,0
BID-003104,AUC-0568,VND-0749,61739.01,0.859,0.81,74.1,4.52,0.0114,7.8,240,0.4814,0,2026-06-08 00:00:00,1
BID-003105,AUC-0569,VND-0346,334576.46,0.9802,0.662,64.2,4.15,0.0203,10.7,102,0.3841,0,2026-03-19 00:00:00,0
BID-003106,AUC-0569,VND-0346,327192.08,0.9586,0.662,64.2,4.15,0.0203,10.7,102,0.3945,0,2026-03-19 00:00:00,1
BID-003107,AUC-0569,VND-0497,318255.32,0.9324,0.636,59.1,4.09,0.0218,12.3,71,0.3924,0,2026-03-19 00:00:00,0
BID-003108,AUC-0569,VND-0434,310216.17,0.9089,0.578,50.0,3.94,0.0253,15.0,30,0.3738,0,2026-03-19 00:00:00,0
BID-003109,AUC-0570,VND-0105,162034.84,0.9571,0.503,50.0,3.76,0.0298,15.0,276,0.401,0,2026-01-24 00:00:00,0
BID-003110,AUC-0570,VND-0653,154599.13,0.9132,0.855,84.4,4.64,0.0087,4.7,217,0.6499,0,2026-01-24 00:00:00,0
BID-003111,AUC-0570,VND-0512,152393.71,0.9001,0.962,100.0,4.91,0.0023,0.1,155,0.7373,0,2026-01-24 00:00:00,1
BID-003112,AUC-0570,VND-0105,149625.99,0.8838,0.503,50.0,3.76,0.0298,15.0,276,0.4259,0,2026-01-24 00:00:00,0
BID-003113,AUC-0570,VND-0194,146134.81,0.8632,0.641,51.1,4.1,0.0215,14.7,234,0.496,0,2026-01-24 00:00:00,0
BID-003114,AUC-0570,VND-0194,139621.18,0.8247,0.641,51.1,4.1,0.0215,14.7,234,0.5091,0,2026-01-24 00:00:00,0
BID-003115,AUC-0570,VND-0194,137162.09,0.8102,0.641,51.1,4.1,0.0215,14.7,234,0.5141,0,2026-01-24 00:00:00,0
BID-003116,AUC-0571,VND-0731,329755.74,0.9522,0.697,64.6,4.24,0.0182,10.6,160,0.5916,0,2026-02-03 00:00:00,1
BID-003117,AUC-0571,VND-0434,317148.3,0.9158,0.578,50.0,3.94,0.0253,15.0,30,0.5115,0,2026-02-03 00:00:00,0
BID-003118,AUC-0571,VND-0434,311577.24,0.8997,0.578,50.0,3.94,0.0253,15.0,30,0.5147,0,2026-02-03 00:00:00,0
BID-003119,AUC-0572,VND-0253,42120.89,0.9546,0.842,64.7,4.61,0.0095,10.6,104,0.5223,0,2026-01-02 00:00:00,0
BID-003120,AUC-0572,VND-0084,40199.76,0.9111,0.66,58.1,4.15,0.0204,12.6,37,0.4774,0,2026-01-02 00:00:00,0
BID-003121,AUC-0572,VND-0190,38465.04,0.8717,0.907,76.7,4.77,0.0056,7.0,42,0.5958,0,2026-01-02 00:00:00,1
BID-003122,AUC-0572,VND-0305,36645.2,0.8305,0.752,77.3,4.38,0.0149,6.8,46,0.5723,0,2026-01-02 00:00:00,0
BID-003123,AUC-0572,VND-0305,36229.66,0.8211,0.752,77.3,4.38,0.0149,6.8,46,0.5758,0,2026-01-02 00:00:00,0
BID-003124,AUC-0573,VND-0277,93939.16,0.9817,0.776,69.6,4.44,0.0134,9.1,78,0.5235,0,2026-03-15 00:00:00,0
BID-003125,AUC-0573,VND-0174,92929.44,0.9711,0.818,63.2,4.54,0.0109,11.0,138,0.5324,0,2026-03-15 00:00:00,0
BID-003126,AUC-0573,VND-0289,89534.59,0.9357,0.574,65.1,3.93,0.0256,10.5,200,0.4541,0,2026-03-15 00:00:00,0
BID-003127,AUC-0573,VND-0169,87150.52,0.9107,0.928,86.3,4.82,0.0043,4.1,252,0.6563,0,2026-03-15 00:00:00,1
BID-003128,AUC-0573,VND-0277,83554.93,0.8732,0.776,69.6,4.44,0.0134,9.1,78,0.5777,0,2026-03-15 00:00:00,0
BID-003129,AUC-0574,VND-0056,415245.63,0.9672,0.645,52.8,4.11,0.0213,14.2,53,0.5586,0,2026-06-11 00:00:00,0
BID-003130,AUC-0574,VND-0630,404757.71,0.9428,0.532,50.0,3.83,0.0281,15.0,138,0.5162,0,2026-06-11 00:00:00,0
BID-003131,AUC-0574,VND-0687,398233.16,0.9276,0.927,80.3,4.82,0.0044,5.9,157,0.7334,0,2026-06-11 00:00:00,1
BID-003132,AUC-0574,VND-0052,383950.4,0.8943,0.657,60.0,4.14,0.0206,12.0,231,0.5948,0,2026-06-11 00:00:00,0
BID-003133,AUC-0574,VND-0516,373381.72,0.8697,0.519,51.8,3.8,0.0289,14.5,260,0.5311,0,2026-06-11 00:00:00,0
BID-003134,AUC-0575,VND-0284,119821.18,0.9877,0.696,66.4,4.24,0.0182,10.1,84,0.4064,0,2026-05-21 00:00:00,0
BID-003135,AUC-0575,VND-0473,116051.31,0.9566,0.603,50.0,4.01,0.0238,15.0,219,0.358,0,2026-05-21 00:00:00,0
BID-003136,AUC-0575,VND-0284,110493.62,0.9108,0.696,66.4,4.24,0.0182,10.1,84,0.4402,0,2026-05-21 00:00:00,1
BID-003137,AUC-0575,VND-0473,108672.74,0.8958,0.603,50.0,4.01,0.0238,15.0,219,0.3848,0,2026-05-21 00:00:00,0
BID-003138,AUC-0576,VND-0198,412604.75,0.982,0.67,69.1,4.18,0.0198,9.3,255,0.5206,0,2026-05-24 00:00:00,0
BID-003139,AUC-0576,VND-0198,399891.34,0.9518,0.67,69.1,4.18,0.0198,9.3,255,0.53,0,2026-05-24 00:00:00,0
BID-003140,AUC-0576,VND-0198,385917.41,0.9185,0.67,69.1,4.18,0.0198,9.3,255,0.5403,0,2026-05-24 00:00:00,1
BID-003141,AUC-0576,VND-0315,381914.37,0.909,0.518,50.0,3.8,0.0289,15.0,145,0.4557,0,2026-05-24 00:00:00,0
BID-003142,AUC-0576,VND-0509,376041.41,0.895,0.59,60.6,3.98,0.0246,11.8,157,0.5037,0,2026-05-24 00:00:00,0
BID-003143,AUC-0577,VND-0072,143887.0,0.9799,0.749,61.0,4.37,0.0151,11.7,175,0.505,0,2026-03-16 00:00:00,0
BID-003144,AUC-0577,VND-0166,139910.12,0.9528,0.678,68.5,4.19,0.0193,9.4,290,0.5034,0,2026-03-16 00:00:00,0
BID-003145,AUC-0577,VND-0193,134636.86,0.9169,0.868,87.1,4.67,0.0079,3.9,282,0.6378,0,2026-03-16 00:00:00,0
BID-003146,AUC-0577,VND-0193,128438.7,0.8747,0.868,87.1,4.67,0.0079,3.9,282,0.6538,0,2026-03-16 00:00:00,1
BID-003147,AUC-0578,VND-0338,315542.74,0.9709,0.705,69.5,4.26,0.0177,9.2,169,0.5853,0,2026-06-16 00:00:00,0
BID-003148,AUC-0578,VND-0342,308002.87,0.9477,0.585,59.0,3.96,0.0249,12.3,196,0.5357,0,2026-06-16 00:00:00,0
BID-003149,AUC-0578,VND-0338,301039.68,0.9262,0.705,69.5,4.26,0.0177,9.2,169,0.5978,0,2026-06-16 00:00:00,1
BID-003150,AUC-0578,VND-0719,297346.94,0.9149,0.654,67.3,4.13,0.0208,9.8,84,0.5792,0,2026-06-16 00:00:00,0
BID-003151,AUC-0579,VND-0186,338485.23,0.9667,0.55,50.0,3.88,0.027,15.0,266,0.417,0,2026-02-05 00:00:00,0
BID-003152,AUC-0579,VND-0207,324051.35,0.9255,0.975,93.4,4.94,0.0015,2.0,180,0.7053,0,2026-02-05 00:00:00,1
BID-003153,AUC-0579,VND-0385,317764.91,0.9076,0.671,64.6,4.18,0.0197,10.6,99,0.5184,0,2026-02-05 00:00:00,0
BID-003154,AUC-0579,VND-0385,311144.55,0.8886,0.671,64.6,4.18,0.0197,10.6,99,0.5239,0,2026-02-05 00:00:00,0
BID-003155,AUC-0580,VND-0469,250131.14,0.9576,0.509,57.2,3.77,0.0294,12.8,222,0.4394,0,2026-06-29 00:00:00,0
BID-003156,AUC-0580,VND-0060,246720.69,0.9446,0.946,89.7,4.87,0.0032,3.1,45,0.6907,0,2026-06-29 00:00:00,1
BID-003157,AUC-0580,VND-0156,234802.97,0.8989,0.719,59.2,4.3,0.0168,12.2,98,0.5436,0,2026-06-29 00:00:00,0
BID-003158,AUC-0581,VND-0036,152156.52,0.9533,0.886,72.5,4.72,0.0068,8.2,286,0.4726,0,2026-05-12 00:00:00,0
BID-003159,AUC-0581,VND-0766,146614.65,0.9186,0.656,64.5,4.14,0.0207,10.6,57,0.3998,0,2026-05-12 00:00:00,0
BID-003160,AUC-0581,VND-0701,142435.72,0.8924,0.584,50.0,3.96,0.025,15.0,211,0.3662,0,2026-05-12 00:00:00,0
BID-003161,AUC-0581,VND-0091,136272.83,0.8538,0.671,56.0,4.18,0.0198,13.2,67,0.4225,0,2026-05-12 00:00:00,0
BID-003162,AUC-0581,VND-0394,131409.56,0.8234,0.792,65.5,4.48,0.0125,10.4,97,0.4916,0,2026-05-12 00:00:00,0
BID-003163,AUC-0581,VND-0394,128407.57,0.8045,0.792,65.5,4.48,0.0125,10.4,97,0.5004,0,2026-05-12 00:00:00,1
BID-003164,AUC-0581,VND-0766,124997.47,0.7832,0.656,64.5,4.14,0.0207,10.6,57,0.4634,0,2026-05-12 00:00:00,0
BID-003165,AUC-0581,VND-0296,119119.29,0.7464,0.569,53.7,3.92,0.0258,13.9,90,0.4353,0,2026-05-12 00:00:00,0
BID-003166,AUC-0582,VND-0555,112349.94,0.9838,0.848,71.2,4.62,0.0091,8.6,247,0.5766,0,2026-04-02 00:00:00,0
BID-003167,AUC-0582,VND-0555,108400.07,0.9492,0.848,71.2,4.62,0.0091,8.6,247,0.5939,0,2026-04-02 00:00:00,0
BID-003168,AUC-0582,VND-0649,105122.96,0.9206,0.584,50.0,3.96,0.025,15.0,89,0.4492,0,2026-04-02 00:00:00,0
BID-003169,AUC-0582,VND-0340,103315.36,0.9047,0.985,93.7,4.96,0.001,1.9,235,0.7263,0,2026-04-02 00:00:00,1
BID-003170,AUC-0583,VND-0652,25595.41,0.9746,0.526,51.0,3.81,0.0284,14.7,115,0.4063,0,2026-05-29 00:00:00,0
BID-003171,AUC-0583,VND-0459,25051.0,0.9539,0.647,64.8,4.12,0.0212,10.6,180,0.4911,0,2026-05-29 00:00:00,0
BID-003172,AUC-0583,VND-0652,23883.77,0.9094,0.526,51.0,3.81,0.0284,14.7,115,0.4265,0,2026-05-29 00:00:00,0
BID-003173,AUC-0583,VND-0624,22938.45,0.8734,0.566,50.0,3.91,0.0261,15.0,285,0.4474,0,2026-05-29 00:00:00,0
BID-003174,AUC-0583,VND-0023,22263.63,0.8477,0.629,60.1,4.07,0.0222,12.0,249,0.5045,0,2026-05-29 00:00:00,0
BID-003175,AUC-0583,VND-0624,21873.9,0.8329,0.566,50.0,3.91,0.0261,15.0,285,0.4599,0,2026-05-29 00:00:00,0
BID-003176,AUC-0583,VND-0459,20981.96,0.7989,0.647,64.8,4.12,0.0212,10.6,180,0.5391,0,2026-05-29 00:00:00,0
BID-003177,AUC-0583,VND-0503,20105.39,0.7655,0.903,83.6,4.76,0.0058,4.9,92,0.6847,0,2026-05-29 00:00:00,1
BID-003178,AUC-0584,VND-0028,151203.14,0.9514,0.799,83.3,4.5,0.0121,5.0,212,0.5523,0,2026-04-17 00:00:00,1
BID-003179,AUC-0584,VND-0098,148265.53,0.9329,0.67,58.4,4.17,0.0198,12.5,117,0.4481,0,2026-04-17 00:00:00,0
BID-003180,AUC-0584,VND-0063,140955.92,0.8869,0.614,60.5,4.03,0.0232,11.8,299,0.4498,0,2026-04-17 00:00:00,0
BID-003181,AUC-0585,VND-0778,315460.81,0.9558,0.614,50.0,4.04,0.0232,15.0,47,0.3057,0,2026-05-27 00:00:00,0
BID-003182,AUC-0585,VND-0778,308629.84,0.9351,0.614,50.0,4.04,0.0232,15.0,47,0.3172,0,2026-05-27 00:00:00,0
BID-003183,AUC-0585,VND-0373,295692.85,0.8959,0.616,67.7,4.04,0.023,9.7,91,0.3591,0,2026-05-27 00:00:00,1
BID-003184,AUC-0586,VND-0617,460339.79,0.9799,0.607,50.0,4.02,0.0236,15.0,218,0.3562,0,2026-06-27 00:00:00,0
BID-003185,AUC-0586,VND-0306,452455.04,0.9631,0.52,52.4,3.8,0.0288,14.3,70,0.3518,0,2026-06-27 00:00:00,0
BID-003186,AUC-0586,VND-0306,434624.35,0.9252,0.52,52.4,3.8,0.0288,14.3,70,0.3681,0,2026-06-27 00:00:00,0
BID-003187,AUC-0586,VND-0620,421690.08,0.8977,0.984,80.7,4.96,0.001,5.8,31,0.5566,0,2026-06-27 00:00:00,1
BID-003188,AUC-0586,VND-0120,414512.86,0.8824,0.823,63.3,4.56,0.0106,11.0,38,0.4807,0,2026-06-27 00:00:00,0
BID-003189,AUC-0586,VND-0072,394693.4,0.8402,0.749,61.0,4.37,0.0151,11.7,175,0.4767,0,2026-06-27 00:00:00,0
BID-003190,AUC-0586,VND-0306,386803.11,0.8234,0.52,52.4,3.8,0.0288,14.3,70,0.4119,0,2026-06-27 00:00:00,0
BID-003191,AUC-0587,VND-0189,425956.05,0.975,0.922,70.0,4.81,0.0047,9.0,48,0.609,0,2026-05-01 00:00:00,1
BID-003192,AUC-0587,VND-0282,410125.36,0.9387,0.568,50.0,3.92,0.0259,15.0,74,0.4293,0,2026-05-01 00:00:00,0
BID-003193,AUC-0587,VND-0371,396327.06,0.9072,0.731,65.5,4.33,0.0161,10.4,186,0.5424,0,2026-05-01 00:00:00,0
BID-003194,AUC-0587,VND-0282,378888.71,0.8672,0.568,50.0,3.92,0.0259,15.0,74,0.45,0,2026-05-01 00:00:00,0
BID-003195,AUC-0588,VND-0160,378398.72,0.9819,0.578,50.0,3.95,0.0253,15.0,76,0.4578,0,2026-03-05 00:00:00,0
BID-003196,AUC-0588,VND-0659,370158.29,0.9605,0.763,77.8,4.41,0.0142,6.7,216,0.6103,0,2026-03-05 00:00:00,0
BID-003197,AUC-0588,VND-0002,353468.46,0.9172,0.866,77.9,4.66,0.008,6.6,67,0.6582,0,2026-03-05 00:00:00,1
BID-003198,AUC-0588,VND-0791,345625.23,0.8969,0.616,53.1,4.04,0.023,14.1,139,0.5015,0,2026-03-05 00:00:00,0
BID-003199,AUC-0588,VND-0610,335268.98,0.87,0.827,66.7,4.57,0.0104,10.0,248,0.6238,0,2026-03-05 00:00:00,0
BID-003200,AUC-0588,VND-0610,324136.56,0.8411,0.827,66.7,4.57,0.0104,10.0,248,0.631,0,2026-03-05 00:00:00,0
BID-003201,AUC-0588,VND-0659,320742.94,0.8323,0.763,77.8,4.41,0.0142,6.7,216,0.6423,0,2026-03-05 00:00:00,0
BID-003202,AUC-0589,VND-0699,384330.33,0.9697,0.715,58.1,4.29,0.0171,12.6,110,0.4081,0,2026-06-07 00:00:00,0
BID-003203,AUC-0589,VND-0146,379389.82,0.9572,0.515,50.0,3.79,0.0291,15.0,234,0.3293,0,2026-06-07 00:00:00,0
BID-003204,AUC-0589,VND-0699,362317.95,0.9142,0.715,58.1,4.29,0.0171,12.6,110,0.4387,0,2026-06-07 00:00:00,0
BID-003205,AUC-0589,VND-0782,347274.17,0.8762,0.89,69.4,4.73,0.0066,9.2,21,0.5397,0,2026-06-07 00:00:00,1
BID-003206,AUC-0589,VND-0008,336899.91,0.85,0.591,54.1,3.98,0.0245,13.8,187,0.422,0,2026-06-07 00:00:00,0
BID-003207,AUC-0589,VND-0319,324070.89,0.8177,0.766,68.6,4.42,0.014,9.4,183,0.5238,0,2026-06-07 00:00:00,0
BID-003208,AUC-0590,VND-0207,322528.71,0.9604,0.975,93.4,4.94,0.0015,2.0,180,0.5903,0,2026-04-28 00:00:00,1
BID-003209,AUC-0590,VND-0633,316295.25,0.9418,0.506,50.0,3.76,0.0297,15.0,238,0.3759,0,2026-04-28 00:00:00,0
BID-003210,AUC-0590,VND-0428,307409.24,0.9153,0.603,50.0,4.01,0.0238,15.0,165,0.424,0,2026-04-28 00:00:00,0
BID-003211,AUC-0590,VND-0633,298504.64,0.8888,0.506,50.0,3.76,0.0297,15.0,238,0.3976,0,2026-04-28 00:00:00,0
BID-003212,AUC-0591,VND-0493,135721.98,0.9868,0.864,79.0,4.66,0.0082,6.3,278,0.4991,0,2026-04-02 00:00:00,0
BID-003213,AUC-0591,VND-0493,132468.51,0.9631,0.864,79.0,4.66,0.0082,6.3,278,0.5097,0,2026-04-02 00:00:00,0
BID-003214,AUC-0591,VND-0125,130392.67,0.948,0.982,94.8,4.95,0.0011,1.6,280,0.5869,0,2026-04-02 00:00:00,1
BID-003215,AUC-0592,VND-0423,447852.67,0.9853,0.574,55.8,3.94,0.0255,13.3,184,0.419,0,2026-06-28 00:00:00,0
BID-003216,AUC-0592,VND-0574,426820.42,0.939,0.899,84.1,4.75,0.0061,4.8,134,0.5861,0,2026-06-28 00:00:00,1
BID-003217,AUC-0592,VND-0769,418824.09,0.9215,0.591,58.4,3.98,0.0246,12.5,215,0.4526,0,2026-06-28 00:00:00,0
BID-003218,AUC-0592,VND-0516,404727.94,0.8904,0.519,51.8,3.8,0.0289,14.5,260,0.4307,0,2026-06-28 00:00:00,0
BID-003219,AUC-0593,VND-0596,328996.59,0.9715,0.534,52.9,3.83,0.028,14.1,172,0.4106,0,2026-01-17 00:00:00,0
BID-003220,AUC-0593,VND-0201,315016.03,0.9302,0.552,61.0,3.88,0.0269,11.7,116,0.4543,0,2026-01-17 00:00:00,0
BID-003221,AUC-0593,VND-0201,306717.17,0.9057,0.552,61.0,3.88,0.0269,11.7,116,0.4626,0,2026-01-17 00:00:00,0
BID-003222,AUC-0593,VND-0364,294783.18,0.8704,0.57,59.6,3.92,0.0258,12.1,179,0.4774,0,2026-01-17 00:00:00,0
BID-003223,AUC-0593,VND-0201,282827.41,0.8351,0.552,61.0,3.88,0.0269,11.7,116,0.4866,0,2026-01-17 00:00:00,1
BID-003224,AUC-0593,VND-0596,279515.56,0.8254,0.534,52.9,3.83,0.028,14.1,172,0.4603,0,2026-01-17 00:00:00,0
BID-003225,AUC-0594,VND-0452,275494.26,0.968,0.591,52.0,3.98,0.0246,14.4,218,0.3152,0,2026-06-19 00:00:00,0
BID-003226,AUC-0594,VND-0092,270595.62,0.9507,0.962,100.0,4.91,0.0023,0.1,223,0.5127,0,2026-06-19 00:00:00,0
BID-003227,AUC-0594,VND-0452,266731.85,0.9372,0.591,52.0,3.98,0.0246,14.4,218,0.3306,0,2026-06-19 00:00:00,0
BID-003228,AUC-0594,VND-0452,258321.15,0.9076,0.591,52.0,3.98,0.0246,14.4,218,0.3454,0,2026-06-19 00:00:00,0
BID-003229,AUC-0594,VND-0032,255320.01,0.8971,0.914,75.0,4.79,0.0051,7.5,16,0.4869,0,2026-06-19 00:00:00,0
BID-003230,AUC-0594,VND-0567,246905.71,0.8675,0.541,50.0,3.85,0.0276,15.0,167,0.3466,0,2026-06-19 00:00:00,0
BID-003231,AUC-0594,VND-0032,236032.07,0.8293,0.914,75.0,4.79,0.0051,7.5,16,0.5208,0,2026-06-19 00:00:00,1
BID-003232,AUC-0594,VND-0452,225594.36,0.7926,0.591,52.0,3.98,0.0246,14.4,218,0.4029,0,2026-06-19 00:00:00,0
BID-003233,AUC-0595,VND-0131,61726.75,0.9587,0.808,84.2,4.52,0.0115,4.7,141,0.3736,0,2026-01-23 00:00:00,1
BID-003234,AUC-0595,VND-0212,59259.69,0.9204,0.546,55.7,3.86,0.0273,13.3,255,0.3,0,2026-01-23 00:00:00,0
BID-003235,AUC-0595,VND-0632,56981.21,0.885,0.655,61.9,4.14,0.0207,11.4,55,0.3503,0,2026-01-23 00:00:00,0
BID-003236,AUC-0596,VND-0114,225813.94,0.9858,0.987,84.4,4.97,0.001,4.7,15,0.4566,0,2026-02-04 00:00:00,0
BID-003237,AUC-0596,VND-0712,218760.98,0.955,0.521,50.0,3.8,0.0288,15.0,75,0.3127,0,2026-02-04 00:00:00,0
BID-003238,AUC-0596,VND-0312,211705.74,0.9242,0.685,66.4,4.21,0.0189,10.1,297,0.3927,0,2026-02-04 00:00:00,0
BID-003239,AUC-0596,VND-0114,206290.62,0.9006,0.987,84.4,4.97,0.001,4.7,15,0.501,0,2026-02-04 00:00:00,1
BID-003240,AUC-0596,VND-0312,198038.36,0.8646,0.685,66.4,4.21,0.0189,10.1,297,0.4237,0,2026-02-04 00:00:00,0
BID-003241,AUC-0597,VND-0446,228692.58,0.9708,0.861,91.5,4.65,0.0083,2.6,192,0.5816,0,2026-01-30 00:00:00,0
BID-003242,AUC-0597,VND-0493,221641.71,0.9409,0.864,79.0,4.66,0.0082,6.3,278,0.5712,0,2026-01-30 00:00:00,0
BID-003243,AUC-0597,VND-0448,213770.72,0.9074,0.834,70.4,4.59,0.01,8.9,104,0.5589,0,2026-01-30 00:00:00,0
BID-003244,AUC-0597,VND-0129,203546.22,0.864,0.968,96.2,4.92,0.0019,1.1,233,0.6634,0,2026-01-30 00:00:00,1
BID-003245,AUC-0597,VND-0448,195413.05,0.8295,0.834,70.4,4.59,0.01,8.9,104,0.5878,0,2026-01-30 00:00:00,0
BID-003246,AUC-0597,VND-0033,188801.88,0.8014,0.64,57.5,4.1,0.0216,12.8,271,0.5136,0,2026-01-30 00:00:00,0
BID-003247,AUC-0598,VND-0296,426194.18,0.9828,0.569,53.7,3.92,0.0258,13.9,90,0.4551,0,2026-06-19 00:00:00,0
BID-003248,AUC-0598,VND-0595,418812.13,0.9658,0.65,64.4,4.13,0.021,10.7,159,0.5253,0,2026-06-19 00:00:00,0
BID-003249,AUC-0598,VND-0144,403061.83,0.9295,0.733,67.5,4.33,0.016,9.8,80,0.5798,0,2026-06-19 00:00:00,0
BID-003250,AUC-0598,VND-0091,394447.23,0.9096,0.671,56.0,4.18,0.0198,13.2,67,0.5256,0,2026-06-19 00:00:00,0
BID-003251,AUC-0598,VND-0144,382110.54,0.8812,0.733,67.5,4.33,0.016,9.8,80,0.5924,0,2026-06-19 00:00:00,0
BID-003252,AUC-0598,VND-0180,373988.33,0.8624,0.97,91.3,4.93,0.0018,2.6,176,0.7683,0,2026-06-19 00:00:00,1
BID-003253,AUC-0599,VND-0702,273373.85,0.9839,0.518,53.9,3.8,0.0289,13.8,224,0.3223,0,2026-06-30 00:00:00,0
BID-003254,AUC-0599,VND-0476,266197.77,0.958,0.8,72.0,4.5,0.012,8.4,211,0.469,0,2026-06-30 00:00:00,1
BID-003255,AUC-0599,VND-0083,257210.28,0.9257,0.545,60.4,3.86,0.0273,11.9,41,0.3673,0,2026-06-30 00:00:00,0
BID-003256,AUC-0599,VND-0083,251781.24,0.9062,0.545,60.4,3.86,0.0273,11.9,41,0.3757,0,2026-06-30 00:00:00,0
BID-003257,AUC-0599,VND-0063,243957.43,0.878,0.614,60.5,4.03,0.0232,11.8,299,0.4145,0,2026-06-30 00:00:00,0
BID-003258,AUC-0599,VND-0063,239947.91,0.8636,0.614,60.5,4.03,0.0232,11.8,299,0.4207,0,2026-06-30 00:00:00,0
BID-003259,AUC-0599,VND-0063,235636.88,0.848,0.614,60.5,4.03,0.0232,11.8,299,0.4274,0,2026-06-30 00:00:00,0
BID-003260,AUC-0600,VND-0035,188884.27,0.9618,0.537,59.1,3.84,0.0278,12.3,93,0.3152,0,2026-03-30 00:00:00,0
BID-003261,AUC-0600,VND-0439,186954.76,0.9519,0.858,80.1,4.64,0.0085,6.0,175,0.4357,0,2026-03-30 00:00:00,0
BID-003262,AUC-0600,VND-0152,179491.55,0.9139,0.77,68.6,4.43,0.0138,9.4,30,0.4086,0,2026-03-30 00:00:00,0
BID-003263,AUC-0600,VND-0599,175279.53,0.8925,0.987,99.9,4.97,0.001,0.1,38,0.5421,0,2026-03-30 00:00:00,0
BID-003264,AUC-0600,VND-0599,170750.1,0.8694,0.987,99.9,4.97,0.001,0.1,38,0.5539,0,2026-03-30 00:00:00,1
BID-003265,AUC-0600,VND-0007,169016.31,0.8606,0.916,76.8,4.79,0.005,7.0,189,0.4848,0,2026-03-30 00:00:00,0
BID-003266,AUC-0600,VND-0439,165117.86,0.8407,0.858,80.1,4.64,0.0085,6.0,175,0.4924,0,2026-03-30 00:00:00,0
BID-003267,AUC-0600,VND-0035,161682.4,0.8232,0.537,59.1,3.84,0.0278,12.3,93,0.3858,0,2026-03-30 00:00:00,0
BID-003268,AUC-0601,VND-0662,470846.25,0.9636,0.936,75.8,4.84,0.0038,7.3,164,0.6592,0,2026-04-17 00:00:00,0
BID-003269,AUC-0601,VND-0223,465014.51,0.9517,0.906,96.3,4.77,0.0056,1.1,96,0.6787,0,2026-04-17 00:00:00,0
BID-003270,AUC-0601,VND-0182,450431.99,0.9218,0.729,67.4,4.32,0.0163,9.8,283,0.5704,0,2026-04-17 00:00:00,0
BID-003271,AUC-0601,VND-0182,442972.58,0.9066,0.729,67.4,4.32,0.0163,9.8,283,0.5748,0,2026-04-17 00:00:00,0
BID-003272,AUC-0601,VND-0426,425142.29,0.8701,0.534,52.6,3.83,0.028,14.2,280,0.4807,0,2026-04-17 00:00:00,0
BID-003273,AUC-0601,VND-0003,406303.48,0.8315,0.578,50.0,3.95,0.0253,15.0,231,0.5077,0,2026-04-17 00:00:00,0
BID-003274,AUC-0601,VND-0662,388526.3,0.7951,0.936,75.8,4.84,0.0038,7.3,164,0.708,0,2026-04-17 00:00:00,1
BID-003275,AUC-0602,VND-0727,63059.29,0.9814,0.934,84.1,4.84,0.0039,4.8,16,0.514,0,2026-02-24 00:00:00,0
BID-003276,AUC-0602,VND-0460,61400.81,0.9556,0.882,68.8,4.7,0.0071,9.4,280,0.4756,0,2026-02-24 00:00:00,0
BID-003277,AUC-0602,VND-0733,59544.89,0.9267,1.0,79.0,5.0,0.001,6.3,38,0.5418,0,2026-02-24 00:00:00,0
BID-003278,AUC-0602,VND-0733,56845.67,0.8847,1.0,79.0,5.0,0.001,6.3,38,0.5603,0,2026-02-24 00:00:00,1
BID-003279,AUC-0602,VND-0743,54201.09,0.8436,0.662,53.5,4.16,0.0203,14.0,190,0.4346,0,2026-02-24 00:00:00,0
BID-003280,AUC-0602,VND-0460,53275.26,0.8291,0.882,68.8,4.7,0.0071,9.4,280,0.5312,0,2026-02-24 00:00:00,0
BID-003281,AUC-0603,VND-0220,213532.08,0.9838,0.853,68.0,4.63,0.0088,9.6,41,0.4621,0,2026-01-31 00:00:00,0
BID-003282,AUC-0603,VND-0302,204639.74,0.9428,0.589,50.0,3.97,0.0247,15.0,244,0.3738,0,2026-01-31 00:00:00,0
BID-003283,AUC-0603,VND-0220,195225.75,0.8995,0.853,68.0,4.63,0.0088,9.6,41,0.4975,0,2026-01-31 00:00:00,1
BID-003284,AUC-0604,VND-0108,29721.94,0.9716,0.856,73.2,4.64,0.0086,8.0,115,0.5977,0,2026-03-20 00:00:00,0
BID-003285,AUC-0604,VND-0179,28796.58,0.9413,0.513,50.0,3.78,0.0292,15.0,171,0.4322,0,2026-03-20 00:00:00,0
BID-003286,AUC-0604,VND-0771,27692.81,0.9052,0.855,69.8,4.64,0.0087,9.1,137,0.6099,0,2026-03-20 00:00:00,0
BID-003287,AUC-0604,VND-0592,26966.08,0.8815,0.816,81.3,4.54,0.011,5.6,112,0.6282,0,2026-03-20 00:00:00,0
BID-003288,AUC-0604,VND-0675,26164.64,0.8553,0.994,75.4,4.98,0.001,7.4,271,0.6869,0,2026-03-20 00:00:00,1
BID-003289,AUC-0605,VND-0424,356525.46,0.957,0.543,57.4,3.86,0.0274,12.8,219,0.2959,0,2026-05-03 00:00:00,0
BID-003290,AUC-0605,VND-0027,352870.74,0.9472,0.97,94.1,4.92,0.0018,1.8,96,0.4693,0,2026-05-03 00:00:00,0
BID-003291,AUC-0605,VND-0654,337255.49,0.9053,0.857,83.7,4.64,0.0086,4.9,183,0.446,0,2026-05-03 00:00:00,0
BID-003292,AUC-0605,VND-0424,330545.97,0.8872,0.543,57.4,3.86,0.0274,12.8,219,0.3335,0,2026-05-03 00:00:00,0
BID-003293,AUC-0605,VND-0654,319027.5,0.8563,0.857,83.7,4.64,0.0086,4.9,183,0.4724,0,2026-05-03 00:00:00,0
BID-003294,AUC-0605,VND-0742,308095.08,0.827,0.772,55.5,4.43,0.0137,13.4,130,0.4088,0,2026-05-03 00:00:00,0
BID-003295,AUC-0605,VND-0742,303574.97,0.8149,0.772,55.5,4.43,0.0137,13.4,130,0.4153,0,2026-05-03 00:00:00,0
BID-003296,AUC-0605,VND-0654,296260.71,0.7952,0.857,83.7,4.64,0.0086,4.9,183,0.5054,0,2026-05-03 00:00:00,1
BID-003297,AUC-0606,VND-0321,451981.16,0.9829,0.51,50.0,3.78,0.0294,15.0,162,0.4189,0,2026-03-16 00:00:00,0
BID-003298,AUC-0606,VND-0437,429550.68,0.9341,0.822,67.6,4.55,0.0107,9.7,93,0.5885,0,2026-03-16 00:00:00,0
BID-003299,AUC-0606,VND-0511,413202.06,0.8985,0.849,68.8,4.62,0.0091,9.4,265,0.6117,0,2026-03-16 00:00:00,1
BID-003300,AUC-0606,VND-0671,402977.14,0.8763,0.629,59.2,4.07,0.0223,12.2,219,0.5147,0,2026-03-16 00:00:00,0
BID-003301,AUC-0606,VND-0671,390341.93,0.8488,0.629,59.2,4.07,0.0223,12.2,219,0.5226,0,2026-03-16 00:00:00,0
BID-003302,AUC-0607,VND-0727,143840.08,0.9771,0.934,84.1,4.84,0.0039,4.8,16,0.4815,0,2026-01-26 00:00:00,0
BID-003303,AUC-0607,VND-0727,140629.3,0.9552,0.934,84.1,4.84,0.0039,4.8,16,0.492,0,2026-01-26 00:00:00,0
BID-003304,AUC-0607,VND-0687,135886.29,0.923,0.927,80.3,4.82,0.0044,5.9,157,0.4979,0,2026-01-26 00:00:00,1
BID-003305,AUC-0608,VND-0505,415460.46,0.9649,0.625,59.9,4.06,0.0225,12.0,85,0.3695,0,2026-03-28 00:00:00,0
BID-003306,AUC-0608,VND-0318,398609.45,0.9257,0.554,50.0,3.88,0.0268,15.0,81,0.3498,0,2026-03-28 00:00:00,0
BID-003307,AUC-0608,VND-0194,380487.16,0.8836,0.641,51.1,4.1,0.0215,14.7,234,0.3981,0,2026-03-28 00:00:00,0
BID-003308,AUC-0608,VND-0254,363568.36,0.8444,0.955,93.5,4.89,0.0027,2.0,138,0.599,0,2026-03-28 00:00:00,0
BID-003309,AUC-0608,VND-0318,353460.41,0.8209,0.554,50.0,3.88,0.0268,15.0,81,0.4075,0,2026-03-28 00:00:00,0
BID-003310,AUC-0608,VND-0505,347907.98,0.808,0.625,59.9,4.06,0.0225,12.0,85,0.4558,0,2026-03-28 00:00:00,0
BID-003311,AUC-0608,VND-0254,338695.3,0.7866,0.955,93.5,4.89,0.0027,2.0,138,0.6308,0,2026-03-28 00:00:00,0
BID-003312,AUC-0608,VND-0254,321916.84,0.7476,0.955,93.5,4.89,0.0027,2.0,138,0.6522,0,2026-03-28 00:00:00,1
BID-003313,AUC-0609,VND-0103,148208.75,0.9675,0.803,57.6,4.51,0.0118,12.7,148,0.5033,0,2026-06-18 00:00:00,0
BID-003314,AUC-0609,VND-0616,142091.6,0.9276,0.947,74.5,4.87,0.0032,7.6,284,0.6012,0,2026-06-18 00:00:00,0
BID-003315,AUC-0609,VND-0544,138925.83,0.9069,0.807,68.1,4.52,0.0116,9.6,75,0.541,0,2026-06-18 00:00:00,0
BID-003316,AUC-0609,VND-0413,134769.0,0.8798,0.769,81.8,4.42,0.0139,5.5,197,0.5526,0,2026-06-18 00:00:00,0
BID-003317,AUC-0609,VND-0616,131524.07,0.8586,0.947,74.5,4.87,0.0032,7.6,284,0.6267,0,2026-06-18 00:00:00,0
BID-003318,AUC-0609,VND-0616,125733.81,0.8208,0.947,74.5,4.87,0.0032,7.6,284,0.6407,0,2026-06-18 00:00:00,1
BID-003319,AUC-0610,VND-0160,436256.3,0.9561,0.578,50.0,3.95,0.0253,15.0,76,0.3541,0,2026-05-15 00:00:00,0
BID-003320,AUC-0610,VND-0364,424722.49,0.9308,0.57,59.6,3.92,0.0258,12.1,179,0.379,0,2026-05-15 00:00:00,0
BID-003321,AUC-0610,VND-0262,415565.89,0.9108,0.985,93.2,4.96,0.001,2.0,217,0.5739,0,2026-05-15 00:00:00,1
BID-003322,AUC-0610,VND-0450,402783.29,0.8828,0.507,50.0,3.77,0.0296,15.0,28,0.365,0,2026-05-15 00:00:00,0
BID-003323,AUC-0610,VND-0696,393223.43,0.8618,0.618,50.0,4.05,0.0229,15.0,229,0.4089,0,2026-05-15 00:00:00,0
BID-003324,AUC-0610,VND-0450,377760.69,0.8279,0.507,50.0,3.77,0.0296,15.0,28,0.3897,0,2026-05-15 00:00:00,0
BID-003325,AUC-0610,VND-0160,361767.4,0.7929,0.578,50.0,3.95,0.0253,15.0,76,0.4275,0,2026-05-15 00:00:00,0
BID-003326,AUC-0611,VND-0409,371621.48,0.9794,0.796,71.5,4.49,0.0123,8.5,58,0.5562,0,2026-06-23 00:00:00,0
BID-003327,AUC-0611,VND-0780,367758.46,0.9692,0.92,89.0,4.8,0.0048,3.3,100,0.645,0,2026-06-23 00:00:00,0
BID-003328,AUC-0611,VND-0314,354329.66,0.9338,0.731,71.6,4.33,0.0161,8.5,227,0.5506,0,2026-06-23 00:00:00,0
BID-003329,AUC-0611,VND-0575,338372.95,0.8918,0.925,96.7,4.81,0.0045,1.0,43,0.6913,0,2026-06-23 00:00:00,1
BID-003330,AUC-0611,VND-0780,321930.02,0.8484,0.92,89.0,4.8,0.0048,3.3,100,0.6825,0,2026-06-23 00:00:00,0
BID-003331,AUC-0611,VND-0409,307949.32,0.8116,0.796,71.5,4.49,0.0123,8.5,58,0.6082,0,2026-06-23 00:00:00,0
BID-003332,AUC-0611,VND-0409,302849.35,0.7981,0.796,71.5,4.49,0.0123,8.5,58,0.6124,0,2026-06-23 00:00:00,0
BID-003333,AUC-0612,VND-0282,385773.71,0.9539,0.568,50.0,3.92,0.0259,15.0,74,0.52,0,2026-05-16 00:00:00,0
BID-003334,AUC-0612,VND-0469,368956.02,0.9123,0.509,57.2,3.77,0.0294,12.8,222,0.5277,0,2026-05-16 00:00:00,0
BID-003335,AUC-0612,VND-0060,361273.48,0.8933,0.946,89.7,4.87,0.0032,3.1,45,0.7453,0,2026-05-16 00:00:00,1
BID-003336,AUC-0612,VND-0401,352479.08,0.8716,0.854,71.1,4.63,0.0088,8.7,255,0.6779,0,2026-05-16 00:00:00,0
BID-003337,AUC-0612,VND-0469,338095.5,0.836,0.509,57.2,3.77,0.0294,12.8,222,0.546,0,2026-05-16 00:00:00,0
BID-003338,AUC-0612,VND-0469,327191.49,0.8091,0.509,57.2,3.77,0.0294,12.8,222,0.5525,0,2026-05-16 00:00:00,0
BID-003339,AUC-0612,VND-0282,316418.59,0.7824,0.568,50.0,3.92,0.0259,15.0,74,0.5611,0,2026-05-16 00:00:00,0
BID-003340,AUC-0613,VND-0741,18132.96,0.9633,0.909,73.8,4.77,0.0055,7.9,15,0.4675,0,2026-03-07 00:00:00,0
BID-003341,AUC-0613,VND-0345,17551.93,0.9325,0.885,73.1,4.71,0.0069,8.1,163,0.4744,0,2026-03-07 00:00:00,0
BID-003342,AUC-0613,VND-0345,16958.67,0.9009,0.885,73.1,4.71,0.0069,8.1,163,0.4895,0,2026-03-07 00:00:00,0
BID-003343,AUC-0613,VND-0060,16611.42,0.8825,0.946,89.7,4.87,0.0032,3.1,45,0.5439,0,2026-03-07 00:00:00,0
BID-003344,AUC-0613,VND-0786,16077.64,0.8541,0.793,65.1,4.48,0.0124,10.5,76,0.4727,0,2026-03-07 00:00:00,0
BID-003345,AUC-0613,VND-0060,15283.89,0.812,0.946,89.7,4.87,0.0032,3.1,45,0.5778,0,2026-03-07 00:00:00,1
BID-003346,AUC-0614,VND-0006,476048.87,0.9881,0.51,56.0,3.78,0.0294,13.2,18,0.5109,0,2026-01-16 00:00:00,0
BID-003347,AUC-0614,VND-0114,470413.89,0.9764,0.987,84.4,4.97,0.001,4.7,15,0.7363,0,2026-01-16 00:00:00,1
BID-003348,AUC-0614,VND-0775,452158.0,0.9385,0.522,51.3,3.8,0.0287,14.6,147,0.5109,0,2026-01-16 00:00:00,0
BID-003349,AUC-0614,VND-0799,445794.82,0.9253,0.637,53.2,4.09,0.0218,14.0,62,0.5534,0,2026-01-16 00:00:00,0
BID-003350,AUC-0614,VND-0349,434990.7,0.9029,0.644,56.7,4.11,0.0213,13.0,173,0.5708,0,2026-01-16 00:00:00,0
BID-003351,AUC-0615,VND-0296,358585.48,0.9796,0.569,53.7,3.92,0.0258,13.9,90,0.4675,0,2026-02-01 00:00:00,0
BID-003352,AUC-0615,VND-0296,352251.68,0.9623,0.569,53.7,3.92,0.0258,13.9,90,0.4723,0,2026-02-01 00:00:00,0
BID-003353,AUC-0615,VND-0361,334938.54,0.915,0.969,82.7,4.92,0.0018,5.2,61,0.7496,0,2026-02-01 00:00:00,1
BID-003354,AUC-0616,VND-0771,153569.11,0.9639,0.855,69.8,4.64,0.0087,9.1,137,0.3499,0,2026-01-30 00:00:00,0
BID-003355,AUC-0616,VND-0488,149133.4,0.936,0.516,50.0,3.79,0.0291,15.0,75,0.2648,0,2026-01-30 00:00:00,0
BID-003356,AUC-0616,VND-0520,142403.38,0.8938,0.533,50.0,3.83,0.028,15.0,184,0.2922,0,2026-01-30 00:00:00,0
BID-003357,AUC-0616,VND-0771,140801.46,0.8837,0.855,69.8,4.64,0.0087,9.1,137,0.3964,0,2026-01-30 00:00:00,0
BID-003358,AUC-0616,VND-0462,136984.46,0.8598,0.947,91.0,4.87,0.0032,2.7,170,0.4726,0,2026-01-30 00:00:00,1
BID-003359,AUC-0616,VND-0282,135353.77,0.8495,0.568,50.0,3.92,0.0259,15.0,74,0.3238,0,2026-01-30 00:00:00,0
BID-003360,AUC-0616,VND-0573,129024.98,0.8098,0.634,67.5,4.08,0.022,9.8,39,0.3965,0,2026-01-30 00:00:00,0
BID-003361,AUC-0616,VND-0573,122833.36,0.7709,0.634,67.5,4.08,0.022,9.8,39,0.4191,0,2026-01-30 00:00:00,0
BID-003362,AUC-0617,VND-0051,396337.87,0.9518,0.516,53.7,3.79,0.0291,13.9,112,0.4524,0,2026-06-20 00:00:00,0
BID-003363,AUC-0617,VND-0432,378068.49,0.9079,0.762,65.8,4.41,0.0143,10.3,44,0.573,0,2026-06-20 00:00:00,0
BID-003364,AUC-0617,VND-0356,361909.84,0.8691,0.88,82.6,4.7,0.0072,5.2,180,0.6567,0,2026-06-20 00:00:00,0
BID-003365,AUC-0617,VND-0051,355904.53,0.8547,0.516,53.7,3.79,0.0291,13.9,112,0.4825,0,2026-06-20 00:00:00,0
BID-003366,AUC-0617,VND-0121,346966.63,0.8332,0.97,100.0,4.93,0.0018,0.1,52,0.7318,0,2026-06-20 00:00:00,1
BID-003367,AUC-0617,VND-0533,341875.53,0.821,0.711,66.1,4.28,0.0174,10.2,98,0.583,0,2026-06-20 00:00:00,0
BID-003368,AUC-0617,VND-0051,330097.49,0.7927,0.516,53.7,3.79,0.0291,13.9,112,0.5017,0,2026-06-20 00:00:00,0
BID-003369,AUC-0617,VND-0356,315279.51,0.7571,0.88,82.6,4.7,0.0072,5.2,180,0.6914,0,2026-06-20 00:00:00,0
BID-003370,AUC-0618,VND-0339,142862.05,0.9656,0.556,50.0,3.89,0.0266,15.0,145,0.3201,0,2026-06-28 00:00:00,0
BID-003371,AUC-0618,VND-0708,140085.32,0.9469,0.766,84.3,4.41,0.0141,4.7,292,0.453,0,2026-06-28 00:00:00,0
BID-003372,AUC-0618,VND-0708,136221.34,0.9208,0.766,84.3,4.41,0.0141,4.7,292,0.4674,0,2026-06-28 00:00:00,1
BID-003373,AUC-0618,VND-0339,133449.94,0.902,0.556,50.0,3.89,0.0266,15.0,145,0.3551,0,2026-06-28 00:00:00,0
BID-003374,AUC-0619,VND-0350,426754.27,0.9751,0.577,51.8,3.94,0.0254,14.5,101,0.4043,0,2026-03-13 00:00:00,0
BID-003375,AUC-0619,VND-0796,412231.27,0.9419,0.846,91.2,4.62,0.0092,2.6,207,0.5618,0,2026-03-13 00:00:00,0
BID-003376,AUC-0619,VND-0350,405293.87,0.9261,0.577,51.8,3.94,0.0254,14.5,101,0.4239,0,2026-03-13 00:00:00,0
BID-003377,AUC-0619,VND-0796,392577.73,0.897,0.846,91.2,4.62,0.0092,2.6,207,0.5798,0,2026-03-13 00:00:00,1
BID-003378,AUC-0619,VND-0350,388556.06,0.8878,0.577,51.8,3.94,0.0254,14.5,101,0.4392,0,2026-03-13 00:00:00,0
BID-003379,AUC-0619,VND-0432,369603.09,0.8445,0.762,65.8,4.41,0.0143,10.3,44,0.5362,0,2026-03-13 00:00:00,0
BID-003380,AUC-0619,VND-0350,360983.69,0.8248,0.577,51.8,3.94,0.0254,14.5,101,0.4644,0,2026-03-13 00:00:00,0
BID-003381,AUC-0619,VND-0350,354223.75,0.8094,0.577,51.8,3.94,0.0254,14.5,101,0.4706,0,2026-03-13 00:00:00,0
BID-003382,AUC-0620,VND-0557,62581.22,0.9604,0.612,60.4,4.03,0.0233,11.9,26,0.5426,0,2026-01-17 00:00:00,0
BID-003383,AUC-0620,VND-0746,61635.67,0.9458,0.619,58.8,4.05,0.0229,12.4,85,0.5453,0,2026-01-17 00:00:00,0
BID-003384,AUC-0620,VND-0687,58685.78,0.9006,0.927,80.3,4.82,0.0044,5.9,157,0.7216,0,2026-01-17 00:00:00,1
BID-003385,AUC-0621,VND-0780,342270.02,0.9647,0.92,89.0,4.8,0.0048,3.3,100,0.6043,0,2026-05-07 00:00:00,0
BID-003386,AUC-0621,VND-0270,332075.11,0.9359,0.725,61.4,4.31,0.0165,11.6,202,0.4947,0,2026-05-07 00:00:00,0
BID-003387,AUC-0621,VND-0270,318494.56,0.8977,0.725,61.4,4.31,0.0165,11.6,202,0.5085,0,2026-05-07 00:00:00,0
BID-003388,AUC-0621,VND-0780,307442.98,0.8665,0.92,89.0,4.8,0.0048,3.3,100,0.6397,0,2026-05-07 00:00:00,0
BID-003389,AUC-0621,VND-0479,295608.08,0.8332,0.759,64.2,4.4,0.0144,10.7,254,0.548,0,2026-05-07 00:00:00,0
BID-003390,AUC-0621,VND-0479,286099.62,0.8064,0.759,64.2,4.4,0.0144,10.7,254,0.5576,0,2026-05-07 00:00:00,0
BID-003391,AUC-0621,VND-0780,281167.9,0.7925,0.92,89.0,4.8,0.0048,3.3,100,0.6663,0,2026-05-07 00:00:00,1
BID-003392,AUC-0621,VND-0479,276440.78,0.7791,0.759,64.2,4.4,0.0144,10.7,254,0.5674,0,2026-05-07 00:00:00,0
BID-003393,AUC-0622,VND-0059,268588.98,0.9769,0.902,70.4,4.75,0.0059,8.9,223,0.4115,0,2026-01-29 00:00:00,0
BID-003394,AUC-0622,VND-0694,259296.36,0.9431,0.887,66.3,4.72,0.0068,10.1,83,0.4197,0,2026-01-29 00:00:00,1
BID-003395,AUC-0622,VND-0236,256013.04,0.9312,0.506,51.5,3.77,0.0296,14.6,137,0.3011,0,2026-01-29 00:00:00,0
BID-003396,AUC-0623,VND-0531,56516.29,0.9863,0.937,95.2,4.84,0.0038,1.4,293,0.6411,0,2026-06-08 00:00:00,0
BID-003397,AUC-0623,VND-0694,54924.55,0.9585,0.887,66.3,4.72,0.0068,10.1,83,0.5688,0,2026-06-08 00:00:00,0
BID-003398,AUC-0623,VND-0404,53339.17,0.9308,0.967,96.5,4.92,0.002,1.0,169,0.683,0,2026-06-08 00:00:00,0
BID-003399,AUC-0623,VND-0404,51443.22,0.8978,0.967,96.5,4.92,0.002,1.0,169,0.6992,0,2026-06-08 00:00:00,0
BID-003400,AUC-0623,VND-0404,49339.45,0.861,0.967,96.5,4.92,0.002,1.0,169,0.7172,0,2026-06-08 00:00:00,1
BID-003401,AUC-0624,VND-0465,126666.2,0.9855,0.817,63.7,4.54,0.011,10.9,29,0.5752,0,2026-01-28 00:00:00,0
BID-003402,AUC-0624,VND-0639,124796.19,0.971,0.621,63.9,4.05,0.0227,10.8,209,0.4922,0,2026-01-28 00:00:00,0
BID-003403,AUC-0624,VND-0657,122049.27,0.9496,0.774,82.2,4.43,0.0136,5.3,178,0.6097,0,2026-01-28 00:00:00,0
BID-003404,AUC-0624,VND-0657,118585.7,0.9226,0.774,82.2,4.43,0.0136,5.3,178,0.6167,0,2026-01-28 00:00:00,0
BID-003405,AUC-0624,VND-0465,116027.17,0.9027,0.817,63.7,4.54,0.011,10.9,29,0.5967,0,2026-01-28 00:00:00,0
BID-003406,AUC-0624,VND-0657,113923.94,0.8864,0.774,82.2,4.43,0.0136,5.3,178,0.6261,0,2026-01-28 00:00:00,0
BID-003407,AUC-0624,VND-0465,111730.37,0.8693,0.817,63.7,4.54,0.011,10.9,29,0.6054,0,2026-01-28 00:00:00,0
BID-003408,AUC-0624,VND-0657,108225.1,0.842,0.774,82.2,4.43,0.0136,5.3,178,0.6377,0,2026-01-28 00:00:00,1
BID-003409,AUC-0625,VND-0197,15474.49,0.9625,0.686,65.9,4.22,0.0188,10.2,297,0.5797,0,2026-04-26 00:00:00,0
BID-003410,AUC-0625,VND-0149,14808.78,0.9211,0.885,70.3,4.71,0.0069,8.9,230,0.6611,0,2026-04-26 00:00:00,1
BID-003411,AUC-0625,VND-0426,14116.65,0.878,0.534,52.6,3.83,0.028,14.2,280,0.5164,0,2026-04-26 00:00:00,0
BID-003412,AUC-0626,VND-0047,229513.19,0.9575,0.88,76.0,4.7,0.0072,7.2,45,0.4199,0,2026-01-11 00:00:00,0
BID-003413,AUC-0626,VND-0520,226590.86,0.9453,0.533,50.0,3.83,0.028,15.0,184,0.2908,0,2026-01-11 00:00:00,0
BID-003414,AUC-0626,VND-0047,219975.14,0.9177,0.88,76.0,4.7,0.0072,7.2,45,0.4402,0,2026-01-11 00:00:00,1
BID-003415,AUC-0626,VND-0483,216048.16,0.9013,0.644,58.3,4.11,0.0213,12.5,255,0.3565,0,2026-01-11 00:00:00,0
BID-003416,AUC-0626,VND-0524,206738.99,0.8625,0.616,50.0,4.04,0.023,15.0,45,0.3468,0,2026-01-11 00:00:00,0
BID-003417,AUC-0626,VND-0483,203150.37,0.8475,0.644,58.3,4.11,0.0213,12.5,255,0.3839,0,2026-01-11 00:00:00,0
BID-003418,AUC-0626,VND-0428,198571.68,0.8284,0.603,50.0,4.01,0.0238,15.0,165,0.362,0,2026-01-11 00:00:00,0
BID-003419,AUC-0627,VND-0586,150201.87,0.9529,0.808,83.5,4.52,0.0115,5.0,145,0.5,0,2026-04-12 00:00:00,0
BID-003420,AUC-0627,VND-0586,145800.16,0.925,0.808,83.5,4.52,0.0115,5.0,145,0.5123,0,2026-04-12 00:00:00,0
BID-003421,AUC-0627,VND-0376,143750.06,0.912,0.558,63.7,3.9,0.0265,10.9,173,0.4155,0,2026-04-12 00:00:00,0
BID-003422,AUC-0627,VND-0376,140264.17,0.8899,0.558,63.7,3.9,0.0265,10.9,173,0.4253,0,2026-04-12 00:00:00,0
BID-003423,AUC-0627,VND-0367,137806.79,0.8743,0.833,76.0,4.58,0.01,7.2,103,0.5315,0,2026-04-12 00:00:00,1
BID-003424,AUC-0628,VND-0436,295567.99,0.9748,0.687,55.8,4.22,0.0188,13.3,202,0.5679,0,2026-04-23 00:00:00,0
BID-003425,AUC-0628,VND-0348,285607.47,0.942,0.557,50.0,3.89,0.0266,15.0,238,0.507,0,2026-04-23 00:00:00,0
BID-003426,AUC-0628,VND-0057,276024.19,0.9104,0.965,98.7,4.91,0.0021,0.4,65,0.8004,0,2026-04-23 00:00:00,0
BID-003427,AUC-0628,VND-0756,262367.21,0.8653,0.906,82.6,4.77,0.0056,5.2,169,0.7457,0,2026-04-23 00:00:00,0
BID-003428,AUC-0628,VND-0348,257540.71,0.8494,0.557,50.0,3.89,0.0266,15.0,238,0.5256,0,2026-04-23 00:00:00,0
BID-003429,AUC-0628,VND-0057,253558.59,0.8363,0.965,98.7,4.91,0.0021,0.4,65,0.8152,0,2026-04-23 00:00:00,1
BID-003430,AUC-0629,VND-0582,149797.37,0.9624,0.668,68.1,4.17,0.0199,9.6,224,0.572,0,2026-04-10 00:00:00,0
BID-003431,AUC-0629,VND-0211,148010.44,0.9509,0.896,93.2,4.74,0.0063,2.0,238,0.7155,0,2026-04-10 00:00:00,1
BID-003432,AUC-0629,VND-0425,143690.37,0.9232,0.751,68.9,4.38,0.0149,9.3,110,0.6187,0,2026-04-10 00:00:00,0
BID-003433,AUC-0630,VND-0467,150969.05,0.9618,0.992,90.3,4.98,0.001,2.9,30,0.4905,0,2026-03-28 00:00:00,0
BID-003434,AUC-0630,VND-0597,145452.21,0.9267,0.673,68.1,4.18,0.0196,9.6,253,0.3901,0,2026-03-28 00:00:00,0
BID-003435,AUC-0630,VND-0725,138734.63,0.8839,0.972,95.3,4.93,0.0017,1.4,62,0.54,0,2026-03-28 00:00:00,1
BID-003436,AUC-0630,VND-0796,133737.13,0.852,0.846,91.2,4.62,0.0092,2.6,207,0.5225,0,2026-03-28 00:00:00,0
BID-003437,AUC-0631,VND-0454,359584.26,0.961,0.909,78.4,4.77,0.0055,6.5,79,0.5685,0,2026-04-05 00:00:00,0
BID-003438,AUC-0631,VND-0454,350656.33,0.9372,0.909,78.4,4.77,0.0055,6.5,79,0.5778,0,2026-04-05 00:00:00,0
BID-003439,AUC-0631,VND-0646,339280.48,0.9068,0.698,54.5,4.25,0.0181,13.6,213,0.4879,0,2026-04-05 00:00:00,0
BID-003440,AUC-0631,VND-0452,324706.55,0.8678,0.591,52.0,3.98,0.0246,14.4,218,0.4617,0,2026-04-05 00:00:00,0
BID-003441,AUC-0631,VND-0684,317191.62,0.8477,0.858,90.6,4.64,0.0085,2.8,109,0.6076,0,2026-04-05 00:00:00,0
BID-003442,AUC-0631,VND-0285,306774.86,0.8199,0.952,83.0,4.88,0.0029,5.1,291,0.6443,0,2026-04-05 00:00:00,0
BID-003443,AUC-0631,VND-0543,297327.43,0.7946,0.972,85.3,4.93,0.0017,4.4,272,0.6638,0,2026-04-05 00:00:00,1
BID-003444,AUC-0631,VND-0454,285530.7,0.7631,0.909,78.4,4.77,0.0055,6.5,79,0.6457,0,2026-04-05 00:00:00,0
BID-003445,AUC-0632,VND-0129,32152.34,0.9572,0.968,96.2,4.92,0.0019,1.1,233,0.5909,0,2026-06-16 00:00:00,1
BID-003446,AUC-0632,VND-0394,31150.71,0.9274,0.792,65.5,4.48,0.0125,10.4,97,0.4881,0,2026-06-16 00:00:00,0
BID-003447,AUC-0632,VND-0042,30042.62,0.8944,0.665,56.5,4.16,0.0201,13.0,231,0.4501,0,2026-06-16 00:00:00,0
BID-003448,AUC-0632,VND-0429,28662.2,0.8533,0.518,50.0,3.8,0.0289,15.0,166,0.4171,0,2026-06-16 00:00:00,0
BID-003449,AUC-0632,VND-0429,28359.08,0.8443,0.518,50.0,3.8,0.0289,15.0,166,0.4208,0,2026-06-16 00:00:00,0
BID-003450,AUC-0632,VND-0665,27224.02,0.8105,0.829,77.2,4.57,0.0102,6.8,208,0.5727,0,2026-06-16 00:00:00,0
BID-003451,AUC-0632,VND-0394,25954.4,0.7727,0.792,65.5,4.48,0.0125,10.4,97,0.5515,0,2026-06-16 00:00:00,0
BID-003452,AUC-0632,VND-0394,24734.09,0.7364,0.792,65.5,4.48,0.0125,10.4,97,0.5664,0,2026-06-16 00:00:00,0
BID-003453,AUC-0633,VND-0141,434130.9,0.9596,0.945,79.6,4.86,0.0033,6.1,294,0.6566,0,2026-06-20 00:00:00,0
BID-003454,AUC-0633,VND-0196,420706.31,0.9299,0.995,87.8,4.99,0.001,3.7,150,0.6963,0,2026-06-20 00:00:00,0
BID-003455,AUC-0633,VND-0141,399973.19,0.8841,0.945,79.6,4.86,0.0033,6.1,294,0.68,0,2026-06-20 00:00:00,0
BID-003456,AUC-0633,VND-0647,394645.55,0.8723,0.784,79.5,4.46,0.013,6.1,139,0.6152,0,2026-06-20 00:00:00,0
BID-003457,AUC-0633,VND-0196,380624.65,0.8413,0.995,87.8,4.99,0.001,3.7,150,0.7238,0,2026-06-20 00:00:00,0
BID-003458,AUC-0633,VND-0196,368777.13,0.8151,0.995,87.8,4.99,0.001,3.7,150,0.7319,0,2026-06-20 00:00:00,1
BID-003459,AUC-0634,VND-0079,419129.61,0.9802,0.836,82.5,4.59,0.0098,5.2,68,0.521,0,2026-06-12 00:00:00,0
BID-003460,AUC-0634,VND-0408,400951.25,0.9377,0.935,85.7,4.84,0.0039,4.3,138,0.5798,0,2026-06-12 00:00:00,1
BID-003461,AUC-0634,VND-0602,392529.63,0.918,0.511,50.0,3.78,0.0293,15.0,209,0.3584,0,2026-06-12 00:00:00,0
BID-003462,AUC-0635,VND-0646,321483.74,0.9533,0.698,54.5,4.25,0.0181,13.6,213,0.438,0,2026-02-19 00:00:00,0
BID-003463,AUC-0635,VND-0646,310902.31,0.9219,0.698,54.5,4.25,0.0181,13.6,213,0.4512,0,2026-02-19 00:00:00,0
BID-003464,AUC-0635,VND-0016,297429.12,0.882,0.804,62.3,4.51,0.0118,11.3,151,0.5147,0,2026-02-19 00:00:00,0
BID-003465,AUC-0635,VND-0724,288886.83,0.8567,0.846,86.1,4.62,0.0092,4.2,207,0.5691,0,2026-02-19 00:00:00,0
BID-003466,AUC-0635,VND-0510,281717.74,0.8354,0.958,77.4,4.89,0.0025,6.8,167,0.6069,0,2026-02-19 00:00:00,1
BID-003467,AUC-0635,VND-0016,272587.0,0.8083,0.804,62.3,4.51,0.0118,11.3,151,0.5457,0,2026-02-19 00:00:00,0
BID-003468,AUC-0635,VND-0724,259779.64,0.7703,0.846,86.1,4.62,0.0092,4.2,207,0.6053,0,2026-02-19 00:00:00,0
BID-003469,AUC-0636,VND-0054,288717.41,0.9602,0.705,68.2,4.26,0.0177,9.5,70,0.6328,0,2026-05-07 00:00:00,0
BID-003470,AUC-0636,VND-0141,277116.24,0.9216,0.945,79.6,4.86,0.0033,6.1,294,0.7535,0,2026-05-07 00:00:00,0
BID-003471,AUC-0636,VND-0664,263690.68,0.877,0.591,61.2,3.98,0.0245,11.6,138,0.5967,0,2026-05-07 00:00:00,0
BID-003472,AUC-0636,VND-0141,252944.73,0.8412,0.945,79.6,4.86,0.0033,6.1,294,0.7712,0,2026-05-07 00:00:00,0
BID-003473,AUC-0636,VND-0054,248440.71,0.8263,0.705,68.2,4.26,0.0177,9.5,70,0.6623,0,2026-05-07 00:00:00,0
BID-003474,AUC-0636,VND-0528,245757.8,0.8173,0.999,90.1,5.0,0.001,3.0,218,0.8101,0,2026-05-07 00:00:00,1
BID-003475,AUC-0636,VND-0152,242102.29,0.8052,0.77,68.6,4.43,0.0138,9.4,30,0.6954,0,2026-05-07 00:00:00,0
BID-003476,AUC-0636,VND-0647,232057.32,0.7718,0.784,79.5,4.46,0.013,6.1,139,0.719,0,2026-05-07 00:00:00,0
BID-003477,AUC-0637,VND-0098,437257.29,0.9777,0.67,58.4,4.17,0.0198,12.5,117,0.5143,0,2026-05-09 00:00:00,0
BID-003478,AUC-0637,VND-0554,426770.78,0.9543,0.698,70.1,4.25,0.0181,9.0,61,0.5635,0,2026-05-09 00:00:00,0
BID-003479,AUC-0637,VND-0204,410152.21,0.9171,0.695,54.8,4.24,0.0183,13.6,162,0.5298,0,2026-05-09 00:00:00,0
BID-003480,AUC-0637,VND-0008,396634.12,0.8869,0.591,54.1,3.98,0.0245,13.8,187,0.4915,0,2026-05-09 00:00:00,0
BID-003481,AUC-0637,VND-0554,379557.4,0.8487,0.698,70.1,4.25,0.0181,9.0,61,0.5889,0,2026-05-09 00:00:00,1
BID-003482,AUC-0637,VND-0008,362772.08,0.8112,0.591,54.1,3.98,0.0245,13.8,187,0.5097,0,2026-05-09 00:00:00,0
BID-003483,AUC-0637,VND-0008,358524.51,0.8017,0.591,54.1,3.98,0.0245,13.8,187,0.512,0,2026-05-09 00:00:00,0
BID-003484,AUC-0638,VND-0766,98188.82,0.974,0.656,64.5,4.14,0.0207,10.6,57,0.4209,0,2026-03-29 00:00:00,0
BID-003485,AUC-0638,VND-0101,93543.84,0.9279,0.821,69.1,4.55,0.0107,9.3,157,0.5195,0,2026-03-29 00:00:00,0
BID-003486,AUC-0638,VND-0180,90751.78,0.9002,0.97,91.3,4.93,0.0018,2.6,176,0.6208,0,2026-03-29 00:00:00,1
BID-003487,AUC-0638,VND-0297,87094.39,0.8639,0.591,50.0,3.98,0.0245,15.0,89,0.4245,0,2026-03-29 00:00:00,0
BID-003488,AUC-0638,VND-0766,83035.75,0.8237,0.656,64.5,4.14,0.0207,10.6,57,0.4855,0,2026-03-29 00:00:00,0
BID-003489,AUC-0638,VND-0036,81484.53,0.8083,0.886,72.5,4.72,0.0068,8.2,286,0.6037,0,2026-03-29 00:00:00,0
BID-003490,AUC-0639,VND-0591,47736.59,0.9803,0.981,87.5,4.95,0.0011,3.8,170,0.5764,0,2026-02-01 00:00:00,1
BID-003491,AUC-0639,VND-0573,47143.98,0.9682,0.634,67.5,4.08,0.022,9.8,39,0.4153,0,2026-02-01 00:00:00,0
BID-003492,AUC-0639,VND-0524,45490.86,0.9342,0.616,50.0,4.04,0.023,15.0,45,0.4026,0,2026-02-01 00:00:00,0
BID-003493,AUC-0639,VND-0573,44450.47,0.9128,0.634,67.5,4.08,0.022,9.8,39,0.438,0,2026-02-01 00:00:00,0
BID-003494,AUC-0640,VND-0054,122771.65,0.964,0.705,68.2,4.26,0.0177,9.5,70,0.4558,0,2026-05-30 00:00:00,0
BID-003495,AUC-0640,VND-0545,119649.16,0.9395,0.996,80.1,4.99,0.001,6.0,128,0.5842,0,2026-05-30 00:00:00,1
BID-003496,AUC-0640,VND-0799,117306.86,0.9211,0.637,53.2,4.09,0.0218,14.0,62,0.4162,0,2026-05-30 00:00:00,0
BID-003497,AUC-0640,VND-0799,113468.11,0.8909,0.637,53.2,4.09,0.0218,14.0,62,0.4307,0,2026-05-30 00:00:00,0
BID-003498,AUC-0641,VND-0647,389074.05,0.9743,0.784,79.5,4.46,0.013,6.1,139,0.6586,0,2026-06-18 00:00:00,0
BID-003499,AUC-0641,VND-0280,375636.3,0.9406,0.878,81.9,4.69,0.0073,5.4,182,0.7039,0,2026-06-18 00:00:00,0
BID-003500,AUC-0641,VND-0280,369866.16,0.9262,0.878,81.9,4.69,0.0073,5.4,182,0.7073,0,2026-06-18 00:00:00,0
BID-003501,AUC-0641,VND-0059,352689.38,0.8832,0.902,70.4,4.75,0.0059,8.9,223,0.7103,0,2026-06-18 00:00:00,1
BID-003502,AUC-0641,VND-0079,342303.96,0.8572,0.836,82.5,4.59,0.0098,5.2,68,0.7099,0,2026-06-18 00:00:00,0
BID-003503,AUC-0642,VND-0558,26276.09,0.9736,0.796,69.2,4.49,0.0122,9.2,126,0.6128,0,2026-03-05 00:00:00,0
BID-003504,AUC-0642,VND-0182,25052.55,0.9283,0.729,67.4,4.32,0.0163,9.8,283,0.5984,0,2026-03-05 00:00:00,0
BID-003505,AUC-0642,VND-0182,24624.57,0.9124,0.729,67.4,4.32,0.0163,9.8,283,0.6056,0,2026-03-05 00:00:00,0
BID-003506,AUC-0642,VND-0029,24006.28,0.8895,0.544,50.0,3.86,0.0273,15.0,298,0.4841,0,2026-03-05 00:00:00,0
BID-003507,AUC-0642,VND-0182,23519.99,0.8715,0.729,67.4,4.32,0.0163,9.8,283,0.624,0,2026-03-05 00:00:00,0
BID-003508,AUC-0642,VND-0708,22621.72,0.8382,0.766,84.3,4.41,0.0141,4.7,292,0.7042,0,2026-03-05 00:00:00,1
BID-003509,AUC-0642,VND-0558,22326.24,0.8273,0.796,69.2,4.49,0.0122,9.2,126,0.6787,0,2026-03-05 00:00:00,0
BID-003510,AUC-0642,VND-0029,21546.2,0.7983,0.544,50.0,3.86,0.0273,15.0,298,0.5251,0,2026-03-05 00:00:00,0
BID-003511,AUC-0643,VND-0181,287776.95,0.9736,0.694,71.0,4.24,0.0184,8.7,109,0.5818,0,2026-03-21 00:00:00,0
BID-003512,AUC-0643,VND-0181,284405.89,0.9622,0.694,71.0,4.24,0.0184,8.7,109,0.585,0,2026-03-21 00:00:00,0
BID-003513,AUC-0643,VND-0311,270602.71,0.9155,0.592,50.0,3.98,0.0245,15.0,73,0.532,0,2026-03-21 00:00:00,0
BID-003514,AUC-0643,VND-0416,265851.91,0.8994,0.612,54.3,4.03,0.0233,13.7,104,0.5496,0,2026-03-21 00:00:00,0
BID-003515,AUC-0643,VND-0722,257378.01,0.8708,0.836,72.5,4.59,0.0098,8.2,141,0.66,0,2026-03-21 00:00:00,0
BID-003516,AUC-0643,VND-0553,249755.35,0.845,0.997,80.1,4.99,0.001,6.0,74,0.7323,0,2026-03-21 00:00:00,0
BID-003517,AUC-0643,VND-0773,247175.15,0.8363,0.981,83.0,4.95,0.0011,5.1,104,0.7337,0,2026-03-21 00:00:00,0
BID-003518,AUC-0643,VND-0553,239892.32,0.8116,0.997,80.1,4.99,0.001,6.0,74,0.7417,0,2026-03-21 00:00:00,1
BID-003519,AUC-0644,VND-0783,480168.21,0.9646,0.911,78.6,4.78,0.0053,6.4,91,0.6565,0,2026-06-02 00:00:00,0
BID-003520,AUC-0644,VND-0783,466660.36,0.9375,0.911,78.6,4.78,0.0053,6.4,91,0.6636,0,2026-06-02 00:00:00,0
BID-003521,AUC-0644,VND-0380,447901.02,0.8998,0.947,89.7,4.87,0.0032,3.1,124,0.718,0,2026-06-02 00:00:00,1
BID-003522,AUC-0645,VND-0215,415122.21,0.967,0.675,57.7,4.19,0.0195,12.7,296,0.5423,0,2026-01-18 00:00:00,0
BID-003523,AUC-0645,VND-0587,404023.68,0.9411,0.816,64.1,4.54,0.011,10.8,245,0.6085,0,2026-01-18 00:00:00,0
BID-003524,AUC-0645,VND-0215,395779.53,0.9219,0.675,57.7,4.19,0.0195,12.7,296,0.554,0,2026-01-18 00:00:00,0
BID-003525,AUC-0645,VND-0020,381900.4,0.8896,0.842,77.4,4.61,0.0095,6.8,43,0.6636,0,2026-01-18 00:00:00,0
BID-003526,AUC-0645,VND-0587,369379.14,0.8604,0.816,64.1,4.54,0.011,10.8,245,0.6295,0,2026-01-18 00:00:00,0
BID-003527,AUC-0645,VND-0339,358214.19,0.8344,0.556,50.0,3.89,0.0266,15.0,145,0.5204,0,2026-01-18 00:00:00,0
BID-003528,AUC-0645,VND-0740,341184.91,0.7948,0.899,81.3,4.75,0.0061,5.6,134,0.7155,0,2026-01-18 00:00:00,1
BID-003529,AUC-0646,VND-0727,254026.13,0.9568,0.934,84.1,4.84,0.0039,4.8,16,0.6389,0,2026-03-26 00:00:00,1
BID-003530,AUC-0646,VND-0603,246022.91,0.9266,0.744,73.7,4.36,0.0153,7.9,187,0.56,0,2026-03-26 00:00:00,0
BID-003531,AUC-0646,VND-0286,242226.43,0.9123,0.757,77.5,4.39,0.0146,6.8,227,0.5767,0,2026-03-26 00:00:00,0
BID-003532,AUC-0647,VND-0020,39149.36,0.9506,0.842,77.4,4.61,0.0095,6.8,43,0.4531,0,2026-02-25 00:00:00,0
BID-003533,AUC-0647,VND-0428,38592.41,0.9371,0.603,50.0,4.01,0.0238,15.0,165,0.3451,0,2026-02-25 00:00:00,0
BID-003534,AUC-0647,VND-0206,36911.1,0.8962,0.66,69.8,4.15,0.0204,9.1,239,0.4118,0,2026-02-25 00:00:00,0
BID-003535,AUC-0647,VND-0428,36141.89,0.8776,0.603,50.0,4.01,0.0238,15.0,165,0.3754,0,2026-02-25 00:00:00,0
BID-003536,AUC-0647,VND-0621,34673.57,0.8419,0.934,90.2,4.84,0.0039,2.9,258,0.5559,0,2026-02-25 00:00:00,1
BID-003537,AUC-0647,VND-0149,34045.15,0.8267,0.885,70.3,4.71,0.0069,8.9,230,0.52,0,2026-02-25 00:00:00,0
BID-003538,AUC-0647,VND-0469,32900.35,0.7989,0.509,57.2,3.77,0.0294,12.8,222,0.3955,0,2026-02-25 00:00:00,0
BID-003539,AUC-0648,VND-0411,397142.11,0.9515,0.901,73.1,4.75,0.0059,8.1,298,0.7051,0,2026-01-18 00:00:00,0
BID-003540,AUC-0648,VND-0365,381537.63,0.9141,0.601,50.0,4.0,0.024,15.0,46,0.5422,0,2026-01-18 00:00:00,0
BID-003541,AUC-0648,VND-0365,371545.88,0.8902,0.601,50.0,4.0,0.024,15.0,46,0.5474,0,2026-01-18 00:00:00,0
BID-003542,AUC-0648,VND-0342,361149.92,0.8653,0.585,59.0,3.96,0.0249,12.3,196,0.5591,0,2026-01-18 00:00:00,0
BID-003543,AUC-0648,VND-0159,356176.26,0.8534,0.704,61.2,4.26,0.0177,11.6,139,0.6194,0,2026-01-18 00:00:00,0
BID-003544,AUC-0648,VND-0746,343994.42,0.8242,0.619,58.8,4.05,0.0229,12.4,85,0.5837,0,2026-01-18 00:00:00,0
BID-003545,AUC-0648,VND-0073,327591.67,0.7849,0.642,50.0,4.11,0.0215,15.0,168,0.5898,0,2026-01-18 00:00:00,0
BID-003546,AUC-0648,VND-0411,321786.73,0.771,0.901,73.1,4.75,0.0059,8.1,298,0.7448,0,2026-01-18 00:00:00,1
BID-003547,AUC-0649,VND-0020,288690.05,0.9512,0.842,77.4,4.61,0.0095,6.8,43,0.5537,0,2026-06-29 00:00:00,0
BID-003548,AUC-0649,VND-0558,285019.99,0.9391,0.796,69.2,4.49,0.0122,9.2,126,0.5266,0,2026-06-29 00:00:00,0
BID-003549,AUC-0649,VND-0020,272338.24,0.8973,0.842,77.4,4.61,0.0095,6.8,43,0.5736,0,2026-06-29 00:00:00,0
BID-003550,AUC-0649,VND-0189,259871.26,0.8562,0.922,70.0,4.81,0.0047,9.0,48,0.5934,0,2026-06-29 00:00:00,1
BID-003551,AUC-0649,VND-0786,249745.0,0.8229,0.793,65.1,4.48,0.0124,10.5,76,0.5592,0,2026-06-29 00:00:00,0
BID-003552,AUC-0650,VND-0458,65601.79,0.9892,0.776,64.7,4.44,0.0134,10.6,78,0.3309,0,2026-05-30 00:00:00,0
BID-003553,AUC-0650,VND-0774,63134.79,0.952,0.903,79.0,4.76,0.0058,6.3,20,0.4086,0,2026-05-30 00:00:00,0
BID-003554,AUC-0650,VND-0774,61009.51,0.92,0.903,79.0,4.76,0.0058,6.3,20,0.4262,0,2026-05-30 00:00:00,0
BID-003555,AUC-0650,VND-0774,59735.36,0.9008,0.903,79.0,4.76,0.0058,6.3,20,0.4368,0,2026-05-30 00:00:00,1
BID-003556,AUC-0650,VND-0287,58624.07,0.884,0.698,66.4,4.25,0.0181,10.1,223,0.3789,0,2026-05-30 00:00:00,0
BID-003557,AUC-0651,VND-0385,54038.52,0.9651,0.671,64.6,4.18,0.0197,10.6,99,0.5332,0,2026-02-11 00:00:00,0
BID-003558,AUC-0651,VND-0621,52166.35,0.9317,0.934,90.2,4.84,0.0039,2.9,258,0.6919,0,2026-02-11 00:00:00,1
BID-003559,AUC-0651,VND-0385,49652.45,0.8868,0.671,64.6,4.18,0.0197,10.6,99,0.5552,0,2026-02-11 00:00:00,0
BID-003560,AUC-0652,VND-0475,437849.57,0.9608,0.937,83.0,4.84,0.0038,5.1,245,0.4768,0,2026-02-16 00:00:00,0
BID-003561,AUC-0652,VND-0475,425157.72,0.9329,0.937,83.0,4.84,0.0038,5.1,245,0.491,0,2026-02-16 00:00:00,1
BID-003562,AUC-0652,VND-0558,404189.56,0.8869,0.796,69.2,4.49,0.0122,9.2,126,0.4648,0,2026-02-16 00:00:00,0
BID-003563,AUC-0653,VND-0189,332021.47,0.9826,0.922,70.0,4.81,0.0047,9.0,48,0.5886,0,2026-06-28 00:00:00,0
BID-003564,AUC-0653,VND-0422,325181.63,0.9623,0.589,59.6,3.97,0.0247,12.1,197,0.436,0,2026-06-28 00:00:00,0
BID-003565,AUC-0653,VND-0186,319687.48,0.9461,0.55,50.0,3.88,0.027,15.0,266,0.4096,0,2026-06-28 00:00:00,0
BID-003566,AUC-0653,VND-0207,315111.06,0.9325,0.975,93.4,4.94,0.0015,2.0,180,0.6818,0,2026-06-28 00:00:00,1
BID-003567,AUC-0653,VND-0422,311513.17,0.9219,0.589,59.6,3.97,0.0247,12.1,197,0.4571,0,2026-06-28 00:00:00,0
BID-003568,AUC-0654,VND-0089,411987.19,0.9895,0.845,69.1,4.61,0.0093,9.3,201,0.4641,0,2026-02-07 00:00:00,0
BID-003569,AUC-0654,VND-0552,401286.13,0.9638,0.942,97.0,4.85,0.0035,0.9,91,0.5505,0,2026-02-07 00:00:00,1
BID-003570,AUC-0654,VND-0188,386794.92,0.929,0.536,50.0,3.84,0.0279,15.0,41,0.3503,0,2026-02-07 00:00:00,0
BID-003571,AUC-0655,VND-0684,429401.47,0.9744,0.858,90.6,4.64,0.0085,2.8,109,0.5706,0,2026-03-04 00:00:00,0
BID-003572,AUC-0655,VND-0533,412715.93,0.9365,0.711,66.1,4.28,0.0174,10.2,98,0.4783,0,2026-03-04 00:00:00,0
BID-003573,AUC-0655,VND-0151,399158.35,0.9057,0.526,50.0,3.81,0.0284,15.0,50,0.3907,0,2026-03-04 00:00:00,0
BID-003574,AUC-0655,VND-0684,388632.22,0.8819,0.858,90.6,4.64,0.0085,2.8,109,0.6049,0,2026-03-04 00:00:00,1
BID-003575,AUC-0655,VND-0151,384590.82,0.8727,0.526,50.0,3.81,0.0284,15.0,50,0.4029,0,2026-03-04 00:00:00,0
BID-003576,AUC-0656,VND-0508,283395.47,0.9767,0.853,88.0,4.63,0.0088,3.6,150,0.475,0,2026-05-09 00:00:00,0
BID-003577,AUC-0656,VND-0390,274178.48,0.9449,0.86,84.0,4.65,0.0084,4.8,272,0.4904,0,2026-05-09 00:00:00,0
BID-003578,AUC-0656,VND-0384,271151.58,0.9345,0.881,92.9,4.7,0.0071,2.1,82,0.5135,0,2026-05-09 00:00:00,1
BID-003579,AUC-0656,VND-0017,266095.28,0.917,0.533,58.4,3.83,0.028,12.5,102,0.3562,0,2026-05-09 00:00:00,0
BID-003580,AUC-0657,VND-0160,259927.3,0.9863,0.578,50.0,3.95,0.0253,15.0,76,0.4772,0,2026-04-19 00:00:00,0
BID-003581,AUC-0657,VND-0160,251708.02,0.9551,0.578,50.0,3.95,0.0253,15.0,76,0.485,0,2026-04-19 00:00:00,0
BID-003582,AUC-0657,VND-0691,243488.53,0.9239,0.582,50.5,3.95,0.0251,14.8,213,0.495,0,2026-04-19 00:00:00,0
BID-003583,AUC-0657,VND-0549,236093.14,0.8958,0.61,53.6,4.03,0.0234,13.9,56,0.5204,0,2026-04-19 00:00:00,1
BID-003584,AUC-0658,VND-0625,218479.85,0.989,0.96,86.5,4.9,0.0024,4.0,258,0.4252,0,2026-05-17 00:00:00,0
BID-003585,AUC-0658,VND-0519,213531.6,0.9666,0.67,70.0,4.17,0.0198,9.0,130,0.3443,0,2026-05-17 00:00:00,0
BID-003586,AUC-0658,VND-0519,205046.02,0.9282,0.67,70.0,4.17,0.0198,9.0,130,0.3655,0,2026-05-17 00:00:00,0
BID-003587,AUC-0658,VND-0625,194803.61,0.8818,0.96,86.5,4.9,0.0024,4.0,258,0.4842,0,2026-05-17 00:00:00,1
BID-003588,AUC-0659,VND-0751,158134.7,0.9566,0.76,70.6,4.4,0.0144,8.8,126,0.4616,0,2026-04-30 00:00:00,0
BID-003589,AUC-0659,VND-0751,154928.77,0.9372,0.76,70.6,4.4,0.0144,8.8,126,0.4721,0,2026-04-30 00:00:00,0
BID-003590,AUC-0659,VND-0184,150856.86,0.9126,0.981,97.4,4.95,0.0012,0.8,288,0.6152,0,2026-04-30 00:00:00,1
BID-003591,AUC-0660,VND-0190,217507.12,0.9756,0.907,76.7,4.77,0.0056,7.0,42,0.5127,0,2026-01-15 00:00:00,0
BID-003592,AUC-0660,VND-0666,209694.74,0.9405,0.778,75.5,4.44,0.0133,7.4,220,0.4835,0,2026-01-15 00:00:00,0
BID-003593,AUC-0660,VND-0666,206389.36,0.9257,0.778,75.5,4.44,0.0133,7.4,220,0.4916,0,2026-01-15 00:00:00,0
BID-003594,AUC-0660,VND-0190,202553.21,0.9085,0.907,76.7,4.77,0.0056,7.0,42,0.5496,0,2026-01-15 00:00:00,1
BID-003595,AUC-0661,VND-0196,376227.54,0.9667,0.995,87.8,4.99,0.001,3.7,150,0.7197,0,2026-05-09 00:00:00,0
BID-003596,AUC-0661,VND-0799,361300.22,0.9283,0.637,53.2,4.09,0.0218,14.0,62,0.5131,0,2026-05-09 00:00:00,0
BID-003597,AUC-0661,VND-0784,346156.88,0.8894,0.834,61.0,4.58,0.01,11.7,229,0.627,0,2026-05-09 00:00:00,0
BID-003598,AUC-0661,VND-0784,330464.87,0.8491,0.834,61.0,4.58,0.01,11.7,229,0.6379,0,2026-05-09 00:00:00,0
BID-003599,AUC-0661,VND-0763,319004.03,0.8196,0.743,58.3,4.36,0.0154,12.5,49,0.5996,0,2026-05-09 00:00:00,0
BID-003600,AUC-0661,VND-0090,307208.5,0.7893,0.968,81.4,4.92,0.0019,5.6,35,0.7458,0,2026-05-09 00:00:00,1
BID-003601,AUC-0661,VND-0763,296252.8,0.7612,0.743,58.3,4.36,0.0154,12.5,49,0.6154,0,2026-05-09 00:00:00,0
BID-003602,AUC-0661,VND-0594,289547.93,0.744,0.844,66.8,4.61,0.0094,10.0,119,0.6793,0,2026-05-09 00:00:00,0
BID-003603,AUC-0662,VND-0307,294541.77,0.9659,0.814,59.6,4.53,0.0112,12.1,56,0.5818,0,2026-06-16 00:00:00,0
BID-003604,AUC-0662,VND-0384,283111.19,0.9284,0.881,92.9,4.7,0.0071,2.1,82,0.66,0,2026-06-16 00:00:00,0
BID-003605,AUC-0662,VND-0775,269289.58,0.8831,0.522,51.3,3.8,0.0287,14.6,147,0.4661,0,2026-06-16 00:00:00,0
BID-003606,AUC-0662,VND-0081,263684.6,0.8647,0.684,63.1,4.21,0.019,11.1,122,0.5578,0,2026-06-16 00:00:00,0
BID-003607,AUC-0662,VND-0384,252323.37,0.8274,0.881,92.9,4.7,0.0071,2.1,82,0.6903,0,2026-06-16 00:00:00,0
BID-003608,AUC-0662,VND-0384,243902.37,0.7998,0.881,92.9,4.7,0.0071,2.1,82,0.6986,0,2026-06-16 00:00:00,0
BID-003609,AUC-0662,VND-0384,240371.18,0.7883,0.881,92.9,4.7,0.0071,2.1,82,0.702,0,2026-06-16 00:00:00,1
BID-003610,AUC-0662,VND-0775,236703.95,0.7762,0.522,51.3,3.8,0.0287,14.6,147,0.4982,0,2026-06-16 00:00:00,0
BID-003611,AUC-0663,VND-0544,439808.1,0.9832,0.807,68.1,4.52,0.0116,9.6,75,0.5001,0,2026-03-28 00:00:00,0
BID-003612,AUC-0663,VND-0327,425901.5,0.9521,0.793,79.7,4.48,0.0124,6.1,173,0.5345,0,2026-03-28 00:00:00,0
BID-003613,AUC-0663,VND-0327,404719.42,0.9047,0.793,79.7,4.48,0.0124,6.1,173,0.5525,0,2026-03-28 00:00:00,0
BID-003614,AUC-0663,VND-0154,388813.83,0.8692,0.758,66.9,4.4,0.0145,9.9,126,0.5273,0,2026-03-28 00:00:00,0
BID-003615,AUC-0663,VND-0327,380955.14,0.8516,0.793,79.7,4.48,0.0124,6.1,173,0.5727,0,2026-03-28 00:00:00,0
BID-003616,AUC-0663,VND-0327,365089.67,0.8161,0.793,79.7,4.48,0.0124,6.1,173,0.5861,0,2026-03-28 00:00:00,0
BID-003617,AUC-0663,VND-0327,359585.55,0.8038,0.793,79.7,4.48,0.0124,6.1,173,0.5908,0,2026-03-28 00:00:00,1
BID-003618,AUC-0664,VND-0004,222630.93,0.9796,0.529,52.5,3.82,0.0283,14.2,273,0.3427,0,2026-05-19 00:00:00,0
BID-003619,AUC-0664,VND-0448,213732.8,0.9405,0.834,70.4,4.59,0.01,8.9,104,0.4603,0,2026-05-19 00:00:00,0
BID-003620,AUC-0664,VND-0004,204577.65,0.9002,0.529,52.5,3.82,0.0283,14.2,273,0.3816,0,2026-05-19 00:00:00,0
BID-003621,AUC-0664,VND-0448,194541.71,0.856,0.834,70.4,4.59,0.01,8.9,104,0.5017,0,2026-05-19 00:00:00,0
BID-003622,AUC-0664,VND-0448,191743.93,0.8437,0.834,70.4,4.59,0.01,8.9,104,0.5077,0,2026-05-19 00:00:00,1
BID-003623,AUC-0665,VND-0210,303344.47,0.9866,0.836,81.5,4.59,0.0098,5.6,241,0.6076,0,2026-05-13 00:00:00,0
BID-003624,AUC-0665,VND-0526,299781.84,0.975,0.937,88.5,4.84,0.0038,3.4,34,0.666,0,2026-05-13 00:00:00,0
BID-003625,AUC-0665,VND-0685,289933.64,0.943,0.59,50.0,3.97,0.0246,15.0,29,0.4721,0,2026-05-13 00:00:00,0
BID-003626,AUC-0665,VND-0210,282476.11,0.9187,0.836,81.5,4.59,0.0098,5.6,241,0.628,0,2026-05-13 00:00:00,0
BID-003627,AUC-0665,VND-0210,270232.4,0.8789,0.836,81.5,4.59,0.0098,5.6,241,0.6399,0,2026-05-13 00:00:00,0
BID-003628,AUC-0665,VND-0526,256940.77,0.8357,0.937,88.5,4.84,0.0038,3.4,34,0.7078,0,2026-05-13 00:00:00,0
BID-003629,AUC-0665,VND-0526,248818.03,0.8092,0.937,88.5,4.84,0.0038,3.4,34,0.7157,0,2026-05-13 00:00:00,1
BID-003630,AUC-0666,VND-0149,312078.11,0.9773,0.885,70.3,4.71,0.0069,8.9,230,0.6591,0,2026-06-02 00:00:00,0
BID-003631,AUC-0666,VND-0149,306616.85,0.9602,0.885,70.3,4.71,0.0069,8.9,230,0.6632,0,2026-06-02 00:00:00,0
BID-003632,AUC-0666,VND-0435,301488.1,0.9441,0.931,97.5,4.83,0.0041,0.8,239,0.7358,0,2026-06-02 00:00:00,0
BID-003633,AUC-0666,VND-0462,296069.73,0.9271,0.947,91.0,4.87,0.0032,2.7,170,0.7366,0,2026-06-02 00:00:00,0
BID-003634,AUC-0666,VND-0217,284981.1,0.8924,0.809,63.1,4.52,0.0115,11.1,278,0.6304,0,2026-06-02 00:00:00,0
BID-003635,AUC-0666,VND-0462,272257.04,0.8526,0.947,91.0,4.87,0.0032,2.7,170,0.7545,0,2026-06-02 00:00:00,1
BID-003636,AUC-0666,VND-0182,259704.22,0.8133,0.729,67.4,4.32,0.0163,9.8,283,0.6179,0,2026-06-02 00:00:00,0
BID-003637,AUC-0667,VND-0766,296684.9,0.9892,0.656,64.5,4.14,0.0207,10.6,57,0.4323,0,2026-03-01 00:00:00,0
BID-003638,AUC-0667,VND-0180,290767.02,0.9694,0.97,91.3,4.93,0.0018,2.6,176,0.5885,0,2026-03-01 00:00:00,1
BID-003639,AUC-0667,VND-0682,279208.72,0.9309,0.811,79.7,4.53,0.0113,6.1,139,0.5319,0,2026-03-01 00:00:00,0
BID-003640,AUC-0668,VND-0460,339862.17,0.9593,0.882,68.8,4.7,0.0071,9.4,280,0.6428,0,2026-03-03 00:00:00,0
BID-003641,AUC-0668,VND-0460,322878.95,0.9113,0.882,68.8,4.7,0.0071,9.4,280,0.6557,0,2026-03-03 00:00:00,0
BID-003642,AUC-0668,VND-0351,316393.96,0.893,0.766,55.9,4.42,0.014,13.2,276,0.5954,0,2026-03-03 00:00:00,0
BID-003643,AUC-0668,VND-0095,303126.66,0.8556,0.765,68.1,4.41,0.0141,9.6,225,0.6253,0,2026-03-03 00:00:00,0
BID-003644,AUC-0668,VND-0351,293067.16,0.8272,0.766,55.9,4.42,0.014,13.2,276,0.6131,0,2026-03-03 00:00:00,0
BID-003645,AUC-0668,VND-0402,280167.58,0.7908,0.788,78.1,4.47,0.0127,6.6,24,0.6687,0,2026-03-03 00:00:00,1
BID-003646,AUC-0668,VND-0095,271003.66,0.7649,0.765,68.1,4.41,0.0141,9.6,225,0.6498,0,2026-03-03 00:00:00,0
BID-003647,AUC-0669,VND-0414,120302.87,0.9522,0.673,56.3,4.18,0.0196,13.1,68,0.4423,0,2026-02-27 00:00:00,0
BID-003648,AUC-0669,VND-0178,115538.82,0.9145,0.535,50.9,3.84,0.0279,14.7,296,0.3912,0,2026-02-27 00:00:00,0
BID-003649,AUC-0669,VND-0548,112589.32,0.8911,0.615,51.6,4.04,0.0231,14.5,126,0.4355,0,2026-02-27 00:00:00,0
BID-003650,AUC-0669,VND-0414,107882.38,0.8539,0.673,56.3,4.18,0.0196,13.1,68,0.4826,0,2026-02-27 00:00:00,0
BID-003651,AUC-0669,VND-0579,105508.1,0.8351,0.579,58.1,3.95,0.0252,12.6,300,0.4538,0,2026-02-27 00:00:00,0
BID-003652,AUC-0669,VND-0151,100474.09,0.7953,0.526,50.0,3.81,0.0284,15.0,50,0.4348,0,2026-02-27 00:00:00,0
BID-003653,AUC-0669,VND-0414,97760.25,0.7738,0.673,56.3,4.18,0.0196,13.1,68,0.5154,0,2026-02-27 00:00:00,1
BID-003654,AUC-0669,VND-0128,95263.43,0.754,0.585,53.5,3.96,0.0249,14.0,241,0.4821,0,2026-02-27 00:00:00,0
BID-003655,AUC-0670,VND-0591,251302.01,0.9626,0.981,87.5,4.95,0.0011,3.8,170,0.6092,0,2026-04-23 00:00:00,0
BID-003656,AUC-0670,VND-0020,244420.74,0.9363,0.842,77.4,4.61,0.0095,6.8,43,0.5501,0,2026-04-23 00:00:00,0
BID-003657,AUC-0670,VND-0064,234907.76,0.8998,0.909,87.9,4.77,0.0055,3.6,166,0.6147,0,2026-04-23 00:00:00,0
BID-003658,AUC-0670,VND-0020,223603.13,0.8565,0.842,77.4,4.61,0.0095,6.8,43,0.586,0,2026-04-23 00:00:00,0
BID-003659,AUC-0670,VND-0064,213052.92,0.8161,0.909,87.9,4.77,0.0055,3.6,166,0.6524,0,2026-04-23 00:00:00,0
BID-003660,AUC-0670,VND-0064,208209.45,0.7976,0.909,87.9,4.77,0.0055,3.6,166,0.6608,0,2026-04-23 00:00:00,0
BID-003661,AUC-0670,VND-0591,200344.94,0.7674,0.981,87.5,4.95,0.0011,3.8,170,0.6971,0,2026-04-23 00:00:00,1
BID-003662,AUC-0671,VND-0395,59997.48,0.9824,0.731,72.7,4.33,0.0161,8.2,238,0.5874,0,2026-02-16 00:00:00,1
BID-003663,AUC-0671,VND-0614,57465.78,0.941,0.699,54.6,4.25,0.0181,13.6,235,0.5325,0,2026-02-16 00:00:00,0
BID-003664,AUC-0671,VND-0229,56863.45,0.9311,0.506,50.0,3.76,0.0297,15.0,275,0.4368,0,2026-02-16 00:00:00,0
BID-003665,AUC-0671,VND-0614,55832.06,0.9142,0.699,54.6,4.25,0.0181,13.6,235,0.54,0,2026-02-16 00:00:00,0
BID-003666,AUC-0672,VND-0258,191607.37,0.9657,0.523,50.0,3.81,0.0286,15.0,168,0.3527,0,2026-06-12 00:00:00,0
BID-003667,AUC-0672,VND-0014,187519.36,0.9451,0.6,59.5,4.0,0.024,12.2,66,0.4024,0,2026-06-12 00:00:00,0
BID-003668,AUC-0672,VND-0014,179169.28,0.903,0.6,59.5,4.0,0.024,12.2,66,0.4205,0,2026-06-12 00:00:00,0
BID-003669,AUC-0672,VND-0440,174212.62,0.878,0.514,50.0,3.78,0.0292,15.0,28,0.388,0,2026-06-12 00:00:00,0
BID-003670,AUC-0672,VND-0227,171805.06,0.8659,0.712,73.7,4.28,0.0173,7.9,154,0.4969,0,2026-06-12 00:00:00,1
BID-003671,AUC-0672,VND-0258,169139.01,0.8525,0.523,50.0,3.81,0.0286,15.0,168,0.4014,0,2026-06-12 00:00:00,0
BID-003672,AUC-0673,VND-0170,239968.34,0.9639,0.737,57.5,4.34,0.0158,12.8,29,0.4806,0,2026-01-10 00:00:00,0
BID-003673,AUC-0673,VND-0489,233280.53,0.937,0.798,61.0,4.49,0.0121,11.7,188,0.5154,0,2026-01-10 00:00:00,0
BID-003674,AUC-0673,VND-0779,221913.74,0.8914,0.805,72.3,4.51,0.0117,8.3,269,0.5571,0,2026-01-10 00:00:00,1
BID-003675,AUC-0673,VND-0170,211164.49,0.8482,0.737,57.5,4.34,0.0158,12.8,29,0.5234,0,2026-01-10 00:00:00,0
BID-003676,AUC-0674,VND-0465,317212.77,0.9624,0.817,63.7,4.54,0.011,10.9,29,0.3618,0,2026-01-30 00:00:00,0
BID-003677,AUC-0674,VND-0049,308107.89,0.9348,0.761,69.4,4.4,0.0143,9.2,124,0.3771,0,2026-01-30 00:00:00,0
BID-003678,AUC-0674,VND-0068,293777.88,0.8913,0.971,85.6,4.93,0.0017,4.3,50,0.4696,0,2026-01-30 00:00:00,1
BID-003679,AUC-0674,VND-0761,279430.49,0.8478,0.53,59.9,3.83,0.0282,12.0,230,0.3662,0,2026-01-30 00:00:00,0
BID-003680,AUC-0674,VND-0320,273153.66,0.8288,0.635,54.9,4.09,0.0219,13.5,231,0.3873,0,2026-01-30 00:00:00,0
BID-003681,AUC-0674,VND-0049,266658.71,0.8091,0.761,69.4,4.4,0.0143,9.2,124,0.4476,0,2026-01-30 00:00:00,0
BID-003682,AUC-0675,VND-0019,460504.29,0.9679,0.652,54.4,4.13,0.0209,13.7,127,0.3783,0,2026-03-30 00:00:00,0
BID-003683,AUC-0675,VND-0240,453924.92,0.9541,0.985,85.1,4.96,0.001,4.5,184,0.5515,0,2026-03-30 00:00:00,0
BID-003684,AUC-0675,VND-0026,436918.74,0.9184,0.985,96.2,4.96,0.001,1.1,61,0.5928,0,2026-03-30 00:00:00,0
BID-003685,AUC-0675,VND-0026,421568.18,0.8861,0.985,96.2,4.96,0.001,1.1,61,0.607,0,2026-03-30 00:00:00,0
BID-003686,AUC-0675,VND-0089,406702.9,0.8548,0.845,69.1,4.61,0.0093,9.3,201,0.5178,0,2026-03-30 00:00:00,0
BID-003687,AUC-0675,VND-0240,397007.89,0.8345,0.985,85.1,4.96,0.001,4.5,184,0.6042,0,2026-03-30 00:00:00,0
BID-003688,AUC-0675,VND-0026,388482.31,0.8166,0.985,96.2,4.96,0.001,1.1,61,0.6376,0,2026-03-30 00:00:00,1
BID-003689,AUC-0676,VND-0079,298056.11,0.9794,0.836,82.5,4.59,0.0098,5.2,68,0.5393,0,2026-05-29 00:00:00,0
BID-003690,AUC-0676,VND-0035,294795.0,0.9687,0.537,59.1,3.84,0.0278,12.3,93,0.3945,0,2026-05-29 00:00:00,0
BID-003691,AUC-0676,VND-0079,290340.21,0.9541,0.836,82.5,4.59,0.0098,5.2,68,0.5489,0,2026-05-29 00:00:00,1
BID-003692,AUC-0676,VND-0744,281370.19,0.9246,0.698,67.2,4.25,0.0181,9.8,82,0.4849,0,2026-05-29 00:00:00,0
BID-003693,AUC-0677,VND-0024,362114.95,0.9673,0.656,58.3,4.14,0.0206,12.5,290,0.4806,0,2026-02-26 00:00:00,0
BID-003694,AUC-0677,VND-0791,352305.75,0.9411,0.616,53.1,4.04,0.023,14.1,139,0.4666,0,2026-02-26 00:00:00,0
BID-003695,AUC-0677,VND-0653,347520.43,0.9283,0.855,84.4,4.64,0.0087,4.7,217,0.6088,0,2026-02-26 00:00:00,0
BID-003696,AUC-0677,VND-0057,334942.09,0.8947,0.965,98.7,4.91,0.0021,0.4,65,0.683,0,2026-02-26 00:00:00,1
BID-003697,AUC-0678,VND-0004,247732.79,0.9599,0.529,52.5,3.82,0.0283,14.2,273,0.4109,0,2026-01-05 00:00:00,0
BID-003698,AUC-0678,VND-0644,235784.93,0.9136,0.544,50.0,3.86,0.0274,15.0,196,0.4319,0,2026-01-05 00:00:00,0
BID-003699,AUC-0678,VND-0659,224812.01,0.8711,0.763,77.8,4.41,0.0142,6.7,216,0.6076,0,2026-01-05 00:00:00,0
BID-003700,AUC-0678,VND-0346,219757.73,0.8515,0.662,64.2,4.15,0.0203,10.7,102,0.5422,0,2026-01-05 00:00:00,0
BID-003701,AUC-0678,VND-0659,217155.76,0.8415,0.763,77.8,4.41,0.0142,6.7,216,0.6209,0,2026-01-05 00:00:00,1
BID-003702,AUC-0678,VND-0346,209293.93,0.811,0.662,64.2,4.15,0.0203,10.7,102,0.5605,0,2026-01-05 00:00:00,0
BID-003703,AUC-0679,VND-0738,306917.62,0.957,0.664,61.8,4.16,0.0202,11.5,205,0.4254,0,2026-03-26 00:00:00,0
BID-003704,AUC-0679,VND-0376,302533.96,0.9433,0.558,63.7,3.9,0.0265,10.9,173,0.3942,0,2026-03-26 00:00:00,0
BID-003705,AUC-0679,VND-0376,295480.13,0.9213,0.558,63.7,3.9,0.0265,10.9,173,0.4035,0,2026-03-26 00:00:00,0
BID-003706,AUC-0679,VND-0376,288200.08,0.8986,0.558,63.7,3.9,0.0265,10.9,173,0.413,0,2026-03-26 00:00:00,0
BID-003707,AUC-0679,VND-0372,274204.63,0.855,0.874,79.5,4.68,0.0076,6.1,212,0.5781,0,2026-03-26 00:00:00,1
BID-003708,AUC-0680,VND-0485,43429.9,0.9704,0.783,72.9,4.46,0.013,8.1,221,0.4418,0,2026-05-28 00:00:00,0
BID-003709,AUC-0680,VND-0199,42066.62,0.9399,0.929,79.5,4.82,0.0042,6.1,159,0.5082,0,2026-05-28 00:00:00,0
BID-003710,AUC-0680,VND-0120,40063.91,0.8951,0.823,63.3,4.56,0.0106,11.0,38,0.4629,0,2026-05-28 00:00:00,0
BID-003711,AUC-0680,VND-0485,38462.23,0.8594,0.783,72.9,4.46,0.013,8.1,221,0.4996,0,2026-05-28 00:00:00,0
BID-003712,AUC-0680,VND-0120,36806.74,0.8224,0.823,63.3,4.56,0.0106,11.0,38,0.5007,0,2026-05-28 00:00:00,0
BID-003713,AUC-0680,VND-0562,35036.02,0.7828,0.931,94.7,4.83,0.0041,1.6,230,0.633,0,2026-05-28 00:00:00,1
BID-003714,AUC-0681,VND-0524,128286.16,0.9527,0.616,50.0,4.04,0.023,15.0,45,0.4031,0,2026-05-11 00:00:00,0
BID-003715,AUC-0681,VND-0662,124949.75,0.9279,0.936,75.8,4.84,0.0038,7.3,164,0.5292,0,2026-05-11 00:00:00,0
BID-003716,AUC-0681,VND-0003,119422.35,0.8869,0.578,50.0,3.95,0.0253,15.0,231,0.4234,0,2026-05-11 00:00:00,0
BID-003717,AUC-0681,VND-0524,113529.74,0.8431,0.616,50.0,4.04,0.023,15.0,45,0.4535,0,2026-05-11 00:00:00,0
BID-003718,AUC-0681,VND-0771,108401.28,0.805,0.855,69.8,4.64,0.0087,9.1,137,0.5575,0,2026-05-11 00:00:00,0
BID-003719,AUC-0681,VND-0401,103621.64,0.7696,0.854,71.1,4.63,0.0088,8.7,255,0.5745,0,2026-05-11 00:00:00,1
BID-003720,AUC-0682,VND-0248,179217.29,0.9568,0.732,68.7,4.33,0.0161,9.4,61,0.4051,0,2026-06-29 00:00:00,0
BID-003721,AUC-0682,VND-0609,176280.68,0.9411,0.541,54.9,3.85,0.0275,13.5,49,0.3276,0,2026-06-29 00:00:00,0
BID-003722,AUC-0682,VND-0524,170011.35,0.9077,0.616,50.0,4.04,0.023,15.0,45,0.354,0,2026-06-29 00:00:00,0
BID-003723,AUC-0682,VND-0771,168208.93,0.898,0.855,69.8,4.64,0.0087,9.1,137,0.4702,0,2026-06-29 00:00:00,1
BID-003724,AUC-0682,VND-0248,159966.91,0.854,0.732,68.7,4.33,0.0161,9.4,61,0.4534,0,2026-06-29 00:00:00,0
BID-003725,AUC-0682,VND-0524,153208.14,0.8179,0.616,50.0,4.04,0.023,15.0,45,0.3961,0,2026-06-29 00:00:00,0
BID-003726,AUC-0683,VND-0355,230758.62,0.9554,0.627,62.6,4.07,0.0224,11.2,252,0.5221,0,2026-01-23 00:00:00,0
BID-003727,AUC-0683,VND-0420,225611.78,0.9341,0.79,79.1,4.48,0.0126,6.3,278,0.6285,0,2026-01-23 00:00:00,0
BID-003728,AUC-0683,VND-0355,216803.37,0.8977,0.627,62.6,4.07,0.0224,11.2,252,0.5371,0,2026-01-23 00:00:00,0
BID-003729,AUC-0683,VND-0097,208097.42,0.8616,0.95,91.0,4.88,0.003,2.7,210,0.7355,0,2026-01-23 00:00:00,1
BID-003730,AUC-0684,VND-0536,31832.36,0.9835,0.648,56.1,4.12,0.0211,13.2,222,0.5457,0,2026-02-04 00:00:00,0
BID-003731,AUC-0684,VND-0693,30782.11,0.951,0.828,67.5,4.57,0.0103,9.8,167,0.6585,0,2026-02-04 00:00:00,0
BID-003732,AUC-0684,VND-0057,30453.12,0.9408,0.965,98.7,4.91,0.0021,0.4,65,0.7931,0,2026-02-04 00:00:00,1
BID-003733,AUC-0684,VND-0386,29344.72,0.9066,0.555,56.6,3.89,0.0267,13.0,136,0.521,0,2026-02-04 00:00:00,0
BID-003734,AUC-0684,VND-0693,28111.03,0.8685,0.828,67.5,4.57,0.0103,9.8,167,0.675,0,2026-02-04 00:00:00,0
BID-003735,AUC-0685,VND-0780,76094.88,0.968,0.92,89.0,4.8,0.0048,3.3,100,0.5796,0,2026-01-06 00:00:00,0
BID-003736,AUC-0685,VND-0780,74887.25,0.9526,0.92,89.0,4.8,0.0048,3.3,100,0.5854,0,2026-01-06 00:00:00,1
BID-003737,AUC-0685,VND-0139,74130.82,0.943,0.899,85.6,4.75,0.0061,4.3,259,0.5738,0,2026-01-06 00:00:00,0
BID-003738,AUC-0685,VND-0613,72697.12,0.9248,0.71,68.1,4.27,0.0174,9.6,155,0.4817,0,2026-01-06 00:00:00,0
BID-003739,AUC-0686,VND-0233,139485.52,0.9577,0.981,89.3,4.95,0.0011,3.2,265,0.5957,0,2026-04-28 00:00:00,0
BID-003740,AUC-0686,VND-0271,135143.42,0.9279,0.977,93.9,4.94,0.0014,1.8,146,0.6174,0,2026-04-28 00:00:00,0
BID-003741,AUC-0686,VND-0617,130620.51,0.8969,0.607,50.0,4.02,0.0236,15.0,218,0.4281,0,2026-04-28 00:00:00,0
BID-003742,AUC-0686,VND-0770,126509.41,0.8687,0.591,58.7,3.98,0.0246,12.4,48,0.4559,0,2026-04-28 00:00:00,0
BID-003743,AUC-0686,VND-0770,123194.1,0.8459,0.591,58.7,3.98,0.0246,12.4,48,0.4648,0,2026-04-28 00:00:00,0
BID-003744,AUC-0686,VND-0271,120250.66,0.8257,0.977,93.9,4.94,0.0014,1.8,146,0.6573,0,2026-04-28 00:00:00,0
BID-003745,AUC-0686,VND-0271,115120.49,0.7905,0.977,93.9,4.94,0.0014,1.8,146,0.671,0,2026-04-28 00:00:00,1
BID-003746,AUC-0687,VND-0130,477378.44,0.9822,0.785,61.6,4.46,0.0129,11.5,96,0.5469,0,2026-04-06 00:00:00,0
BID-003747,AUC-0687,VND-0130,471033.86,0.9691,0.785,61.6,4.46,0.0129,11.5,96,0.5506,0,2026-04-06 00:00:00,0
BID-003748,AUC-0687,VND-0063,461667.17,0.9498,0.614,60.5,4.03,0.0232,11.8,299,0.4791,0,2026-04-06 00:00:00,0
BID-003749,AUC-0687,VND-0153,454862.87,0.9358,0.863,93.2,4.66,0.0082,2.0,93,0.6635,0,2026-04-06 00:00:00,1
BID-003750,AUC-0687,VND-0789,449387.09,0.9246,0.512,53.8,3.78,0.0293,13.9,182,0.4272,0,2026-04-06 00:00:00,0
BID-003751,AUC-0688,VND-0444,170271.91,0.9879,0.826,72.1,4.57,0.0104,8.4,246,0.5774,0,2026-06-11 00:00:00,0
BID-003752,AUC-0688,VND-0657,167189.07,0.97,0.774,82.2,4.43,0.0136,5.3,178,0.5961,0,2026-06-11 00:00:00,0
BID-003753,AUC-0688,VND-0657,158832.94,0.9215,0.774,82.2,4.43,0.0136,5.3,178,0.6174,0,2026-06-11 00:00:00,1
BID-003754,AUC-0689,VND-0758,237786.08,0.9658,0.598,50.0,3.99,0.0241,15.0,137,0.4204,0,2026-03-18 00:00:00,0
BID-003755,AUC-0689,VND-0134,234645.57,0.9531,0.849,79.4,4.62,0.0091,6.2,178,0.5921,0,2026-03-18 00:00:00,0
BID-003756,AUC-0689,VND-0462,231994.7,0.9423,0.947,91.0,4.87,0.0032,2.7,170,0.6618,0,2026-03-18 00:00:00,0
BID-003757,AUC-0689,VND-0134,227727.32,0.925,0.849,79.4,4.62,0.0091,6.2,178,0.6031,0,2026-03-18 00:00:00,0
BID-003758,AUC-0689,VND-0559,218041.7,0.8856,0.546,56.3,3.86,0.0273,13.1,47,0.4419,0,2026-03-18 00:00:00,0
BID-003759,AUC-0689,VND-0591,214928.61,0.873,0.981,87.5,4.95,0.0011,3.8,170,0.6963,0,2026-03-18 00:00:00,1
BID-003760,AUC-0689,VND-0559,206352.63,0.8381,0.546,56.3,3.86,0.0273,13.1,47,0.4604,0,2026-03-18 00:00:00,0
BID-003761,AUC-0690,VND-0474,101273.08,0.9546,0.568,59.8,3.92,0.0259,12.1,69,0.4481,0,2026-06-26 00:00:00,0
BID-003762,AUC-0690,VND-0027,96678.9,0.9113,0.97,94.1,4.92,0.0018,1.8,96,0.7101,0,2026-06-26 00:00:00,0
BID-003763,AUC-0690,VND-0752,92770.91,0.8745,0.513,50.0,3.78,0.0292,15.0,78,0.4249,0,2026-06-26 00:00:00,0
BID-003764,AUC-0690,VND-0397,89305.94,0.8418,0.753,66.6,4.38,0.0148,10.0,272,0.5723,0,2026-06-26 00:00:00,0
BID-003765,AUC-0690,VND-0793,85834.59,0.8091,0.994,81.1,4.98,0.001,5.7,140,0.714,0,2026-06-26 00:00:00,0
BID-003766,AUC-0690,VND-0562,84637.98,0.7978,0.931,94.7,4.83,0.0041,1.6,230,0.7339,0,2026-06-26 00:00:00,0
BID-003767,AUC-0690,VND-0562,80929.48,0.7629,0.931,94.7,4.83,0.0041,1.6,230,0.745,0,2026-06-26 00:00:00,1
BID-003768,AUC-0690,VND-0765,77460.92,0.7302,0.902,82.3,4.75,0.0059,5.3,271,0.7087,0,2026-06-26 00:00:00,0
BID-003769,AUC-0691,VND-0611,301974.19,0.9764,0.975,78.9,4.94,0.0015,6.3,262,0.6399,0,2026-05-13 00:00:00,0
BID-003770,AUC-0691,VND-0013,292551.27,0.9459,0.728,68.2,4.32,0.0163,9.5,131,0.5287,0,2026-05-13 00:00:00,0
BID-003771,AUC-0691,VND-0100,288228.77,0.9319,0.944,89.3,4.86,0.0034,3.2,183,0.6713,0,2026-05-13 00:00:00,0
BID-003772,AUC-0691,VND-0611,274709.41,0.8882,0.975,78.9,4.94,0.0015,6.3,262,0.6875,0,2026-05-13 00:00:00,1
BID-003773,AUC-0692,VND-0747,141459.95,0.9588,0.614,51.8,4.03,0.0232,14.5,83,0.3725,0,2026-04-10 00:00:00,0
BID-003774,AUC-0692,VND-0465,135999.26,0.9218,0.817,63.7,4.54,0.011,10.9,29,0.4868,0,2026-04-10 00:00:00,0
BID-003775,AUC-0692,VND-0012,134030.26,0.9085,0.646,60.9,4.12,0.0212,11.7,200,0.4177,0,2026-04-10 00:00:00,0
BID-003776,AUC-0692,VND-0657,132122.83,0.8955,0.774,82.2,4.43,0.0136,5.3,178,0.5003,0,2026-04-10 00:00:00,0
BID-003777,AUC-0692,VND-0465,127881.55,0.8668,0.817,63.7,4.54,0.011,10.9,29,0.5105,0,2026-04-10 00:00:00,0
BID-003778,AUC-0692,VND-0572,122616.94,0.8311,0.839,73.5,4.6,0.0097,8.0,32,0.5459,0,2026-04-10 00:00:00,1
BID-003779,AUC-0693,VND-0667,109191.98,0.9799,0.614,67.7,4.04,0.0231,9.7,293,0.3512,0,2026-04-05 00:00:00,0
BID-003780,AUC-0693,VND-0667,104715.57,0.9398,0.614,67.7,4.04,0.0231,9.7,293,0.3709,0,2026-04-05 00:00:00,0
BID-003781,AUC-0693,VND-0581,102839.21,0.9229,0.913,77.0,4.78,0.0052,6.9,210,0.4924,0,2026-04-05 00:00:00,0
BID-003782,AUC-0693,VND-0243,98365.7,0.8828,0.792,85.9,4.48,0.0125,4.2,53,0.4802,0,2026-04-05 00:00:00,0
BID-003783,AUC-0693,VND-0176,95621.65,0.8582,0.752,74.2,4.38,0.0149,7.7,222,0.4656,0,2026-04-05 00:00:00,0
BID-003784,AUC-0693,VND-0667,92524.82,0.8304,0.614,67.7,4.04,0.0231,9.7,293,0.4245,0,2026-04-05 00:00:00,0
BID-003785,AUC-0693,VND-0176,88269.9,0.7922,0.752,74.2,4.38,0.0149,7.7,222,0.4979,0,2026-04-05 00:00:00,0
BID-003786,AUC-0693,VND-0176,86744.38,0.7785,0.752,74.2,4.38,0.0149,7.7,222,0.5046,0,2026-04-05 00:00:00,1
BID-003787,AUC-0694,VND-0589,251362.98,0.9553,0.89,71.8,4.72,0.0066,8.5,35,0.4877,0,2026-02-06 00:00:00,0
BID-003788,AUC-0694,VND-0585,248532.85,0.9446,0.503,50.0,3.76,0.0298,15.0,228,0.3239,0,2026-02-06 00:00:00,0
BID-003789,AUC-0694,VND-0006,239572.43,0.9105,0.51,56.0,3.78,0.0294,13.2,18,0.3507,0,2026-02-06 00:00:00,0
BID-003790,AUC-0694,VND-0273,228857.54,0.8698,0.809,73.1,4.52,0.0115,8.1,254,0.5021,0,2026-02-06 00:00:00,1
BID-003791,AUC-0694,VND-0006,219260.14,0.8333,0.51,56.0,3.78,0.0294,13.2,18,0.3893,0,2026-02-06 00:00:00,0
BID-003792,AUC-0695,VND-0163,12551.53,0.9885,0.977,97.8,4.94,0.0014,0.7,265,0.642,0,2026-05-30 00:00:00,1
BID-003793,AUC-0695,VND-0187,12123.55,0.9548,0.547,54.9,3.87,0.0272,13.5,255,0.4284,0,2026-05-30 00:00:00,0
BID-003794,AUC-0695,VND-0187,11734.87,0.9242,0.547,54.9,3.87,0.0272,13.5,255,0.4391,0,2026-05-30 00:00:00,0
BID-003795,AUC-0695,VND-0187,11495.68,0.9053,0.547,54.9,3.87,0.0272,13.5,255,0.4457,0,2026-05-30 00:00:00,0
BID-003796,AUC-0695,VND-0187,11371.56,0.8956,0.547,54.9,3.87,0.0272,13.5,255,0.4491,0,2026-05-30 00:00:00,0
BID-003797,AUC-0695,VND-0187,10947.52,0.8622,0.547,54.9,3.87,0.0272,13.5,255,0.4608,0,2026-05-30 00:00:00,0
BID-003798,AUC-0696,VND-0466,13234.34,0.9621,0.57,61.4,3.92,0.0258,11.6,150,0.4361,0,2026-04-02 00:00:00,0
BID-003799,AUC-0696,VND-0341,13054.64,0.9491,0.909,75.7,4.77,0.0055,7.3,132,0.6072,0,2026-04-02 00:00:00,0
BID-003800,AUC-0696,VND-0073,12539.87,0.9116,0.642,50.0,4.11,0.0215,15.0,168,0.464,0,2026-04-02 00:00:00,0
BID-003801,AUC-0696,VND-0552,11965.72,0.8699,0.942,97.0,4.85,0.0035,0.9,91,0.6833,0,2026-04-02 00:00:00,1
BID-003802,AUC-0696,VND-0341,11660.17,0.8477,0.909,75.7,4.77,0.0055,7.3,132,0.6407,0,2026-04-02 00:00:00,0
BID-003803,AUC-0696,VND-0073,11319.53,0.8229,0.642,50.0,4.11,0.0215,15.0,168,0.4932,0,2026-04-02 00:00:00,0
BID-003804,AUC-0696,VND-0073,11107.82,0.8075,0.642,50.0,4.11,0.0215,15.0,168,0.4983,0,2026-04-02 00:00:00,0
BID-003805,AUC-0697,VND-0506,112187.47,0.9561,0.611,63.5,4.03,0.0234,11.0,259,0.4367,0,2026-01-15 00:00:00,0
BID-003806,AUC-0697,VND-0800,107708.69,0.9179,0.543,61.0,3.86,0.0274,11.7,281,0.4244,0,2026-01-15 00:00:00,0
BID-003807,AUC-0697,VND-0065,103960.42,0.8859,0.503,50.0,3.76,0.0298,15.0,292,0.3997,0,2026-01-15 00:00:00,0
BID-003808,AUC-0697,VND-0634,100517.72,0.8566,0.696,61.8,4.24,0.0182,11.5,218,0.5101,0,2026-01-15 00:00:00,1
BID-003809,AUC-0698,VND-0558,27376.01,0.9779,0.796,69.2,4.49,0.0122,9.2,126,0.4505,0,2026-05-10 00:00:00,0
BID-003810,AUC-0698,VND-0558,26293.47,0.9393,0.796,69.2,4.49,0.0122,9.2,126,0.4671,0,2026-05-10 00:00:00,0
BID-003811,AUC-0698,VND-0086,25179.29,0.8995,0.839,64.6,4.6,0.0097,10.6,233,0.4849,0,2026-05-10 00:00:00,1
BID-003812,AUC-0699,VND-0701,61932.34,0.9841,0.584,50.0,3.96,0.025,15.0,211,0.4516,0,2026-04-27 00:00:00,0
BID-003813,AUC-0699,VND-0303,59054.74,0.9384,0.56,52.6,3.9,0.0264,14.2,246,0.4625,0,2026-04-27 00:00:00,0
BID-003814,AUC-0699,VND-0750,57339.15,0.9111,0.69,71.8,4.22,0.0186,8.5,92,0.5676,0,2026-04-27 00:00:00,1
BID-003815,AUC-0699,VND-0303,55014.27,0.8742,0.56,52.6,3.9,0.0264,14.2,246,0.4798,0,2026-04-27 00:00:00,0
BID-003816,AUC-0700,VND-0644,172642.9,0.9807,0.544,50.0,3.86,0.0274,15.0,196,0.3359,0,2026-04-29 00:00:00,0
BID-003817,AUC-0700,VND-0201,170290.02,0.9673,0.552,61.0,3.88,0.0269,11.7,116,0.358,0,2026-04-29 00:00:00,0
BID-003818,AUC-0700,VND-0480,166367.55,0.945,0.583,58.3,3.96,0.025,12.5,61,0.3768,0,2026-04-29 00:00:00,0
BID-003819,AUC-0700,VND-0361,158844.64,0.9023,0.969,82.7,4.92,0.0018,5.2,61,0.5788,0,2026-04-29 00:00:00,0
BID-003820,AUC-0700,VND-0364,151461.01,0.8604,0.57,59.6,3.92,0.0258,12.1,179,0.4095,0,2026-04-29 00:00:00,0
BID-003821,AUC-0700,VND-0693,148373.77,0.8428,0.828,67.5,4.57,0.0103,9.8,167,0.5298,0,2026-04-29 00:00:00,0
BID-003822,AUC-0700,VND-0626,143978.44,0.8179,0.898,82.3,4.75,0.0061,5.3,158,0.5864,0,2026-04-29 00:00:00,1
BID-003823,AUC-0700,VND-0693,137611.58,0.7817,0.828,67.5,4.57,0.0103,9.8,167,0.5561,0,2026-04-29 00:00:00,0
BID-003824,AUC-0701,VND-0231,387225.66,0.9602,0.559,53.8,3.9,0.0265,13.9,274,0.51,0,2026-01-21 00:00:00,0
BID-003825,AUC-0701,VND-0339,381234.27,0.9454,0.556,50.0,3.89,0.0266,15.0,145,0.5066,0,2026-01-21 00:00:00,0
BID-003826,AUC-0701,VND-0339,363608.54,0.9017,0.556,50.0,3.89,0.0266,15.0,145,0.5175,0,2026-01-21 00:00:00,0
BID-003827,AUC-0701,VND-0559,355179.87,0.8808,0.546,56.3,3.86,0.0273,13.1,47,0.5277,0,2026-01-21 00:00:00,1
BID-003828,AUC-0701,VND-0339,349724.5,0.8672,0.556,50.0,3.89,0.0266,15.0,145,0.5262,0,2026-01-21 00:00:00,0
BID-003829,AUC-0702,VND-0573,283030.21,0.9749,0.634,67.5,4.08,0.022,9.8,39,0.5276,0,2026-05-09 00:00:00,0
BID-003830,AUC-0702,VND-0385,271568.31,0.9355,0.671,64.6,4.18,0.0197,10.6,99,0.5502,0,2026-05-09 00:00:00,0
BID-003831,AUC-0702,VND-0371,267106.16,0.9201,0.731,65.5,4.33,0.0161,10.4,186,0.5784,0,2026-05-09 00:00:00,0
BID-003832,AUC-0702,VND-0359,264233.59,0.9102,0.915,94.8,4.79,0.0051,1.6,173,0.6885,0,2026-05-09 00:00:00,1
BID-003833,AUC-0702,VND-0520,253275.63,0.8725,0.533,50.0,3.83,0.028,15.0,184,0.4979,0,2026-05-09 00:00:00,0
BID-003834,AUC-0703,VND-0279,257118.29,0.9843,0.567,50.0,3.92,0.026,15.0,205,0.3888,0,2026-03-18 00:00:00,0
BID-003835,AUC-0703,VND-0683,253882.12,0.972,0.867,65.6,4.67,0.008,10.3,233,0.5342,0,2026-03-18 00:00:00,0
BID-003836,AUC-0703,VND-0614,251065.89,0.9612,0.699,54.6,4.25,0.0181,13.6,235,0.4519,0,2026-03-18 00:00:00,0
BID-003837,AUC-0703,VND-0599,247941.16,0.9492,0.987,99.9,4.97,0.001,0.1,38,0.6824,0,2026-03-18 00:00:00,1
BID-003838,AUC-0703,VND-0615,240861.5,0.9221,0.992,82.3,4.98,0.001,5.3,64,0.6401,0,2026-03-18 00:00:00,0
BID-003839,AUC-0703,VND-0683,234750.61,0.8987,0.867,65.6,4.67,0.008,10.3,233,0.5584,0,2026-03-18 00:00:00,0
BID-003840,AUC-0704,VND-0193,147825.34,0.9611,0.868,87.1,4.67,0.0079,3.9,282,0.5729,0,2026-03-31 00:00:00,0
BID-003841,AUC-0704,VND-0654,145769.37,0.9477,0.857,83.7,4.64,0.0086,4.9,183,0.5698,0,2026-03-31 00:00:00,0
BID-003842,AUC-0704,VND-0478,142522.24,0.9266,0.709,64.8,4.27,0.0174,10.6,112,0.4886,0,2026-03-31 00:00:00,0
BID-003843,AUC-0704,VND-0654,138075.11,0.8977,0.857,83.7,4.64,0.0086,4.9,183,0.5943,0,2026-03-31 00:00:00,0
BID-003844,AUC-0704,VND-0654,131786.25,0.8568,0.857,83.7,4.64,0.0086,4.9,183,0.6144,0,2026-03-31 00:00:00,1
BID-003845,AUC-0704,VND-0478,126138.74,0.8201,0.709,64.8,4.27,0.0174,10.6,112,0.5408,0,2026-03-31 00:00:00,0
BID-003846,AUC-0705,VND-0502,458870.47,0.9835,0.936,87.9,4.84,0.0038,3.6,71,0.6765,0,2026-03-17 00:00:00,0
BID-003847,AUC-0705,VND-0258,448181.89,0.9606,0.523,50.0,3.81,0.0286,15.0,168,0.4157,0,2026-03-17 00:00:00,0
BID-003848,AUC-0705,VND-0470,431415.38,0.9247,0.559,55.4,3.9,0.0265,13.4,95,0.4611,0,2026-03-17 00:00:00,0
BID-003849,AUC-0705,VND-0470,410167.91,0.8791,0.559,55.4,3.9,0.0265,13.4,95,0.4806,0,2026-03-17 00:00:00,0
BID-003850,AUC-0705,VND-0470,403015.63,0.8638,0.559,55.4,3.9,0.0265,13.4,95,0.4872,0,2026-03-17 00:00:00,0
BID-003851,AUC-0705,VND-0679,385542.39,0.8264,0.95,82.9,4.88,0.003,5.1,239,0.7345,0,2026-03-17 00:00:00,1
BID-003852,AUC-0706,VND-0349,198848.62,0.9722,0.644,56.7,4.11,0.0213,13.0,173,0.5702,0,2026-04-17 00:00:00,0
BID-003853,AUC-0706,VND-0191,191426.05,0.9359,0.559,56.1,3.9,0.0265,13.2,170,0.5489,0,2026-04-17 00:00:00,0
BID-003854,AUC-0706,VND-0312,185849.93,0.9086,0.685,66.4,4.21,0.0189,10.1,297,0.6159,0,2026-04-17 00:00:00,1
BID-003855,AUC-0706,VND-0349,177600.67,0.8683,0.644,56.7,4.11,0.0213,13.0,173,0.5952,0,2026-04-17 00:00:00,0
BID-003856,AUC-0707,VND-0364,50876.61,0.9659,0.57,59.6,3.92,0.0258,12.1,179,0.4405,0,2026-05-06 00:00:00,0
BID-003857,AUC-0707,VND-0480,48550.29,0.9217,0.583,58.3,3.96,0.025,12.5,61,0.4572,0,2026-05-06 00:00:00,0
BID-003858,AUC-0707,VND-0434,46662.59,0.8859,0.578,50.0,3.94,0.0253,15.0,30,0.4433,0,2026-05-06 00:00:00,0
BID-003859,AUC-0707,VND-0373,45062.28,0.8555,0.616,67.7,4.04,0.023,9.7,91,0.5207,0,2026-05-06 00:00:00,1
BID-003860,AUC-0708,VND-0024,301850.69,0.9663,0.656,58.3,4.14,0.0206,12.5,290,0.4925,0,2026-04-29 00:00:00,0
BID-003861,AUC-0708,VND-0596,296702.75,0.9499,0.534,52.9,3.83,0.028,14.1,172,0.4357,0,2026-04-29 00:00:00,0
BID-003862,AUC-0708,VND-0232,289764.55,0.9277,0.873,78.7,4.68,0.0076,6.4,167,0.6551,0,2026-04-29 00:00:00,0
BID-003863,AUC-0708,VND-0610,277856.14,0.8895,0.827,66.7,4.57,0.0104,10.0,248,0.6222,0,2026-04-29 00:00:00,0
BID-003864,AUC-0708,VND-0610,275010.6,0.8804,0.827,66.7,4.57,0.0104,10.0,248,0.6266,0,2026-04-29 00:00:00,0
BID-003865,AUC-0708,VND-0461,271981.09,0.8707,0.934,79.4,4.84,0.0039,6.2,115,0.7095,0,2026-04-29 00:00:00,1
BID-003866,AUC-0708,VND-0696,258995.73,0.8292,0.618,50.0,4.05,0.0229,15.0,229,0.5205,0,2026-04-29 00:00:00,0
BID-003867,AUC-0709,VND-0131,63994.03,0.9728,0.808,84.2,4.52,0.0115,4.7,141,0.3878,0,2026-03-09 00:00:00,0
BID-003868,AUC-0709,VND-0544,61366.41,0.9329,0.807,68.1,4.52,0.0116,9.6,75,0.3794,0,2026-03-09 00:00:00,0
BID-003869,AUC-0709,VND-0437,60281.81,0.9164,0.822,67.6,4.55,0.0107,9.7,93,0.3904,0,2026-03-09 00:00:00,0
BID-003870,AUC-0709,VND-0437,58686.77,0.8922,0.822,67.6,4.55,0.0107,9.7,93,0.404,0,2026-03-09 00:00:00,0
BID-003871,AUC-0709,VND-0779,56370.42,0.8569,0.805,72.3,4.51,0.0117,8.3,269,0.4294,0,2026-03-09 00:00:00,1
BID-003872,AUC-0710,VND-0265,171272.47,0.956,0.528,56.3,3.82,0.0283,13.1,195,0.3163,0,2026-02-08 00:00:00,0
BID-003873,AUC-0710,VND-0503,167907.03,0.9372,0.903,83.6,4.76,0.0058,4.9,92,0.4751,0,2026-02-08 00:00:00,1
BID-003874,AUC-0710,VND-0577,165239.58,0.9223,0.849,82.9,4.62,0.0091,5.1,179,0.467,0,2026-02-08 00:00:00,0
BID-003875,AUC-0710,VND-0381,160435.36,0.8955,0.576,50.4,3.94,0.0254,14.9,130,0.3478,0,2026-02-08 00:00:00,0
BID-003876,AUC-0711,VND-0165,254230.54,0.983,0.71,56.5,4.27,0.0174,13.0,282,0.458,0,2026-05-19 00:00:00,0
BID-003877,AUC-0711,VND-0213,250191.07,0.9674,0.529,50.0,3.82,0.0283,15.0,68,0.3901,0,2026-05-19 00:00:00,0
BID-003878,AUC-0711,VND-0737,246624.18,0.9536,0.939,78.3,4.85,0.0036,6.5,155,0.5836,0,2026-05-19 00:00:00,0
BID-003879,AUC-0711,VND-0737,235911.65,0.9122,0.939,78.3,4.85,0.0036,6.5,155,0.5993,0,2026-05-19 00:00:00,0
BID-003880,AUC-0711,VND-0082,230051.68,0.8895,0.817,76.7,4.54,0.011,7.0,150,0.562,0,2026-05-19 00:00:00,0
BID-003881,AUC-0711,VND-0723,223831.76,0.8654,0.934,74.1,4.84,0.004,7.8,87,0.6091,0,2026-05-19 00:00:00,0
BID-003882,AUC-0711,VND-0737,212920.3,0.8233,0.939,78.3,4.85,0.0036,6.5,155,0.6331,0,2026-05-19 00:00:00,0
BID-003883,AUC-0711,VND-0737,207189.05,0.8011,0.939,78.3,4.85,0.0036,6.5,155,0.6415,0,2026-05-19 00:00:00,1
BID-003884,AUC-0712,VND-0187,431986.04,0.9854,0.547,54.9,3.87,0.0272,13.5,255,0.473,0,2026-03-03 00:00:00,0
BID-003885,AUC-0712,VND-0187,413200.7,0.9426,0.547,54.9,3.87,0.0272,13.5,255,0.4863,0,2026-03-03 00:00:00,0
BID-003886,AUC-0712,VND-0613,399529.96,0.9114,0.71,68.1,4.27,0.0174,9.6,155,0.5709,0,2026-03-03 00:00:00,0
BID-003887,AUC-0712,VND-0314,395017.16,0.9011,0.731,71.6,4.33,0.0161,8.5,227,0.5869,0,2026-03-03 00:00:00,0
BID-003888,AUC-0712,VND-0314,376214.39,0.8582,0.731,71.6,4.33,0.0161,8.5,227,0.6002,0,2026-03-03 00:00:00,0
BID-003889,AUC-0712,VND-0613,358075.53,0.8168,0.71,68.1,4.27,0.0174,9.6,155,0.6002,0,2026-03-03 00:00:00,0
BID-003890,AUC-0712,VND-0780,351525.18,0.8019,0.92,89.0,4.8,0.0048,3.3,100,0.708,0,2026-03-03 00:00:00,1
BID-003891,AUC-0713,VND-0189,248355.86,0.9862,0.922,70.0,4.81,0.0047,9.0,48,0.672,0,2026-04-24 00:00:00,0
BID-003892,AUC-0713,VND-0689,244040.58,0.969,0.723,63.2,4.31,0.0166,11.0,181,0.587,0,2026-04-24 00:00:00,0
BID-003893,AUC-0713,VND-0422,238977.83,0.9489,0.589,59.6,3.97,0.0247,12.1,197,0.5341,0,2026-04-24 00:00:00,0
BID-003894,AUC-0713,VND-0189,236009.25,0.9371,0.922,70.0,4.81,0.0047,9.0,48,0.6828,0,2026-04-24 00:00:00,0
BID-003895,AUC-0713,VND-0573,233410.57,0.9268,0.634,67.5,4.08,0.022,9.8,39,0.5767,0,2026-04-24 00:00:00,0
BID-003896,AUC-0713,VND-0189,226869.68,0.9009,0.922,70.0,4.81,0.0047,9.0,48,0.6908,0,2026-04-24 00:00:00,0
BID-003897,AUC-0713,VND-0189,216237.74,0.8586,0.922,70.0,4.81,0.0047,9.0,48,0.7001,0,2026-04-24 00:00:00,1
BID-003898,AUC-0714,VND-0458,340859.65,0.9626,0.776,64.7,4.44,0.0134,10.6,78,0.4669,0,2026-06-21 00:00:00,0
BID-003899,AUC-0714,VND-0419,333480.65,0.9418,0.957,77.5,4.89,0.0026,6.8,117,0.5469,0,2026-06-21 00:00:00,0
BID-003900,AUC-0714,VND-0226,327362.23,0.9245,0.889,84.9,4.72,0.0067,4.5,270,0.5471,0,2026-06-21 00:00:00,1
BID-003901,AUC-0715,VND-0261,475462.46,0.9577,0.797,70.3,4.49,0.0122,8.9,166,0.4835,0,2026-05-20 00:00:00,0
BID-003902,AUC-0715,VND-0213,459996.59,0.9265,0.529,50.0,3.82,0.0283,15.0,68,0.3856,0,2026-05-20 00:00:00,0
BID-003903,AUC-0715,VND-0261,447234.42,0.9008,0.797,70.3,4.49,0.0122,8.9,166,0.5074,0,2026-05-20 00:00:00,1
BID-003904,AUC-0716,VND-0768,71477.99,0.9603,0.707,57.1,4.27,0.0176,12.9,119,0.3495,0,2026-04-15 00:00:00,0
BID-003905,AUC-0716,VND-0001,70019.52,0.9407,0.687,73.5,4.22,0.0188,8.0,27,0.3762,0,2026-04-15 00:00:00,0
BID-003906,AUC-0716,VND-0443,66851.91,0.8982,0.9,74.6,4.75,0.006,7.6,266,0.456,0,2026-04-15 00:00:00,0
BID-003907,AUC-0716,VND-0152,64235.25,0.863,0.77,68.6,4.43,0.0138,9.4,30,0.4335,0,2026-04-15 00:00:00,0
BID-003908,AUC-0716,VND-0152,62757.71,0.8432,0.77,68.6,4.43,0.0138,9.4,30,0.4442,0,2026-04-15 00:00:00,0
BID-003909,AUC-0716,VND-0152,61580.42,0.8274,0.77,68.6,4.43,0.0138,9.4,30,0.4527,0,2026-04-15 00:00:00,0
BID-003910,AUC-0716,VND-0152,60410.72,0.8116,0.77,68.6,4.43,0.0138,9.4,30,0.4612,0,2026-04-15 00:00:00,1
BID-003911,AUC-0717,VND-0153,142490.4,0.9853,0.863,93.2,4.66,0.0082,2.0,93,0.6384,0,2026-02-10 00:00:00,1
BID-003912,AUC-0717,VND-0490,139798.99,0.9667,0.748,72.9,4.37,0.0151,8.1,116,0.545,0,2026-02-10 00:00:00,0
BID-003913,AUC-0717,VND-0555,138133.94,0.9552,0.848,71.2,4.62,0.0091,8.6,247,0.5878,0,2026-02-10 00:00:00,0
BID-003914,AUC-0717,VND-0063,133640.65,0.9241,0.614,60.5,4.03,0.0232,11.8,299,0.4692,0,2026-02-10 00:00:00,0
BID-003915,AUC-0718,VND-0426,198615.57,0.9768,0.534,52.6,3.83,0.028,14.2,280,0.332,0,2026-05-03 00:00:00,0
BID-003916,AUC-0718,VND-0156,193025.59,0.9493,0.719,59.2,4.3,0.0168,12.2,98,0.4162,0,2026-05-03 00:00:00,0
BID-003917,AUC-0718,VND-0156,186825.88,0.9188,0.719,59.2,4.3,0.0168,12.2,98,0.4311,0,2026-05-03 00:00:00,0
BID-003918,AUC-0718,VND-0759,182297.99,0.8965,0.824,81.5,4.56,0.0106,5.6,51,0.5192,0,2026-05-03 00:00:00,0
BID-003919,AUC-0718,VND-0156,176186.54,0.8665,0.719,59.2,4.3,0.0168,12.2,98,0.4568,0,2026-05-03 00:00:00,0
BID-003920,AUC-0718,VND-0759,170031.09,0.8362,0.824,81.5,4.56,0.0106,5.6,51,0.5487,0,2026-05-03 00:00:00,1
BID-003921,AUC-0719,VND-0578,210899.67,0.9733,0.809,84.2,4.52,0.0114,4.7,281,0.4727,0,2026-03-29 00:00:00,0
BID-003922,AUC-0719,VND-0514,200407.68,0.9248,0.931,96.2,4.83,0.0041,1.1,89,0.5582,0,2026-03-29 00:00:00,1
BID-003923,AUC-0719,VND-0489,191617.9,0.8843,0.798,61.0,4.49,0.0121,11.7,188,0.4816,0,2026-03-29 00:00:00,0
BID-003924,AUC-0719,VND-0578,188401.43,0.8694,0.809,84.2,4.52,0.0114,4.7,281,0.5257,0,2026-03-29 00:00:00,0
BID-003925,AUC-0719,VND-0442,186440.33,0.8604,0.51,50.0,3.77,0.0294,15.0,124,0.3747,0,2026-03-29 00:00:00,0
BID-003926,AUC-0720,VND-0533,202719.14,0.9589,0.711,66.1,4.28,0.0174,10.2,98,0.5394,0,2026-02-06 00:00:00,0
BID-003927,AUC-0720,VND-0158,193539.07,0.9155,0.918,86.8,4.79,0.0049,4.0,116,0.6865,0,2026-02-06 00:00:00,1
BID-003928,AUC-0720,VND-0732,186806.26,0.8837,0.553,50.6,3.88,0.0268,14.8,263,0.4568,0,2026-02-06 00:00:00,0
BID-003929,AUC-0721,VND-0491,443843.24,0.9761,0.667,66.6,4.17,0.02,10.0,38,0.3348,0,2026-04-14 00:00:00,0
BID-003930,AUC-0721,VND-0491,435014.91,0.9566,0.667,66.6,4.17,0.02,10.0,38,0.3455,0,2026-04-14 00:00:00,0
BID-003931,AUC-0721,VND-0491,430550.61,0.9468,0.667,66.6,4.17,0.02,10.0,38,0.3509,0,2026-04-14 00:00:00,0
BID-003932,AUC-0721,VND-0491,422031.24,0.9281,0.667,66.6,4.17,0.02,10.0,38,0.3612,0,2026-04-14 00:00:00,1
BID-003933,AUC-0722,VND-0697,351324.59,0.9762,0.585,53.6,3.96,0.0249,13.9,110,0.4274,0,2026-03-26 00:00:00,0
BID-003934,AUC-0722,VND-0033,346216.02,0.962,0.64,57.5,4.1,0.0216,12.8,271,0.4595,0,2026-03-26 00:00:00,0
BID-003935,AUC-0722,VND-0111,329053.25,0.9144,0.829,75.8,4.57,0.0103,7.3,221,0.5792,0,2026-03-26 00:00:00,0
BID-003936,AUC-0722,VND-0697,321438.16,0.8932,0.585,53.6,3.96,0.0249,13.9,110,0.4556,0,2026-03-26 00:00:00,0
BID-003937,AUC-0722,VND-0033,315317.51,0.8762,0.64,57.5,4.1,0.0216,12.8,271,0.4886,0,2026-03-26 00:00:00,0
BID-003938,AUC-0722,VND-0346,304837.68,0.8471,0.662,64.2,4.15,0.0203,10.7,102,0.52,0,2026-03-26 00:00:00,0
BID-003939,AUC-0722,VND-0697,293313.08,0.815,0.585,53.6,3.96,0.0249,13.9,110,0.4822,0,2026-03-26 00:00:00,0
BID-003940,AUC-0722,VND-0111,283061.41,0.7866,0.829,75.8,4.57,0.0103,7.3,221,0.6227,0,2026-03-26 00:00:00,1
BID-003941,AUC-0723,VND-0282,293475.7,0.9532,0.568,50.0,3.92,0.0259,15.0,74,0.3536,0,2026-03-14 00:00:00,0
BID-003942,AUC-0723,VND-0771,285531.26,0.9274,0.855,69.8,4.64,0.0087,9.1,137,0.4994,0,2026-03-14 00:00:00,1
BID-003943,AUC-0723,VND-0197,273403.65,0.888,0.686,65.9,4.22,0.0188,10.2,297,0.455,0,2026-03-14 00:00:00,0
BID-003944,AUC-0723,VND-0197,266876.75,0.8668,0.686,65.9,4.22,0.0188,10.2,297,0.4662,0,2026-03-14 00:00:00,0
BID-003945,AUC-0724,VND-0408,158931.57,0.9835,0.935,85.7,4.84,0.0039,4.3,138,0.7342,0,2026-06-24 00:00:00,0
BID-003946,AUC-0724,VND-0599,154517.53,0.9562,0.987,99.9,4.97,0.001,0.1,38,0.795,0,2026-06-24 00:00:00,1
BID-003947,AUC-0724,VND-0081,148328.44,0.9179,0.684,63.1,4.21,0.019,11.1,122,0.6065,0,2026-06-24 00:00:00,0
BID-003948,AUC-0724,VND-0664,144987.75,0.8972,0.591,61.2,3.98,0.0245,11.6,138,0.5761,0,2026-06-24 00:00:00,0
BID-003949,AUC-0724,VND-0537,138020.34,0.8541,0.521,50.0,3.8,0.0287,15.0,220,0.5322,0,2026-06-24 00:00:00,0
BID-003950,AUC-0725,VND-0145,401559.93,0.9708,0.643,56.3,4.11,0.0214,13.1,216,0.5203,0,2026-05-07 00:00:00,0
BID-003951,AUC-0725,VND-0444,388099.67,0.9382,0.826,72.1,4.57,0.0104,8.4,246,0.6356,0,2026-05-07 00:00:00,0
BID-003952,AUC-0725,VND-0444,381734.01,0.9228,0.826,72.1,4.57,0.0104,8.4,246,0.6395,0,2026-05-07 00:00:00,1
BID-003953,AUC-0725,VND-0145,372054.29,0.8994,0.643,56.3,4.11,0.0214,13.1,216,0.5381,0,2026-05-07 00:00:00,0
BID-003954,AUC-0726,VND-0287,461996.84,0.9666,0.698,66.4,4.25,0.0181,10.1,223,0.4778,0,2026-06-21 00:00:00,0
BID-003955,AUC-0726,VND-0632,450067.65,0.9416,0.655,61.9,4.14,0.0207,11.4,55,0.4646,0,2026-06-21 00:00:00,0
BID-003956,AUC-0726,VND-0287,432911.24,0.9057,0.698,66.4,4.25,0.0181,10.1,223,0.51,0,2026-06-21 00:00:00,0
BID-003957,AUC-0726,VND-0287,420242.22,0.8792,0.698,66.4,4.25,0.0181,10.1,223,0.5241,0,2026-06-21 00:00:00,0
BID-003958,AUC-0726,VND-0136,403894.0,0.845,0.905,91.6,4.76,0.0057,2.5,47,0.678,0,2026-06-21 00:00:00,1
BID-003959,AUC-0726,VND-0632,384601.54,0.8046,0.655,61.9,4.14,0.0207,11.4,55,0.5372,0,2026-06-21 00:00:00,0
BID-003960,AUC-0726,VND-0534,373471.9,0.7814,0.619,50.0,4.05,0.0228,15.0,110,0.5064,0,2026-06-21 00:00:00,0
BID-003961,AUC-0727,VND-0658,393461.9,0.9541,0.726,70.7,4.32,0.0164,8.8,139,0.4404,0,2026-04-10 00:00:00,0
BID-003962,AUC-0727,VND-0498,378491.16,0.9178,0.68,52.5,4.2,0.0192,14.2,28,0.4041,0,2026-04-10 00:00:00,0
BID-003963,AUC-0727,VND-0281,368260.94,0.893,0.852,71.4,4.63,0.0089,8.6,252,0.4983,0,2026-04-10 00:00:00,0
BID-003964,AUC-0727,VND-0419,352666.54,0.8552,0.957,77.5,4.89,0.0026,6.8,117,0.5534,0,2026-04-10 00:00:00,1
BID-003965,AUC-0727,VND-0498,348766.76,0.8457,0.68,52.5,4.2,0.0192,14.2,28,0.4366,0,2026-04-10 00:00:00,0
BID-003966,AUC-0727,VND-0281,337005.07,0.8172,0.852,71.4,4.63,0.0089,8.6,252,0.5324,0,2026-04-10 00:00:00,0
BID-003967,AUC-0728,VND-0511,10506.84,0.9758,0.849,68.8,4.62,0.0091,9.4,265,0.6802,0,2026-03-21 00:00:00,0
BID-003968,AUC-0728,VND-0327,10040.31,0.9325,0.793,79.7,4.48,0.0124,6.1,173,0.6899,0,2026-03-21 00:00:00,0
BID-003969,AUC-0728,VND-0082,9935.92,0.9228,0.817,76.7,4.54,0.011,7.0,150,0.6949,0,2026-03-21 00:00:00,1
BID-003970,AUC-0729,VND-0219,311127.4,0.9667,0.536,52.2,3.84,0.0278,14.3,200,0.2967,0,2026-04-18 00:00:00,0
BID-003971,AUC-0729,VND-0219,304288.67,0.9455,0.536,52.2,3.84,0.0278,14.3,200,0.3084,0,2026-04-18 00:00:00,0
BID-003972,AUC-0729,VND-0219,294947.92,0.9165,0.536,52.2,3.84,0.0278,14.3,200,0.3244,0,2026-04-18 00:00:00,0
BID-003973,AUC-0729,VND-0764,286275.1,0.8895,0.642,51.1,4.11,0.0215,14.7,45,0.3593,0,2026-04-18 00:00:00,1
BID-003974,AUC-0730,VND-0457,33499.88,0.9556,0.812,74.2,4.53,0.0113,7.7,81,0.45,0,2026-04-18 00:00:00,0
BID-003975,AUC-0730,VND-0104,31864.08,0.9089,0.551,50.0,3.88,0.027,15.0,237,0.3631,0,2026-04-18 00:00:00,0
BID-003976,AUC-0730,VND-0224,30642.8,0.8741,0.993,96.7,4.98,0.001,1.0,62,0.5734,0,2026-04-18 00:00:00,0
BID-003977,AUC-0730,VND-0457,29566.28,0.8434,0.812,74.2,4.53,0.0113,7.7,81,0.5038,0,2026-04-18 00:00:00,0
BID-003978,AUC-0730,VND-0097,28442.28,0.8113,0.95,91.0,4.88,0.003,2.7,210,0.5832,0,2026-04-18 00:00:00,0
BID-003979,AUC-0730,VND-0472,27485.82,0.784,0.826,86.3,4.56,0.0105,4.1,178,0.5542,0,2026-04-18 00:00:00,0
BID-003980,AUC-0730,VND-0353,26878.37,0.7667,0.532,55.0,3.83,0.0281,13.5,103,0.4334,0,2026-04-18 00:00:00,0
BID-003981,AUC-0730,VND-0552,26079.93,0.7439,0.942,97.0,4.85,0.0035,0.9,91,0.622,0,2026-04-18 00:00:00,1
BID-003982,AUC-0731,VND-0141,133938.07,0.9832,0.945,79.6,4.86,0.0033,6.1,294,0.4755,0,2026-02-24 00:00:00,0
BID-003983,AUC-0731,VND-0456,127315.22,0.9346,0.795,63.1,4.49,0.0123,11.1,297,0.4301,0,2026-02-24 00:00:00,0
BID-003984,AUC-0731,VND-0664,124237.81,0.912,0.591,61.2,3.98,0.0245,11.6,138,0.3702,0,2026-02-24 00:00:00,0
BID-003985,AUC-0731,VND-0280,118659.0,0.871,0.878,81.9,4.69,0.0073,5.4,182,0.5138,0,2026-02-24 00:00:00,1
BID-003986,AUC-0732,VND-0473,37271.36,0.9516,0.603,50.0,4.01,0.0238,15.0,219,0.4551,0,2026-01-18 00:00:00,0
BID-003987,AUC-0732,VND-0473,36813.17,0.9399,0.603,50.0,4.01,0.0238,15.0,219,0.4604,0,2026-01-18 00:00:00,0
BID-003988,AUC-0732,VND-0473,35507.72,0.9066,0.603,50.0,4.01,0.0238,15.0,219,0.4754,0,2026-01-18 00:00:00,0
BID-003989,AUC-0732,VND-0473,34108.37,0.8708,0.603,50.0,4.01,0.0238,15.0,219,0.4914,0,2026-01-18 00:00:00,0
BID-003990,AUC-0732,VND-0379,32635.52,0.8332,0.81,73.5,4.53,0.0114,8.0,200,0.6564,0,2026-01-18 00:00:00,0
BID-003991,AUC-0732,VND-0379,31039.43,0.7925,0.81,73.5,4.53,0.0114,8.0,200,0.6748,0,2026-01-18 00:00:00,1
BID-003992,AUC-0732,VND-0473,29860.59,0.7624,0.603,50.0,4.01,0.0238,15.0,219,0.5402,0,2026-01-18 00:00:00,0
BID-003993,AUC-0733,VND-0011,296901.08,0.9707,0.806,60.5,4.51,0.0116,11.8,165,0.4768,0,2026-06-14 00:00:00,0
BID-003994,AUC-0733,VND-0101,289628.04,0.9469,0.821,69.1,4.55,0.0107,9.3,157,0.5004,0,2026-06-14 00:00:00,0
BID-003995,AUC-0733,VND-0364,276742.33,0.9048,0.57,59.6,3.92,0.0258,12.1,179,0.4364,0,2026-06-14 00:00:00,0
BID-003996,AUC-0733,VND-0129,265815.28,0.8691,0.968,96.2,4.92,0.0019,1.1,233,0.6045,0,2026-06-14 00:00:00,1
BID-003997,AUC-0733,VND-0436,254802.71,0.8331,0.687,55.8,4.22,0.0188,13.3,202,0.4986,0,2026-06-14 00:00:00,0
BID-003998,AUC-0734,VND-0213,340424.04,0.9827,0.529,50.0,3.82,0.0283,15.0,68,0.314,0,2026-05-27 00:00:00,0
BID-003999,AUC-0734,VND-0383,326183.23,0.9416,0.517,53.1,3.79,0.029,14.1,284,0.3388,0,2026-05-27 00:00:00,0
BID-004000,AUC-0734,VND-0383,317627.64,0.9169,0.517,53.1,3.79,0.029,14.1,284,0.3501,0,2026-05-27 00:00:00,1
BID-004001,AUC-0735,VND-0137,63729.64,0.9642,0.934,95.5,4.83,0.004,1.3,227,0.6988,0,2026-03-17 00:00:00,0
BID-004002,AUC-0735,VND-0347,60922.78,0.9217,0.754,62.7,4.38,0.0148,11.2,200,0.5958,0,2026-03-17 00:00:00,0
BID-004003,AUC-0735,VND-0137,58381.28,0.8832,0.934,95.5,4.83,0.004,1.3,227,0.7214,0,2026-03-17 00:00:00,0
BID-004004,AUC-0735,VND-0137,55644.23,0.8418,0.934,95.5,4.83,0.004,1.3,227,0.733,0,2026-03-17 00:00:00,1
BID-004005,AUC-0735,VND-0347,54447.94,0.8237,0.754,62.7,4.38,0.0148,11.2,200,0.6232,0,2026-03-17 00:00:00,0
BID-004006,AUC-0736,VND-0004,189512.26,0.9567,0.529,52.5,3.82,0.0283,14.2,273,0.3252,0,2026-05-08 00:00:00,0
BID-004007,AUC-0736,VND-0373,187315.76,0.9457,0.616,67.7,4.04,0.023,9.7,91,0.3776,0,2026-05-08 00:00:00,0
BID-004008,AUC-0736,VND-0549,182456.77,0.9211,0.61,53.6,4.03,0.0234,13.9,56,0.3623,0,2026-05-08 00:00:00,0
BID-004009,AUC-0736,VND-0505,173928.3,0.8781,0.625,59.9,4.06,0.0225,12.0,85,0.399,0,2026-05-08 00:00:00,0
BID-004010,AUC-0736,VND-0626,166428.29,0.8402,0.898,82.3,4.75,0.0061,5.3,158,0.5171,0,2026-05-08 00:00:00,0
BID-004011,AUC-0736,VND-0129,158354.04,0.7994,0.968,96.2,4.92,0.0019,1.1,233,0.5785,0,2026-05-08 00:00:00,1
BID-004012,AUC-0737,VND-0731,230852.83,0.9884,0.697,64.6,4.24,0.0182,10.6,160,0.3923,0,2026-02-10 00:00:00,0
BID-004013,AUC-0737,VND-0731,226405.68,0.9694,0.697,64.6,4.24,0.0182,10.6,160,0.4016,0,2026-02-10 00:00:00,1
BID-004014,AUC-0737,VND-0386,223689.7,0.9578,0.555,56.6,3.89,0.0267,13.0,136,0.3584,0,2026-02-10 00:00:00,0
BID-004015,AUC-0737,VND-0386,216308.65,0.9262,0.555,56.6,3.89,0.0267,13.0,136,0.3739,0,2026-02-10 00:00:00,0
BID-004016,AUC-0737,VND-0160,210937.83,0.9032,0.578,50.0,3.95,0.0253,15.0,76,0.3853,0,2026-02-10 00:00:00,0
BID-004017,AUC-0738,VND-0170,188212.78,0.9863,0.737,57.5,4.34,0.0158,12.8,29,0.5588,0,2026-02-02 00:00:00,0
BID-004018,AUC-0738,VND-0187,184657.87,0.9676,0.547,54.9,3.87,0.0272,13.5,255,0.4719,0,2026-02-02 00:00:00,0
BID-004019,AUC-0738,VND-0511,177679.07,0.9311,0.849,68.8,4.62,0.0091,9.4,265,0.6618,0,2026-02-02 00:00:00,1
BID-004020,AUC-0738,VND-0170,169043.23,0.8858,0.737,57.5,4.34,0.0158,12.8,29,0.5929,0,2026-02-02 00:00:00,0
BID-004021,AUC-0738,VND-0187,166382.04,0.8719,0.547,54.9,3.87,0.0272,13.5,255,0.5045,0,2026-02-02 00:00:00,0
BID-004022,AUC-0739,VND-0362,66305.75,0.9568,0.533,52.6,3.83,0.028,14.2,298,0.4018,0,2026-06-27 00:00:00,0
BID-004023,AUC-0739,VND-0567,64385.53,0.9291,0.541,50.0,3.85,0.0276,15.0,167,0.4112,0,2026-06-27 00:00:00,0
BID-004024,AUC-0739,VND-0362,61500.26,0.8874,0.533,52.6,3.83,0.028,14.2,298,0.4281,0,2026-06-27 00:00:00,0
BID-004025,AUC-0739,VND-0362,60193.06,0.8686,0.533,52.6,3.83,0.028,14.2,298,0.4353,0,2026-06-27 00:00:00,0
BID-004026,AUC-0739,VND-0110,58325.34,0.8416,0.825,86.5,4.56,0.0105,4.0,168,0.5986,0,2026-06-27 00:00:00,0
BID-004027,AUC-0739,VND-0304,57718.0,0.8328,0.603,50.0,4.01,0.0238,15.0,281,0.4697,0,2026-06-27 00:00:00,0
BID-004028,AUC-0739,VND-0266,56389.19,0.8137,0.906,95.9,4.77,0.0056,1.2,85,0.652,0,2026-06-27 00:00:00,1
BID-004029,AUC-0739,VND-0362,55434.03,0.7999,0.533,52.6,3.83,0.028,14.2,298,0.4614,0,2026-06-27 00:00:00,0
BID-004030,AUC-0740,VND-0145,212172.92,0.9855,0.643,56.3,4.11,0.0214,13.1,216,0.4878,0,2026-05-08 00:00:00,0
BID-004031,AUC-0740,VND-0099,203376.23,0.9447,0.863,86.4,4.66,0.0082,4.1,131,0.6094,0,2026-05-08 00:00:00,1
BID-004032,AUC-0740,VND-0374,201241.34,0.9348,0.692,66.0,4.23,0.0185,10.2,194,0.5332,0,2026-05-08 00:00:00,0
BID-004033,AUC-0740,VND-0567,197144.26,0.9157,0.541,50.0,3.85,0.0276,15.0,167,0.472,0,2026-05-08 00:00:00,0
BID-004034,AUC-0741,VND-0206,372537.59,0.9853,0.66,69.8,4.15,0.0204,9.1,239,0.4551,0,2026-05-26 00:00:00,0
BID-004035,AUC-0741,VND-0162,361961.0,0.9574,0.83,68.6,4.58,0.0102,9.4,274,0.5322,0,2026-05-26 00:00:00,0
BID-004036,AUC-0741,VND-0392,351538.43,0.9298,0.626,56.5,4.06,0.0224,13.0,205,0.4436,0,2026-05-26 00:00:00,0
BID-004037,AUC-0741,VND-0108,340663.81,0.901,0.856,73.2,4.64,0.0086,8.0,115,0.5814,0,2026-05-26 00:00:00,1
BID-004038,AUC-0741,VND-0392,324298.02,0.8578,0.626,56.5,4.06,0.0224,13.0,205,0.4818,0,2026-05-26 00:00:00,0
BID-004039,AUC-0742,VND-0166,44023.2,0.9828,0.678,68.5,4.19,0.0193,9.4,290,0.4563,0,2026-04-07 00:00:00,0
BID-004040,AUC-0742,VND-0424,42141.14,0.9408,0.543,57.4,3.86,0.0274,12.8,219,0.3972,0,2026-04-07 00:00:00,0
BID-004041,AUC-0742,VND-0777,40356.29,0.9009,0.91,94.7,4.77,0.0054,1.6,30,0.6313,0,2026-04-07 00:00:00,0
BID-004042,AUC-0742,VND-0777,39423.58,0.8801,0.91,94.7,4.77,0.0054,1.6,30,0.6388,0,2026-04-07 00:00:00,1
BID-004043,AUC-0742,VND-0166,38871.52,0.8678,0.678,68.5,4.19,0.0193,9.4,290,0.4977,0,2026-04-07 00:00:00,0
BID-004044,AUC-0743,VND-0715,48455.37,0.9831,0.82,80.1,4.55,0.0108,6.0,120,0.3812,0,2026-05-30 00:00:00,0
BID-004045,AUC-0743,VND-0057,47891.0,0.9717,0.965,98.7,4.91,0.0021,0.4,65,0.4472,0,2026-05-30 00:00:00,0
BID-004046,AUC-0743,VND-0057,46862.25,0.9508,0.965,98.7,4.91,0.0021,0.4,65,0.4588,0,2026-05-30 00:00:00,0
BID-004047,AUC-0743,VND-0715,45558.92,0.9243,0.82,80.1,4.55,0.0108,6.0,120,0.4142,0,2026-05-30 00:00:00,0
BID-004048,AUC-0743,VND-0748,43697.39,0.8866,0.802,73.1,4.5,0.0119,8.1,286,0.4193,0,2026-05-30 00:00:00,0
BID-004049,AUC-0743,VND-0011,41917.01,0.8504,0.806,60.5,4.51,0.0116,11.8,165,0.4176,0,2026-05-30 00:00:00,0
BID-004050,AUC-0743,VND-0057,41130.61,0.8345,0.965,98.7,4.91,0.0021,0.4,65,0.524,0,2026-05-30 00:00:00,1
BID-004051,AUC-0744,VND-0206,180120.52,0.9798,0.66,69.8,4.15,0.0204,9.1,239,0.5295,0,2026-04-03 00:00:00,0
BID-004052,AUC-0744,VND-0206,172837.49,0.9402,0.66,69.8,4.15,0.0204,9.1,239,0.541,0,2026-04-03 00:00:00,0
BID-004053,AUC-0744,VND-0428,169964.87,0.9245,0.603,50.0,4.01,0.0238,15.0,165,0.479,0,2026-04-03 00:00:00,0
BID-004054,AUC-0744,VND-0345,163011.88,0.8867,0.885,73.1,4.71,0.0069,8.1,163,0.6396,0,2026-04-03 00:00:00,0
BID-004055,AUC-0744,VND-0345,156521.67,0.8514,0.885,73.1,4.71,0.0069,8.1,163,0.6499,0,2026-04-03 00:00:00,0
BID-004056,AUC-0744,VND-0740,149684.39,0.8142,0.899,81.3,4.75,0.0061,5.6,134,0.6853,0,2026-04-03 00:00:00,1
BID-004057,AUC-0745,VND-0023,463469.56,0.9831,0.629,60.1,4.07,0.0222,12.0,249,0.5526,0,2026-06-13 00:00:00,0
BID-004058,AUC-0745,VND-0198,450791.38,0.9562,0.67,69.1,4.18,0.0198,9.3,255,0.5935,0,2026-06-13 00:00:00,0
BID-004059,AUC-0745,VND-0449,445143.52,0.9442,0.647,64.3,4.12,0.0212,10.7,117,0.5774,0,2026-06-13 00:00:00,0
BID-004060,AUC-0745,VND-0312,423255.76,0.8978,0.685,66.4,4.21,0.0189,10.1,297,0.6062,0,2026-06-13 00:00:00,0
BID-004061,AUC-0745,VND-0312,408939.22,0.8674,0.685,66.4,4.21,0.0189,10.1,297,0.6132,0,2026-06-13 00:00:00,0
BID-004062,AUC-0745,VND-0443,396656.97,0.8414,0.9,74.6,4.75,0.006,7.6,266,0.7161,0,2026-06-13 00:00:00,1
BID-004063,AUC-0745,VND-0449,382760.95,0.8119,0.647,64.3,4.12,0.0212,10.7,117,0.6079,0,2026-06-13 00:00:00,0
BID-004064,AUC-0745,VND-0449,371558.16,0.7881,0.647,64.3,4.12,0.0212,10.7,117,0.6133,0,2026-06-13 00:00:00,0
BID-004065,AUC-0746,VND-0290,326076.19,0.9659,0.746,61.5,4.37,0.0152,11.5,198,0.6073,0,2026-05-13 00:00:00,0
BID-004066,AUC-0746,VND-0212,315230.23,0.9337,0.546,55.7,3.86,0.0273,13.3,255,0.5259,0,2026-05-13 00:00:00,0
BID-004067,AUC-0746,VND-0136,306063.89,0.9066,0.905,91.6,4.76,0.0057,2.5,47,0.7388,0,2026-05-13 00:00:00,1
BID-004068,AUC-0746,VND-0212,299797.54,0.888,0.546,55.7,3.86,0.0273,13.3,255,0.5364,0,2026-05-13 00:00:00,0
BID-004069,AUC-0746,VND-0717,296201.03,0.8774,0.744,69.7,4.36,0.0153,9.1,164,0.6421,0,2026-05-13 00:00:00,0
BID-004070,AUC-0747,VND-0307,332200.73,0.9698,0.814,59.6,4.53,0.0112,12.1,56,0.3264,0,2026-05-21 00:00:00,0
BID-004071,AUC-0747,VND-0599,325398.27,0.9499,0.987,99.9,4.97,0.001,0.1,38,0.4272,0,2026-05-21 00:00:00,1
BID-004072,AUC-0747,VND-0537,316195.54,0.9231,0.521,50.0,3.8,0.0287,15.0,220,0.2805,0,2026-05-21 00:00:00,0
BID-004073,AUC-0747,VND-0307,303829.24,0.887,0.814,59.6,4.53,0.0112,12.1,56,0.3761,0,2026-05-21 00:00:00,0
BID-004074,AUC-0748,VND-0634,183545.97,0.9797,0.696,61.8,4.24,0.0182,11.5,218,0.4185,0,2026-06-26 00:00:00,0
BID-004075,AUC-0748,VND-0634,175476.7,0.9367,0.696,61.8,4.24,0.0182,11.5,218,0.4357,0,2026-06-26 00:00:00,0
BID-004076,AUC-0748,VND-0745,168952.93,0.9018,0.694,61.5,4.24,0.0183,11.5,67,0.4484,0,2026-06-26 00:00:00,0
BID-004077,AUC-0748,VND-0634,162160.89,0.8656,0.696,61.8,4.24,0.0182,11.5,218,0.4641,0,2026-06-26 00:00:00,0
BID-004078,AUC-0748,VND-0634,156949.35,0.8378,0.696,61.8,4.24,0.0182,11.5,218,0.4753,0,2026-06-26 00:00:00,1
BID-004079,AUC-0749,VND-0333,291632.67,0.9692,0.551,50.0,3.88,0.0269,15.0,56,0.3518,0,2026-02-07 00:00:00,0
BID-004080,AUC-0749,VND-0333,277769.83,0.9231,0.551,50.0,3.88,0.0269,15.0,56,0.3716,0,2026-02-07 00:00:00,0
BID-004081,AUC-0749,VND-0567,269961.03,0.8972,0.541,50.0,3.85,0.0276,15.0,167,0.3804,0,2026-02-07 00:00:00,0
BID-004082,AUC-0749,VND-0567,261032.19,0.8675,0.541,50.0,3.85,0.0276,15.0,167,0.3932,0,2026-02-07 00:00:00,0
BID-004083,AUC-0749,VND-0333,258306.04,0.8585,0.551,50.0,3.88,0.0269,15.0,56,0.3994,0,2026-02-07 00:00:00,0
BID-004084,AUC-0749,VND-0285,252266.62,0.8384,0.952,83.0,4.88,0.0029,5.1,291,0.5833,0,2026-02-07 00:00:00,1
BID-004085,AUC-0749,VND-0755,243186.92,0.8082,0.804,80.1,4.51,0.0118,6.0,160,0.5566,0,2026-02-07 00:00:00,0
BID-004086,AUC-0749,VND-0755,240556.28,0.7995,0.804,80.1,4.51,0.0118,6.0,160,0.5604,0,2026-02-07 00:00:00,0
BID-004087,AUC-0750,VND-0703,14276.27,0.954,0.832,76.8,4.58,0.0101,7.0,242,0.6224,0,2026-05-06 00:00:00,1
BID-004088,AUC-0750,VND-0422,13730.41,0.9175,0.589,59.6,3.97,0.0247,12.1,197,0.5038,0,2026-05-06 00:00:00,0
BID-004089,AUC-0750,VND-0795,13446.46,0.8986,0.714,71.8,4.29,0.0172,8.5,19,0.5821,0,2026-05-06 00:00:00,0
BID-004090,AUC-0751,VND-0168,309902.09,0.9634,0.523,50.0,3.81,0.0286,15.0,59,0.3321,0,2026-02-26 00:00:00,0
BID-004091,AUC-0751,VND-0617,296670.22,0.9222,0.607,50.0,4.02,0.0236,15.0,218,0.3838,0,2026-02-26 00:00:00,0
BID-004092,AUC-0751,VND-0168,285386.75,0.8872,0.523,50.0,3.81,0.0286,15.0,59,0.3633,0,2026-02-26 00:00:00,0
BID-004093,AUC-0751,VND-0617,276277.28,0.8588,0.607,50.0,4.02,0.0236,15.0,218,0.4098,0,2026-02-26 00:00:00,0
BID-004094,AUC-0751,VND-0513,271491.75,0.844,0.972,88.2,4.93,0.0017,3.5,209,0.6247,0,2026-02-26 00:00:00,0
BID-004095,AUC-0751,VND-0513,264208.94,0.8213,0.972,88.2,4.93,0.0017,3.5,209,0.6339,0,2026-02-26 00:00:00,1
BID-004096,AUC-0751,VND-0478,256542.92,0.7975,0.709,64.8,4.27,0.0174,10.6,112,0.4994,0,2026-02-26 00:00:00,0
BID-004097,AUC-0751,VND-0014,247385.64,0.769,0.6,59.5,4.0,0.024,12.2,66,0.4579,0,2026-02-26 00:00:00,0
BID-004098,AUC-0752,VND-0399,446912.88,0.9768,0.966,92.8,4.92,0.002,2.2,186,0.4723,0,2026-04-18 00:00:00,0
BID-004099,AUC-0752,VND-0615,430354.71,0.9406,0.992,82.3,4.98,0.001,5.3,64,0.4806,0,2026-04-18 00:00:00,0
BID-004100,AUC-0752,VND-0509,419385.64,0.9167,0.59,60.6,3.98,0.0246,11.8,157,0.36,0,2026-04-18 00:00:00,0
BID-004101,AUC-0752,VND-0007,405585.49,0.8865,0.916,76.8,4.79,0.005,7.0,189,0.4813,0,2026-04-18 00:00:00,0
BID-004102,AUC-0752,VND-0007,396586.68,0.8668,0.916,76.8,4.79,0.005,7.0,189,0.4915,0,2026-04-18 00:00:00,0
BID-004103,AUC-0752,VND-0007,381573.88,0.834,0.916,76.8,4.79,0.005,7.0,189,0.5086,0,2026-04-18 00:00:00,1
BID-004104,AUC-0753,VND-0014,296536.74,0.9561,0.6,59.5,4.0,0.024,12.2,66,0.5638,0,2026-05-04 00:00:00,0
BID-004105,AUC-0753,VND-0369,286798.45,0.9247,0.696,66.8,4.24,0.0182,10.0,205,0.6176,0,2026-05-04 00:00:00,0
BID-004106,AUC-0753,VND-0742,274426.7,0.8848,0.772,55.5,4.43,0.0137,13.4,130,0.6399,0,2026-05-04 00:00:00,0
BID-004107,AUC-0753,VND-0257,271038.27,0.8739,0.966,100.0,4.92,0.002,0.1,294,0.778,0,2026-05-04 00:00:00,0
BID-004108,AUC-0753,VND-0782,263746.39,0.8504,0.89,69.4,4.73,0.0066,9.2,21,0.7123,0,2026-05-04 00:00:00,0
BID-004109,AUC-0753,VND-0502,255358.57,0.8233,0.936,87.9,4.84,0.0038,3.6,71,0.7615,0,2026-05-04 00:00:00,0
BID-004110,AUC-0753,VND-0730,245830.69,0.7926,0.608,56.3,4.02,0.0235,13.1,234,0.6016,0,2026-05-04 00:00:00,0
BID-004111,AUC-0753,VND-0257,243079.95,0.7837,0.966,100.0,4.92,0.002,0.1,294,0.7996,0,2026-05-04 00:00:00,1
BID-004112,AUC-0754,VND-0419,418023.75,0.9541,0.957,77.5,4.89,0.0026,6.8,117,0.5651,0,2026-04-25 00:00:00,0
BID-004113,AUC-0754,VND-0245,405908.31,0.9265,0.975,96.7,4.94,0.0015,1.0,288,0.6228,0,2026-04-25 00:00:00,0
BID-004114,AUC-0754,VND-0187,392428.63,0.8957,0.547,54.9,3.87,0.0272,13.5,255,0.3929,0,2026-04-25 00:00:00,0
BID-004115,AUC-0754,VND-0213,376468.75,0.8593,0.529,50.0,3.82,0.0283,15.0,68,0.3903,0,2026-04-25 00:00:00,0
BID-004116,AUC-0754,VND-0103,360065.18,0.8219,0.803,57.6,4.51,0.0118,12.7,148,0.5196,0,2026-04-25 00:00:00,0
BID-004117,AUC-0754,VND-0245,346772.95,0.7915,0.975,96.7,4.94,0.0015,1.0,288,0.6754,0,2026-04-25 00:00:00,1
BID-004118,AUC-0754,VND-0103,331980.99,0.7578,0.803,57.6,4.51,0.0118,12.7,148,0.5446,0,2026-04-25 00:00:00,0
BID-004119,AUC-0755,VND-0487,347008.79,0.9514,0.866,66.8,4.67,0.008,10.0,273,0.5448,0,2026-03-20 00:00:00,0
BID-004120,AUC-0755,VND-0077,332814.54,0.9125,0.572,51.9,3.93,0.0257,14.4,95,0.4189,0,2026-03-20 00:00:00,0
BID-004121,AUC-0755,VND-0077,323314.0,0.8864,0.572,51.9,3.93,0.0257,14.4,95,0.4314,0,2026-03-20 00:00:00,0
BID-004122,AUC-0755,VND-0111,310542.61,0.8514,0.829,75.8,4.57,0.0103,7.3,221,0.5962,0,2026-03-20 00:00:00,0
BID-004123,AUC-0755,VND-0438,300805.32,0.8247,0.513,50.0,3.78,0.0292,15.0,54,0.4342,0,2026-03-20 00:00:00,0
BID-004124,AUC-0755,VND-0487,290448.64,0.7963,0.866,66.8,4.67,0.008,10.0,273,0.6192,0,2026-03-20 00:00:00,0
BID-004125,AUC-0755,VND-0077,282836.27,0.7754,0.572,51.9,3.93,0.0257,14.4,95,0.4847,0,2026-03-20 00:00:00,0
BID-004126,AUC-0755,VND-0487,278223.38,0.7628,0.866,66.8,4.67,0.008,10.0,273,0.6353,0,2026-03-20 00:00:00,1
BID-004127,AUC-0756,VND-0650,65695.99,0.9511,0.818,76.8,4.55,0.0109,7.0,168,0.642,0,2026-06-27 00:00:00,0
BID-004128,AUC-0756,VND-0668,63266.36,0.9159,0.987,94.8,4.97,0.001,1.6,289,0.7407,0,2026-06-27 00:00:00,0
BID-004129,AUC-0756,VND-0650,60210.24,0.8717,0.818,76.8,4.55,0.0109,7.0,168,0.6634,0,2026-06-27 00:00:00,0
BID-004130,AUC-0756,VND-0587,57953.35,0.839,0.816,64.1,4.54,0.011,10.8,245,0.6533,0,2026-06-27 00:00:00,0
BID-004131,AUC-0756,VND-0643,55768.9,0.8074,0.663,60.9,4.16,0.0202,11.7,299,0.5994,0,2026-06-27 00:00:00,0
BID-004132,AUC-0756,VND-0668,54581.52,0.7902,0.987,94.8,4.97,0.001,1.6,289,0.7746,0,2026-06-27 00:00:00,1
BID-004133,AUC-0756,VND-0643,52702.83,0.763,0.663,60.9,4.16,0.0202,11.7,299,0.6114,0,2026-06-27 00:00:00,0
BID-004134,AUC-0756,VND-0550,51227.91,0.7416,0.89,78.4,4.72,0.0066,6.5,54,0.7273,0,2026-06-27 00:00:00,0
BID-004135,AUC-0757,VND-0124,447644.07,0.9899,0.714,77.7,4.29,0.0172,6.7,69,0.4942,0,2026-01-22 00:00:00,0
BID-004136,AUC-0757,VND-0038,425329.3,0.9406,0.853,86.6,4.63,0.0088,4.0,172,0.5682,0,2026-01-22 00:00:00,0
BID-004137,AUC-0757,VND-0264,418312.96,0.9251,0.707,60.1,4.27,0.0176,12.0,161,0.4891,0,2026-01-22 00:00:00,0
BID-004138,AUC-0757,VND-0038,410247.88,0.9072,0.853,86.6,4.63,0.0088,4.0,172,0.5812,0,2026-01-22 00:00:00,0
BID-004139,AUC-0757,VND-0264,393961.06,0.8712,0.707,60.1,4.27,0.0176,12.0,161,0.5101,0,2026-01-22 00:00:00,0
BID-004140,AUC-0757,VND-0038,379641.54,0.8395,0.853,86.6,4.63,0.0088,4.0,172,0.6076,0,2026-01-22 00:00:00,1
BID-004141,AUC-0758,VND-0787,41338.79,0.9714,0.868,84.3,4.67,0.0079,4.7,279,0.6725,0,2026-04-22 00:00:00,0
BID-004142,AUC-0758,VND-0770,40740.79,0.9573,0.591,58.7,3.98,0.0246,12.4,48,0.5471,0,2026-04-22 00:00:00,0
BID-004143,AUC-0758,VND-0115,39515.31,0.9285,0.946,87.8,4.87,0.0032,3.7,179,0.7174,0,2026-04-22 00:00:00,0
BID-004144,AUC-0758,VND-0787,38509.46,0.9049,0.868,84.3,4.67,0.0079,4.7,279,0.6905,0,2026-04-22 00:00:00,0
BID-004145,AUC-0758,VND-0115,36655.08,0.8613,0.946,87.8,4.87,0.0032,3.7,179,0.7355,0,2026-04-22 00:00:00,1
BID-004146,AUC-0758,VND-0702,35315.96,0.8298,0.518,53.9,3.8,0.0289,13.8,224,0.5496,0,2026-04-22 00:00:00,0
BID-004147,AUC-0758,VND-0787,34477.22,0.8101,0.868,84.3,4.67,0.0079,4.7,279,0.7161,0,2026-04-22 00:00:00,0
BID-004148,AUC-0758,VND-0770,33332.72,0.7832,0.591,58.7,3.98,0.0246,12.4,48,0.5941,0,2026-04-22 00:00:00,0
BID-004149,AUC-0759,VND-0391,259134.82,0.9539,0.847,80.8,4.62,0.0092,5.8,85,0.6203,0,2026-05-02 00:00:00,0
BID-004150,AUC-0759,VND-0134,253137.74,0.9319,0.849,79.4,4.62,0.0091,6.2,178,0.6261,0,2026-05-02 00:00:00,0
BID-004151,AUC-0759,VND-0391,241093.63,0.8875,0.847,80.8,4.62,0.0092,5.8,85,0.6415,0,2026-05-02 00:00:00,0
BID-004152,AUC-0759,VND-0134,237579.08,0.8746,0.849,79.4,4.62,0.0091,6.2,178,0.6444,0,2026-05-02 00:00:00,0
BID-004153,AUC-0759,VND-0134,226299.63,0.8331,0.849,79.4,4.62,0.0091,6.2,178,0.6577,0,2026-05-02 00:00:00,1
BID-004154,AUC-0760,VND-0611,78751.68,0.9888,0.975,78.9,4.94,0.0015,6.3,262,0.6111,0,2026-06-21 00:00:00,0
BID-004155,AUC-0760,VND-0462,77865.1,0.9776,0.947,91.0,4.87,0.0032,2.7,170,0.6208,0,2026-06-21 00:00:00,1
BID-004156,AUC-0760,VND-0422,75671.61,0.9501,0.589,59.6,3.97,0.0247,12.1,197,0.4798,0,2026-06-21 00:00:00,0
BID-004157,AUC-0761,VND-0186,15093.95,0.9592,0.55,50.0,3.88,0.027,15.0,266,0.4699,0,2026-06-01 00:00:00,0
BID-004158,AUC-0761,VND-0186,14762.4,0.9381,0.55,50.0,3.88,0.027,15.0,266,0.4754,0,2026-06-01 00:00:00,0
BID-004159,AUC-0761,VND-0426,14422.13,0.9165,0.534,52.6,3.83,0.028,14.2,280,0.4762,0,2026-06-01 00:00:00,0
BID-004160,AUC-0761,VND-0179,13896.87,0.8831,0.513,50.0,3.78,0.0292,15.0,171,0.4715,0,2026-06-01 00:00:00,0
BID-004161,AUC-0761,VND-0179,13503.51,0.8581,0.513,50.0,3.78,0.0292,15.0,171,0.478,0,2026-06-01 00:00:00,0
BID-004162,AUC-0761,VND-0426,13094.27,0.8321,0.534,52.6,3.83,0.028,14.2,280,0.4981,0,2026-06-01 00:00:00,0
BID-004163,AUC-0761,VND-0426,12457.4,0.7916,0.534,52.6,3.83,0.028,14.2,280,0.5086,0,2026-06-01 00:00:00,0
BID-004164,AUC-0761,VND-0426,12241.21,0.7779,0.534,52.6,3.83,0.028,14.2,280,0.5122,0,2026-06-01 00:00:00,1
BID-004165,AUC-0762,VND-0528,208391.73,0.9612,0.999,90.1,5.0,0.001,3.0,218,0.6809,0,2026-01-25 00:00:00,1
BID-004166,AUC-0762,VND-0418,199150.98,0.9186,0.749,62.9,4.37,0.015,11.1,249,0.5381,0,2026-01-25 00:00:00,0
BID-004167,AUC-0762,VND-0198,190788.16,0.88,0.67,69.1,4.18,0.0198,9.3,255,0.5321,0,2026-01-25 00:00:00,0
BID-004168,AUC-0762,VND-0418,185889.38,0.8574,0.749,62.9,4.37,0.015,11.1,249,0.5571,0,2026-01-25 00:00:00,0
BID-004169,AUC-0762,VND-0381,179885.38,0.8297,0.576,50.4,3.94,0.0254,14.9,130,0.4711,0,2026-01-25 00:00:00,0
BID-004170,AUC-0762,VND-0315,177126.17,0.817,0.518,50.0,3.8,0.0289,15.0,145,0.4515,0,2026-01-25 00:00:00,0
BID-004171,AUC-0762,VND-0381,173653.73,0.801,0.576,50.4,3.94,0.0254,14.9,130,0.4801,0,2026-01-25 00:00:00,0
BID-004172,AUC-0763,VND-0602,151820.96,0.9822,0.511,50.0,3.78,0.0293,15.0,209,0.4257,0,2026-04-02 00:00:00,0
BID-004173,AUC-0763,VND-0531,148598.65,0.9614,0.937,95.2,4.84,0.0038,1.4,293,0.7505,0,2026-04-02 00:00:00,1
BID-004174,AUC-0763,VND-0035,145174.56,0.9392,0.537,59.1,3.84,0.0278,12.3,93,0.4765,0,2026-04-02 00:00:00,0
BID-004175,AUC-0763,VND-0602,140063.17,0.9061,0.511,50.0,3.78,0.0293,15.0,209,0.45,0,2026-04-02 00:00:00,0
BID-004176,AUC-0764,VND-0537,244852.65,0.9868,0.521,50.0,3.8,0.0287,15.0,220,0.4044,0,2026-05-11 00:00:00,0
BID-004177,AUC-0764,VND-0537,235197.77,0.9478,0.521,50.0,3.8,0.0287,15.0,220,0.4227,0,2026-05-11 00:00:00,0
BID-004178,AUC-0764,VND-0259,225220.62,0.9076,0.688,71.3,4.22,0.0187,8.6,248,0.5685,0,2026-05-11 00:00:00,0
BID-004179,AUC-0764,VND-0191,220281.47,0.8877,0.559,56.1,3.9,0.0265,13.2,170,0.4835,0,2026-05-11 00:00:00,0
BID-004180,AUC-0764,VND-0259,216184.68,0.8712,0.688,71.3,4.22,0.0187,8.6,248,0.5856,0,2026-05-11 00:00:00,0
BID-004181,AUC-0764,VND-0561,213862.27,0.8619,0.944,92.6,4.86,0.0033,2.2,224,0.7516,0,2026-05-11 00:00:00,1
BID-004182,AUC-0765,VND-0111,287760.38,0.9827,0.829,75.8,4.57,0.0103,7.3,221,0.6441,0,2026-05-17 00:00:00,0
BID-004183,AUC-0765,VND-0415,278323.27,0.9505,0.869,79.8,4.67,0.0079,6.1,83,0.6752,0,2026-05-17 00:00:00,1
BID-004184,AUC-0765,VND-0331,266378.54,0.9097,0.678,70.6,4.2,0.0193,8.8,181,0.6015,0,2026-05-17 00:00:00,0
BID-004185,AUC-0765,VND-0111,261051.77,0.8915,0.829,75.8,4.57,0.0103,7.3,221,0.666,0,2026-05-17 00:00:00,0
BID-004186,AUC-0766,VND-0614,30645.8,0.975,0.699,54.6,4.25,0.0181,13.6,235,0.4678,0,2026-05-19 00:00:00,0
BID-004187,AUC-0766,VND-0614,29304.18,0.9323,0.699,54.6,4.25,0.0181,13.6,235,0.4815,0,2026-05-19 00:00:00,0
BID-004188,AUC-0766,VND-0768,28649.71,0.9115,0.707,57.1,4.27,0.0176,12.9,119,0.4965,0,2026-05-19 00:00:00,0
BID-004189,AUC-0766,VND-0349,27956.55,0.8894,0.644,56.7,4.11,0.0213,13.0,173,0.4747,0,2026-05-19 00:00:00,0
BID-004190,AUC-0766,VND-0768,26822.52,0.8533,0.707,57.1,4.27,0.0176,12.9,119,0.5151,0,2026-05-19 00:00:00,1
BID-004191,AUC-0767,VND-0102,67379.56,0.9588,0.581,59.8,3.95,0.0252,12.1,289,0.4831,0,2026-04-05 00:00:00,0
BID-004192,AUC-0767,VND-0102,64873.93,0.9232,0.581,59.8,3.95,0.0252,12.1,289,0.4923,0,2026-04-05 00:00:00,0
BID-004193,AUC-0767,VND-0703,61957.96,0.8817,0.832,76.8,4.58,0.0101,7.0,242,0.6522,0,2026-04-05 00:00:00,0
BID-004194,AUC-0767,VND-0757,60664.34,0.8633,0.978,74.1,4.94,0.0013,7.8,215,0.7232,0,2026-04-05 00:00:00,1
BID-004195,AUC-0767,VND-0550,58730.88,0.8358,0.89,78.4,4.72,0.0066,6.5,54,0.6946,0,2026-04-05 00:00:00,0
BID-004196,AUC-0767,VND-0520,57315.99,0.8156,0.533,50.0,3.83,0.028,15.0,184,0.4813,0,2026-04-05 00:00:00,0
BID-004197,AUC-0768,VND-0444,269558.67,0.95,0.826,72.1,4.57,0.0104,8.4,246,0.4143,0,2026-02-17 00:00:00,0
BID-004198,AUC-0768,VND-0444,264374.29,0.9318,0.826,72.1,4.57,0.0104,8.4,246,0.4238,0,2026-02-17 00:00:00,0
BID-004199,AUC-0768,VND-0504,257699.8,0.9082,0.846,84.2,4.62,0.0092,4.7,256,0.4691,0,2026-02-17 00:00:00,1
BID-004200,AUC-0768,VND-0604,248893.48,0.8772,0.842,74.7,4.6,0.0095,7.6,266,0.4614,0,2026-02-17 00:00:00,0
BID-004201,AUC-0768,VND-0362,242345.07,0.8541,0.533,52.6,3.83,0.028,14.2,298,0.3586,0,2026-02-17 00:00:00,0
BID-004202,AUC-0768,VND-0378,238667.75,0.8412,0.57,62.5,3.92,0.0258,11.2,284,0.3965,0,2026-02-17 00:00:00,0
BID-004203,AUC-0769,VND-0660,171036.65,0.9601,0.541,50.0,3.85,0.0276,15.0,294,0.3509,0,2026-05-13 00:00:00,0
BID-004204,AUC-0769,VND-0760,168053.8,0.9433,0.622,70.1,4.05,0.0227,9.0,177,0.4272,0,2026-05-13 00:00:00,0
BID-004205,AUC-0769,VND-0734,165132.9,0.9269,0.989,89.2,4.97,0.001,3.2,23,0.5827,0,2026-05-13 00:00:00,0
BID-004206,AUC-0769,VND-0734,159758.31,0.8968,0.989,89.2,4.97,0.001,3.2,23,0.5953,0,2026-05-13 00:00:00,1
BID-004207,AUC-0770,VND-0040,355050.76,0.9667,0.679,58.0,4.2,0.0192,12.6,287,0.396,0,2026-05-01 00:00:00,0
BID-004208,AUC-0770,VND-0283,348814.03,0.9497,0.675,61.9,4.19,0.0195,11.4,267,0.4107,0,2026-05-01 00:00:00,0
BID-004209,AUC-0770,VND-0312,340066.4,0.9259,0.685,66.4,4.21,0.0189,10.1,297,0.4328,0,2026-05-01 00:00:00,0
BID-004210,AUC-0770,VND-0040,324305.26,0.883,0.679,58.0,4.2,0.0192,12.6,287,0.4345,0,2026-05-01 00:00:00,0
BID-004211,AUC-0770,VND-0040,312535.51,0.8509,0.679,58.0,4.2,0.0192,12.6,287,0.4493,0,2026-05-01 00:00:00,0
BID-004212,AUC-0770,VND-0283,302059.48,0.8224,0.675,61.9,4.19,0.0195,11.4,267,0.4692,0,2026-05-01 00:00:00,1
BID-004213,AUC-0771,VND-0343,318996.16,0.9678,0.965,90.5,4.91,0.0021,2.8,238,0.457,0,2026-03-16 00:00:00,0
BID-004214,AUC-0771,VND-0703,306745.23,0.9306,0.832,76.8,4.58,0.0101,7.0,242,0.4185,0,2026-03-16 00:00:00,0
BID-004215,AUC-0771,VND-0703,296181.97,0.8985,0.832,76.8,4.58,0.0101,7.0,242,0.4355,0,2026-03-16 00:00:00,0
BID-004216,AUC-0771,VND-0215,282363.72,0.8566,0.675,57.7,4.19,0.0195,12.7,296,0.3818,0,2026-03-16 00:00:00,0
BID-004217,AUC-0771,VND-0343,279400.52,0.8476,0.965,90.5,4.91,0.0021,2.8,238,0.5207,0,2026-03-16 00:00:00,1
BID-004218,AUC-0771,VND-0740,273845.37,0.8308,0.899,81.3,4.75,0.0061,5.6,134,0.4948,0,2026-03-16 00:00:00,0
BID-004219,AUC-0772,VND-0034,414545.94,0.9769,0.57,62.3,3.93,0.0258,11.3,167,0.5596,0,2026-01-31 00:00:00,0
BID-004220,AUC-0772,VND-0754,394215.81,0.929,0.79,70.0,4.48,0.0126,9.0,58,0.6626,0,2026-01-31 00:00:00,0
BID-004221,AUC-0772,VND-0034,387833.33,0.914,0.57,62.3,3.93,0.0258,11.3,167,0.5735,0,2026-01-31 00:00:00,0
BID-004222,AUC-0772,VND-0461,377711.64,0.8901,0.934,79.4,4.84,0.0039,6.2,115,0.7403,0,2026-01-31 00:00:00,1
BID-004223,AUC-0773,VND-0255,332834.27,0.9528,0.975,90.2,4.94,0.0015,2.9,251,0.6024,0,2026-06-26 00:00:00,1
BID-004224,AUC-0773,VND-0039,318321.68,0.9113,0.886,72.7,4.71,0.0069,8.2,55,0.542,0,2026-06-26 00:00:00,0
BID-004225,AUC-0773,VND-0005,302958.41,0.8673,0.801,74.5,4.5,0.012,7.6,294,0.5397,0,2026-06-26 00:00:00,0
BID-004226,AUC-0774,VND-0056,210199.73,0.9526,0.645,52.8,4.11,0.0213,14.2,53,0.3407,0,2026-03-17 00:00:00,0
BID-004227,AUC-0774,VND-0583,206267.09,0.9347,0.58,56.2,3.95,0.0252,13.1,290,0.3449,0,2026-03-17 00:00:00,0
BID-004228,AUC-0774,VND-0583,204066.77,0.9248,0.58,56.2,3.95,0.0252,13.1,290,0.3496,0,2026-03-17 00:00:00,0
BID-004229,AUC-0774,VND-0719,195401.88,0.8855,0.654,67.3,4.13,0.0208,9.8,84,0.4139,0,2026-03-17 00:00:00,0
BID-004230,AUC-0774,VND-0192,190935.79,0.8653,0.814,78.9,4.54,0.0111,6.3,228,0.4887,0,2026-03-17 00:00:00,1
BID-004231,AUC-0775,VND-0460,332318.16,0.9781,0.882,68.8,4.7,0.0071,9.4,280,0.469,0,2026-06-24 00:00:00,1
BID-004232,AUC-0775,VND-0354,325049.02,0.9567,0.661,69.4,4.15,0.0203,9.2,53,0.4169,0,2026-06-24 00:00:00,0
BID-004233,AUC-0775,VND-0707,317514.3,0.9345,0.635,51.2,4.09,0.0219,14.6,152,0.3983,0,2026-06-24 00:00:00,0
BID-004234,AUC-0775,VND-0354,313632.86,0.9231,0.661,69.4,4.15,0.0203,9.2,53,0.4327,0,2026-06-24 00:00:00,0
BID-004235,AUC-0775,VND-0354,307566.79,0.9053,0.661,69.4,4.15,0.0203,9.2,53,0.4411,0,2026-06-24 00:00:00,0
BID-004236,AUC-0776,VND-0598,138018.79,0.9523,0.523,54.5,3.81,0.0286,13.6,178,0.4624,0,2026-04-13 00:00:00,0
BID-004237,AUC-0776,VND-0598,131638.21,0.9082,0.523,54.5,3.81,0.0286,13.6,178,0.4761,0,2026-04-13 00:00:00,0
BID-004238,AUC-0776,VND-0441,129663.1,0.8946,0.616,60.3,4.04,0.0231,11.9,75,0.5197,0,2026-04-13 00:00:00,1
BID-004239,AUC-0777,VND-0555,152861.56,0.9548,0.848,71.2,4.62,0.0091,8.6,247,0.4624,0,2026-02-07 00:00:00,0
BID-004240,AUC-0777,VND-0765,148435.56,0.9272,0.902,82.3,4.75,0.0059,5.3,271,0.5083,0,2026-02-07 00:00:00,0
BID-004241,AUC-0777,VND-0654,145490.57,0.9088,0.857,83.7,4.64,0.0086,4.9,183,0.5027,0,2026-02-07 00:00:00,0
BID-004242,AUC-0777,VND-0793,141425.16,0.8834,0.994,81.1,4.98,0.001,5.7,140,0.561,0,2026-02-07 00:00:00,1
BID-004243,AUC-0777,VND-0319,137696.96,0.8601,0.766,68.6,4.42,0.014,9.4,183,0.4753,0,2026-02-07 00:00:00,0
BID-004244,AUC-0777,VND-0319,133170.2,0.8318,0.766,68.6,4.42,0.014,9.4,183,0.4889,0,2026-02-07 00:00:00,0
BID-004245,AUC-0777,VND-0369,131023.84,0.8184,0.696,66.8,4.24,0.0182,10.0,205,0.4679,0,2026-02-07 00:00:00,0
BID-004246,AUC-0778,VND-0651,381360.16,0.9616,0.516,53.7,3.79,0.0291,13.9,141,0.4067,0,2026-02-14 00:00:00,0
BID-004247,AUC-0778,VND-0256,374106.1,0.9433,0.807,68.8,4.52,0.0116,9.4,19,0.564,0,2026-02-14 00:00:00,0
BID-004248,AUC-0778,VND-0651,360538.79,0.9091,0.516,53.7,3.79,0.0291,13.9,141,0.4277,0,2026-02-14 00:00:00,0
BID-004249,AUC-0778,VND-0777,347408.31,0.876,0.91,94.7,4.77,0.0054,1.6,30,0.7014,0,2026-02-14 00:00:00,1
BID-004250,AUC-0778,VND-0256,332116.51,0.8374,0.807,68.8,4.52,0.0116,9.4,19,0.6063,0,2026-02-14 00:00:00,0
BID-004251,AUC-0779,VND-0064,220580.59,0.9643,0.909,87.9,4.77,0.0055,3.6,166,0.5369,0,2026-06-03 00:00:00,0
BID-004252,AUC-0779,VND-0013,213995.56,0.9355,0.728,68.2,4.32,0.0163,9.5,131,0.462,0,2026-06-03 00:00:00,0
BID-004253,AUC-0779,VND-0519,211323.96,0.9238,0.67,70.0,4.17,0.0198,9.0,130,0.4551,0,2026-06-03 00:00:00,0
BID-004254,AUC-0779,VND-0496,208482.4,0.9114,0.9,86.4,4.75,0.006,4.1,168,0.5544,0,2026-06-03 00:00:00,0
BID-004255,AUC-0779,VND-0064,198341.83,0.8671,0.909,87.9,4.77,0.0055,3.6,166,0.5787,0,2026-06-03 00:00:00,0
BID-004256,AUC-0779,VND-0064,190844.44,0.8343,0.909,87.9,4.77,0.0055,3.6,166,0.5928,0,2026-06-03 00:00:00,1
BID-004257,AUC-0780,VND-0143,394090.96,0.9823,0.789,60.0,4.47,0.0127,12.0,222,0.4361,0,2026-05-09 00:00:00,0
BID-004258,AUC-0780,VND-0143,389514.54,0.9709,0.789,60.0,4.47,0.0127,12.0,222,0.4412,0,2026-05-09 00:00:00,0
BID-004259,AUC-0780,VND-0574,374218.11,0.9327,0.899,84.1,4.75,0.0061,4.8,134,0.5276,0,2026-05-09 00:00:00,0
BID-004260,AUC-0780,VND-0574,357725.81,0.8916,0.899,84.1,4.75,0.0061,4.8,134,0.5461,0,2026-05-09 00:00:00,0
BID-004261,AUC-0780,VND-0574,350212.68,0.8729,0.899,84.1,4.75,0.0061,4.8,134,0.5545,0,2026-05-09 00:00:00,0
BID-004262,AUC-0780,VND-0143,342695.56,0.8542,0.789,60.0,4.47,0.0127,12.0,222,0.4937,0,2026-05-09 00:00:00,0
BID-004263,AUC-0780,VND-0590,328580.19,0.819,0.881,83.5,4.7,0.0072,5.0,126,0.5729,0,2026-05-09 00:00:00,1
BID-004264,AUC-0781,VND-0455,392561.53,0.9505,0.63,51.8,4.07,0.0222,14.5,253,0.3768,0,2026-04-03 00:00:00,0
BID-004265,AUC-0781,VND-0442,377772.51,0.9147,0.51,50.0,3.77,0.0294,15.0,124,0.3525,0,2026-04-03 00:00:00,0
BID-004266,AUC-0781,VND-0737,367745.84,0.8905,0.939,78.3,4.85,0.0036,6.5,155,0.5578,0,2026-04-03 00:00:00,1
BID-004267,AUC-0781,VND-0442,352633.07,0.8539,0.51,50.0,3.77,0.0294,15.0,124,0.3842,0,2026-04-03 00:00:00,0
BID-004268,AUC-0782,VND-0770,417586.39,0.9707,0.591,58.7,3.98,0.0246,12.4,48,0.4607,0,2026-05-12 00:00:00,0
BID-004269,AUC-0782,VND-0642,397358.28,0.9236,0.78,57.5,4.45,0.0132,12.8,82,0.568,0,2026-05-12 00:00:00,0
BID-004270,AUC-0782,VND-0476,379653.94,0.8825,0.8,72.0,4.5,0.012,8.4,211,0.6307,0,2026-05-12 00:00:00,0
BID-004271,AUC-0782,VND-0700,374665.94,0.8709,0.809,79.4,4.52,0.0115,6.2,198,0.6571,0,2026-05-12 00:00:00,0
BID-004272,AUC-0782,VND-0700,365171.5,0.8488,0.809,79.4,4.52,0.0115,6.2,198,0.6688,0,2026-05-12 00:00:00,1
BID-004273,AUC-0783,VND-0113,448199.29,0.9761,0.633,55.5,4.08,0.022,13.4,104,0.4614,0,2026-02-02 00:00:00,0
BID-004274,AUC-0783,VND-0498,442300.02,0.9633,0.68,52.5,4.2,0.0192,14.2,28,0.477,0,2026-02-02 00:00:00,0
BID-004275,AUC-0783,VND-0498,423586.12,0.9225,0.68,52.5,4.2,0.0192,14.2,28,0.4889,0,2026-02-02 00:00:00,1
BID-004276,AUC-0784,VND-0287,216769.05,0.98,0.698,66.4,4.25,0.0181,10.1,223,0.3571,0,2026-01-09 00:00:00,0
BID-004277,AUC-0784,VND-0413,213587.11,0.9657,0.769,81.8,4.42,0.0139,5.5,197,0.4107,0,2026-01-09 00:00:00,0
BID-004278,AUC-0784,VND-0704,211050.63,0.9542,0.922,91.7,4.81,0.0047,2.5,127,0.4771,0,2026-01-09 00:00:00,0
BID-004279,AUC-0784,VND-0704,202007.04,0.9133,0.922,91.7,4.81,0.0047,2.5,127,0.4979,0,2026-01-09 00:00:00,1
BID-004280,AUC-0784,VND-0458,199578.28,0.9023,0.776,64.7,4.44,0.0134,10.6,78,0.416,0,2026-01-09 00:00:00,0
BID-004281,AUC-0784,VND-0458,192889.75,0.8721,0.776,64.7,4.44,0.0134,10.6,78,0.4314,0,2026-01-09 00:00:00,0
BID-004282,AUC-0784,VND-0458,185430.13,0.8384,0.776,64.7,4.44,0.0134,10.6,78,0.4486,0,2026-01-09 00:00:00,0
BID-004283,AUC-0784,VND-0287,176953.84,0.8,0.698,66.4,4.25,0.0181,10.1,223,0.4489,0,2026-01-09 00:00:00,0
BID-004284,AUC-0785,VND-0267,163397.23,0.9829,0.998,92.4,5.0,0.001,2.3,173,0.7641,0,2026-06-24 00:00:00,0
BID-004285,AUC-0785,VND-0558,157312.49,0.9463,0.796,69.2,4.49,0.0122,9.2,126,0.6424,0,2026-06-24 00:00:00,0
BID-004286,AUC-0785,VND-0706,153262.29,0.9219,0.603,50.0,4.01,0.0238,15.0,268,0.5276,0,2026-06-24 00:00:00,0
BID-004287,AUC-0785,VND-0267,147026.47,0.8844,0.998,92.4,5.0,0.001,2.3,173,0.7867,0,2026-06-24 00:00:00,1
BID-004288,AUC-0786,VND-0385,284903.21,0.9649,0.671,64.6,4.18,0.0197,10.6,99,0.4963,0,2026-02-10 00:00:00,0
BID-004289,AUC-0786,VND-0675,274531.92,0.9297,0.994,75.4,4.98,0.001,7.4,271,0.6384,0,2026-02-10 00:00:00,0
BID-004290,AUC-0786,VND-0407,265851.38,0.9003,0.562,60.1,3.91,0.0263,12.0,88,0.4696,0,2026-02-10 00:00:00,0
BID-004291,AUC-0786,VND-0223,259027.06,0.8772,0.906,96.3,4.77,0.0056,1.1,96,0.6884,0,2026-02-10 00:00:00,0
BID-004292,AUC-0786,VND-0223,250136.42,0.8471,0.906,96.3,4.77,0.0056,1.1,96,0.6977,0,2026-02-10 00:00:00,1
BID-004293,AUC-0786,VND-0758,246729.13,0.8356,0.598,50.0,3.99,0.0241,15.0,137,0.4712,0,2026-02-10 00:00:00,0
BID-004294,AUC-0786,VND-0558,241473.95,0.8178,0.796,69.2,4.49,0.0122,9.2,126,0.5939,0,2026-02-10 00:00:00,0
BID-004295,AUC-0786,VND-0558,232208.17,0.7864,0.796,69.2,4.49,0.0122,9.2,126,0.6037,0,2026-02-10 00:00:00,0
BID-004296,AUC-0787,VND-0717,189529.83,0.9878,0.744,69.7,4.36,0.0153,9.1,164,0.4002,0,2026-06-20 00:00:00,0
BID-004297,AUC-0787,VND-0717,183048.66,0.954,0.744,69.7,4.36,0.0153,9.1,164,0.4184,0,2026-06-20 00:00:00,0
BID-004298,AUC-0787,VND-0379,179021.73,0.933,0.81,73.5,4.53,0.0114,8.0,200,0.4572,0,2026-06-20 00:00:00,0
BID-004299,AUC-0787,VND-0245,173628.61,0.9049,0.975,96.7,4.94,0.0015,1.0,288,0.5586,0,2026-06-20 00:00:00,1
BID-004300,AUC-0788,VND-0058,289392.6,0.9503,0.817,86.2,4.54,0.011,4.1,62,0.6079,0,2026-02-22 00:00:00,0
BID-004301,AUC-0788,VND-0746,279592.83,0.9181,0.619,58.8,4.05,0.0229,12.4,85,0.4778,0,2026-02-22 00:00:00,0
BID-004302,AUC-0788,VND-0746,265847.51,0.873,0.619,58.8,4.05,0.0229,12.4,85,0.4994,0,2026-02-22 00:00:00,0
BID-004303,AUC-0788,VND-0061,256814.17,0.8433,0.904,96.6,4.76,0.0058,1.0,150,0.7193,0,2026-02-22 00:00:00,0
BID-004304,AUC-0788,VND-0061,248690.09,0.8166,0.904,96.6,4.76,0.0058,1.0,150,0.7321,0,2026-02-22 00:00:00,0
BID-004305,AUC-0788,VND-0707,237592.02,0.7802,0.635,51.2,4.09,0.0219,14.6,152,0.5312,0,2026-02-22 00:00:00,0
BID-004306,AUC-0788,VND-0061,234342.95,0.7695,0.904,96.6,4.76,0.0058,1.0,150,0.7547,0,2026-02-22 00:00:00,1
BID-004307,AUC-0789,VND-0171,347300.26,0.9763,0.746,64.3,4.36,0.0153,10.7,123,0.4518,0,2026-05-20 00:00:00,0
BID-004308,AUC-0789,VND-0290,340479.72,0.9571,0.746,61.5,4.37,0.0152,11.5,198,0.4535,0,2026-05-20 00:00:00,0
BID-004309,AUC-0789,VND-0412,335557.22,0.9433,0.667,59.1,4.17,0.02,12.3,213,0.4299,0,2026-05-20 00:00:00,0
BID-004310,AUC-0789,VND-0290,331767.46,0.9326,0.746,61.5,4.37,0.0152,11.5,198,0.4648,0,2026-05-20 00:00:00,0
BID-004311,AUC-0789,VND-0523,317850.21,0.8935,0.943,87.6,4.86,0.0034,3.7,117,0.6097,0,2026-05-20 00:00:00,1
BID-004312,AUC-0789,VND-0409,312806.05,0.8793,0.796,71.5,4.49,0.0123,8.5,58,0.5302,0,2026-05-20 00:00:00,0
BID-004313,AUC-0789,VND-0511,306851.6,0.8626,0.849,68.8,4.62,0.0091,9.4,265,0.5467,0,2026-05-20 00:00:00,0
BID-004314,AUC-0790,VND-0479,337173.32,0.9708,0.759,64.2,4.4,0.0144,10.7,254,0.3641,0,2026-04-22 00:00:00,0
BID-004315,AUC-0790,VND-0393,320873.28,0.9239,0.591,64.0,3.98,0.0246,10.8,279,0.3363,0,2026-04-22 00:00:00,0
BID-004316,AUC-0790,VND-0667,306581.03,0.8827,0.614,67.7,4.04,0.0231,9.7,293,0.3695,0,2026-04-22 00:00:00,0
BID-004317,AUC-0790,VND-0393,292579.94,0.8424,0.591,64.0,3.98,0.0246,10.8,279,0.3803,0,2026-04-22 00:00:00,0
BID-004318,AUC-0790,VND-0704,288043.93,0.8293,0.922,91.7,4.81,0.0047,2.5,127,0.5194,0,2026-04-22 00:00:00,1
BID-004319,AUC-0791,VND-0282,185950.73,0.9608,0.568,50.0,3.92,0.0259,15.0,74,0.3476,0,2026-04-25 00:00:00,0
BID-004320,AUC-0791,VND-0086,180958.14,0.935,0.839,64.6,4.6,0.0097,10.6,233,0.4695,0,2026-04-25 00:00:00,1
BID-004321,AUC-0791,VND-0689,173329.63,0.8956,0.723,63.2,4.31,0.0166,11.0,181,0.4493,0,2026-04-25 00:00:00,0
BID-004322,AUC-0791,VND-0392,170679.27,0.8819,0.626,56.5,4.06,0.0224,13.0,205,0.4126,0,2026-04-25 00:00:00,0
BID-004323,AUC-0791,VND-0392,167744.94,0.8668,0.626,56.5,4.06,0.0224,13.0,205,0.4193,0,2026-04-25 00:00:00,0
BID-004324,AUC-0791,VND-0282,161349.68,0.8337,0.568,50.0,3.92,0.0259,15.0,74,0.4036,0,2026-04-25 00:00:00,0
BID-004325,AUC-0791,VND-0392,153780.13,0.7946,0.626,56.5,4.06,0.0224,13.0,205,0.4511,0,2026-04-25 00:00:00,0
BID-004326,AUC-0792,VND-0340,89738.32,0.978,0.985,93.7,4.96,0.001,1.9,235,0.7696,0,2026-02-13 00:00:00,0
BID-004327,AUC-0792,VND-0008,87498.56,0.9535,0.591,54.1,3.98,0.0245,13.8,187,0.5703,0,2026-02-13 00:00:00,0
BID-004328,AUC-0792,VND-0340,83448.37,0.9094,0.985,93.7,4.96,0.001,1.9,235,0.7847,0,2026-02-13 00:00:00,1
BID-004329,AUC-0792,VND-0193,81892.62,0.8925,0.868,87.1,4.67,0.0079,3.9,282,0.7355,0,2026-02-13 00:00:00,0
BID-004330,AUC-0792,VND-0735,79380.36,0.8651,0.935,88.3,4.84,0.0039,3.5,248,0.7683,0,2026-02-13 00:00:00,0
BID-004331,AUC-0792,VND-0193,77536.69,0.845,0.868,87.1,4.67,0.0079,3.9,282,0.7459,0,2026-02-13 00:00:00,0
BID-004332,AUC-0792,VND-0193,75541.3,0.8232,0.868,87.1,4.67,0.0079,3.9,282,0.7507,0,2026-02-13 00:00:00,0
BID-004333,AUC-0792,VND-0193,73588.62,0.802,0.868,87.1,4.67,0.0079,3.9,282,0.7554,0,2026-02-13 00:00:00,0
BID-004334,AUC-0793,VND-0098,210909.27,0.9545,0.67,58.4,4.17,0.0198,12.5,117,0.3929,0,2026-05-06 00:00:00,0
BID-004335,AUC-0793,VND-0425,203342.02,0.9203,0.751,68.9,4.38,0.0149,9.3,110,0.4487,0,2026-05-06 00:00:00,0
BID-004336,AUC-0793,VND-0027,199145.19,0.9013,0.97,94.1,4.92,0.0018,1.8,96,0.5578,0,2026-05-06 00:00:00,1
BID-004337,AUC-0793,VND-0425,192184.31,0.8698,0.751,68.9,4.38,0.0149,9.3,110,0.4725,0,2026-05-06 00:00:00,0
BID-004338,AUC-0793,VND-0098,189334.73,0.8569,0.67,58.4,4.17,0.0198,12.5,117,0.4388,0,2026-05-06 00:00:00,0
BID-004339,AUC-0793,VND-0008,182998.52,0.8282,0.591,54.1,3.98,0.0245,13.8,187,0.4255,0,2026-05-06 00:00:00,0
BID-004340,AUC-0793,VND-0098,180302.84,0.816,0.67,58.4,4.17,0.0198,12.5,117,0.458,0,2026-05-06 00:00:00,0
BID-004341,AUC-0793,VND-0008,178076.44,0.8059,0.591,54.1,3.98,0.0245,13.8,187,0.4359,0,2026-05-06 00:00:00,0
BID-004342,AUC-0794,VND-0052,76872.58,0.9625,0.657,60.0,4.14,0.0206,12.0,231,0.5097,0,2026-05-03 00:00:00,0
BID-004343,AUC-0794,VND-0457,73776.22,0.9237,0.812,74.2,4.53,0.0113,7.7,81,0.6147,0,2026-05-03 00:00:00,0
BID-004344,AUC-0794,VND-0457,70984.2,0.8887,0.812,74.2,4.53,0.0113,7.7,81,0.6241,0,2026-05-03 00:00:00,0
BID-004345,AUC-0794,VND-0104,69617.71,0.8716,0.551,50.0,3.88,0.027,15.0,237,0.4691,0,2026-05-03 00:00:00,0
BID-004346,AUC-0794,VND-0472,67321.78,0.8429,0.826,86.3,4.56,0.0105,4.1,178,0.6719,0,2026-05-03 00:00:00,1
BID-004347,AUC-0795,VND-0517,440918.74,0.9883,0.615,50.6,4.04,0.0231,14.8,154,0.4857,0,2026-03-10 00:00:00,0
BID-004348,AUC-0795,VND-0517,430357.55,0.9646,0.615,50.6,4.04,0.0231,14.8,154,0.4928,0,2026-03-10 00:00:00,0
BID-004349,AUC-0795,VND-0517,409968.16,0.9189,0.615,50.6,4.04,0.0231,14.8,154,0.5065,0,2026-03-10 00:00:00,0
BID-004350,AUC-0795,VND-0034,401641.06,0.9002,0.57,62.3,3.93,0.0258,11.3,167,0.506,0,2026-03-10 00:00:00,0
BID-004351,AUC-0795,VND-0034,381856.51,0.8559,0.57,62.3,3.93,0.0258,11.3,167,0.5193,0,2026-03-10 00:00:00,0
BID-004352,AUC-0795,VND-0644,363499.61,0.8148,0.544,50.0,3.86,0.0274,15.0,196,0.5068,0,2026-03-10 00:00:00,0
BID-004353,AUC-0795,VND-0363,355226.02,0.7962,0.787,83.3,4.47,0.0128,5.0,245,0.6524,0,2026-03-10 00:00:00,1
BID-004354,AUC-0796,VND-0562,173157.8,0.9648,0.931,94.7,4.83,0.0041,1.6,230,0.5944,0,2026-03-15 00:00:00,0
BID-004355,AUC-0796,VND-0622,166450.6,0.9274,0.885,90.7,4.71,0.0069,2.8,57,0.5897,0,2026-03-15 00:00:00,0
BID-004356,AUC-0796,VND-0513,162470.02,0.9052,0.972,88.2,4.93,0.0017,3.5,209,0.6175,0,2026-03-15 00:00:00,0
BID-004357,AUC-0796,VND-0173,157404.91,0.877,0.699,70.9,4.25,0.018,8.7,58,0.5083,0,2026-03-15 00:00:00,0
BID-004358,AUC-0796,VND-0260,150250.44,0.8371,0.994,83.9,4.98,0.001,4.8,262,0.6463,0,2026-03-15 00:00:00,0
BID-004359,AUC-0796,VND-0260,144167.77,0.8033,0.994,83.9,4.98,0.001,4.8,262,0.6639,0,2026-03-15 00:00:00,0
BID-004360,AUC-0796,VND-0513,137072.69,0.7637,0.972,88.2,4.93,0.0017,3.5,209,0.6911,0,2026-03-15 00:00:00,1
BID-004361,AUC-0797,VND-0398,82715.32,0.9653,0.509,58.5,3.77,0.0295,12.4,206,0.5167,0,2026-02-03 00:00:00,0
BID-004362,AUC-0797,VND-0203,80846.3,0.9435,0.66,64.8,4.15,0.0204,10.6,45,0.5841,0,2026-02-03 00:00:00,1
BID-004363,AUC-0797,VND-0398,78809.34,0.9198,0.509,58.5,3.77,0.0295,12.4,206,0.5272,0,2026-02-03 00:00:00,0
BID-004364,AUC-0798,VND-0093,21757.78,0.9683,0.629,57.6,4.07,0.0223,12.7,136,0.3721,0,2026-06-11 00:00:00,0
BID-004365,AUC-0798,VND-0641,21150.62,0.9413,0.809,74.0,4.52,0.0115,7.8,172,0.4746,0,2026-06-11 00:00:00,0
BID-004366,AUC-0798,VND-0093,20559.32,0.915,0.629,57.6,4.07,0.0223,12.7,136,0.395,0,2026-06-11 00:00:00,0
BID-004367,AUC-0798,VND-0324,19730.56,0.8781,0.797,75.1,4.49,0.0122,7.5,157,0.5019,0,2026-06-11 00:00:00,1
BID-004368,AUC-0799,VND-0045,322261.23,0.9872,0.944,83.5,4.86,0.0034,5.0,141,0.5148,0,2026-04-03 00:00:00,0
BID-004369,AUC-0799,VND-0165,310261.57,0.9504,0.71,56.5,4.27,0.0174,13.0,282,0.4149,0,2026-04-03 00:00:00,0
BID-004370,AUC-0799,VND-0045,301683.23,0.9241,0.944,83.5,4.86,0.0034,5.0,141,0.5426,0,2026-04-03 00:00:00,0
BID-004371,AUC-0799,VND-0393,289907.49,0.8881,0.591,64.0,3.98,0.0246,10.8,279,0.4325,0,2026-04-03 00:00:00,0
BID-004372,AUC-0799,VND-0045,282101.32,0.8641,0.944,83.5,4.86,0.0034,5.0,141,0.5689,0,2026-04-03 00:00:00,1
BID-004373,AUC-0800,VND-0288,311491.03,0.9671,0.931,91.2,4.83,0.0041,2.6,204,0.5611,0,2026-03-03 00:00:00,0
BID-004374,AUC-0800,VND-0028,306769.46,0.9525,0.799,83.3,4.5,0.0121,5.0,212,0.5195,0,2026-03-03 00:00:00,0
BID-004375,AUC-0800,VND-0028,299993.27,0.9314,0.799,83.3,4.5,0.0121,5.0,212,0.5283,0,2026-03-03 00:00:00,0
BID-004376,AUC-0800,VND-0424,294049.86,0.913,0.543,57.4,3.86,0.0274,12.8,219,0.4255,0,2026-03-03 00:00:00,0
BID-004377,AUC-0800,VND-0028,287491.48,0.8926,0.799,83.3,4.5,0.0121,5.0,212,0.5446,0,2026-03-03 00:00:00,0
BID-004378,AUC-0800,VND-0028,283965.52,0.8817,0.799,83.3,4.5,0.0121,5.0,212,0.5492,0,2026-03-03 00:00:00,0
BID-004379,AUC-0800,VND-0288,270123.58,0.8387,0.931,91.2,4.83,0.0041,2.6,204,0.615,0,2026-03-03 00:00:00,1
BID-004380,AUC-0801,VND-0657,172867.64,0.9772,0.774,82.2,4.43,0.0136,5.3,178,0.5103,0,2026-03-21 00:00:00,0
BID-004381,AUC-0801,VND-0586,170287.7,0.9626,0.808,83.5,4.52,0.0115,5.0,145,0.5308,0,2026-03-21 00:00:00,0
BID-004382,AUC-0801,VND-0325,163418.49,0.9238,0.895,79.8,4.74,0.0063,6.1,300,0.5752,0,2026-03-21 00:00:00,1
BID-004383,AUC-0801,VND-0416,157618.93,0.891,0.612,54.3,4.03,0.0233,13.7,104,0.4483,0,2026-03-21 00:00:00,0
BID-004384,AUC-0801,VND-0416,153534.34,0.8679,0.612,54.3,4.03,0.0233,13.7,104,0.4573,0,2026-03-21 00:00:00,0
BID-004385,AUC-0801,VND-0579,146793.49,0.8298,0.579,58.1,3.95,0.0252,12.6,300,0.4641,0,2026-03-21 00:00:00,0
BID-004386,AUC-0801,VND-0301,141915.62,0.8023,0.584,50.0,3.96,0.0249,15.0,230,0.467,0,2026-03-21 00:00:00,0
BID-004387,AUC-0802,VND-0197,43590.98,0.9657,0.686,65.9,4.22,0.0188,10.2,297,0.4698,0,2026-01-11 00:00:00,0
BID-004388,AUC-0802,VND-0149,42061.46,0.9318,0.885,70.3,4.71,0.0069,8.9,230,0.5513,0,2026-01-11 00:00:00,0
BID-004389,AUC-0802,VND-0223,40866.9,0.9054,0.906,96.3,4.77,0.0056,1.1,96,0.5954,0,2026-01-11 00:00:00,0
BID-004390,AUC-0802,VND-0223,38897.37,0.8617,0.906,96.3,4.77,0.0056,1.1,96,0.6133,0,2026-01-11 00:00:00,1
BID-004391,AUC-0802,VND-0149,37440.02,0.8294,0.885,70.3,4.71,0.0069,8.9,230,0.5933,0,2026-01-11 00:00:00,0
BID-004392,AUC-0803,VND-0735,201467.09,0.9561,0.935,88.3,4.84,0.0039,3.5,248,0.6066,0,2026-03-11 00:00:00,0
BID-004393,AUC-0803,VND-0764,195084.12,0.9258,0.642,51.1,4.11,0.0215,14.7,45,0.426,0,2026-03-11 00:00:00,0
BID-004394,AUC-0803,VND-0153,186457.2,0.8849,0.863,93.2,4.66,0.0082,2.0,93,0.6255,0,2026-03-11 00:00:00,0
BID-004395,AUC-0803,VND-0764,180388.67,0.8561,0.642,51.1,4.11,0.0215,14.7,45,0.4553,0,2026-03-11 00:00:00,0
BID-004396,AUC-0803,VND-0153,178400.55,0.8466,0.863,93.2,4.66,0.0082,2.0,93,0.6416,0,2026-03-11 00:00:00,0
BID-004397,AUC-0803,VND-0204,173530.31,0.8235,0.695,54.8,4.24,0.0183,13.6,162,0.496,0,2026-03-11 00:00:00,0
BID-004398,AUC-0803,VND-0153,170288.66,0.8081,0.863,93.2,4.66,0.0082,2.0,93,0.6577,0,2026-03-11 00:00:00,0
BID-004399,AUC-0803,VND-0153,163884.43,0.7777,0.863,93.2,4.66,0.0082,2.0,93,0.6705,0,2026-03-11 00:00:00,1
BID-004400,AUC-0804,VND-0643,159187.64,0.9796,0.663,60.9,4.16,0.0202,11.7,299,0.3566,0,2026-04-08 00:00:00,0
BID-004401,AUC-0804,VND-0215,152065.1,0.9358,0.675,57.7,4.19,0.0195,12.7,296,0.3794,0,2026-04-08 00:00:00,0
BID-004402,AUC-0804,VND-0215,148584.87,0.9144,0.675,57.7,4.19,0.0195,12.7,296,0.3901,0,2026-04-08 00:00:00,0
BID-004403,AUC-0804,VND-0215,142252.32,0.8754,0.675,57.7,4.19,0.0195,12.7,296,0.4096,0,2026-04-08 00:00:00,0
BID-004404,AUC-0804,VND-0573,138689.97,0.8535,0.634,67.5,4.08,0.022,9.8,39,0.4162,0,2026-04-08 00:00:00,0
BID-004405,AUC-0804,VND-0215,135870.2,0.8361,0.675,57.7,4.19,0.0195,12.7,296,0.4292,0,2026-04-08 00:00:00,1
BID-004406,AUC-0805,VND-0637,326511.6,0.9553,0.89,67.6,4.72,0.0066,9.7,209,0.4625,0,2026-05-07 00:00:00,0
BID-004407,AUC-0805,VND-0125,321408.99,0.9404,0.982,94.8,4.95,0.0011,1.6,280,0.5673,0,2026-05-07 00:00:00,1
BID-004408,AUC-0805,VND-0792,315131.25,0.922,0.797,77.0,4.49,0.0122,6.9,115,0.4812,0,2026-05-07 00:00:00,0
BID-004409,AUC-0805,VND-0792,311706.51,0.912,0.797,77.0,4.49,0.0122,6.9,115,0.4856,0,2026-05-07 00:00:00,0
BID-004410,AUC-0805,VND-0434,305455.4,0.8937,0.578,50.0,3.94,0.0253,15.0,30,0.3654,0,2026-05-07 00:00:00,0
BID-004411,AUC-0805,VND-0434,301603.5,0.8824,0.578,50.0,3.94,0.0253,15.0,30,0.3704,0,2026-05-07 00:00:00,0
BID-004412,AUC-0805,VND-0637,296308.56,0.8669,0.89,67.6,4.72,0.0066,9.7,209,0.5013,0,2026-05-07 00:00:00,0
BID-004413,AUC-0805,VND-0194,283882.85,0.8306,0.641,51.1,4.1,0.0215,14.7,234,0.4114,0,2026-05-07 00:00:00,0
BID-004414,AUC-0806,VND-0162,292846.95,0.9544,0.83,68.6,4.58,0.0102,9.4,274,0.5541,0,2026-02-13 00:00:00,0
BID-004415,AUC-0806,VND-0267,280550.95,0.9143,0.998,92.4,5.0,0.001,2.3,173,0.6789,0,2026-02-13 00:00:00,1
BID-004416,AUC-0806,VND-0100,274026.46,0.8931,0.944,89.3,4.86,0.0034,3.2,183,0.6612,0,2026-02-13 00:00:00,0
BID-004417,AUC-0806,VND-0519,261837.57,0.8534,0.67,70.0,4.17,0.0198,9.0,130,0.5409,0,2026-02-13 00:00:00,0
BID-004418,AUC-0806,VND-0519,250392.74,0.8161,0.67,70.0,4.17,0.0198,9.0,130,0.5532,0,2026-02-13 00:00:00,0
BID-004419,AUC-0806,VND-0519,246618.44,0.8038,0.67,70.0,4.17,0.0198,9.0,130,0.5572,0,2026-02-13 00:00:00,0
BID-004420,AUC-0806,VND-0633,243584.26,0.7939,0.506,50.0,3.76,0.0297,15.0,238,0.4597,0,2026-02-13 00:00:00,0
BID-004421,AUC-0807,VND-0505,179524.77,0.9516,0.625,59.9,4.06,0.0225,12.0,85,0.4259,0,2026-05-09 00:00:00,0
BID-004422,AUC-0807,VND-0308,177518.01,0.941,0.937,91.2,4.84,0.0038,2.6,155,0.5941,0,2026-05-09 00:00:00,0
BID-004423,AUC-0807,VND-0517,169832.62,0.9002,0.615,50.6,4.04,0.0231,14.8,154,0.4218,0,2026-05-09 00:00:00,0
BID-004424,AUC-0807,VND-0041,166202.65,0.881,0.932,88.6,4.83,0.0041,3.4,296,0.6101,0,2026-05-09 00:00:00,1
BID-004425,AUC-0808,VND-0572,111332.48,0.9535,0.839,73.5,4.6,0.0097,8.0,32,0.6313,0,2026-03-16 00:00:00,0
BID-004426,AUC-0808,VND-0169,108217.84,0.9268,0.928,86.3,4.82,0.0043,4.1,252,0.71,0,2026-03-16 00:00:00,0
BID-004427,AUC-0808,VND-0169,106190.51,0.9094,0.928,86.3,4.82,0.0043,4.1,252,0.7141,0,2026-03-16 00:00:00,1
BID-004428,AUC-0808,VND-0208,103369.38,0.8853,0.816,68.6,4.54,0.011,9.4,25,0.6246,0,2026-03-16 00:00:00,0
BID-004429,AUC-0808,VND-0684,99441.99,0.8516,0.858,90.6,4.64,0.0085,2.8,109,0.7098,0,2026-03-16 00:00:00,0
BID-004430,AUC-0808,VND-0208,94649.12,0.8106,0.816,68.6,4.54,0.011,9.4,25,0.6425,0,2026-03-16 00:00:00,0
BID-004431,AUC-0809,VND-0481,488161.32,0.9879,0.541,51.9,3.85,0.0275,14.4,138,0.4819,0,2026-02-28 00:00:00,0
BID-004432,AUC-0809,VND-0048,467705.99,0.9465,0.885,83.3,4.71,0.0069,5.0,51,0.6963,0,2026-02-28 00:00:00,0
BID-004433,AUC-0809,VND-0481,451535.28,0.9138,0.541,51.9,3.85,0.0275,14.4,138,0.4989,0,2026-02-28 00:00:00,0
BID-004434,AUC-0809,VND-0723,435751.33,0.8818,0.934,74.1,4.84,0.004,7.8,87,0.7025,0,2026-02-28 00:00:00,0
BID-004435,AUC-0809,VND-0245,426090.97,0.8623,0.975,96.7,4.94,0.0015,1.0,288,0.7841,0,2026-02-28 00:00:00,1
BID-004436,AUC-0809,VND-0015,416927.22,0.8437,0.796,63.2,4.49,0.0122,11.0,201,0.6335,0,2026-02-28 00:00:00,0
BID-004437,AUC-0809,VND-0015,399014.5,0.8075,0.796,63.2,4.49,0.0122,11.0,201,0.6419,0,2026-02-28 00:00:00,0
BID-004438,AUC-0810,VND-0434,223856.04,0.963,0.578,50.0,3.94,0.0253,15.0,30,0.4524,0,2026-06-02 00:00:00,0
BID-004439,AUC-0810,VND-0091,217379.95,0.9351,0.671,56.0,4.18,0.0198,13.2,67,0.5131,0,2026-06-02 00:00:00,0
BID-004440,AUC-0810,VND-0034,210803.43,0.9068,0.57,62.3,3.93,0.0258,11.3,167,0.498,0,2026-06-02 00:00:00,0
BID-004441,AUC-0810,VND-0091,204871.9,0.8813,0.671,56.0,4.18,0.0198,13.2,67,0.5266,0,2026-06-02 00:00:00,0
BID-004442,AUC-0810,VND-0637,199780.83,0.8594,0.89,67.6,4.72,0.0066,9.7,209,0.6508,0,2026-06-02 00:00:00,1
BID-004443,AUC-0811,VND-0065,341130.06,0.9824,0.503,50.0,3.76,0.0298,15.0,292,0.3798,0,2026-04-21 00:00:00,0
BID-004444,AUC-0811,VND-0037,329063.71,0.9476,0.503,50.3,3.76,0.0298,14.9,24,0.3935,0,2026-04-21 00:00:00,0
BID-004445,AUC-0811,VND-0065,314150.04,0.9047,0.503,50.0,3.76,0.0298,15.0,292,0.4086,0,2026-04-21 00:00:00,0
BID-004446,AUC-0811,VND-0037,299122.8,0.8614,0.503,50.3,3.76,0.0298,14.9,24,0.4254,0,2026-04-21 00:00:00,1
BID-004447,AUC-0812,VND-0349,77752.6,0.9858,0.644,56.7,4.11,0.0213,13.0,173,0.3898,0,2026-05-11 00:00:00,0
BID-004448,AUC-0812,VND-0349,73924.25,0.9373,0.644,56.7,4.11,0.0213,13.0,173,0.4102,0,2026-05-11 00:00:00,0
BID-004449,AUC-0812,VND-0388,70971.53,0.8998,0.899,69.9,4.75,0.0061,9.0,255,0.5451,0,2026-05-11 00:00:00,1
BID-004450,AUC-0812,VND-0537,68251.71,0.8654,0.521,50.0,3.8,0.0287,15.0,220,0.3825,0,2026-05-11 00:00:00,0
BID-004451,AUC-0812,VND-0209,66865.69,0.8478,0.647,59.6,4.12,0.0212,12.1,35,0.4525,0,2026-05-11 00:00:00,0
BID-004452,AUC-0812,VND-0537,65054.3,0.8248,0.521,50.0,3.8,0.0287,15.0,220,0.3995,0,2026-05-11 00:00:00,0
BID-004453,AUC-0812,VND-0236,62285.93,0.7897,0.506,51.5,3.77,0.0296,14.6,137,0.4102,0,2026-05-11 00:00:00,0
BID-004454,AUC-0813,VND-0235,244042.12,0.9843,0.612,65.3,4.03,0.0233,10.4,248,0.4119,0,2026-02-22 00:00:00,0
BID-004455,AUC-0813,VND-0557,234035.63,0.9439,0.612,60.4,4.03,0.0233,11.9,26,0.4144,0,2026-02-22 00:00:00,0
BID-004456,AUC-0813,VND-0557,228918.69,0.9233,0.612,60.4,4.03,0.0233,11.9,26,0.4224,0,2026-02-22 00:00:00,0
BID-004457,AUC-0813,VND-0235,225422.75,0.9092,0.612,65.3,4.03,0.0233,10.4,248,0.4411,0,2026-02-22 00:00:00,0
BID-004458,AUC-0813,VND-0235,214373.8,0.8646,0.612,65.3,4.03,0.0233,10.4,248,0.4585,0,2026-02-22 00:00:00,0
BID-004459,AUC-0813,VND-0453,204571.01,0.8251,0.711,72.9,4.28,0.0174,8.1,225,0.5227,0,2026-02-22 00:00:00,1
BID-004460,AUC-0813,VND-0720,201455.29,0.8125,0.601,57.9,4.0,0.0239,12.6,45,0.4557,0,2026-02-22 00:00:00,0
BID-004461,AUC-0813,VND-0235,193650.1,0.781,0.612,65.3,4.03,0.0233,10.4,248,0.4911,0,2026-02-22 00:00:00,0
BID-004462,AUC-0814,VND-0043,22729.58,0.9675,0.655,59.6,4.14,0.0207,12.1,117,0.3716,0,2026-06-22 00:00:00,0
BID-004463,AUC-0814,VND-0674,22295.01,0.949,0.673,60.2,4.18,0.0196,11.9,128,0.3855,0,2026-06-22 00:00:00,0
BID-004464,AUC-0814,VND-0705,22068.41,0.9394,0.793,77.7,4.48,0.0124,6.7,162,0.467,0,2026-06-22 00:00:00,0
BID-004465,AUC-0814,VND-0554,21686.67,0.9231,0.698,70.1,4.25,0.0181,9.0,61,0.4315,0,2026-06-22 00:00:00,0
BID-004466,AUC-0814,VND-0260,21090.78,0.8977,0.994,83.9,4.98,0.001,4.8,262,0.5479,0,2026-06-22 00:00:00,1
BID-004467,AUC-0814,VND-0787,20763.89,0.8838,0.868,84.3,4.67,0.0079,4.7,279,0.5277,0,2026-06-22 00:00:00,0
BID-004468,AUC-0814,VND-0654,19878.01,0.8461,0.857,83.7,4.64,0.0086,4.9,183,0.5405,0,2026-06-22 00:00:00,0
BID-004469,AUC-0815,VND-0244,251581.54,0.9764,0.523,50.0,3.81,0.0286,15.0,218,0.2939,0,2026-05-29 00:00:00,0
BID-004470,AUC-0815,VND-0734,241553.26,0.9374,0.989,89.2,4.97,0.001,3.2,23,0.4708,0,2026-05-29 00:00:00,0
BID-004471,AUC-0815,VND-0734,238517.29,0.9257,0.989,89.2,4.97,0.001,3.2,23,0.4772,0,2026-05-29 00:00:00,0
BID-004472,AUC-0815,VND-0244,227459.69,0.8827,0.523,50.0,3.81,0.0286,15.0,218,0.3453,0,2026-05-29 00:00:00,0
BID-004473,AUC-0815,VND-0244,223319.65,0.8667,0.523,50.0,3.81,0.0286,15.0,218,0.3542,0,2026-05-29 00:00:00,0
BID-004474,AUC-0815,VND-0734,220570.07,0.856,0.989,89.2,4.97,0.001,3.2,23,0.5155,0,2026-05-29 00:00:00,1
BID-004475,AUC-0815,VND-0365,217769.77,0.8451,0.601,50.0,4.0,0.024,15.0,46,0.3853,0,2026-05-29 00:00:00,0
BID-004476,AUC-0815,VND-0564,212243.48,0.8237,0.543,54.1,3.86,0.0274,13.8,291,0.3869,0,2026-05-29 00:00:00,0
BID-004477,AUC-0816,VND-0702,469811.24,0.974,0.518,53.9,3.8,0.0289,13.8,224,0.3897,0,2026-06-14 00:00:00,0
BID-004478,AUC-0816,VND-0726,451064.02,0.9351,0.749,68.6,4.37,0.0151,9.4,203,0.5231,0,2026-06-14 00:00:00,0
BID-004479,AUC-0816,VND-0702,439491.25,0.9111,0.518,53.9,3.8,0.0289,13.8,224,0.4105,0,2026-06-14 00:00:00,0
BID-004480,AUC-0816,VND-0702,426037.3,0.8832,0.518,53.9,3.8,0.0289,13.8,224,0.4197,0,2026-06-14 00:00:00,0
BID-004481,AUC-0816,VND-0726,411151.01,0.8524,0.749,68.6,4.37,0.0151,9.4,203,0.5504,0,2026-06-14 00:00:00,1
BID-004482,AUC-0817,VND-0205,195056.08,0.9838,0.953,76.1,4.88,0.0028,7.2,221,0.634,0,2026-05-15 00:00:00,1
BID-004483,AUC-0817,VND-0477,186832.63,0.9424,0.588,59.2,3.97,0.0247,12.2,96,0.4642,0,2026-05-15 00:00:00,0
BID-004484,AUC-0817,VND-0691,178691.13,0.9013,0.582,50.5,3.95,0.0251,14.8,213,0.4638,0,2026-05-15 00:00:00,0
BID-004485,AUC-0818,VND-0312,28350.34,0.974,0.685,66.4,4.21,0.0189,10.1,297,0.4285,0,2026-02-09 00:00:00,0
BID-004486,AUC-0818,VND-0456,27954.62,0.9604,0.795,63.1,4.49,0.0123,11.1,297,0.4668,0,2026-02-09 00:00:00,0
BID-004487,AUC-0818,VND-0090,27276.63,0.9371,0.968,81.4,4.92,0.0019,5.6,35,0.5603,0,2026-02-09 00:00:00,1
BID-004488,AUC-0819,VND-0447,24246.67,0.9634,0.915,80.0,4.79,0.0051,6.0,168,0.6308,0,2026-03-24 00:00:00,1
BID-004489,AUC-0819,VND-0367,23085.71,0.9173,0.833,76.0,4.58,0.01,7.2,103,0.6027,0,2026-03-24 00:00:00,0
BID-004490,AUC-0819,VND-0579,22552.18,0.8961,0.579,58.1,3.95,0.0252,12.6,300,0.4622,0,2026-03-24 00:00:00,0
BID-004491,AUC-0819,VND-0579,21525.18,0.8552,0.579,58.1,3.95,0.0252,12.6,300,0.4761,0,2026-03-24 00:00:00,0
BID-004492,AUC-0819,VND-0579,21223.93,0.8433,0.579,58.1,3.95,0.0252,12.6,300,0.4801,0,2026-03-24 00:00:00,0
BID-004493,AUC-0820,VND-0216,195019.3,0.9745,0.571,55.8,3.93,0.0257,13.3,180,0.5025,0,2026-03-11 00:00:00,0
BID-004494,AUC-0820,VND-0234,190435.74,0.9516,0.643,66.6,4.11,0.0214,10.0,191,0.5577,0,2026-03-11 00:00:00,0
BID-004495,AUC-0820,VND-0234,182373.78,0.9114,0.643,66.6,4.11,0.0214,10.0,191,0.5673,0,2026-03-11 00:00:00,1
BID-004496,AUC-0821,VND-0291,86280.07,0.9759,0.73,73.7,4.32,0.0162,7.9,77,0.4856,0,2026-06-26 00:00:00,0
BID-004497,AUC-0821,VND-0066,85049.68,0.962,0.709,54.7,4.27,0.0175,13.6,259,0.4544,0,2026-06-26 00:00:00,0
BID-004498,AUC-0821,VND-0547,81165.38,0.918,0.804,72.0,4.51,0.0118,8.4,296,0.5337,0,2026-06-26 00:00:00,0
BID-004499,AUC-0821,VND-0066,79509.56,0.8993,0.709,54.7,4.27,0.0175,13.6,259,0.4782,0,2026-06-26 00:00:00,0
BID-004500,AUC-0821,VND-0078,76842.09,0.8691,0.993,83.5,4.98,0.001,5.0,285,0.6422,0,2026-06-26 00:00:00,1
BID-004501,AUC-0821,VND-0291,73206.06,0.828,0.73,73.7,4.32,0.0162,7.9,77,0.5418,0,2026-06-26 00:00:00,0
BID-004502,AUC-0822,VND-0696,20774.14,0.9688,0.618,50.0,4.05,0.0229,15.0,229,0.4425,0,2026-02-09 00:00:00,0
BID-004503,AUC-0822,VND-0715,20552.28,0.9585,0.82,80.1,4.55,0.0108,6.0,120,0.5677,0,2026-02-09 00:00:00,0
BID-004504,AUC-0822,VND-0696,19659.08,0.9168,0.618,50.0,4.05,0.0229,15.0,229,0.4607,0,2026-02-09 00:00:00,0
BID-004505,AUC-0822,VND-0715,18780.5,0.8759,0.82,80.1,4.55,0.0108,6.0,120,0.5966,0,2026-02-09 00:00:00,1
BID-004506,AUC-0823,VND-0185,364411.25,0.9576,0.598,52.8,3.99,0.0241,14.2,298,0.554,0,2026-05-06 00:00:00,0
BID-004507,AUC-0823,VND-0185,358524.07,0.9421,0.598,52.8,3.99,0.0241,14.2,298,0.5573,0,2026-05-06 00:00:00,0
BID-004508,AUC-0823,VND-0799,347586.29,0.9134,0.637,53.2,4.09,0.0218,14.0,62,0.5793,0,2026-05-06 00:00:00,0
BID-004509,AUC-0823,VND-0133,343265.61,0.902,0.939,88.6,4.85,0.0037,3.4,54,0.7656,0,2026-05-06 00:00:00,1
BID-004510,AUC-0823,VND-0038,328885.34,0.8642,0.853,86.6,4.63,0.0088,4.0,172,0.7362,0,2026-05-06 00:00:00,0
BID-004511,AUC-0823,VND-0307,315975.65,0.8303,0.814,59.6,4.53,0.0112,12.1,56,0.6768,0,2026-05-06 00:00:00,0
BID-004512,AUC-0823,VND-0716,305087.59,0.8017,0.727,65.3,4.32,0.0164,10.4,158,0.6608,0,2026-05-06 00:00:00,0
BID-004513,AUC-0824,VND-0756,226059.21,0.9633,0.906,82.6,4.77,0.0056,5.2,169,0.567,0,2026-02-22 00:00:00,0
BID-004514,AUC-0824,VND-0194,218518.94,0.9312,0.641,51.1,4.1,0.0215,14.7,234,0.4116,0,2026-02-22 00:00:00,0
BID-004515,AUC-0824,VND-0665,210757.41,0.8981,0.829,77.2,4.57,0.0102,6.8,208,0.5565,0,2026-02-22 00:00:00,0
BID-004516,AUC-0824,VND-0041,203622.2,0.8677,0.932,88.6,4.83,0.0041,3.4,296,0.6323,0,2026-02-22 00:00:00,1
BID-004517,AUC-0825,VND-0388,148939.66,0.9816,0.899,69.9,4.75,0.0061,9.0,255,0.5731,0,2026-03-14 00:00:00,0
BID-004518,AUC-0825,VND-0114,143819.75,0.9479,0.987,84.4,4.97,0.001,4.7,15,0.6295,0,2026-03-14 00:00:00,1
BID-004519,AUC-0825,VND-0716,140662.48,0.9271,0.727,65.3,4.32,0.0164,10.4,158,0.531,0,2026-03-14 00:00:00,0
BID-004520,AUC-0825,VND-0716,136644.94,0.9006,0.727,65.3,4.32,0.0164,10.4,158,0.5408,0,2026-03-14 00:00:00,0
BID-004521,AUC-0825,VND-0264,131159.95,0.8644,0.707,60.1,4.27,0.0176,12.0,161,0.5423,0,2026-03-14 00:00:00,0
BID-004522,AUC-0826,VND-0285,434979.74,0.9644,0.952,83.0,4.88,0.0029,5.1,291,0.5072,0,2026-05-06 00:00:00,1
BID-004523,AUC-0826,VND-0586,420659.56,0.9326,0.808,83.5,4.52,0.0115,5.0,145,0.4958,0,2026-05-06 00:00:00,0
BID-004524,AUC-0826,VND-0016,416135.98,0.9226,0.804,62.3,4.51,0.0118,11.3,151,0.4364,0,2026-05-06 00:00:00,0
BID-004525,AUC-0826,VND-0433,402245.73,0.8918,0.7,64.5,4.25,0.018,10.6,277,0.4376,0,2026-05-06 00:00:00,0
BID-004526,AUC-0826,VND-0016,385974.6,0.8557,0.804,62.3,4.51,0.0118,11.3,151,0.4698,0,2026-05-06 00:00:00,0
BID-004527,AUC-0827,VND-0341,65515.69,0.9792,0.909,75.7,4.77,0.0055,7.3,132,0.7294,0,2026-06-05 00:00:00,0
BID-004528,AUC-0827,VND-0104,62760.28,0.938,0.551,50.0,3.88,0.027,15.0,237,0.5682,0,2026-06-05 00:00:00,0
BID-004529,AUC-0827,VND-0104,61244.56,0.9154,0.551,50.0,3.88,0.027,15.0,237,0.5729,0,2026-06-05 00:00:00,0
BID-004530,AUC-0827,VND-0532,59818.49,0.894,0.884,81.1,4.71,0.007,5.7,254,0.7443,0,2026-06-05 00:00:00,1
BID-004531,AUC-0828,VND-0045,471772.11,0.9861,0.944,83.5,4.86,0.0034,5.0,141,0.6999,0,2026-06-22 00:00:00,1
BID-004532,AUC-0828,VND-0176,458750.85,0.9589,0.752,74.2,4.38,0.0149,7.7,222,0.5977,0,2026-06-22 00:00:00,0
BID-004533,AUC-0828,VND-0226,445517.45,0.9313,0.889,84.9,4.72,0.0067,4.5,270,0.6912,0,2026-06-22 00:00:00,0
BID-004534,AUC-0829,VND-0289,157369.81,0.9605,0.574,65.1,3.93,0.0256,10.5,200,0.5338,0,2026-01-30 00:00:00,0
BID-004535,AUC-0829,VND-0325,154527.92,0.9431,0.895,79.8,4.74,0.0063,6.1,300,0.6926,0,2026-01-30 00:00:00,0
BID-004536,AUC-0829,VND-0325,147796.07,0.9021,0.895,79.8,4.74,0.0063,6.1,300,0.7028,0,2026-01-30 00:00:00,0
BID-004537,AUC-0829,VND-0567,141667.22,0.8646,0.541,50.0,3.85,0.0276,15.0,167,0.5232,0,2026-01-30 00:00:00,0
BID-004538,AUC-0829,VND-0289,136304.65,0.8319,0.574,65.1,3.93,0.0256,10.5,200,0.566,0,2026-01-30 00:00:00,0
BID-004539,AUC-0829,VND-0110,134363.56,0.8201,0.825,86.5,4.56,0.0105,4.0,168,0.7033,0,2026-01-30 00:00:00,1
BID-004540,AUC-0829,VND-0289,132164.44,0.8066,0.574,65.1,3.93,0.0256,10.5,200,0.5723,0,2026-01-30 00:00:00,0
BID-004541,AUC-0830,VND-0331,434153.79,0.9749,0.678,70.6,4.2,0.0193,8.8,181,0.452,0,2026-05-09 00:00:00,0
BID-004542,AUC-0830,VND-0382,426933.88,0.9587,0.624,57.9,4.06,0.0225,12.6,66,0.4192,0,2026-05-09 00:00:00,0
BID-004543,AUC-0830,VND-0659,408342.72,0.917,0.763,77.8,4.41,0.0142,6.7,216,0.5259,0,2026-05-09 00:00:00,0
BID-004544,AUC-0830,VND-0382,389100.12,0.8738,0.624,57.9,4.06,0.0225,12.6,66,0.4592,0,2026-05-09 00:00:00,0
BID-004545,AUC-0830,VND-0778,383673.62,0.8616,0.614,50.0,4.04,0.0232,15.0,47,0.4503,0,2026-05-09 00:00:00,0
BID-004546,AUC-0830,VND-0546,376883.06,0.8463,0.971,91.1,4.93,0.0017,2.7,247,0.6679,0,2026-05-09 00:00:00,1
BID-004547,AUC-0830,VND-0688,367326.07,0.8249,0.624,67.4,4.06,0.0226,9.8,67,0.4945,0,2026-05-09 00:00:00,0
BID-004548,AUC-0830,VND-0127,351260.34,0.7888,0.926,77.9,4.81,0.0045,6.6,286,0.6579,0,2026-05-09 00:00:00,0
BID-004549,AUC-0831,VND-0385,291106.73,0.9531,0.671,64.6,4.18,0.0197,10.6,99,0.4873,0,2026-03-27 00:00:00,0
BID-004550,AUC-0831,VND-0633,282737.53,0.9257,0.506,50.0,3.76,0.0297,15.0,238,0.4107,0,2026-03-27 00:00:00,0
BID-004551,AUC-0831,VND-0385,278218.47,0.9109,0.671,64.6,4.18,0.0197,10.6,99,0.502,0,2026-03-27 00:00:00,1
BID-004552,AUC-0832,VND-0666,404056.61,0.9734,0.778,75.5,4.44,0.0133,7.4,220,0.5255,0,2026-04-20 00:00:00,0
BID-004553,AUC-0832,VND-0278,390420.18,0.9406,0.938,84.2,4.85,0.0037,4.7,149,0.6227,0,2026-04-20 00:00:00,0
BID-004554,AUC-0832,VND-0734,371936.69,0.896,0.989,89.2,4.97,0.001,3.2,23,0.6761,0,2026-04-20 00:00:00,0
BID-004555,AUC-0832,VND-0299,364712.69,0.8786,0.834,62.8,4.58,0.01,11.2,22,0.5681,0,2026-04-20 00:00:00,0
BID-004556,AUC-0832,VND-0294,350489.88,0.8444,0.538,50.0,3.84,0.0277,15.0,120,0.4453,0,2026-04-20 00:00:00,0
BID-004557,AUC-0832,VND-0299,337819.48,0.8139,0.834,62.8,4.58,0.01,11.2,22,0.6018,0,2026-04-20 00:00:00,0
BID-004558,AUC-0832,VND-0734,328356.34,0.7911,0.989,89.2,4.97,0.001,3.2,23,0.7307,0,2026-04-20 00:00:00,1
BID-004559,AUC-0833,VND-0798,486537.81,0.9886,0.862,79.0,4.66,0.0083,6.3,45,0.6346,0,2026-03-13 00:00:00,0
BID-004560,AUC-0833,VND-0167,475515.62,0.9662,0.507,50.0,3.77,0.0296,15.0,152,0.4749,0,2026-03-13 00:00:00,0
BID-004561,AUC-0833,VND-0744,454156.95,0.9228,0.698,67.2,4.25,0.0181,9.8,82,0.5794,0,2026-03-13 00:00:00,0
BID-004562,AUC-0833,VND-0384,448604.82,0.9115,0.881,92.9,4.7,0.0071,2.1,82,0.6837,0,2026-03-13 00:00:00,0
BID-004563,AUC-0833,VND-0744,429585.41,0.8728,0.698,67.2,4.25,0.0181,9.8,82,0.5939,0,2026-03-13 00:00:00,0
BID-004564,AUC-0833,VND-0384,415307.28,0.8438,0.881,92.9,4.7,0.0071,2.1,82,0.7034,0,2026-03-13 00:00:00,0
BID-004565,AUC-0833,VND-0744,409981.36,0.833,0.698,67.2,4.25,0.0181,9.8,82,0.6055,0,2026-03-13 00:00:00,0
BID-004566,AUC-0833,VND-0384,398982.06,0.8107,0.881,92.9,4.7,0.0071,2.1,82,0.713,0,2026-03-13 00:00:00,1
BID-004567,AUC-0834,VND-0043,146026.65,0.965,0.655,59.6,4.14,0.0207,12.1,117,0.3671,0,2026-05-07 00:00:00,0
BID-004568,AUC-0834,VND-0257,139642.41,0.9228,0.966,100.0,4.92,0.002,0.1,294,0.5681,0,2026-05-07 00:00:00,1
BID-004569,AUC-0834,VND-0789,137072.26,0.9059,0.512,53.8,3.78,0.0293,13.9,182,0.3466,0,2026-05-07 00:00:00,0
BID-004570,AUC-0834,VND-0043,135337.97,0.8944,0.655,59.6,4.14,0.0207,12.1,117,0.3996,0,2026-05-07 00:00:00,0
BID-004571,AUC-0834,VND-0043,133633.78,0.8831,0.655,59.6,4.14,0.0207,12.1,117,0.4048,0,2026-05-07 00:00:00,0
BID-004572,AUC-0834,VND-0522,129076.72,0.853,0.659,67.9,4.15,0.0204,9.6,95,0.4428,0,2026-05-07 00:00:00,0
BID-004573,AUC-0834,VND-0043,124786.05,0.8247,0.655,59.6,4.14,0.0207,12.1,117,0.4317,0,2026-05-07 00:00:00,0
BID-004574,AUC-0835,VND-0644,460241.13,0.9569,0.544,50.0,3.86,0.0274,15.0,196,0.3502,0,2026-05-21 00:00:00,0
BID-004575,AUC-0835,VND-0505,446332.13,0.928,0.625,59.9,4.06,0.0225,12.0,85,0.4063,0,2026-05-21 00:00:00,0
BID-004576,AUC-0835,VND-0521,432732.81,0.8997,0.77,78.3,4.42,0.0138,6.5,85,0.4974,0,2026-05-21 00:00:00,1
BID-004577,AUC-0835,VND-0644,424850.79,0.8833,0.544,50.0,3.86,0.0274,15.0,196,0.3819,0,2026-05-21 00:00:00,0
BID-004578,AUC-0836,VND-0120,197625.06,0.984,0.823,63.3,4.56,0.0106,11.0,38,0.4612,0,2026-02-08 00:00:00,0
BID-004579,AUC-0836,VND-0478,190263.46,0.9473,0.709,64.8,4.27,0.0174,10.6,112,0.4391,0,2026-02-08 00:00:00,0
BID-004580,AUC-0836,VND-0010,187489.29,0.9335,0.716,56.6,4.29,0.017,13.0,250,0.4339,0,2026-02-08 00:00:00,0
BID-004581,AUC-0836,VND-0120,180874.41,0.9006,0.823,63.3,4.56,0.0106,11.0,38,0.4987,0,2026-02-08 00:00:00,0
BID-004582,AUC-0836,VND-0699,173724.6,0.865,0.715,58.1,4.29,0.0171,12.6,110,0.467,0,2026-02-08 00:00:00,0
BID-004583,AUC-0836,VND-0120,170912.44,0.851,0.823,63.3,4.56,0.0106,11.0,38,0.521,0,2026-02-08 00:00:00,1
BID-004584,AUC-0837,VND-0506,190423.84,0.9574,0.611,63.5,4.03,0.0234,11.0,259,0.4286,0,2026-01-07 00:00:00,0
BID-004585,AUC-0837,VND-0632,183577.3,0.923,0.655,61.9,4.14,0.0207,11.4,55,0.4571,0,2026-01-07 00:00:00,0
BID-004586,AUC-0837,VND-0139,181689.81,0.9135,0.899,85.6,4.75,0.0061,4.3,259,0.6014,0,2026-01-07 00:00:00,1
BID-004587,AUC-0837,VND-0774,177052.91,0.8902,0.903,79.0,4.76,0.0058,6.3,20,0.5995,0,2026-01-07 00:00:00,0
BID-004588,AUC-0837,VND-0632,169099.15,0.8502,0.655,61.9,4.14,0.0207,11.4,55,0.4898,0,2026-01-07 00:00:00,0
BID-004589,AUC-0837,VND-0632,164332.71,0.8262,0.655,61.9,4.14,0.0207,11.4,55,0.5006,0,2026-01-07 00:00:00,0
BID-004590,AUC-0837,VND-0506,161246.9,0.8107,0.611,63.5,4.03,0.0234,11.0,259,0.4947,0,2026-01-07 00:00:00,0
BID-004591,AUC-0838,VND-0501,173438.43,0.981,0.593,58.5,3.98,0.0244,12.4,209,0.2998,0,2026-03-07 00:00:00,0
BID-004592,AUC-0838,VND-0494,167106.17,0.9452,0.844,72.9,4.61,0.0093,8.1,216,0.3892,0,2026-03-07 00:00:00,0
BID-004593,AUC-0838,VND-0350,161014.46,0.9108,0.577,51.8,3.94,0.0254,14.5,101,0.3298,0,2026-03-07 00:00:00,0
BID-004594,AUC-0838,VND-0494,153594.14,0.8688,0.844,72.9,4.61,0.0093,8.1,216,0.4335,0,2026-03-07 00:00:00,0
BID-004595,AUC-0838,VND-0525,150567.66,0.8517,0.935,72.6,4.84,0.0039,8.2,133,0.4623,0,2026-03-07 00:00:00,1
BID-004596,AUC-0838,VND-0145,148795.54,0.8417,0.643,56.3,4.11,0.0214,13.1,216,0.3889,0,2026-03-07 00:00:00,0
BID-004597,AUC-0838,VND-0350,145355.96,0.8222,0.577,51.8,3.94,0.0254,14.5,101,0.3812,0,2026-03-07 00:00:00,0
BID-004598,AUC-0839,VND-0655,264933.14,0.9624,0.67,70.9,4.17,0.0198,8.7,84,0.4149,0,2026-06-26 00:00:00,0
BID-004599,AUC-0839,VND-0512,253802.07,0.9219,0.962,100.0,4.91,0.0023,0.1,155,0.5859,0,2026-06-26 00:00:00,1
BID-004600,AUC-0839,VND-0160,248866.88,0.904,0.578,50.0,3.95,0.0253,15.0,76,0.3574,0,2026-06-26 00:00:00,0
BID-004601,AUC-0839,VND-0368,238753.51,0.8673,0.679,69.2,4.2,0.0192,9.2,239,0.4538,0,2026-06-26 00:00:00,0
BID-004602,AUC-0839,VND-0461,235409.53,0.8551,0.934,79.4,4.84,0.0039,6.2,115,0.5472,0,2026-06-26 00:00:00,0
BID-004603,AUC-0840,VND-0643,82362.59,0.963,0.663,60.9,4.16,0.0202,11.7,299,0.4502,0,2026-04-11 00:00:00,0
BID-004604,AUC-0840,VND-0359,80361.26,0.9396,0.915,94.8,4.79,0.0051,1.6,173,0.6251,0,2026-04-11 00:00:00,1
BID-004605,AUC-0840,VND-0708,79256.73,0.9266,0.766,84.3,4.41,0.0141,4.7,292,0.5509,0,2026-04-11 00:00:00,0
BID-004606,AUC-0840,VND-0643,76505.35,0.8945,0.663,60.9,4.16,0.0202,11.7,299,0.4837,0,2026-04-11 00:00:00,0
BID-004607,AUC-0840,VND-0708,73055.96,0.8541,0.766,84.3,4.41,0.0141,4.7,292,0.5864,0,2026-04-11 00:00:00,0
BID-004608,AUC-0841,VND-0662,274368.43,0.9753,0.936,75.8,4.84,0.0038,7.3,164,0.6082,0,2026-01-25 00:00:00,0
BID-004609,AUC-0841,VND-0246,265726.98,0.9446,0.728,70.3,4.32,0.0163,8.9,264,0.519,0,2026-01-25 00:00:00,0
BID-004610,AUC-0841,VND-0527,252739.75,0.8984,0.97,94.5,4.92,0.0018,1.6,105,0.6874,0,2026-01-25 00:00:00,1
BID-004611,AUC-0842,VND-0061,271552.79,0.9859,0.904,96.6,4.76,0.0058,1.0,150,0.6169,0,2026-04-24 00:00:00,0
BID-004612,AUC-0842,VND-0250,258668.06,0.9391,0.987,100.0,4.97,0.001,0.1,29,0.667,0,2026-04-24 00:00:00,1
BID-004613,AUC-0842,VND-0061,247873.54,0.8999,0.904,96.6,4.76,0.0058,1.0,150,0.6469,0,2026-04-24 00:00:00,0
BID-004614,AUC-0842,VND-0073,243427.17,0.8838,0.642,50.0,4.11,0.0215,15.0,168,0.4893,0,2026-04-24 00:00:00,0
BID-004615,AUC-0842,VND-0790,231348.5,0.8399,0.804,69.1,4.51,0.0118,9.3,117,0.5899,0,2026-04-24 00:00:00,0
BID-004616,AUC-0842,VND-0073,226033.97,0.8206,0.642,50.0,4.11,0.0215,15.0,168,0.5114,0,2026-04-24 00:00:00,0
BID-004617,AUC-0842,VND-0355,216367.53,0.7855,0.627,62.6,4.07,0.0224,11.2,252,0.5385,0,2026-04-24 00:00:00,0
BID-004618,AUC-0842,VND-0790,208995.97,0.7588,0.804,69.1,4.51,0.0118,9.3,117,0.6183,0,2026-04-24 00:00:00,0
BID-004619,AUC-0843,VND-0553,375939.4,0.9807,0.997,80.1,4.99,0.001,6.0,74,0.7257,0,2026-01-10 00:00:00,1
BID-004620,AUC-0843,VND-0755,360085.33,0.9394,0.804,80.1,4.51,0.0118,6.0,160,0.6572,0,2026-01-10 00:00:00,0
BID-004621,AUC-0843,VND-0755,351340.15,0.9165,0.804,80.1,4.51,0.0118,6.0,160,0.6652,0,2026-01-10 00:00:00,0
BID-004622,AUC-0844,VND-0774,398337.78,0.9518,0.903,79.0,4.76,0.0058,6.3,20,0.6679,0,2026-04-17 00:00:00,0
BID-004623,AUC-0844,VND-0314,393296.52,0.9398,0.731,71.6,4.33,0.0161,8.5,227,0.5784,0,2026-04-17 00:00:00,0
BID-004624,AUC-0844,VND-0479,374612.86,0.8952,0.759,64.2,4.4,0.0144,10.7,254,0.5832,0,2026-04-17 00:00:00,0
BID-004625,AUC-0844,VND-0048,363677.67,0.869,0.885,83.3,4.71,0.0069,5.0,51,0.6915,0,2026-04-17 00:00:00,0
BID-004626,AUC-0844,VND-0268,352679.59,0.8427,0.884,91.9,4.71,0.0069,2.4,82,0.7192,0,2026-04-17 00:00:00,1
BID-004627,AUC-0844,VND-0479,336899.24,0.805,0.759,64.2,4.4,0.0144,10.7,254,0.6057,0,2026-04-17 00:00:00,0
BID-004628,AUC-0845,VND-0347,215338.28,0.9536,0.754,62.7,4.38,0.0148,11.2,200,0.4898,0,2026-02-12 00:00:00,0
BID-004629,AUC-0845,VND-0564,211916.1,0.9384,0.543,54.1,3.86,0.0274,13.8,291,0.3975,0,2026-02-12 00:00:00,0
BID-004630,AUC-0845,VND-0294,207817.46,0.9203,0.538,50.0,3.84,0.0277,15.0,120,0.3927,0,2026-02-12 00:00:00,0
BID-004631,AUC-0845,VND-0347,202468.22,0.8966,0.754,62.7,4.38,0.0148,11.2,200,0.5103,0,2026-02-12 00:00:00,1
BID-004632,AUC-0846,VND-0128,153024.44,0.9676,0.585,53.5,3.96,0.0249,14.0,241,0.4339,0,2026-04-19 00:00:00,0
BID-004633,AUC-0846,VND-0049,147561.27,0.9331,0.761,69.4,4.4,0.0143,9.2,124,0.534,0,2026-04-19 00:00:00,1
BID-004634,AUC-0846,VND-0597,144747.93,0.9153,0.673,68.1,4.18,0.0196,9.6,253,0.5046,0,2026-04-19 00:00:00,0
BID-004635,AUC-0847,VND-0750,132266.48,0.9649,0.69,71.8,4.22,0.0186,8.5,92,0.4732,0,2026-06-28 00:00:00,0
BID-004636,AUC-0847,VND-0750,128099.85,0.9345,0.69,71.8,4.22,0.0186,8.5,92,0.4884,0,2026-06-28 00:00:00,0
BID-004637,AUC-0847,VND-0346,124600.88,0.909,0.662,64.2,4.15,0.0203,10.7,102,0.4754,0,2026-06-28 00:00:00,0
BID-004638,AUC-0847,VND-0659,123235.42,0.899,0.763,77.8,4.41,0.0142,6.7,216,0.5461,0,2026-06-28 00:00:00,0
BID-004639,AUC-0847,VND-0659,117515.42,0.8573,0.763,77.8,4.41,0.0142,6.7,216,0.5669,0,2026-06-28 00:00:00,0
BID-004640,AUC-0847,VND-0750,114969.39,0.8387,0.69,71.8,4.22,0.0186,8.5,92,0.5363,0,2026-06-28 00:00:00,0
BID-004641,AUC-0847,VND-0659,109926.56,0.8019,0.763,77.8,4.41,0.0142,6.7,216,0.5946,0,2026-06-28 00:00:00,1
BID-004642,AUC-0848,VND-0580,103117.45,0.9787,0.936,75.4,4.84,0.0038,7.4,233,0.6765,0,2026-06-12 00:00:00,0
BID-004643,AUC-0848,VND-0392,98285.04,0.9328,0.626,56.5,4.06,0.0224,13.0,205,0.5108,0,2026-06-12 00:00:00,0
BID-004644,AUC-0848,VND-0611,96249.62,0.9135,0.975,78.9,4.94,0.0015,6.3,262,0.7171,0,2026-06-12 00:00:00,0
BID-004645,AUC-0848,VND-0392,93652.05,0.8888,0.626,56.5,4.06,0.0224,13.0,205,0.5209,0,2026-06-12 00:00:00,0
BID-004646,AUC-0848,VND-0611,92704.53,0.8798,0.975,78.9,4.94,0.0015,6.3,262,0.7248,0,2026-06-12 00:00:00,1
BID-004647,AUC-0849,VND-0130,37246.02,0.9738,0.785,61.6,4.46,0.0129,11.5,96,0.5782,0,2026-06-11 00:00:00,0
BID-004648,AUC-0849,VND-0130,35911.82,0.9389,0.785,61.6,4.46,0.0129,11.5,96,0.5879,0,2026-06-11 00:00:00,0
BID-004649,AUC-0849,VND-0043,34272.46,0.8961,0.655,59.6,4.14,0.0207,12.1,117,0.5569,0,2026-06-11 00:00:00,0
BID-004650,AUC-0849,VND-0130,33617.27,0.8789,0.785,61.6,4.46,0.0129,11.5,96,0.6047,0,2026-06-11 00:00:00,0
BID-004651,AUC-0849,VND-0043,32154.55,0.8407,0.655,59.6,4.14,0.0207,12.1,117,0.5724,0,2026-06-11 00:00:00,0
BID-004652,AUC-0849,VND-0513,31335.76,0.8193,0.972,88.2,4.93,0.0017,3.5,209,0.7362,0,2026-06-11 00:00:00,1
BID-004653,AUC-0849,VND-0130,30138.44,0.788,0.785,61.6,4.46,0.0129,11.5,96,0.6302,0,2026-06-11 00:00:00,0
BID-004654,AUC-0849,VND-0043,28851.77,0.7543,0.655,59.6,4.14,0.0207,12.1,117,0.5966,0,2026-06-11 00:00:00,0
BID-004655,AUC-0850,VND-0484,171814.84,0.9663,0.86,76.0,4.65,0.0084,7.2,235,0.5315,0,2026-02-11 00:00:00,0
BID-004656,AUC-0850,VND-0484,166412.88,0.936,0.86,76.0,4.65,0.0084,7.2,235,0.5436,0,2026-02-11 00:00:00,0
BID-004657,AUC-0850,VND-0458,160325.91,0.9017,0.776,64.7,4.44,0.0134,10.6,78,0.5118,0,2026-02-11 00:00:00,0
BID-004658,AUC-0850,VND-0484,152494.99,0.8577,0.86,76.0,4.65,0.0084,7.2,235,0.5749,0,2026-02-11 00:00:00,0
BID-004659,AUC-0850,VND-0671,146017.57,0.8212,0.629,59.2,4.07,0.0223,12.2,219,0.4815,0,2026-02-11 00:00:00,0
BID-004660,AUC-0850,VND-0300,138940.14,0.7814,0.596,50.0,3.99,0.0242,15.0,180,0.4739,0,2026-02-11 00:00:00,0
BID-004661,AUC-0850,VND-0458,132164.06,0.7433,0.776,64.7,4.44,0.0134,10.6,78,0.5752,0,2026-02-11 00:00:00,1
BID-004662,AUC-0850,VND-0671,127801.92,0.7188,0.629,59.2,4.07,0.0223,12.2,219,0.5224,0,2026-02-11 00:00:00,0
BID-004663,AUC-0851,VND-0443,138419.79,0.9719,0.9,74.6,4.75,0.006,7.6,266,0.6203,0,2026-06-03 00:00:00,0
BID-004664,AUC-0851,VND-0283,133714.71,0.9389,0.675,61.9,4.19,0.0195,11.4,267,0.5148,0,2026-06-03 00:00:00,0
BID-004665,AUC-0851,VND-0443,127082.74,0.8923,0.9,74.6,4.75,0.006,7.6,266,0.6585,0,2026-06-03 00:00:00,0
BID-004666,AUC-0851,VND-0443,123598.1,0.8678,0.9,74.6,4.75,0.006,7.6,266,0.6702,0,2026-06-03 00:00:00,0
BID-004667,AUC-0851,VND-0283,122354.72,0.8591,0.675,61.9,4.19,0.0195,11.4,267,0.5531,0,2026-06-03 00:00:00,0
BID-004668,AUC-0851,VND-0079,117477.15,0.8249,0.836,82.5,4.59,0.0098,5.2,68,0.6909,0,2026-06-03 00:00:00,1
BID-004669,AUC-0852,VND-0161,465555.71,0.9628,0.775,78.1,4.44,0.0135,6.6,192,0.5315,0,2026-05-04 00:00:00,0
BID-004670,AUC-0852,VND-0161,455897.01,0.9428,0.775,78.1,4.44,0.0135,6.6,192,0.5397,0,2026-05-04 00:00:00,0
BID-004671,AUC-0852,VND-0128,441413.75,0.9129,0.585,53.5,3.96,0.0249,14.0,241,0.4267,0,2026-05-04 00:00:00,0
BID-004672,AUC-0852,VND-0266,421115.0,0.8709,0.906,95.9,4.77,0.0056,1.2,85,0.6572,0,2026-05-04 00:00:00,1
BID-004673,AUC-0853,VND-0411,276387.07,0.9757,0.901,73.1,4.75,0.0059,8.1,298,0.6491,0,2026-03-15 00:00:00,0
BID-004674,AUC-0853,VND-0574,272586.34,0.9623,0.899,84.1,4.75,0.0061,4.8,134,0.669,0,2026-03-15 00:00:00,0
BID-004675,AUC-0853,VND-0411,263162.83,0.929,0.901,73.1,4.75,0.0059,8.1,298,0.6622,0,2026-03-15 00:00:00,0
BID-004676,AUC-0853,VND-0338,258955.17,0.9141,0.705,69.5,4.26,0.0177,9.2,169,0.5875,0,2026-03-15 00:00:00,0
BID-004677,AUC-0853,VND-0338,253505.94,0.8949,0.705,69.5,4.26,0.0177,9.2,169,0.5929,0,2026-03-15 00:00:00,0
BID-004678,AUC-0853,VND-0411,249751.04,0.8816,0.901,73.1,4.75,0.0059,8.1,298,0.6755,0,2026-03-15 00:00:00,1
BID-004679,AUC-0854,VND-0017,175064.02,0.9717,0.533,58.4,3.83,0.028,12.5,102,0.4898,0,2026-04-12 00:00:00,0
BID-004680,AUC-0854,VND-0147,166955.3,0.9267,0.911,75.1,4.78,0.0053,7.5,148,0.6819,0,2026-04-12 00:00:00,0
BID-004681,AUC-0854,VND-0147,159397.69,0.8847,0.911,75.1,4.78,0.0053,7.5,148,0.6924,0,2026-04-12 00:00:00,0
BID-004682,AUC-0854,VND-0509,152265.89,0.8451,0.59,60.6,3.98,0.0246,11.8,157,0.5484,0,2026-04-12 00:00:00,0
BID-004683,AUC-0854,VND-0147,145788.16,0.8092,0.911,75.1,4.78,0.0053,7.5,148,0.7113,0,2026-04-12 00:00:00,1
BID-004684,AUC-0855,VND-0485,288915.22,0.9813,0.783,72.9,4.46,0.013,8.1,221,0.3681,0,2026-05-24 00:00:00,0
BID-004685,AUC-0855,VND-0204,277531.22,0.9426,0.695,54.8,4.24,0.0183,13.6,162,0.3492,0,2026-05-24 00:00:00,0
BID-004686,AUC-0855,VND-0485,264835.53,0.8995,0.783,72.9,4.46,0.013,8.1,221,0.4139,0,2026-05-24 00:00:00,1
BID-004687,AUC-0855,VND-0204,258415.75,0.8777,0.695,54.8,4.24,0.0183,13.6,162,0.3856,0,2026-05-24 00:00:00,0
BID-004688,AUC-0856,VND-0433,74884.51,0.9575,0.7,64.5,4.25,0.018,10.6,277,0.4276,0,2026-04-30 00:00:00,0
BID-004689,AUC-0856,VND-0433,72314.9,0.9247,0.7,64.5,4.25,0.018,10.6,277,0.4453,0,2026-04-30 00:00:00,0
BID-004690,AUC-0856,VND-0553,70965.99,0.9074,0.997,80.1,4.99,0.001,6.0,74,0.5851,0,2026-04-30 00:00:00,0
BID-004691,AUC-0856,VND-0376,69338.38,0.8866,0.558,63.7,3.9,0.0265,10.9,173,0.4149,0,2026-04-30 00:00:00,0
BID-004692,AUC-0856,VND-0169,66584.4,0.8514,0.928,86.3,4.82,0.0043,4.1,252,0.6018,0,2026-04-30 00:00:00,1
BID-004693,AUC-0856,VND-0433,65004.29,0.8312,0.7,64.5,4.25,0.018,10.6,277,0.4958,0,2026-04-30 00:00:00,0
BID-004694,AUC-0857,VND-0624,217340.23,0.955,0.566,50.0,3.91,0.0261,15.0,285,0.4053,0,2026-04-14 00:00:00,0
BID-004695,AUC-0857,VND-0618,210984.24,0.9271,0.826,71.2,4.56,0.0104,8.6,139,0.5524,0,2026-04-14 00:00:00,0
BID-004696,AUC-0857,VND-0664,204372.45,0.898,0.591,61.2,3.98,0.0245,11.6,138,0.453,0,2026-04-14 00:00:00,0
BID-004697,AUC-0857,VND-0775,200459.18,0.8808,0.522,51.3,3.8,0.0287,14.6,147,0.4161,0,2026-04-14 00:00:00,0
BID-004698,AUC-0857,VND-0589,196043.55,0.8614,0.89,71.8,4.72,0.0066,8.5,35,0.6029,0,2026-04-14 00:00:00,0
BID-004699,AUC-0857,VND-0784,186580.9,0.8198,0.834,61.0,4.58,0.01,11.7,229,0.579,0,2026-04-14 00:00:00,0
BID-004700,AUC-0857,VND-0141,182829.2,0.8034,0.945,79.6,4.86,0.0033,6.1,294,0.6578,0,2026-04-14 00:00:00,0
BID-004701,AUC-0857,VND-0196,178982.52,0.7865,0.995,87.8,4.99,0.001,3.7,150,0.6966,0,2026-04-14 00:00:00,1
BID-004702,AUC-0858,VND-0044,309154.0,0.9757,0.865,86.5,4.66,0.0081,4.0,206,0.4739,0,2026-01-24 00:00:00,0
BID-004703,AUC-0858,VND-0626,302838.43,0.9558,0.898,82.3,4.75,0.0061,5.3,158,0.4864,0,2026-01-24 00:00:00,1
BID-004704,AUC-0858,VND-0497,293438.53,0.9261,0.636,59.1,4.09,0.0218,12.3,71,0.3746,0,2026-01-24 00:00:00,0
BID-004705,AUC-0858,VND-0497,283583.16,0.895,0.636,59.1,4.09,0.0218,12.3,71,0.3893,0,2026-01-24 00:00:00,0
BID-004706,AUC-0859,VND-0037,243847.71,0.9771,0.503,50.3,3.76,0.0298,14.9,24,0.423,0,2026-01-05 00:00:00,0
BID-004707,AUC-0859,VND-0103,237109.59,0.9501,0.803,57.6,4.51,0.0118,12.7,148,0.5852,0,2026-01-05 00:00:00,0
BID-004708,AUC-0859,VND-0314,230608.55,0.9241,0.731,71.6,4.33,0.0161,8.5,227,0.5985,0,2026-01-05 00:00:00,1
BID-004709,AUC-0860,VND-0053,200648.51,0.9699,0.954,81.0,4.88,0.0028,5.7,65,0.5259,0,2026-02-01 00:00:00,1
BID-004710,AUC-0860,VND-0452,197840.19,0.9563,0.591,52.0,3.98,0.0246,14.4,218,0.3613,0,2026-02-01 00:00:00,0
BID-004711,AUC-0860,VND-0593,188224.93,0.9099,0.551,61.0,3.88,0.0269,11.7,260,0.394,0,2026-02-01 00:00:00,0
BID-004712,AUC-0860,VND-0452,183993.48,0.8894,0.591,52.0,3.98,0.0246,14.4,218,0.3934,0,2026-02-01 00:00:00,0
BID-004713,AUC-0860,VND-0452,179764.78,0.869,0.591,52.0,3.98,0.0246,14.4,218,0.4032,0,2026-02-01 00:00:00,0
BID-004714,AUC-0860,VND-0452,176168.26,0.8516,0.591,52.0,3.98,0.0246,14.4,218,0.4116,0,2026-02-01 00:00:00,0
BID-004715,AUC-0860,VND-0593,171014.41,0.8267,0.551,61.0,3.88,0.0269,11.7,260,0.4339,0,2026-02-01 00:00:00,0
BID-004716,AUC-0861,VND-0122,481106.17,0.968,0.957,83.1,4.89,0.0026,5.1,211,0.636,0,2026-05-08 00:00:00,0
BID-004717,AUC-0861,VND-0122,475422.62,0.9566,0.957,83.1,4.89,0.0026,5.1,211,0.6398,0,2026-05-08 00:00:00,0
BID-004718,AUC-0861,VND-0006,462959.15,0.9315,0.51,56.0,3.78,0.0294,13.2,18,0.4545,0,2026-05-08 00:00:00,0
BID-004719,AUC-0861,VND-0652,452402.14,0.9103,0.526,51.0,3.81,0.0284,14.7,115,0.457,0,2026-05-08 00:00:00,0
BID-004720,AUC-0861,VND-0076,445546.0,0.8965,0.954,76.1,4.89,0.0028,7.2,193,0.6465,0,2026-05-08 00:00:00,0
BID-004721,AUC-0861,VND-0388,432996.9,0.8712,0.899,69.9,4.75,0.0061,9.0,255,0.6256,0,2026-05-08 00:00:00,0
BID-004722,AUC-0861,VND-0122,421625.61,0.8484,0.957,83.1,4.89,0.0026,5.1,211,0.6755,0,2026-05-08 00:00:00,1
BID-004723,AUC-0862,VND-0005,430368.26,0.9751,0.801,74.5,4.5,0.012,7.6,294,0.6074,0,2026-03-15 00:00:00,0
BID-004724,AUC-0862,VND-0793,422979.59,0.9584,0.994,81.1,4.98,0.001,5.7,140,0.6987,0,2026-03-15 00:00:00,1
BID-004725,AUC-0862,VND-0424,418542.75,0.9483,0.543,57.4,3.86,0.0274,12.8,219,0.486,0,2026-03-15 00:00:00,0
BID-004726,AUC-0862,VND-0654,413473.47,0.9368,0.857,83.7,4.64,0.0086,4.9,183,0.655,0,2026-03-15 00:00:00,0
BID-004727,AUC-0863,VND-0447,300831.75,0.9536,0.915,80.0,4.79,0.0051,6.0,168,0.6327,0,2026-02-08 00:00:00,0
BID-004728,AUC-0863,VND-0053,289697.6,0.9183,0.954,81.0,4.88,0.0028,5.7,65,0.6599,0,2026-02-08 00:00:00,0
BID-004729,AUC-0863,VND-0169,284851.54,0.9029,0.928,86.3,4.82,0.0043,4.1,252,0.6631,0,2026-02-08 00:00:00,0
BID-004730,AUC-0863,VND-0053,280911.05,0.8905,0.954,81.0,4.88,0.0028,5.7,65,0.6688,0,2026-02-08 00:00:00,0
BID-004731,AUC-0863,VND-0169,277795.09,0.8806,0.928,86.3,4.82,0.0043,4.1,252,0.6703,0,2026-02-08 00:00:00,1
BID-004732,AUC-0864,VND-0100,284467.31,0.9843,0.944,89.3,4.86,0.0034,3.2,183,0.5901,0,2026-03-06 00:00:00,0
BID-004733,AUC-0864,VND-0488,270436.2,0.9358,0.516,50.0,3.79,0.0291,15.0,75,0.4069,0,2026-03-06 00:00:00,0
BID-004734,AUC-0864,VND-0339,263140.75,0.9105,0.556,50.0,3.89,0.0266,15.0,145,0.4291,0,2026-03-06 00:00:00,0
BID-004735,AUC-0864,VND-0047,258343.1,0.8939,0.88,76.0,4.7,0.0072,7.2,45,0.5817,0,2026-03-06 00:00:00,0
BID-004736,AUC-0864,VND-0239,250393.3,0.8664,0.537,54.1,3.84,0.0278,13.8,92,0.4467,0,2026-03-06 00:00:00,0
BID-004737,AUC-0864,VND-0047,246530.4,0.8531,0.88,76.0,4.7,0.0072,7.2,45,0.5972,0,2026-03-06 00:00:00,0
BID-004738,AUC-0864,VND-0047,241324.9,0.835,0.88,76.0,4.7,0.0072,7.2,45,0.6041,0,2026-03-06 00:00:00,1
BID-004739,AUC-0865,VND-0268,310389.44,0.9881,0.884,91.9,4.71,0.0069,2.4,82,0.6501,0,2026-01-23 00:00:00,1
BID-004740,AUC-0865,VND-0165,305549.38,0.9727,0.71,56.5,4.27,0.0174,13.0,282,0.4892,0,2026-01-23 00:00:00,0
BID-004741,AUC-0865,VND-0327,301325.39,0.9593,0.793,79.7,4.48,0.0124,6.1,173,0.5957,0,2026-01-23 00:00:00,0
BID-004742,AUC-0865,VND-0327,288063.02,0.917,0.793,79.7,4.48,0.0124,6.1,173,0.6177,0,2026-01-23 00:00:00,0
BID-004743,AUC-0866,VND-0207,106584.68,0.9811,0.975,93.4,4.94,0.0015,2.0,180,0.4909,0,2026-06-26 00:00:00,0
BID-004744,AUC-0866,VND-0706,104698.37,0.9637,0.603,50.0,4.01,0.0238,15.0,268,0.3309,0,2026-06-26 00:00:00,0
BID-004745,AUC-0866,VND-0207,102128.59,0.94,0.975,93.4,4.94,0.0015,2.0,180,0.5114,0,2026-06-26 00:00:00,1
BID-004746,AUC-0866,VND-0550,97204.53,0.8947,0.89,78.4,4.72,0.0066,6.5,54,0.4851,0,2026-06-26 00:00:00,0
BID-004747,AUC-0866,VND-0706,93135.13,0.8573,0.603,50.0,4.01,0.0238,15.0,268,0.3841,0,2026-06-26 00:00:00,0
BID-004748,AUC-0867,VND-0503,198867.04,0.9767,0.903,83.6,4.76,0.0058,4.9,92,0.5855,0,2026-01-20 00:00:00,0
BID-004749,AUC-0867,VND-0594,194457.93,0.955,0.844,66.8,4.61,0.0094,10.0,119,0.5335,0,2026-01-20 00:00:00,0
BID-004750,AUC-0867,VND-0259,189404.14,0.9302,0.688,71.3,4.22,0.0187,8.6,248,0.4958,0,2026-01-20 00:00:00,0
BID-004751,AUC-0867,VND-0503,182893.09,0.8982,0.903,83.6,4.76,0.0058,4.9,92,0.6161,0,2026-01-20 00:00:00,1
BID-004752,AUC-0867,VND-0191,175262.41,0.8607,0.559,56.1,3.9,0.0265,13.2,170,0.4402,0,2026-01-20 00:00:00,0
BID-004753,AUC-0867,VND-0594,171661.06,0.8431,0.844,66.8,4.61,0.0094,10.0,119,0.5771,0,2026-01-20 00:00:00,0
BID-004754,AUC-0868,VND-0689,28751.38,0.9801,0.723,63.2,4.31,0.0166,11.0,181,0.3583,0,2026-03-03 00:00:00,0
BID-004755,AUC-0868,VND-0675,27731.67,0.9453,0.994,75.4,4.98,0.001,7.4,271,0.4514,0,2026-03-03 00:00:00,0
BID-004756,AUC-0868,VND-0675,26760.95,0.9122,0.994,75.4,4.98,0.001,7.4,271,0.4696,0,2026-03-03 00:00:00,0
BID-004757,AUC-0868,VND-0248,26197.12,0.893,0.732,68.7,4.33,0.0161,9.4,61,0.4141,0,2026-03-03 00:00:00,0
BID-004758,AUC-0868,VND-0689,25749.31,0.8778,0.723,63.2,4.31,0.0166,11.0,181,0.4145,0,2026-03-03 00:00:00,0
BID-004759,AUC-0868,VND-0675,24636.55,0.8398,0.994,75.4,4.98,0.001,7.4,271,0.5095,0,2026-03-03 00:00:00,1
BID-004760,AUC-0868,VND-0689,23991.31,0.8178,0.723,63.2,4.31,0.0166,11.0,181,0.4475,0,2026-03-03 00:00:00,0
BID-004761,AUC-0869,VND-0148,232674.01,0.9574,0.564,52.5,3.91,0.0262,14.2,187,0.4098,0,2026-01-03 00:00:00,0
BID-004762,AUC-0869,VND-0260,227857.56,0.9376,0.994,83.9,4.98,0.001,4.8,262,0.6543,0,2026-01-03 00:00:00,0
BID-004763,AUC-0869,VND-0340,216825.23,0.8922,0.985,93.7,4.96,0.001,1.9,235,0.6965,0,2026-01-03 00:00:00,0
BID-004764,AUC-0869,VND-0148,207826.69,0.8552,0.564,52.5,3.91,0.0262,14.2,187,0.4476,0,2026-01-03 00:00:00,0
BID-004765,AUC-0869,VND-0260,200597.74,0.8254,0.994,83.9,4.98,0.001,4.8,262,0.6958,0,2026-01-03 00:00:00,0
BID-004766,AUC-0869,VND-0340,195249.89,0.8034,0.985,93.7,4.96,0.001,1.9,235,0.7293,0,2026-01-03 00:00:00,1
BID-004767,AUC-0870,VND-0479,268856.21,0.9738,0.759,64.2,4.4,0.0144,10.7,254,0.4617,0,2026-04-13 00:00:00,1
BID-004768,AUC-0870,VND-0800,264454.99,0.9579,0.543,61.0,3.86,0.0274,11.7,281,0.3887,0,2026-04-13 00:00:00,0
BID-004769,AUC-0870,VND-0398,253586.37,0.9185,0.509,58.5,3.77,0.0295,12.4,206,0.39,0,2026-04-13 00:00:00,0
BID-004770,AUC-0870,VND-0800,241679.94,0.8754,0.543,61.0,3.86,0.0274,11.7,281,0.4274,0,2026-04-13 00:00:00,0
BID-004771,AUC-0871,VND-0225,116982.79,0.9621,0.688,59.0,4.22,0.0187,12.3,251,0.407,0,2026-05-30 00:00:00,0
BID-004772,AUC-0871,VND-0317,111480.23,0.9168,0.756,65.4,4.39,0.0146,10.4,236,0.4587,0,2026-05-30 00:00:00,0
BID-004773,AUC-0871,VND-0607,106968.0,0.8797,0.582,59.4,3.95,0.0251,12.2,53,0.42,0,2026-05-30 00:00:00,0
BID-004774,AUC-0871,VND-0181,103431.27,0.8506,0.694,71.0,4.24,0.0184,8.7,109,0.4888,0,2026-05-30 00:00:00,0
BID-004775,AUC-0871,VND-0301,99302.55,0.8167,0.584,50.0,3.96,0.0249,15.0,230,0.4223,0,2026-05-30 00:00:00,0
BID-004776,AUC-0871,VND-0607,97159.06,0.799,0.582,59.4,3.95,0.0251,12.2,53,0.4547,0,2026-05-30 00:00:00,0
BID-004777,AUC-0871,VND-0317,93253.35,0.7669,0.756,65.4,4.39,0.0146,10.4,236,0.5231,0,2026-05-30 00:00:00,1
BID-004778,AUC-0872,VND-0390,474527.76,0.9837,0.86,84.0,4.65,0.0084,4.8,272,0.5672,0,2026-03-29 00:00:00,0
BID-004779,AUC-0872,VND-0114,453393.98,0.9399,0.987,84.4,4.97,0.001,4.7,15,0.6177,0,2026-03-29 00:00:00,1
BID-004780,AUC-0872,VND-0076,431921.03,0.8954,0.954,76.1,4.89,0.0028,7.2,193,0.6036,0,2026-03-29 00:00:00,0
BID-004781,AUC-0872,VND-0775,414731.49,0.8598,0.522,51.3,3.8,0.0287,14.6,147,0.437,0,2026-03-29 00:00:00,0
BID-004782,AUC-0872,VND-0228,395135.92,0.8191,0.556,56.6,3.89,0.0267,13.0,139,0.4746,0,2026-03-29 00:00:00,0
BID-004783,AUC-0872,VND-0492,386894.12,0.8021,0.553,50.0,3.88,0.0268,15.0,257,0.4627,0,2026-03-29 00:00:00,0
BID-004784,AUC-0873,VND-0233,443550.13,0.9735,0.981,89.3,4.95,0.0011,3.2,265,0.6997,0,2026-02-07 00:00:00,0
BID-004785,AUC-0873,VND-0396,432136.76,0.9484,0.577,58.3,3.94,0.0254,12.5,193,0.5155,0,2026-02-07 00:00:00,0
BID-004786,AUC-0873,VND-0679,425272.44,0.9334,0.95,82.9,4.88,0.003,5.1,239,0.6889,0,2026-02-07 00:00:00,0
BID-004787,AUC-0873,VND-0204,410979.25,0.902,0.695,54.8,4.24,0.0183,13.6,162,0.5596,0,2026-02-07 00:00:00,0
BID-004788,AUC-0873,VND-0260,396744.39,0.8708,0.994,83.9,4.98,0.001,4.8,262,0.7217,0,2026-02-07 00:00:00,1
BID-004789,AUC-0873,VND-0679,380282.23,0.8346,0.95,82.9,4.88,0.003,5.1,239,0.7165,0,2026-02-07 00:00:00,0
BID-004790,AUC-0873,VND-0396,370162.45,0.8124,0.577,58.3,3.94,0.0254,12.5,193,0.5536,0,2026-02-07 00:00:00,0
BID-004791,AUC-0874,VND-0413,357348.42,0.9821,0.769,81.8,4.42,0.0139,5.5,197,0.6199,0,2026-05-09 00:00:00,0
BID-004792,AUC-0874,VND-0131,352511.57,0.9688,0.808,84.2,4.52,0.0115,4.7,141,0.6423,0,2026-05-09 00:00:00,0
BID-004793,AUC-0874,VND-0667,348660.43,0.9583,0.614,67.7,4.04,0.0231,9.7,293,0.5479,0,2026-05-09 00:00:00,0
BID-004794,AUC-0874,VND-0667,338563.45,0.9305,0.614,67.7,4.04,0.0231,9.7,293,0.5554,0,2026-05-09 00:00:00,0
BID-004795,AUC-0874,VND-0131,334379.75,0.919,0.808,84.2,4.52,0.0115,4.7,141,0.6558,0,2026-05-09 00:00:00,1
BID-004796,AUC-0874,VND-0413,328815.05,0.9037,0.769,81.8,4.42,0.0139,5.5,197,0.6411,0,2026-05-09 00:00:00,0
BID-004797,AUC-0874,VND-0261,313124.19,0.8606,0.797,70.3,4.49,0.0122,8.9,166,0.6515,0,2026-05-09 00:00:00,0
BID-004798,AUC-0875,VND-0794,268438.55,0.9892,0.848,69.5,4.62,0.0091,9.2,292,0.5129,0,2026-03-15 00:00:00,0
BID-004799,AUC-0875,VND-0460,261603.06,0.964,0.882,68.8,4.7,0.0071,9.4,280,0.5334,0,2026-03-15 00:00:00,1
BID-004800,AUC-0875,VND-0338,252982.28,0.9323,0.705,69.5,4.26,0.0177,9.2,169,0.4803,0,2026-03-15 00:00:00,0
BID-004801,AUC-0875,VND-0405,249118.59,0.918,0.725,57.4,4.31,0.0165,12.8,249,0.4677,0,2026-03-15 00:00:00,0
BID-004802,AUC-0875,VND-0405,236871.46,0.8729,0.725,57.4,4.31,0.0165,12.8,249,0.4844,0,2026-03-15 00:00:00,0
BID-004803,AUC-0875,VND-0660,227076.79,0.8368,0.541,50.0,3.85,0.0276,15.0,294,0.4132,0,2026-03-15 00:00:00,0
BID-004804,AUC-0875,VND-0355,217828.28,0.8027,0.627,62.6,4.07,0.0224,11.2,252,0.4846,0,2026-03-15 00:00:00,0
BID-004805,AUC-0876,VND-0737,420878.19,0.9647,0.939,78.3,4.85,0.0036,6.5,155,0.595,0,2026-04-23 00:00:00,0
BID-004806,AUC-0876,VND-0632,402486.69,0.9225,0.655,61.9,4.14,0.0207,11.4,55,0.4719,0,2026-04-23 00:00:00,0
BID-004807,AUC-0876,VND-0336,392916.0,0.9006,0.587,59.2,3.97,0.0248,12.2,264,0.451,0,2026-04-23 00:00:00,0
BID-004808,AUC-0876,VND-0632,385763.12,0.8842,0.655,61.9,4.14,0.0207,11.4,55,0.4926,0,2026-04-23 00:00:00,0
BID-004809,AUC-0876,VND-0737,378954.33,0.8686,0.939,78.3,4.85,0.0036,6.5,155,0.6469,0,2026-04-23 00:00:00,1
BID-004810,AUC-0876,VND-0413,368191.88,0.8439,0.769,81.8,4.42,0.0139,5.5,197,0.5968,0,2026-04-23 00:00:00,0
BID-004811,AUC-0876,VND-0171,350802.21,0.8041,0.746,64.3,4.36,0.0153,10.7,123,0.5773,0,2026-04-23 00:00:00,0
BID-004812,AUC-0877,VND-0753,70337.98,0.9503,0.69,59.8,4.23,0.0186,12.1,234,0.4792,0,2026-05-24 00:00:00,0
BID-004813,AUC-0877,VND-0753,69123.89,0.9339,0.69,59.8,4.23,0.0186,12.1,234,0.4849,0,2026-05-24 00:00:00,0
BID-004814,AUC-0877,VND-0663,66490.22,0.8983,0.988,87.0,4.97,0.001,3.9,224,0.6785,0,2026-05-24 00:00:00,0
BID-004815,AUC-0877,VND-0663,63914.11,0.8635,0.988,87.0,4.97,0.001,3.9,224,0.6907,0,2026-05-24 00:00:00,1
BID-004816,AUC-0877,VND-0456,63048.89,0.8518,0.795,63.1,4.49,0.0123,11.1,297,0.5618,0,2026-05-24 00:00:00,0
BID-004817,AUC-0878,VND-0539,388152.96,0.9769,0.692,62.2,4.23,0.0185,11.3,211,0.4888,0,2026-02-19 00:00:00,0
BID-004818,AUC-0878,VND-0547,382549.0,0.9628,0.804,72.0,4.51,0.0118,8.4,296,0.5649,0,2026-02-19 00:00:00,1
BID-004819,AUC-0878,VND-0347,364095.86,0.9163,0.754,62.7,4.38,0.0148,11.2,200,0.548,0,2026-02-19 00:00:00,0
BID-004820,AUC-0878,VND-0347,357981.85,0.9009,0.754,62.7,4.38,0.0148,11.2,200,0.5565,0,2026-02-19 00:00:00,0
BID-004821,AUC-0879,VND-0017,68283.21,0.9595,0.533,58.4,3.83,0.028,12.5,102,0.5322,0,2026-05-02 00:00:00,0
BID-004822,AUC-0879,VND-0079,67068.62,0.9425,0.836,82.5,4.59,0.0098,5.2,68,0.6922,0,2026-05-02 00:00:00,1
BID-004823,AUC-0879,VND-0618,65667.76,0.9228,0.826,71.2,4.56,0.0104,8.6,139,0.6754,0,2026-05-02 00:00:00,0
BID-004824,AUC-0879,VND-0585,64445.17,0.9056,0.503,50.0,3.76,0.0298,15.0,228,0.5206,0,2026-05-02 00:00:00,0
BID-004825,AUC-0879,VND-0449,61652.81,0.8664,0.647,64.3,4.12,0.0212,10.7,117,0.608,0,2026-05-02 00:00:00,0
BID-004826,AUC-0880,VND-0139,393756.78,0.9865,0.899,85.6,4.75,0.0061,4.3,259,0.6302,0,2026-01-31 00:00:00,0
BID-004827,AUC-0880,VND-0245,374777.49,0.9389,0.975,96.7,4.94,0.0015,1.0,288,0.7007,0,2026-01-31 00:00:00,0
BID-004828,AUC-0880,VND-0065,363629.75,0.911,0.503,50.0,3.76,0.0298,15.0,292,0.4129,0,2026-01-31 00:00:00,0
BID-004829,AUC-0880,VND-0511,359445.14,0.9005,0.849,68.8,4.62,0.0091,9.4,265,0.596,0,2026-01-31 00:00:00,0
BID-004830,AUC-0880,VND-0139,342785.44,0.8588,0.899,85.6,4.75,0.0061,4.3,259,0.6685,0,2026-01-31 00:00:00,0
BID-004831,AUC-0880,VND-0669,337935.31,0.8466,0.6,54.9,4.0,0.024,13.5,142,0.4818,0,2026-01-31 00:00:00,0
BID-004832,AUC-0880,VND-0245,321372.16,0.8051,0.975,96.7,4.94,0.0015,1.0,288,0.7409,0,2026-01-31 00:00:00,1
BID-004833,AUC-0880,VND-0669,308238.84,0.7722,0.6,54.9,4.0,0.024,13.5,142,0.5041,0,2026-01-31 00:00:00,0
BID-004834,AUC-0881,VND-0022,138721.89,0.9559,0.517,59.0,3.79,0.029,12.3,176,0.5078,0,2026-04-29 00:00:00,0
BID-004835,AUC-0881,VND-0256,135091.83,0.9309,0.807,68.8,4.52,0.0116,9.4,19,0.6517,0,2026-04-29 00:00:00,0
BID-004836,AUC-0881,VND-0256,129699.02,0.8937,0.807,68.8,4.52,0.0116,9.4,19,0.6599,0,2026-04-29 00:00:00,0
BID-004837,AUC-0881,VND-0256,123856.49,0.8534,0.807,68.8,4.52,0.0116,9.4,19,0.6687,0,2026-04-29 00:00:00,1
BID-004838,AUC-0882,VND-0764,430057.77,0.9779,0.642,51.1,4.11,0.0215,14.7,45,0.4959,0,2026-04-01 00:00:00,0
BID-004839,AUC-0882,VND-0085,410478.87,0.9334,0.52,50.0,3.8,0.0288,15.0,149,0.4476,0,2026-04-01 00:00:00,0
BID-004840,AUC-0882,VND-0027,402933.78,0.9162,0.97,94.1,4.92,0.0018,1.8,96,0.7297,0,2026-04-01 00:00:00,0
BID-004841,AUC-0882,VND-0115,397700.68,0.9043,0.946,87.8,4.87,0.0032,3.7,179,0.7131,0,2026-04-01 00:00:00,0
BID-004842,AUC-0882,VND-0027,382661.89,0.8701,0.97,94.1,4.92,0.0018,1.8,96,0.7422,0,2026-04-01 00:00:00,1
BID-004843,AUC-0882,VND-0204,371401.47,0.8445,0.695,54.8,4.24,0.0183,13.6,162,0.5624,0,2026-04-01 00:00:00,0
BID-004844,AUC-0882,VND-0204,364635.89,0.8291,0.695,54.8,4.24,0.0183,13.6,162,0.5666,0,2026-04-01 00:00:00,0
BID-004845,AUC-0883,VND-0067,452907.75,0.9584,0.56,50.0,3.9,0.0264,15.0,44,0.4017,0,2026-02-14 00:00:00,0
BID-004846,AUC-0883,VND-0067,444696.02,0.941,0.56,50.0,3.9,0.0264,15.0,44,0.4075,0,2026-02-14 00:00:00,0
BID-004847,AUC-0883,VND-0102,426326.68,0.9021,0.581,59.8,3.95,0.0252,12.1,289,0.4478,0,2026-02-14 00:00:00,0
BID-004848,AUC-0883,VND-0067,412122.04,0.8721,0.56,50.0,3.9,0.0264,15.0,44,0.4302,0,2026-02-14 00:00:00,0
BID-004849,AUC-0883,VND-0711,392732.15,0.831,0.658,60.2,4.15,0.0205,11.9,193,0.5049,0,2026-02-14 00:00:00,0
BID-004850,AUC-0883,VND-0391,373152.74,0.7896,0.847,80.8,4.62,0.0092,5.8,85,0.638,0,2026-02-14 00:00:00,0
BID-004851,AUC-0883,VND-0711,355894.99,0.7531,0.658,60.2,4.15,0.0205,11.9,193,0.5306,0,2026-02-14 00:00:00,0
BID-004852,AUC-0883,VND-0391,350035.93,0.7407,0.847,80.8,4.62,0.0092,5.8,85,0.6541,0,2026-02-14 00:00:00,1
BID-004853,AUC-0884,VND-0728,79258.39,0.956,0.515,57.3,3.79,0.0291,12.8,249,0.385,0,2026-05-31 00:00:00,0
BID-004854,AUC-0884,VND-0277,77460.45,0.9343,0.776,69.6,4.44,0.0134,9.1,78,0.5243,0,2026-05-31 00:00:00,0
BID-004855,AUC-0884,VND-0728,73792.28,0.89,0.515,57.3,3.79,0.0291,12.8,249,0.416,0,2026-05-31 00:00:00,0
BID-004856,AUC-0884,VND-0718,70773.86,0.8536,0.57,50.0,3.92,0.0258,15.0,278,0.4424,0,2026-05-31 00:00:00,0
BID-004857,AUC-0884,VND-0099,67320.79,0.812,0.863,86.4,4.66,0.0082,4.1,131,0.6478,0,2026-05-31 00:00:00,1
BID-004858,AUC-0884,VND-0728,64361.01,0.7763,0.515,57.3,3.79,0.0291,12.8,249,0.4695,0,2026-05-31 00:00:00,0
BID-004859,AUC-0884,VND-0117,62453.71,0.7533,0.788,73.8,4.47,0.0127,7.9,58,0.6219,0,2026-05-31 00:00:00,0
BID-004860,AUC-0885,VND-0785,233988.79,0.9885,0.812,71.6,4.53,0.0113,8.5,178,0.5727,0,2026-04-18 00:00:00,0
BID-004861,AUC-0885,VND-0223,226975.51,0.9589,0.906,96.3,4.77,0.0056,1.1,96,0.6928,0,2026-04-18 00:00:00,0
BID-004862,AUC-0885,VND-0100,215893.43,0.9121,0.944,89.3,4.86,0.0034,3.2,183,0.7104,0,2026-04-18 00:00:00,0
BID-004863,AUC-0885,VND-0223,205220.75,0.867,0.906,96.3,4.77,0.0056,1.1,96,0.7369,0,2026-04-18 00:00:00,0
BID-004864,AUC-0885,VND-0785,196745.48,0.8312,0.812,71.6,4.53,0.0113,8.5,178,0.6482,0,2026-04-18 00:00:00,0
BID-004865,AUC-0885,VND-0197,193445.52,0.8172,0.686,65.9,4.22,0.0188,10.2,297,0.5899,0,2026-04-18 00:00:00,0
BID-004866,AUC-0885,VND-0223,190336.83,0.8041,0.906,96.3,4.77,0.0056,1.1,96,0.7671,0,2026-04-18 00:00:00,1
BID-004867,AUC-0886,VND-0064,481502.24,0.9813,0.909,87.9,4.77,0.0055,3.6,166,0.5926,0,2026-03-27 00:00:00,0
BID-004868,AUC-0886,VND-0276,468772.0,0.9553,0.76,77.6,4.4,0.0144,6.7,61,0.5208,0,2026-03-27 00:00:00,0
BID-004869,AUC-0886,VND-0223,455958.73,0.9292,0.906,96.3,4.77,0.0056,1.1,96,0.6308,0,2026-03-27 00:00:00,1
BID-004870,AUC-0887,VND-0239,242667.92,0.983,0.537,54.1,3.84,0.0278,13.8,92,0.3815,0,2026-04-07 00:00:00,0
BID-004871,AUC-0887,VND-0366,233062.21,0.9441,0.582,63.5,3.96,0.0251,11.0,190,0.4268,0,2026-04-07 00:00:00,0
BID-004872,AUC-0887,VND-0392,230712.79,0.9346,0.626,56.5,4.06,0.0224,13.0,205,0.4385,0,2026-04-07 00:00:00,1
BID-004873,AUC-0887,VND-0239,225794.03,0.9146,0.537,54.1,3.84,0.0278,13.8,92,0.4075,0,2026-04-07 00:00:00,0
BID-004874,AUC-0888,VND-0262,412955.75,0.9534,0.985,93.2,4.96,0.001,2.0,217,0.7317,0,2026-01-09 00:00:00,1
BID-004875,AUC-0888,VND-0477,401790.77,0.9276,0.588,59.2,3.97,0.0247,12.2,96,0.4918,0,2026-01-09 00:00:00,0
BID-004876,AUC-0888,VND-0497,389629.63,0.8996,0.636,59.1,4.09,0.0218,12.3,71,0.5205,0,2026-01-09 00:00:00,0
BID-004877,AUC-0888,VND-0429,370441.75,0.8553,0.518,50.0,3.8,0.0289,15.0,166,0.4609,0,2026-01-09 00:00:00,0
BID-004878,AUC-0888,VND-0697,361265.99,0.8341,0.585,53.6,3.96,0.0249,13.9,110,0.5035,0,2026-01-09 00:00:00,0
BID-004879,AUC-0888,VND-0477,351400.74,0.8113,0.588,59.2,3.97,0.0247,12.2,96,0.5221,0,2026-01-09 00:00:00,0
BID-004880,AUC-0888,VND-0477,334687.0,0.7727,0.588,59.2,3.97,0.0247,12.2,96,0.5321,0,2026-01-09 00:00:00,0
BID-004881,AUC-0889,VND-0520,287874.69,0.9645,0.533,50.0,3.83,0.028,15.0,184,0.4091,0,2026-06-11 00:00:00,0
BID-004882,AUC-0889,VND-0207,279748.74,0.9372,0.975,93.4,4.94,0.0015,2.0,180,0.7109,0,2026-06-11 00:00:00,0
BID-004883,AUC-0889,VND-0520,272428.19,0.9127,0.533,50.0,3.83,0.028,15.0,184,0.4319,0,2026-06-11 00:00:00,0
BID-004884,AUC-0889,VND-0776,262583.61,0.8797,0.976,92.8,4.94,0.0015,2.2,152,0.7351,0,2026-06-11 00:00:00,1
BID-004885,AUC-0890,VND-0393,191328.72,0.9867,0.591,64.0,3.98,0.0246,10.8,279,0.3339,0,2026-01-13 00:00:00,0
BID-004886,AUC-0890,VND-0045,181770.44,0.9374,0.944,83.5,4.86,0.0034,5.0,141,0.5065,0,2026-01-13 00:00:00,0
BID-004887,AUC-0890,VND-0284,179143.99,0.9238,0.696,66.4,4.24,0.0182,10.1,84,0.4073,0,2026-01-13 00:00:00,0
BID-004888,AUC-0890,VND-0048,177316.05,0.9144,0.885,83.3,4.71,0.0069,5.0,51,0.4972,0,2026-01-13 00:00:00,0
BID-004889,AUC-0890,VND-0045,172861.35,0.8914,0.944,83.5,4.86,0.0034,5.0,141,0.5309,0,2026-01-13 00:00:00,1
BID-004890,AUC-0890,VND-0479,164524.45,0.8485,0.759,64.2,4.4,0.0144,10.7,254,0.4678,0,2026-01-13 00:00:00,0
BID-004891,AUC-0890,VND-0409,157212.02,0.8107,0.796,71.5,4.49,0.0123,8.5,58,0.5084,0,2026-01-13 00:00:00,0
BID-004892,AUC-0890,VND-0284,155385.06,0.8013,0.696,66.4,4.24,0.0182,10.1,84,0.4723,0,2026-01-13 00:00:00,0
BID-004893,AUC-0891,VND-0012,145283.89,0.9683,0.646,60.9,4.12,0.0212,11.7,200,0.5041,0,2026-05-27 00:00:00,0
BID-004894,AUC-0891,VND-0452,139923.99,0.9326,0.591,52.0,3.98,0.0246,14.4,218,0.4772,0,2026-05-27 00:00:00,0
BID-004895,AUC-0891,VND-0376,135805.4,0.9052,0.558,63.7,3.9,0.0265,10.9,173,0.5053,0,2026-05-27 00:00:00,0
BID-004896,AUC-0891,VND-0722,133682.93,0.891,0.836,72.5,4.59,0.0098,8.2,141,0.6591,0,2026-05-27 00:00:00,0
BID-004897,AUC-0891,VND-0553,130166.3,0.8676,0.997,80.1,4.99,0.001,6.0,74,0.7623,0,2026-05-27 00:00:00,0
BID-004898,AUC-0891,VND-0721,126253.49,0.8415,0.985,78.2,4.96,0.001,6.5,82,0.7665,0,2026-05-27 00:00:00,1
BID-004899,AUC-0892,VND-0265,107869.84,0.9844,0.528,56.3,3.82,0.0283,13.1,195,0.4076,0,2026-03-25 00:00:00,0
BID-004900,AUC-0892,VND-0265,104408.45,0.9528,0.528,56.3,3.82,0.0283,13.1,195,0.418,0,2026-03-25 00:00:00,0
BID-004901,AUC-0892,VND-0265,102633.55,0.9366,0.528,56.3,3.82,0.0283,13.1,195,0.4234,0,2026-03-25 00:00:00,0
BID-004902,AUC-0892,VND-0265,100441.68,0.9166,0.528,56.3,3.82,0.0283,13.1,195,0.43,0,2026-03-25 00:00:00,0
BID-004903,AUC-0892,VND-0712,97544.77,0.8902,0.521,50.0,3.8,0.0288,15.0,75,0.4284,0,2026-03-25 00:00:00,0
BID-004904,AUC-0892,VND-0265,94516.94,0.8625,0.528,56.3,3.82,0.0283,13.1,195,0.4478,0,2026-03-25 00:00:00,0
BID-004905,AUC-0892,VND-0712,89791.39,0.8194,0.521,50.0,3.8,0.0288,15.0,75,0.4518,0,2026-03-25 00:00:00,0
BID-004906,AUC-0892,VND-0712,88778.72,0.8102,0.521,50.0,3.8,0.0288,15.0,75,0.4548,0,2026-03-25 00:00:00,1
BID-004907,AUC-0893,VND-0411,367144.46,0.9579,0.901,73.1,4.75,0.0059,8.1,298,0.6987,0,2026-01-25 00:00:00,0
BID-004908,AUC-0893,VND-0056,357994.84,0.934,0.645,52.8,4.11,0.0213,14.2,53,0.5544,0,2026-01-25 00:00:00,0
BID-004909,AUC-0893,VND-0087,344326.15,0.8984,0.756,58.6,4.39,0.0146,12.4,91,0.6241,0,2026-01-25 00:00:00,0
BID-004910,AUC-0893,VND-0056,336103.24,0.8769,0.645,52.8,4.11,0.0213,14.2,53,0.5676,0,2026-01-25 00:00:00,0
BID-004911,AUC-0893,VND-0087,321636.78,0.8392,0.756,58.6,4.39,0.0146,12.4,91,0.6378,0,2026-01-25 00:00:00,0
BID-004912,AUC-0893,VND-0574,315921.43,0.8243,0.899,84.1,4.75,0.0061,4.8,134,0.742,0,2026-01-25 00:00:00,1
BID-004913,AUC-0894,VND-0098,189997.08,0.9528,0.67,58.4,4.17,0.0198,12.5,117,0.4836,0,2026-01-24 00:00:00,1
BID-004914,AUC-0894,VND-0764,187202.91,0.9388,0.642,51.1,4.11,0.0215,14.7,45,0.4682,0,2026-01-24 00:00:00,0
BID-004915,AUC-0894,VND-0617,178321.94,0.8943,0.607,50.0,4.02,0.0236,15.0,218,0.4714,0,2026-01-24 00:00:00,0
BID-004916,AUC-0895,VND-0571,257615.33,0.9888,0.912,77.3,4.78,0.0053,6.8,23,0.5973,0,2026-03-15 00:00:00,0
BID-004917,AUC-0895,VND-0706,254862.0,0.9783,0.603,50.0,4.01,0.0238,15.0,268,0.4482,0,2026-03-15 00:00:00,0
BID-004918,AUC-0895,VND-0496,252071.47,0.9676,0.9,86.4,4.75,0.006,4.1,168,0.6208,0,2026-03-15 00:00:00,0
BID-004919,AUC-0895,VND-0060,248519.01,0.9539,0.946,89.7,4.87,0.0032,3.1,45,0.6466,0,2026-03-15 00:00:00,0
BID-004920,AUC-0895,VND-0060,236987.39,0.9097,0.946,89.7,4.87,0.0032,3.1,45,0.6613,0,2026-03-15 00:00:00,1
BID-004921,AUC-0895,VND-0475,225676.25,0.8662,0.937,83.0,4.84,0.0038,5.1,245,0.6577,0,2026-03-15 00:00:00,0
BID-004922,AUC-0895,VND-0571,220699.79,0.8471,0.912,77.3,4.78,0.0053,6.8,23,0.6441,0,2026-03-15 00:00:00,0
BID-004923,AUC-0896,VND-0686,244008.51,0.9712,0.986,78.7,4.96,0.001,6.4,234,0.6729,0,2026-04-22 00:00:00,0
BID-004924,AUC-0896,VND-0107,233761.44,0.9304,0.826,68.4,4.56,0.0104,9.5,290,0.6132,0,2026-04-22 00:00:00,0
BID-004925,AUC-0896,VND-0686,224572.15,0.8939,0.986,78.7,4.96,0.001,6.4,234,0.6954,0,2026-04-22 00:00:00,1
BID-004926,AUC-0896,VND-0680,217380.43,0.8652,0.638,58.8,4.1,0.0217,12.4,168,0.5535,0,2026-04-22 00:00:00,0
BID-004927,AUC-0896,VND-0680,214467.51,0.8536,0.638,58.8,4.1,0.0217,12.4,168,0.5569,0,2026-04-22 00:00:00,0
BID-004928,AUC-0897,VND-0572,282046.01,0.9631,0.839,73.5,4.6,0.0097,8.0,32,0.6365,0,2026-04-03 00:00:00,1
BID-004929,AUC-0897,VND-0221,273983.34,0.9355,0.542,54.8,3.86,0.0275,13.6,162,0.464,0,2026-04-03 00:00:00,0
BID-004930,AUC-0897,VND-0501,263926.68,0.9012,0.593,58.5,3.98,0.0244,12.4,209,0.5082,0,2026-04-03 00:00:00,0
BID-004931,AUC-0897,VND-0501,258944.61,0.8842,0.593,58.5,3.98,0.0244,12.4,209,0.514,0,2026-04-03 00:00:00,0
BID-004932,AUC-0897,VND-0320,253759.7,0.8665,0.635,54.9,4.09,0.0219,13.5,231,0.5277,0,2026-04-03 00:00:00,0
BID-004933,AUC-0897,VND-0221,242878.28,0.8293,0.542,54.8,3.86,0.0275,13.6,162,0.5001,0,2026-04-03 00:00:00,0
BID-004934,AUC-0898,VND-0016,413902.79,0.9534,0.804,62.3,4.51,0.0118,11.3,151,0.5857,0,2026-05-07 00:00:00,0
BID-004935,AUC-0898,VND-0494,403603.54,0.9297,0.844,72.9,4.61,0.0093,8.1,216,0.632,0,2026-05-07 00:00:00,0
BID-004936,AUC-0898,VND-0722,394626.41,0.909,0.836,72.5,4.59,0.0098,8.2,141,0.6329,0,2026-05-07 00:00:00,0
BID-004937,AUC-0898,VND-0494,390350.94,0.8992,0.844,72.9,4.61,0.0093,8.1,216,0.6399,0,2026-05-07 00:00:00,0
BID-004938,AUC-0898,VND-0494,382102.71,0.8802,0.844,72.9,4.61,0.0093,8.1,216,0.6448,0,2026-05-07 00:00:00,1
BID-004939,AUC-0899,VND-0425,478606.57,0.9756,0.751,68.9,4.38,0.0149,9.3,110,0.4364,0,2026-01-25 00:00:00,0
BID-004940,AUC-0899,VND-0397,463868.9,0.9456,0.753,66.6,4.38,0.0148,10.0,272,0.446,0,2026-01-25 00:00:00,0
BID-004941,AUC-0899,VND-0649,458956.1,0.9356,0.584,50.0,3.96,0.025,15.0,89,0.3673,0,2026-01-25 00:00:00,0
BID-004942,AUC-0899,VND-0005,441003.8,0.899,0.801,74.5,4.5,0.012,7.6,294,0.4958,0,2026-01-25 00:00:00,0
BID-004943,AUC-0899,VND-0649,430745.0,0.8781,0.584,50.0,3.96,0.025,15.0,89,0.3926,0,2026-01-25 00:00:00,0
BID-004944,AUC-0899,VND-0028,422292.19,0.8608,0.799,83.3,4.5,0.0121,5.0,212,0.5279,0,2026-01-25 00:00:00,0
BID-004945,AUC-0899,VND-0028,405296.69,0.8262,0.799,83.3,4.5,0.0121,5.0,212,0.5432,0,2026-01-25 00:00:00,1
BID-004946,AUC-0899,VND-0565,394044.8,0.8033,0.686,56.7,4.22,0.0188,13.0,106,0.4698,0,2026-01-25 00:00:00,0
BID-004947,AUC-0900,VND-0116,206836.99,0.9863,0.897,82.7,4.74,0.0062,5.2,276,0.5882,0,2026-04-23 00:00:00,0
BID-004948,AUC-0900,VND-0316,201308.2,0.9599,0.857,89.1,4.64,0.0086,3.3,257,0.5967,0,2026-04-23 00:00:00,0
BID-004949,AUC-0900,VND-0084,196888.76,0.9388,0.66,58.1,4.15,0.0204,12.6,37,0.4617,0,2026-04-23 00:00:00,0
BID-004950,AUC-0900,VND-0084,193817.19,0.9242,0.66,58.1,4.15,0.0204,12.6,37,0.4679,0,2026-04-23 00:00:00,0
BID-004951,AUC-0900,VND-0316,186955.92,0.8915,0.857,89.1,4.64,0.0086,3.3,257,0.6254,0,2026-04-23 00:00:00,1
BID-004952,AUC-0900,VND-0252,183632.2,0.8756,0.655,63.7,4.14,0.0207,10.9,225,0.4981,0,2026-04-23 00:00:00,0
BID-004953,AUC-0901,VND-0263,397042.07,0.9556,0.919,85.5,4.8,0.0049,4.4,40,0.5132,0,2026-04-30 00:00:00,0
BID-004954,AUC-0901,VND-0155,387940.14,0.9337,0.898,77.6,4.74,0.0061,6.7,100,0.5087,0,2026-04-30 00:00:00,0
BID-004955,AUC-0901,VND-0362,375813.07,0.9045,0.533,52.6,3.83,0.028,14.2,298,0.3965,0,2026-04-30 00:00:00,0
BID-004956,AUC-0901,VND-0155,368441.3,0.8868,0.898,77.6,4.74,0.0061,6.7,100,0.5307,0,2026-04-30 00:00:00,0
BID-004957,AUC-0901,VND-0155,351478.93,0.846,0.898,77.6,4.74,0.0061,6.7,100,0.5499,0,2026-04-30 00:00:00,0
BID-004958,AUC-0901,VND-0155,344975.28,0.8303,0.898,77.6,4.74,0.0061,6.7,100,0.5573,0,2026-04-30 00:00:00,1
BID-004959,AUC-0902,VND-0681,369693.17,0.9612,0.956,73.9,4.89,0.0026,7.8,190,0.6186,0,2026-05-16 00:00:00,1
BID-004960,AUC-0902,VND-0414,362349.57,0.9421,0.673,56.3,4.18,0.0196,13.1,68,0.4843,0,2026-05-16 00:00:00,0
BID-004961,AUC-0902,VND-0597,350024.58,0.9101,0.673,68.1,4.18,0.0196,9.6,253,0.5117,0,2026-05-16 00:00:00,0
BID-004962,AUC-0902,VND-0414,339039.73,0.8815,0.673,56.3,4.18,0.0196,13.1,68,0.5049,0,2026-05-16 00:00:00,0
BID-004963,AUC-0902,VND-0414,329430.85,0.8565,0.673,56.3,4.18,0.0196,13.1,68,0.5134,0,2026-05-16 00:00:00,0
BID-004964,AUC-0903,VND-0161,284887.89,0.9789,0.775,78.1,4.44,0.0135,6.6,192,0.3947,0,2026-04-23 00:00:00,0
BID-004965,AUC-0903,VND-0504,276886.2,0.9514,0.846,84.2,4.62,0.0092,4.7,256,0.4351,0,2026-04-23 00:00:00,0
BID-004966,AUC-0903,VND-0725,263077.89,0.904,0.972,95.3,4.93,0.0017,1.4,62,0.5064,0,2026-04-23 00:00:00,1
BID-004967,AUC-0904,VND-0740,468106.93,0.9784,0.899,81.3,4.75,0.0061,5.6,134,0.457,0,2026-06-26 00:00:00,0
BID-004968,AUC-0904,VND-0633,445995.1,0.9321,0.506,50.0,3.76,0.0297,15.0,238,0.3279,0,2026-06-26 00:00:00,0
BID-004969,AUC-0904,VND-0217,435787.9,0.9108,0.809,63.1,4.52,0.0115,11.1,278,0.4403,0,2026-06-26 00:00:00,0
BID-004970,AUC-0904,VND-0740,415364.75,0.8681,0.899,81.3,4.75,0.0061,5.6,134,0.5121,0,2026-06-26 00:00:00,1
BID-004971,AUC-0904,VND-0633,402482.45,0.8412,0.506,50.0,3.76,0.0297,15.0,238,0.3734,0,2026-06-26 00:00:00,0
BID-004972,AUC-0905,VND-0170,106354.37,0.9826,0.737,57.5,4.34,0.0158,12.8,29,0.4688,0,2026-05-27 00:00:00,0
BID-004973,AUC-0905,VND-0598,102737.92,0.9492,0.523,54.5,3.81,0.0286,13.6,178,0.401,0,2026-05-27 00:00:00,0
BID-004974,AUC-0905,VND-0170,101061.52,0.9337,0.737,57.5,4.34,0.0158,12.8,29,0.4859,0,2026-05-27 00:00:00,0
BID-004975,AUC-0905,VND-0170,98856.39,0.9134,0.737,57.5,4.34,0.0158,12.8,29,0.4931,0,2026-05-27 00:00:00,0
BID-004976,AUC-0905,VND-0290,95494.33,0.8823,0.746,61.5,4.37,0.0152,11.5,198,0.5164,0,2026-05-27 00:00:00,0
BID-004977,AUC-0905,VND-0290,94438.38,0.8726,0.746,61.5,4.37,0.0152,11.5,198,0.5199,0,2026-05-27 00:00:00,1
BID-004978,AUC-0906,VND-0422,61991.17,0.9756,0.589,59.6,3.97,0.0247,12.1,197,0.3243,0,2026-05-12 00:00:00,0
BID-004979,AUC-0906,VND-0475,59907.43,0.9428,0.937,83.0,4.84,0.0038,5.1,245,0.4481,0,2026-05-12 00:00:00,0
BID-004980,AUC-0906,VND-0708,58391.89,0.919,0.766,84.3,4.41,0.0141,4.7,292,0.4232,0,2026-05-12 00:00:00,0
BID-004981,AUC-0906,VND-0475,56698.9,0.8923,0.937,83.0,4.84,0.0038,5.1,245,0.4759,0,2026-05-12 00:00:00,1
BID-004982,AUC-0907,VND-0357,407513.26,0.9512,0.736,63.5,4.34,0.0159,11.0,240,0.4181,0,2026-04-02 00:00:00,0
BID-004983,AUC-0907,VND-0357,389761.96,0.9097,0.736,63.5,4.34,0.0159,11.0,240,0.4372,0,2026-04-02 00:00:00,0
BID-004984,AUC-0907,VND-0173,378067.36,0.8824,0.699,70.9,4.25,0.018,8.7,58,0.4596,0,2026-04-02 00:00:00,1
BID-004985,AUC-0907,VND-0098,366246.87,0.8548,0.67,58.4,4.17,0.0198,12.5,117,0.4358,0,2026-04-02 00:00:00,0
BID-004986,AUC-0907,VND-0098,362473.21,0.846,0.67,58.4,4.17,0.0198,12.5,117,0.4399,0,2026-04-02 00:00:00,0
BID-004987,AUC-0908,VND-0065,217739.26,0.9669,0.503,50.0,3.76,0.0298,15.0,292,0.2468,0,2026-01-31 00:00:00,0
BID-004988,AUC-0908,VND-0437,213718.52,0.9491,0.822,67.6,4.55,0.0107,9.7,93,0.3489,0,2026-01-31 00:00:00,0
BID-004989,AUC-0908,VND-0575,209651.94,0.931,0.925,96.7,4.81,0.0045,1.0,43,0.4498,0,2026-01-31 00:00:00,1
BID-004990,AUC-0909,VND-0556,413449.46,0.9728,0.908,74.0,4.77,0.0055,7.8,44,0.4609,0,2026-01-13 00:00:00,0
BID-004991,AUC-0909,VND-0018,406896.7,0.9574,0.983,93.5,4.96,0.001,2.0,209,0.5169,0,2026-01-13 00:00:00,0
BID-004992,AUC-0909,VND-0556,396698.68,0.9334,0.908,74.0,4.77,0.0055,7.8,44,0.4802,0,2026-01-13 00:00:00,0
BID-004993,AUC-0909,VND-0012,381623.91,0.8979,0.646,60.9,4.12,0.0212,11.7,200,0.4113,0,2026-01-13 00:00:00,0
BID-004994,AUC-0909,VND-0094,369959.61,0.8705,0.909,86.3,4.77,0.0055,4.1,226,0.5296,0,2026-01-13 00:00:00,0
BID-004995,AUC-0909,VND-0556,361022.91,0.8494,0.908,74.0,4.77,0.0055,7.8,44,0.5213,0,2026-01-13 00:00:00,0
BID-004996,AUC-0909,VND-0012,357377.19,0.8409,0.646,60.9,4.12,0.0212,11.7,200,0.4393,0,2026-01-13 00:00:00,0
BID-004997,AUC-0909,VND-0169,345521.32,0.813,0.928,86.3,4.82,0.0043,4.1,252,0.5627,0,2026-01-13 00:00:00,1
BID-004998,AUC-0910,VND-0003,440690.21,0.9845,0.578,50.0,3.95,0.0253,15.0,231,0.4,0,2026-06-01 00:00:00,0
BID-004999,AUC-0910,VND-0003,434822.97,0.9714,0.578,50.0,3.95,0.0253,15.0,231,0.4054,0,2026-06-01 00:00:00,0
BID-005000,AUC-0910,VND-0710,419153.87,0.9364,0.726,71.5,4.32,0.0164,8.5,141,0.5242,0,2026-06-01 00:00:00,0
BID-005001,AUC-0910,VND-0366,407158.14,0.9096,0.582,63.5,3.96,0.0251,11.0,190,0.4581,0,2026-06-01 00:00:00,0
BID-005002,AUC-0910,VND-0175,398447.17,0.8902,0.687,67.7,4.22,0.0188,9.7,244,0.5191,0,2026-06-01 00:00:00,0
BID-005003,AUC-0910,VND-0710,389846.68,0.8709,0.726,71.5,4.32,0.0164,8.5,141,0.551,0,2026-06-01 00:00:00,0
BID-005004,AUC-0910,VND-0276,372882.63,0.833,0.76,77.6,4.4,0.0144,6.7,61,0.5927,0,2026-06-01 00:00:00,1
BID-005005,AUC-0910,VND-0366,368962.17,0.8243,0.582,63.5,3.96,0.0251,11.0,190,0.4931,0,2026-06-01 00:00:00,0
BID-005006,AUC-0911,VND-0593,38616.18,0.951,0.551,61.0,3.88,0.0269,11.7,260,0.4329,0,2026-03-30 00:00:00,0
BID-005007,AUC-0911,VND-0572,36732.95,0.9047,0.839,73.5,4.6,0.0097,8.0,32,0.5956,0,2026-03-30 00:00:00,0
BID-005008,AUC-0911,VND-0572,35866.08,0.8833,0.839,73.5,4.6,0.0097,8.0,32,0.605,0,2026-03-30 00:00:00,1
BID-005009,AUC-0912,VND-0137,436253.88,0.985,0.934,95.5,4.83,0.004,1.3,227,0.6644,0,2026-06-05 00:00:00,0
BID-005010,AUC-0912,VND-0743,429097.21,0.9688,0.662,53.5,4.16,0.0203,14.0,190,0.512,0,2026-06-05 00:00:00,0
BID-005011,AUC-0912,VND-0137,410708.38,0.9273,0.934,95.5,4.83,0.004,1.3,227,0.6823,0,2026-06-05 00:00:00,1
BID-005012,AUC-0912,VND-0608,401325.31,0.9061,0.847,65.2,4.62,0.0092,10.4,18,0.6135,0,2026-06-05 00:00:00,0
BID-005013,AUC-0912,VND-0743,396430.03,0.8951,0.662,53.5,4.16,0.0203,14.0,190,0.5349,0,2026-06-05 00:00:00,0
BID-005014,AUC-0912,VND-0608,391289.46,0.8835,0.847,65.2,4.62,0.0092,10.4,18,0.6206,0,2026-06-05 00:00:00,0
BID-005015,AUC-0913,VND-0413,221134.65,0.9628,0.769,81.8,4.42,0.0139,5.5,197,0.6196,0,2026-01-03 00:00:00,1
BID-005016,AUC-0913,VND-0154,218710.66,0.9523,0.758,66.9,4.4,0.0145,9.9,126,0.5786,0,2026-01-03 00:00:00,0
BID-005017,AUC-0913,VND-0154,210989.2,0.9186,0.758,66.9,4.4,0.0145,9.9,126,0.5873,0,2026-01-03 00:00:00,0
BID-005018,AUC-0913,VND-0165,206049.52,0.8971,0.71,56.5,4.27,0.0174,13.0,282,0.5476,0,2026-01-03 00:00:00,0
BID-005019,AUC-0913,VND-0176,202743.1,0.8827,0.752,74.2,4.38,0.0149,7.7,222,0.614,0,2026-01-03 00:00:00,0
BID-005020,AUC-0913,VND-0154,199717.33,0.8696,0.758,66.9,4.4,0.0145,9.9,126,0.6001,0,2026-01-03 00:00:00,0
BID-005021,AUC-0914,VND-0328,250014.77,0.9612,0.716,52.8,4.29,0.0171,14.2,88,0.5731,0,2026-04-29 00:00:00,0
BID-005022,AUC-0914,VND-0789,242388.04,0.9319,0.512,53.8,3.78,0.0293,13.9,182,0.5132,0,2026-04-29 00:00:00,0
BID-005023,AUC-0914,VND-0112,237824.64,0.9143,0.547,50.0,3.87,0.0272,15.0,230,0.5244,0,2026-04-29 00:00:00,0
BID-005024,AUC-0914,VND-0112,234649.32,0.9021,0.547,50.0,3.87,0.0272,15.0,230,0.5277,0,2026-04-29 00:00:00,0
BID-005025,AUC-0914,VND-0043,224364.14,0.8626,0.655,59.6,4.14,0.0207,12.1,117,0.5894,0,2026-04-29 00:00:00,0
BID-005026,AUC-0914,VND-0328,219324.3,0.8432,0.716,52.8,4.29,0.0171,14.2,88,0.605,0,2026-04-29 00:00:00,0
BID-005027,AUC-0914,VND-0588,216779.77,0.8334,0.817,75.3,4.54,0.011,7.4,112,0.6755,0,2026-04-29 00:00:00,1
BID-005028,AUC-0914,VND-0789,212488.91,0.8169,0.512,53.8,3.78,0.0293,13.9,182,0.5442,0,2026-04-29 00:00:00,0
BID-005029,AUC-0915,VND-0238,304944.64,0.9619,0.764,80.2,4.41,0.0142,5.9,210,0.6187,0,2026-03-20 00:00:00,0
BID-005030,AUC-0915,VND-0681,299368.07,0.9443,0.956,73.9,4.89,0.0026,7.8,190,0.6881,0,2026-03-20 00:00:00,0
BID-005031,AUC-0915,VND-0504,291137.2,0.9183,0.846,84.2,4.62,0.0092,4.7,256,0.6823,0,2026-03-20 00:00:00,0
BID-005032,AUC-0915,VND-0467,280554.88,0.8849,0.992,90.3,4.98,0.001,2.9,30,0.7745,0,2026-03-20 00:00:00,1
BID-005033,AUC-0916,VND-0091,457371.6,0.9859,0.671,56.0,4.18,0.0198,13.2,67,0.3553,0,2026-01-24 00:00:00,0
BID-005034,AUC-0916,VND-0177,438135.51,0.9444,0.829,68.6,4.57,0.0102,9.4,203,0.4464,0,2026-01-24 00:00:00,0
BID-005035,AUC-0916,VND-0464,426520.81,0.9194,0.634,55.9,4.09,0.0219,13.2,187,0.3815,0,2026-01-24 00:00:00,0
BID-005036,AUC-0916,VND-0348,407201.39,0.8777,0.557,50.0,3.89,0.0266,15.0,238,0.3708,0,2026-01-24 00:00:00,0
BID-005037,AUC-0916,VND-0436,388543.15,0.8375,0.687,55.8,4.22,0.0188,13.3,202,0.4392,0,2026-01-24 00:00:00,0
BID-005038,AUC-0916,VND-0512,384016.71,0.8278,0.962,100.0,4.91,0.0023,0.1,155,0.6132,0,2026-01-24 00:00:00,1
BID-005039,AUC-0916,VND-0348,368211.45,0.7937,0.557,50.0,3.89,0.0266,15.0,238,0.4162,0,2026-01-24 00:00:00,0
BID-005040,AUC-0916,VND-0748,352532.64,0.7599,0.802,73.1,4.5,0.0119,8.1,286,0.5489,0,2026-01-24 00:00:00,0
BID-005041,AUC-0917,VND-0293,18502.51,0.9554,0.817,72.6,4.54,0.011,8.2,40,0.628,0,2026-01-06 00:00:00,0
BID-005042,AUC-0917,VND-0569,17672.48,0.9125,0.926,80.6,4.81,0.0045,5.8,192,0.6886,0,2026-01-06 00:00:00,0
BID-005043,AUC-0917,VND-0315,17450.79,0.9011,0.518,50.0,3.8,0.0289,15.0,145,0.5091,0,2026-01-06 00:00:00,0
BID-005044,AUC-0917,VND-0569,16935.75,0.8745,0.926,80.6,4.81,0.0045,5.8,192,0.6992,0,2026-01-06 00:00:00,1
BID-005045,AUC-0917,VND-0315,16552.37,0.8547,0.518,50.0,3.8,0.0289,15.0,145,0.5221,0,2026-01-06 00:00:00,0
BID-005046,AUC-0917,VND-0315,16240.79,0.8386,0.518,50.0,3.8,0.0289,15.0,145,0.5266,0,2026-01-06 00:00:00,0
BID-005047,AUC-0918,VND-0572,235236.59,0.9655,0.839,73.5,4.6,0.0097,8.0,32,0.5882,0,2026-05-05 00:00:00,0
BID-005048,AUC-0918,VND-0572,230436.09,0.9458,0.839,73.5,4.6,0.0097,8.0,32,0.5945,0,2026-05-05 00:00:00,0
BID-005049,AUC-0918,VND-0572,223418.76,0.917,0.839,73.5,4.6,0.0097,8.0,32,0.6037,0,2026-05-05 00:00:00,0
BID-005050,AUC-0918,VND-0356,217378.77,0.8922,0.88,82.6,4.7,0.0072,5.2,180,0.6401,0,2026-05-05 00:00:00,0
BID-005051,AUC-0918,VND-0725,212781.8,0.8733,0.972,95.3,4.93,0.0017,1.4,62,0.7025,0,2026-05-05 00:00:00,1
BID-005052,AUC-0919,VND-0333,339143.33,0.9774,0.551,50.0,3.88,0.0269,15.0,56,0.4431,0,2026-06-11 00:00:00,0
BID-005053,AUC-0919,VND-0289,327902.84,0.945,0.574,65.1,3.93,0.0256,10.5,200,0.4875,0,2026-06-11 00:00:00,0
BID-005054,AUC-0919,VND-0289,320334.96,0.9232,0.574,65.1,3.93,0.0256,10.5,200,0.4938,0,2026-06-11 00:00:00,0
BID-005055,AUC-0919,VND-0018,306128.13,0.8823,0.983,93.5,4.96,0.001,2.0,209,0.7261,0,2026-06-11 00:00:00,1
BID-005056,AUC-0919,VND-0333,293045.15,0.8445,0.551,50.0,3.88,0.0269,15.0,56,0.4816,0,2026-06-11 00:00:00,0
BID-005057,AUC-0919,VND-0274,279959.3,0.8068,0.557,57.4,3.89,0.0266,12.8,130,0.5074,0,2026-06-11 00:00:00,0
BID-005058,AUC-0919,VND-0333,268753.16,0.7745,0.551,50.0,3.88,0.0269,15.0,56,0.5019,0,2026-06-11 00:00:00,0
BID-005059,AUC-0919,VND-0289,258422.7,0.7448,0.574,65.1,3.93,0.0256,10.5,200,0.5455,0,2026-06-11 00:00:00,0
BID-005060,AUC-0920,VND-0453,351543.82,0.9654,0.711,72.9,4.28,0.0174,8.1,225,0.374,0,2026-04-30 00:00:00,0
BID-005061,AUC-0920,VND-0252,337093.59,0.9258,0.655,63.7,4.14,0.0207,10.9,225,0.3704,0,2026-04-30 00:00:00,0
BID-005062,AUC-0920,VND-0192,324488.79,0.8911,0.814,78.9,4.54,0.0111,6.3,228,0.4471,0,2026-04-30 00:00:00,0
BID-005063,AUC-0920,VND-0192,309997.47,0.8513,0.814,78.9,4.54,0.0111,6.3,228,0.4686,0,2026-04-30 00:00:00,0
BID-005064,AUC-0920,VND-0453,305273.23,0.8384,0.711,72.9,4.28,0.0174,8.1,225,0.4426,0,2026-04-30 00:00:00,0
BID-005065,AUC-0920,VND-0453,298543.03,0.8199,0.711,72.9,4.28,0.0174,8.1,225,0.4526,0,2026-04-30 00:00:00,0
BID-005066,AUC-0920,VND-0192,284797.7,0.7821,0.814,78.9,4.54,0.0111,6.3,228,0.506,0,2026-04-30 00:00:00,1
BID-005067,AUC-0920,VND-0788,280271.19,0.7697,0.608,50.0,4.02,0.0235,15.0,253,0.4264,0,2026-04-30 00:00:00,0
BID-005068,AUC-0921,VND-0210,341838.8,0.9785,0.836,81.5,4.59,0.0098,5.6,241,0.4406,0,2026-02-13 00:00:00,0
BID-005069,AUC-0921,VND-0390,325123.35,0.9307,0.86,84.0,4.65,0.0084,4.8,272,0.4746,0,2026-02-13 00:00:00,0
BID-005070,AUC-0921,VND-0439,315842.5,0.9041,0.858,80.1,4.64,0.0085,6.0,175,0.4831,0,2026-02-13 00:00:00,0
BID-005071,AUC-0921,VND-0749,307964.37,0.8816,0.81,74.1,4.52,0.0114,7.8,240,0.4733,0,2026-02-13 00:00:00,0
BID-005072,AUC-0921,VND-0439,301296.24,0.8625,0.858,80.1,4.64,0.0085,6.0,175,0.504,0,2026-02-13 00:00:00,0
BID-005073,AUC-0921,VND-0210,292752.02,0.838,0.836,81.5,4.59,0.0098,5.6,241,0.5108,0,2026-02-13 00:00:00,0
BID-005074,AUC-0921,VND-0749,287129.09,0.8219,0.81,74.1,4.52,0.0114,7.8,240,0.5031,0,2026-02-13 00:00:00,0
BID-005075,AUC-0921,VND-0439,278174.11,0.7963,0.858,80.1,4.64,0.0085,6.0,175,0.5371,0,2026-02-13 00:00:00,1
BID-005076,AUC-0922,VND-0349,74528.53,0.9823,0.644,56.7,4.11,0.0213,13.0,173,0.4892,0,2026-01-07 00:00:00,0
BID-005077,AUC-0922,VND-0349,71716.08,0.9452,0.644,56.7,4.11,0.0213,13.0,173,0.5051,0,2026-01-07 00:00:00,0
BID-005078,AUC-0922,VND-0443,70090.54,0.9238,0.9,74.6,4.75,0.006,7.6,266,0.6743,0,2026-01-07 00:00:00,0
BID-005079,AUC-0922,VND-0561,68020.8,0.8965,0.944,92.6,4.86,0.0033,2.2,224,0.7508,0,2026-01-07 00:00:00,1
BID-005080,AUC-0923,VND-0190,153880.28,0.982,0.907,76.7,4.77,0.0056,7.0,42,0.4598,0,2026-03-18 00:00:00,0
BID-005081,AUC-0923,VND-0019,151926.84,0.9695,0.652,54.4,4.13,0.0209,13.7,127,0.3475,0,2026-03-18 00:00:00,0
BID-005082,AUC-0923,VND-0313,145039.81,0.9256,0.809,69.6,4.52,0.0115,9.1,131,0.4438,0,2026-03-18 00:00:00,0
BID-005083,AUC-0923,VND-0313,143432.38,0.9153,0.809,69.6,4.52,0.0115,9.1,131,0.4488,0,2026-03-18 00:00:00,0
BID-005084,AUC-0923,VND-0342,136884.17,0.8735,0.585,59.0,3.96,0.0249,12.3,196,0.3802,0,2026-03-18 00:00:00,0
BID-005085,AUC-0923,VND-0104,133915.55,0.8546,0.551,50.0,3.88,0.027,15.0,237,0.3634,0,2026-03-18 00:00:00,0
BID-005086,AUC-0923,VND-0324,131898.78,0.8417,0.797,75.1,4.49,0.0122,7.5,157,0.4897,0,2026-03-18 00:00:00,1
BID-005087,AUC-0924,VND-0177,178891.93,0.963,0.829,68.6,4.57,0.0102,9.4,203,0.4644,0,2026-01-28 00:00:00,0
BID-005088,AUC-0924,VND-0177,176938.85,0.9525,0.829,68.6,4.57,0.0102,9.4,203,0.4691,0,2026-01-28 00:00:00,0
BID-005089,AUC-0924,VND-0673,173991.86,0.9366,0.871,74.3,4.68,0.0077,7.7,276,0.4976,0,2026-01-28 00:00:00,0
BID-005090,AUC-0924,VND-0180,168491.93,0.907,0.97,91.3,4.93,0.0018,2.6,176,0.5678,0,2026-01-28 00:00:00,0
BID-005091,AUC-0924,VND-0177,163445.49,0.8798,0.829,68.6,4.57,0.0102,9.4,203,0.5018,0,2026-01-28 00:00:00,0
BID-005092,AUC-0924,VND-0180,157639.01,0.8486,0.97,91.3,4.93,0.0018,2.6,176,0.5941,0,2026-01-28 00:00:00,1
BID-005093,AUC-0925,VND-0572,385958.78,0.9549,0.839,73.5,4.6,0.0097,8.0,32,0.4439,0,2026-01-11 00:00:00,0
BID-005094,AUC-0925,VND-0016,381728.25,0.9445,0.804,62.3,4.51,0.0118,11.3,151,0.4119,0,2026-01-11 00:00:00,0
BID-005095,AUC-0925,VND-0553,363905.71,0.9004,0.997,80.1,4.99,0.001,6.0,74,0.5263,0,2026-01-11 00:00:00,1
BID-005096,AUC-0925,VND-0311,351994.94,0.8709,0.592,50.0,3.98,0.0245,15.0,73,0.3616,0,2026-01-11 00:00:00,0
BID-005097,AUC-0925,VND-0181,346873.78,0.8582,0.694,71.0,4.24,0.0184,8.7,109,0.4462,0,2026-01-11 00:00:00,0
BID-005098,AUC-0926,VND-0752,139670.08,0.9528,0.513,50.0,3.78,0.0292,15.0,78,0.3527,0,2026-03-02 00:00:00,0
BID-005099,AUC-0926,VND-0636,137994.5,0.9413,0.847,85.4,4.62,0.0092,4.4,197,0.5497,0,2026-03-02 00:00:00,0
BID-005100,AUC-0926,VND-0115,136187.07,0.929,0.946,87.8,4.87,0.0032,3.7,179,0.5906,0,2026-03-02 00:00:00,1
BID-005101,AUC-0927,VND-0686,108983.22,0.9624,0.986,78.7,4.96,0.001,6.4,234,0.7504,0,2026-05-29 00:00:00,0
BID-005102,AUC-0927,VND-0686,105093.47,0.928,0.986,78.7,4.96,0.001,6.4,234,0.7583,0,2026-05-29 00:00:00,0
BID-005103,AUC-0927,VND-0320,100352.6,0.8862,0.635,54.9,4.09,0.0219,13.5,231,0.5816,0,2026-05-29 00:00:00,0
BID-005104,AUC-0927,VND-0356,95529.02,0.8436,0.88,82.6,4.7,0.0072,5.2,180,0.7328,0,2026-05-29 00:00:00,0
BID-005105,AUC-0927,VND-0686,92626.57,0.8179,0.986,78.7,4.96,0.001,6.4,234,0.7837,0,2026-05-29 00:00:00,0
BID-005106,AUC-0927,VND-0686,88894.34,0.785,0.986,78.7,4.96,0.001,6.4,234,0.7912,0,2026-05-29 00:00:00,0
BID-005107,AUC-0927,VND-0686,87878.38,0.776,0.986,78.7,4.96,0.001,6.4,234,0.7933,0,2026-05-29 00:00:00,1
BID-005108,AUC-0928,VND-0082,466583.03,0.9738,0.817,76.7,4.54,0.011,7.0,150,0.3867,0,2026-05-03 00:00:00,1
BID-005109,AUC-0928,VND-0287,455572.97,0.9508,0.698,66.4,4.25,0.0181,10.1,223,0.3578,0,2026-05-03 00:00:00,0
BID-005110,AUC-0928,VND-0270,447125.25,0.9332,0.725,61.4,4.31,0.0165,11.6,202,0.3636,0,2026-05-03 00:00:00,0
BID-005111,AUC-0929,VND-0267,14074.94,0.9813,0.998,92.4,5.0,0.001,2.3,173,0.6752,0,2026-04-26 00:00:00,0
BID-005112,AUC-0929,VND-0612,13676.3,0.9535,0.716,69.8,4.29,0.017,9.1,297,0.5242,0,2026-04-26 00:00:00,0
BID-005113,AUC-0929,VND-0612,13262.9,0.9247,0.716,69.8,4.29,0.017,9.1,297,0.5375,0,2026-04-26 00:00:00,0
BID-005114,AUC-0929,VND-0527,13107.95,0.9139,0.97,94.5,4.92,0.0018,1.6,105,0.7028,0,2026-04-26 00:00:00,0
BID-005115,AUC-0929,VND-0267,12970.57,0.9043,0.998,92.4,5.0,0.001,2.3,173,0.7106,0,2026-04-26 00:00:00,1
BID-005116,AUC-0929,VND-0625,12572.99,0.8766,0.96,86.5,4.9,0.0024,4.0,258,0.6927,0,2026-04-26 00:00:00,0
BID-005117,AUC-0929,VND-0612,12255.43,0.8545,0.716,69.8,4.29,0.017,9.1,297,0.5698,0,2026-04-26 00:00:00,0
BID-005118,AUC-0930,VND-0110,474742.66,0.9515,0.825,86.5,4.56,0.0105,4.0,168,0.4904,0,2026-02-20 00:00:00,0
BID-005119,AUC-0930,VND-0378,469288.78,0.9406,0.57,62.5,3.92,0.0258,11.2,284,0.3982,0,2026-02-20 00:00:00,0
BID-005120,AUC-0930,VND-0722,449760.55,0.9014,0.836,72.5,4.59,0.0098,8.2,141,0.4957,0,2026-02-20 00:00:00,1
BID-005121,AUC-0931,VND-0369,332268.71,0.9726,0.696,66.8,4.24,0.0182,10.0,205,0.4363,0,2026-06-01 00:00:00,0
BID-005122,AUC-0931,VND-0369,324084.08,0.9486,0.696,66.8,4.24,0.0182,10.0,205,0.4463,0,2026-06-01 00:00:00,0
BID-005123,AUC-0931,VND-0651,315342.98,0.923,0.516,53.7,3.79,0.0291,13.9,141,0.3763,0,2026-06-01 00:00:00,0
BID-005124,AUC-0931,VND-0166,299856.28,0.8777,0.678,68.5,4.19,0.0193,9.4,290,0.473,0,2026-06-01 00:00:00,0
BID-005125,AUC-0931,VND-0369,295835.96,0.8659,0.696,66.8,4.24,0.0182,10.0,205,0.4811,0,2026-06-01 00:00:00,0
BID-005126,AUC-0931,VND-0705,283096.06,0.8286,0.793,77.7,4.48,0.0124,6.7,162,0.5467,0,2026-06-01 00:00:00,1
BID-005127,AUC-0932,VND-0322,409131.19,0.9836,0.606,50.0,4.01,0.0237,15.0,274,0.4674,0,2026-02-04 00:00:00,0
BID-005128,AUC-0932,VND-0376,397241.99,0.955,0.558,63.7,3.9,0.0265,10.9,173,0.4965,0,2026-02-04 00:00:00,0
BID-005129,AUC-0932,VND-0376,381838.26,0.918,0.558,63.7,3.9,0.0265,10.9,173,0.5099,0,2026-02-04 00:00:00,0
BID-005130,AUC-0932,VND-0178,377590.94,0.9078,0.535,50.9,3.84,0.0279,14.7,296,0.4663,0,2026-02-04 00:00:00,0
BID-005131,AUC-0932,VND-0604,370682.85,0.8912,0.842,74.7,4.6,0.0095,7.6,266,0.6762,0,2026-02-04 00:00:00,0
BID-005132,AUC-0932,VND-0322,363186.4,0.8731,0.606,50.0,4.01,0.0237,15.0,274,0.5072,0,2026-02-04 00:00:00,0
BID-005133,AUC-0932,VND-0454,351722.52,0.8456,0.909,78.4,4.77,0.0055,6.5,79,0.7329,0,2026-02-04 00:00:00,1
BID-005134,AUC-0932,VND-0604,343312.45,0.8254,0.842,74.7,4.6,0.0095,7.6,266,0.6999,0,2026-02-04 00:00:00,0
BID-005135,AUC-0933,VND-0678,146723.19,0.9505,0.743,75.4,4.36,0.0154,7.4,120,0.5771,0,2026-05-02 00:00:00,0
BID-005136,AUC-0933,VND-0398,141405.16,0.9161,0.509,58.5,3.77,0.0295,12.4,206,0.4463,0,2026-05-02 00:00:00,0
BID-005137,AUC-0933,VND-0398,139068.61,0.9009,0.509,58.5,3.77,0.0295,12.4,206,0.4522,0,2026-05-02 00:00:00,0
BID-005138,AUC-0933,VND-0678,135520.16,0.8779,0.743,75.4,4.36,0.0154,7.4,120,0.6054,0,2026-05-02 00:00:00,1
BID-005139,AUC-0933,VND-0272,133395.06,0.8642,0.614,64.6,4.04,0.0231,10.6,166,0.528,0,2026-05-02 00:00:00,0
BID-005140,AUC-0934,VND-0417,16619.58,0.9768,0.57,50.0,3.93,0.0258,15.0,260,0.4488,0,2026-06-27 00:00:00,0
BID-005141,AUC-0934,VND-0058,16275.43,0.9566,0.817,86.2,4.54,0.011,4.1,62,0.6149,0,2026-06-27 00:00:00,1
BID-005142,AUC-0934,VND-0355,15834.2,0.9306,0.627,62.6,4.07,0.0224,11.2,252,0.5063,0,2026-06-27 00:00:00,0
BID-005143,AUC-0935,VND-0747,356118.75,0.9585,0.614,51.8,4.03,0.0232,14.5,83,0.4834,0,2026-02-15 00:00:00,0
BID-005144,AUC-0935,VND-0181,349644.39,0.941,0.694,71.0,4.24,0.0184,8.7,109,0.5685,0,2026-02-15 00:00:00,1
BID-005145,AUC-0935,VND-0178,339686.16,0.9142,0.535,50.9,3.84,0.0279,14.7,296,0.4605,0,2026-02-15 00:00:00,0
BID-005146,AUC-0936,VND-0330,409239.8,0.9773,0.823,73.4,4.56,0.0106,8.0,229,0.5749,0,2026-04-18 00:00:00,1
BID-005147,AUC-0936,VND-0656,399074.69,0.9531,0.54,61.3,3.85,0.0276,11.6,117,0.4471,0,2026-04-18 00:00:00,0
BID-005148,AUC-0936,VND-0656,383748.3,0.9165,0.54,61.3,3.85,0.0276,11.6,117,0.4581,0,2026-04-18 00:00:00,0
BID-005149,AUC-0936,VND-0283,374999.83,0.8956,0.675,61.9,4.19,0.0195,11.4,267,0.5159,0,2026-04-18 00:00:00,0
BID-005150,AUC-0937,VND-0072,355065.9,0.9523,0.749,61.0,4.37,0.0151,11.7,175,0.4882,0,2026-01-06 00:00:00,0
BID-005151,AUC-0937,VND-0319,343914.4,0.9224,0.766,68.6,4.42,0.014,9.4,183,0.5178,0,2026-01-06 00:00:00,0
BID-005152,AUC-0937,VND-0555,338754.84,0.9086,0.848,71.2,4.62,0.0091,8.6,247,0.5524,0,2026-01-06 00:00:00,1
BID-005153,AUC-0937,VND-0319,326709.96,0.8763,0.766,68.6,4.42,0.014,9.4,183,0.5357,0,2026-01-06 00:00:00,0
BID-005154,AUC-0937,VND-0072,316182.45,0.8481,0.749,61.0,4.37,0.0151,11.7,175,0.5289,0,2026-01-06 00:00:00,0
BID-005155,AUC-0937,VND-0424,301004.03,0.8073,0.543,57.4,3.86,0.0274,12.8,219,0.4754,0,2026-01-06 00:00:00,0
BID-005156,AUC-0938,VND-0737,78748.03,0.9844,0.939,78.3,4.85,0.0036,6.5,155,0.5919,0,2026-05-10 00:00:00,0
BID-005157,AUC-0938,VND-0471,75776.72,0.9472,0.637,59.5,4.09,0.0218,12.2,189,0.4711,0,2026-05-10 00:00:00,0
BID-005158,AUC-0938,VND-0745,73041.26,0.9131,0.694,61.5,4.24,0.0183,11.5,67,0.5067,0,2026-05-10 00:00:00,0
BID-005159,AUC-0938,VND-0745,71731.14,0.8967,0.694,61.5,4.24,0.0183,11.5,67,0.5126,0,2026-05-10 00:00:00,0
BID-005160,AUC-0938,VND-0774,69285.0,0.8661,0.903,79.0,4.76,0.0058,6.3,20,0.6229,0,2026-05-10 00:00:00,1
BID-005161,AUC-0938,VND-0479,67365.56,0.8421,0.759,64.2,4.4,0.0144,10.7,254,0.5589,0,2026-05-10 00:00:00,0
BID-005162,AUC-0938,VND-0479,66297.34,0.8288,0.759,64.2,4.4,0.0144,10.7,254,0.5637,0,2026-05-10 00:00:00,0
BID-005163,AUC-0939,VND-0175,372453.61,0.9823,0.687,67.7,4.22,0.0188,9.7,244,0.5759,0,2026-06-09 00:00:00,0
BID-005164,AUC-0939,VND-0668,361445.97,0.9532,0.987,94.8,4.97,0.001,1.6,289,0.7547,0,2026-06-09 00:00:00,0
BID-005165,AUC-0939,VND-0758,352788.63,0.9304,0.598,50.0,3.99,0.0241,15.0,137,0.5146,0,2026-06-09 00:00:00,0
BID-005166,AUC-0939,VND-0776,337283.34,0.8895,0.976,92.8,4.94,0.0015,2.2,152,0.7612,0,2026-06-09 00:00:00,0
BID-005167,AUC-0939,VND-0776,320615.4,0.8456,0.976,92.8,4.94,0.0015,2.2,152,0.7717,0,2026-06-09 00:00:00,1
BID-005168,AUC-0940,VND-0775,368444.18,0.9526,0.522,51.3,3.8,0.0287,14.6,147,0.4613,0,2026-03-09 00:00:00,0
BID-005169,AUC-0940,VND-0775,363163.1,0.939,0.522,51.3,3.8,0.0287,14.6,147,0.465,0,2026-03-09 00:00:00,0
BID-005170,AUC-0940,VND-0664,349220.88,0.9029,0.591,61.2,3.98,0.0245,11.6,138,0.5207,0,2026-03-09 00:00:00,1
BID-005171,AUC-0940,VND-0775,340841.44,0.8812,0.522,51.3,3.8,0.0287,14.6,147,0.4806,0,2026-03-09 00:00:00,0
BID-005172,AUC-0940,VND-0775,331943.62,0.8582,0.522,51.3,3.8,0.0287,14.6,147,0.4868,0,2026-03-09 00:00:00,0
BID-005173,AUC-0940,VND-0775,323223.87,0.8357,0.522,51.3,3.8,0.0287,14.6,147,0.4929,0,2026-03-09 00:00:00,0
BID-005174,AUC-0940,VND-0602,312140.45,0.807,0.511,50.0,3.78,0.0293,15.0,209,0.4943,0,2026-03-09 00:00:00,0
BID-005175,AUC-0940,VND-0775,302476.39,0.7821,0.522,51.3,3.8,0.0287,14.6,147,0.5074,0,2026-03-09 00:00:00,0
BID-005176,AUC-0941,VND-0045,319864.51,0.9615,0.944,83.5,4.86,0.0034,5.0,141,0.5554,0,2026-02-09 00:00:00,0
BID-005177,AUC-0941,VND-0300,314599.83,0.9456,0.596,50.0,3.99,0.0242,15.0,180,0.3842,0,2026-02-09 00:00:00,0
BID-005178,AUC-0941,VND-0780,299562.26,0.9004,0.92,89.0,4.8,0.0048,3.3,100,0.5773,0,2026-02-09 00:00:00,1
BID-005179,AUC-0942,VND-0566,379582.19,0.9849,0.862,78.0,4.65,0.0083,6.6,129,0.415,0,2026-04-24 00:00:00,0
BID-005180,AUC-0942,VND-0547,366988.33,0.9522,0.804,72.0,4.51,0.0118,8.4,296,0.4057,0,2026-04-24 00:00:00,0
BID-005181,AUC-0942,VND-0143,359738.44,0.9334,0.789,60.0,4.47,0.0127,12.0,222,0.3951,0,2026-04-24 00:00:00,0
BID-005182,AUC-0942,VND-0299,349541.23,0.907,0.834,62.8,4.58,0.01,11.2,22,0.4268,0,2026-04-24 00:00:00,0
BID-005183,AUC-0942,VND-0623,336352.62,0.8727,0.881,84.1,4.7,0.0072,4.8,184,0.4874,0,2026-04-24 00:00:00,1
BID-005184,AUC-0942,VND-0466,323951.14,0.8406,0.57,61.4,3.92,0.0258,11.6,150,0.3751,0,2026-04-24 00:00:00,0
BID-005185,AUC-0942,VND-0351,320062.84,0.8305,0.766,55.9,4.42,0.014,13.2,276,0.436,0,2026-04-24 00:00:00,0
BID-005186,AUC-0942,VND-0547,312578.81,0.8111,0.804,72.0,4.51,0.0118,8.4,296,0.4791,0,2026-04-24 00:00:00,0
BID-005187,AUC-0943,VND-0445,419080.75,0.9872,0.55,50.0,3.87,0.027,15.0,59,0.368,0,2026-06-07 00:00:00,0
BID-005188,AUC-0943,VND-0084,407865.16,0.9608,0.66,58.1,4.15,0.0204,12.6,37,0.4398,0,2026-06-07 00:00:00,1
BID-005189,AUC-0943,VND-0445,395565.26,0.9318,0.55,50.0,3.87,0.027,15.0,59,0.3924,0,2026-06-07 00:00:00,0
BID-005190,AUC-0944,VND-0487,297062.63,0.9562,0.866,66.8,4.67,0.008,10.0,273,0.6062,0,2026-05-11 00:00:00,0
BID-005191,AUC-0944,VND-0487,286987.77,0.9238,0.866,66.8,4.67,0.008,10.0,273,0.6147,0,2026-05-11 00:00:00,1
BID-005192,AUC-0944,VND-0644,273573.81,0.8806,0.544,50.0,3.86,0.0274,15.0,196,0.4468,0,2026-05-11 00:00:00,0
BID-005193,AUC-0944,VND-0323,268423.43,0.864,0.56,58.5,3.9,0.0264,12.4,70,0.4807,0,2026-05-11 00:00:00,0
BID-005194,AUC-0945,VND-0668,52651.82,0.9857,0.987,94.8,4.97,0.001,1.6,289,0.692,0,2026-04-04 00:00:00,0
BID-005195,AUC-0945,VND-0496,51276.73,0.9599,0.9,86.4,4.75,0.006,4.1,168,0.6508,0,2026-04-04 00:00:00,0
BID-005196,AUC-0945,VND-0496,50576.72,0.9468,0.9,86.4,4.75,0.006,4.1,168,0.6548,0,2026-04-04 00:00:00,0
BID-005197,AUC-0945,VND-0207,49293.27,0.9228,0.975,93.4,4.94,0.0015,2.0,180,0.7038,0,2026-04-04 00:00:00,1
BID-005198,AUC-0945,VND-0106,47803.91,0.8949,0.774,71.6,4.44,0.0135,8.5,37,0.5966,0,2026-04-04 00:00:00,0
BID-005199,AUC-0945,VND-0370,45442.49,0.8507,0.72,62.3,4.3,0.0168,11.3,188,0.574,0,2026-04-04 00:00:00,0
BID-005200,AUC-0945,VND-0370,43437.45,0.8132,0.72,62.3,4.3,0.0168,11.3,188,0.5852,0,2026-04-04 00:00:00,0
BID-005201,AUC-0946,VND-0656,238310.12,0.9573,0.54,61.3,3.85,0.0276,11.6,117,0.3823,0,2026-01-27 00:00:00,0
BID-005202,AUC-0946,VND-0141,231892.11,0.9315,0.945,79.6,4.86,0.0033,6.1,294,0.5778,0,2026-01-27 00:00:00,1
BID-005203,AUC-0946,VND-0656,222350.4,0.8932,0.54,61.3,3.85,0.0276,11.6,117,0.4067,0,2026-01-27 00:00:00,0
BID-005204,AUC-0946,VND-0656,217366.39,0.8732,0.54,61.3,3.85,0.0276,11.6,117,0.4143,0,2026-01-27 00:00:00,0
BID-005205,AUC-0946,VND-0797,212296.77,0.8528,0.564,50.0,3.91,0.0261,15.0,120,0.4033,0,2026-01-27 00:00:00,0
BID-005206,AUC-0946,VND-0656,201779.58,0.8106,0.54,61.3,3.85,0.0276,11.6,117,0.4381,0,2026-01-27 00:00:00,0
BID-005207,AUC-0947,VND-0656,46269.81,0.963,0.54,61.3,3.85,0.0276,11.6,117,0.3868,0,2026-02-22 00:00:00,0
BID-005208,AUC-0947,VND-0081,45768.63,0.9526,0.684,63.1,4.21,0.019,11.1,122,0.4392,0,2026-02-22 00:00:00,0
BID-005209,AUC-0947,VND-0001,44095.2,0.9177,0.687,73.5,4.22,0.0188,8.0,27,0.4698,0,2026-02-22 00:00:00,0
BID-005210,AUC-0947,VND-0545,43117.71,0.8974,0.996,80.1,4.99,0.001,6.0,128,0.585,0,2026-02-22 00:00:00,0
BID-005211,AUC-0947,VND-0656,42036.33,0.8749,0.54,61.3,3.85,0.0276,11.6,117,0.4247,0,2026-02-22 00:00:00,0
BID-005212,AUC-0947,VND-0545,41078.53,0.8549,0.996,80.1,4.99,0.001,6.0,128,0.6033,0,2026-02-22 00:00:00,1
BID-005213,AUC-0947,VND-0023,40628.16,0.8456,0.629,60.1,4.07,0.0222,12.0,249,0.4636,0,2026-02-22 00:00:00,0
BID-005214,AUC-0947,VND-0021,39672.72,0.8257,0.561,55.4,3.9,0.0263,13.4,220,0.4441,0,2026-02-22 00:00:00,0
BID-005215,AUC-0948,VND-0115,201479.08,0.9608,0.946,87.8,4.87,0.0032,3.7,179,0.5249,0,2026-05-03 00:00:00,0
BID-005216,AUC-0948,VND-0115,191499.0,0.9132,0.946,87.8,4.87,0.0032,3.7,179,0.5468,0,2026-05-03 00:00:00,0
BID-005217,AUC-0948,VND-0490,182700.77,0.8713,0.748,72.9,4.37,0.0151,8.1,116,0.4738,0,2026-05-03 00:00:00,0
BID-005218,AUC-0948,VND-0115,178086.55,0.8493,0.946,87.8,4.87,0.0032,3.7,179,0.5762,0,2026-05-03 00:00:00,0
BID-005219,AUC-0948,VND-0115,170522.69,0.8132,0.946,87.8,4.87,0.0032,3.7,179,0.5928,0,2026-05-03 00:00:00,0
BID-005220,AUC-0948,VND-0793,162630.4,0.7756,0.994,81.1,4.98,0.001,5.7,140,0.6219,0,2026-05-03 00:00:00,0
BID-005221,AUC-0948,VND-0793,156304.84,0.7454,0.994,81.1,4.98,0.001,5.7,140,0.6358,0,2026-05-03 00:00:00,1
BID-005222,AUC-0948,VND-0369,154414.08,0.7364,0.696,66.8,4.24,0.0182,10.0,205,0.5095,0,2026-05-03 00:00:00,0
BID-005223,AUC-0949,VND-0455,200234.73,0.9559,0.63,51.8,4.07,0.0222,14.5,253,0.4292,0,2026-03-11 00:00:00,0
BID-005224,AUC-0949,VND-0578,196842.83,0.9397,0.809,84.2,4.52,0.0114,4.7,281,0.5494,0,2026-03-11 00:00:00,0
BID-005225,AUC-0949,VND-0523,192229.45,0.9176,0.943,87.6,4.86,0.0034,3.7,117,0.612,0,2026-03-11 00:00:00,1
BID-005226,AUC-0950,VND-0213,41835.71,0.988,0.529,50.0,3.82,0.0283,15.0,68,0.3424,0,2026-02-09 00:00:00,0
BID-005227,AUC-0950,VND-0213,41032.27,0.969,0.529,50.0,3.82,0.0283,15.0,68,0.3502,0,2026-02-09 00:00:00,0
BID-005228,AUC-0950,VND-0514,39462.75,0.9319,0.931,96.2,4.83,0.0041,1.1,89,0.6086,0,2026-02-09 00:00:00,1
BID-005229,AUC-0950,VND-0213,38368.08,0.9061,0.529,50.0,3.82,0.0283,15.0,68,0.376,0,2026-02-09 00:00:00,0
BID-005230,AUC-0950,VND-0581,37848.54,0.8938,0.913,77.0,4.78,0.0052,6.9,210,0.5619,0,2026-02-09 00:00:00,0
BID-005231,AUC-0950,VND-0581,36873.7,0.8708,0.913,77.0,4.78,0.0052,6.9,210,0.5713,0,2026-02-09 00:00:00,0
BID-005232,AUC-0950,VND-0745,35153.63,0.8302,0.694,61.5,4.24,0.0183,11.5,67,0.4847,0,2026-02-09 00:00:00,0
BID-005233,AUC-0951,VND-0628,174232.44,0.963,0.843,69.7,4.61,0.0094,9.1,121,0.3965,0,2026-04-21 00:00:00,0
BID-005234,AUC-0951,VND-0084,168866.69,0.9334,0.66,58.1,4.15,0.0204,12.6,37,0.344,0,2026-04-21 00:00:00,0
BID-005235,AUC-0951,VND-0641,161415.95,0.8922,0.809,74.0,4.52,0.0115,7.8,172,0.4323,0,2026-04-21 00:00:00,0
BID-005236,AUC-0951,VND-0641,154766.84,0.8554,0.809,74.0,4.52,0.0115,7.8,172,0.4518,0,2026-04-21 00:00:00,1
BID-005237,AUC-0952,VND-0709,61991.53,0.9628,0.52,50.0,3.8,0.0288,15.0,240,0.4089,0,2026-01-09 00:00:00,0
BID-005238,AUC-0952,VND-0005,59699.47,0.9272,0.801,74.5,4.5,0.012,7.6,294,0.603,0,2026-01-09 00:00:00,0
BID-005239,AUC-0952,VND-0005,59082.5,0.9176,0.801,74.5,4.5,0.012,7.6,294,0.607,0,2026-01-09 00:00:00,1
BID-005240,AUC-0953,VND-0490,392917.07,0.9677,0.748,72.9,4.37,0.0151,8.1,116,0.5726,0,2026-01-23 00:00:00,0
BID-005241,AUC-0953,VND-0490,377247.6,0.9291,0.748,72.9,4.37,0.0151,8.1,116,0.5838,0,2026-01-23 00:00:00,0
BID-005242,AUC-0953,VND-0164,363406.14,0.895,0.777,74.5,4.44,0.0134,7.6,250,0.6089,0,2026-01-23 00:00:00,0
BID-005243,AUC-0953,VND-0622,352876.51,0.8691,0.885,90.7,4.71,0.0069,2.8,57,0.6839,0,2026-01-23 00:00:00,1
BID-005244,AUC-0954,VND-0048,460535.79,0.9708,0.885,83.3,4.71,0.0069,5.0,51,0.548,0,2026-01-17 00:00:00,0
BID-005245,AUC-0954,VND-0419,454119.73,0.9573,0.957,77.5,4.89,0.0026,6.8,117,0.5688,0,2026-01-17 00:00:00,0
BID-005246,AUC-0954,VND-0048,440882.75,0.9294,0.885,83.3,4.71,0.0069,5.0,51,0.5645,0,2026-01-17 00:00:00,0
BID-005247,AUC-0954,VND-0419,420638.44,0.8867,0.957,77.5,4.89,0.0026,6.8,117,0.597,0,2026-01-17 00:00:00,0
BID-005248,AUC-0954,VND-0150,407501.56,0.859,0.811,63.5,4.53,0.0113,11.0,291,0.5384,0,2026-01-17 00:00:00,0
BID-005249,AUC-0954,VND-0419,387807.98,0.8175,0.957,77.5,4.89,0.0026,6.8,117,0.6247,0,2026-01-17 00:00:00,1
BID-005250,AUC-0955,VND-0306,43790.79,0.9638,0.52,52.4,3.8,0.0288,14.3,70,0.4556,0,2026-05-29 00:00:00,0
BID-005251,AUC-0955,VND-0014,41982.55,0.924,0.6,59.5,4.0,0.024,12.2,66,0.5172,0,2026-05-29 00:00:00,0
BID-005252,AUC-0955,VND-0425,40790.43,0.8978,0.751,68.9,4.38,0.0149,9.3,110,0.6109,0,2026-05-29 00:00:00,1
BID-005253,AUC-0956,VND-0451,460011.8,0.9624,0.604,50.0,4.01,0.0238,15.0,297,0.4242,0,2026-04-19 00:00:00,0
BID-005254,AUC-0956,VND-0186,444925.7,0.9308,0.55,50.0,3.88,0.027,15.0,266,0.4217,0,2026-04-19 00:00:00,0
BID-005255,AUC-0956,VND-0435,437011.07,0.9142,0.931,97.5,4.83,0.0041,0.8,239,0.6952,0,2026-04-19 00:00:00,0
BID-005256,AUC-0956,VND-0435,425699.79,0.8906,0.931,97.5,4.83,0.0041,0.8,239,0.7082,0,2026-04-19 00:00:00,1
BID-005257,AUC-0956,VND-0189,404593.42,0.8464,0.922,70.0,4.81,0.0047,9.0,48,0.6577,0,2026-04-19 00:00:00,0
BID-005258,AUC-0956,VND-0182,397812.3,0.8322,0.729,67.4,4.32,0.0163,9.8,283,0.5872,0,2026-04-19 00:00:00,0
BID-005259,AUC-0956,VND-0428,379245.98,0.7934,0.603,50.0,4.01,0.0238,15.0,165,0.5168,0,2026-04-19 00:00:00,0
BID-005260,AUC-0957,VND-0622,254798.26,0.9577,0.885,90.7,4.71,0.0069,2.8,57,0.6151,0,2026-03-31 00:00:00,0
BID-005261,AUC-0957,VND-0709,250868.46,0.9429,0.52,50.0,3.8,0.0288,15.0,240,0.392,0,2026-03-31 00:00:00,0
BID-005262,AUC-0957,VND-0474,242113.28,0.91,0.568,59.8,3.92,0.0259,12.1,69,0.4472,0,2026-03-31 00:00:00,0
BID-005263,AUC-0957,VND-0588,235190.27,0.884,0.817,75.3,4.54,0.011,7.4,112,0.5942,0,2026-03-31 00:00:00,0
BID-005264,AUC-0957,VND-0241,229802.38,0.8637,0.815,81.9,4.54,0.0111,5.4,66,0.6161,0,2026-03-31 00:00:00,1
BID-005265,AUC-0957,VND-0588,224009.68,0.8419,0.817,75.3,4.54,0.011,7.4,112,0.6152,0,2026-03-31 00:00:00,0
BID-005266,AUC-0957,VND-0698,216849.93,0.815,0.669,69.8,4.17,0.0199,9.1,103,0.556,0,2026-03-31 00:00:00,0
BID-005267,AUC-0958,VND-0571,149422.71,0.953,0.912,77.3,4.78,0.0053,6.8,23,0.6582,0,2026-06-30 00:00:00,0
BID-005268,AUC-0958,VND-0676,147182.58,0.9387,0.934,85.8,4.83,0.004,4.3,166,0.6942,0,2026-06-30 00:00:00,1
BID-005269,AUC-0958,VND-0550,145066.91,0.9252,0.89,78.4,4.72,0.0066,6.5,54,0.6604,0,2026-06-30 00:00:00,0
BID-005270,AUC-0958,VND-0550,141703.32,0.9038,0.89,78.4,4.72,0.0066,6.5,54,0.6672,0,2026-06-30 00:00:00,0
BID-005271,AUC-0958,VND-0029,136983.4,0.8737,0.544,50.0,3.86,0.0273,15.0,298,0.4543,0,2026-06-30 00:00:00,0
BID-005272,AUC-0959,VND-0782,47032.74,0.9868,0.89,69.4,4.73,0.0066,9.2,21,0.4411,0,2026-06-29 00:00:00,0
BID-005273,AUC-0959,VND-0793,44979.27,0.9437,0.994,81.1,4.98,0.001,5.7,140,0.5147,0,2026-06-29 00:00:00,1
BID-005274,AUC-0959,VND-0306,43583.86,0.9144,0.52,52.4,3.8,0.0288,14.3,70,0.3265,0,2026-06-29 00:00:00,0
BID-005275,AUC-0960,VND-0082,245416.37,0.9613,0.817,76.7,4.54,0.011,7.0,150,0.4633,0,2026-01-23 00:00:00,1
BID-005276,AUC-0960,VND-0634,240391.32,0.9416,0.696,61.8,4.24,0.0182,11.5,218,0.4042,0,2026-01-23 00:00:00,0
BID-005277,AUC-0960,VND-0634,232959.83,0.9125,0.696,61.8,4.24,0.0182,11.5,218,0.4173,0,2026-01-23 00:00:00,0
BID-005278,AUC-0961,VND-0759,385056.19,0.9643,0.824,81.5,4.56,0.0106,5.6,51,0.4528,0,2026-05-15 00:00:00,0
BID-005279,AUC-0961,VND-0064,379029.36,0.9492,0.909,87.9,4.77,0.0055,3.6,166,0.4955,0,2026-05-15 00:00:00,0
BID-005280,AUC-0961,VND-0759,374965.89,0.939,0.824,81.5,4.56,0.0106,5.6,51,0.4652,0,2026-05-15 00:00:00,0
BID-005281,AUC-0961,VND-0571,360250.93,0.9022,0.912,77.3,4.78,0.0053,6.8,23,0.496,0,2026-05-15 00:00:00,0
BID-005282,AUC-0961,VND-0759,351750.52,0.8809,0.824,81.5,4.56,0.0106,5.6,51,0.4937,0,2026-05-15 00:00:00,0
BID-005283,AUC-0961,VND-0571,347335.24,0.8698,0.912,77.3,4.78,0.0053,6.8,23,0.5118,0,2026-05-15 00:00:00,0
BID-005284,AUC-0961,VND-0612,338423.66,0.8475,0.716,69.8,4.29,0.017,9.1,297,0.4573,0,2026-05-15 00:00:00,0
BID-005285,AUC-0961,VND-0475,334550.34,0.8378,0.937,83.0,4.84,0.0038,5.1,245,0.5463,0,2026-05-15 00:00:00,1
BID-005286,AUC-0962,VND-0364,347993.61,0.9762,0.57,59.6,3.92,0.0258,12.1,179,0.4383,0,2026-05-15 00:00:00,0
BID-005287,AUC-0962,VND-0495,342257.97,0.9601,0.623,66.9,4.06,0.0226,9.9,187,0.4712,0,2026-05-15 00:00:00,0
BID-005288,AUC-0962,VND-0495,333248.72,0.9349,0.623,66.9,4.06,0.0226,9.9,187,0.4808,0,2026-05-15 00:00:00,0
BID-005289,AUC-0962,VND-0495,318974.48,0.8948,0.623,66.9,4.06,0.0226,9.9,187,0.496,0,2026-05-15 00:00:00,0
BID-005290,AUC-0962,VND-0595,308629.58,0.8658,0.65,64.4,4.13,0.021,10.7,159,0.5131,0,2026-05-15 00:00:00,0
BID-005291,AUC-0962,VND-0011,303467.47,0.8513,0.806,60.5,4.51,0.0116,11.8,165,0.5647,0,2026-05-15 00:00:00,0
BID-005292,AUC-0962,VND-0127,300267.22,0.8423,0.926,77.9,4.81,0.0045,6.6,286,0.6286,0,2026-05-15 00:00:00,1
BID-005293,AUC-0962,VND-0011,289590.45,0.8124,0.806,60.5,4.51,0.0116,11.8,165,0.5795,0,2026-05-15 00:00:00,0
BID-005294,AUC-0963,VND-0212,34072.36,0.9844,0.546,55.7,3.86,0.0273,13.3,255,0.2627,0,2026-05-20 00:00:00,0
BID-005295,AUC-0963,VND-0212,33236.25,0.9603,0.546,55.7,3.86,0.0273,13.3,255,0.2772,0,2026-05-20 00:00:00,0
BID-005296,AUC-0963,VND-0212,31647.3,0.9144,0.546,55.7,3.86,0.0273,13.3,255,0.3048,0,2026-05-20 00:00:00,0
BID-005297,AUC-0963,VND-0800,30072.35,0.8689,0.543,61.0,3.86,0.0274,11.7,281,0.3369,0,2026-05-20 00:00:00,0
BID-005298,AUC-0963,VND-0800,29176.41,0.843,0.543,61.0,3.86,0.0274,11.7,281,0.3525,0,2026-05-20 00:00:00,0
BID-005299,AUC-0963,VND-0170,27943.12,0.8074,0.737,57.5,4.34,0.0158,12.8,29,0.4138,0,2026-05-20 00:00:00,1
BID-005300,AUC-0964,VND-0781,43843.69,0.9589,0.677,59.8,4.19,0.0194,12.1,74,0.4781,0,2026-05-11 00:00:00,0
BID-005301,AUC-0964,VND-0500,42956.8,0.9395,0.975,85.7,4.94,0.0015,4.3,283,0.627,0,2026-05-11 00:00:00,0
BID-005302,AUC-0964,VND-0781,41873.55,0.9158,0.677,59.8,4.19,0.0194,12.1,74,0.4937,0,2026-05-11 00:00:00,0
BID-005303,AUC-0964,VND-0500,40133.31,0.8778,0.975,85.7,4.94,0.0015,4.3,283,0.6492,0,2026-05-11 00:00:00,1
BID-005304,AUC-0964,VND-0595,38695.03,0.8463,0.65,64.4,4.13,0.021,10.7,159,0.5195,0,2026-05-11 00:00:00,0
BID-005305,AUC-0964,VND-0595,36853.54,0.806,0.65,64.4,4.13,0.021,10.7,159,0.534,0,2026-05-11 00:00:00,0
BID-005306,AUC-0965,VND-0086,197897.65,0.9541,0.839,64.6,4.6,0.0097,10.6,233,0.6322,0,2026-06-11 00:00:00,0
BID-005307,AUC-0965,VND-0267,190673.12,0.9193,0.998,92.4,5.0,0.001,2.3,173,0.7719,0,2026-06-11 00:00:00,0
BID-005308,AUC-0965,VND-0086,186066.94,0.8971,0.839,64.6,4.6,0.0097,10.6,233,0.6454,0,2026-06-11 00:00:00,0
BID-005309,AUC-0965,VND-0267,182727.96,0.881,0.998,92.4,5.0,0.001,2.3,173,0.7807,0,2026-06-11 00:00:00,1
BID-005310,AUC-0965,VND-0672,177197.32,0.8543,0.934,94.7,4.84,0.004,1.6,235,0.7622,0,2026-06-11 00:00:00,0
BID-005311,AUC-0965,VND-0672,171445.04,0.8266,0.934,94.7,4.84,0.004,1.6,235,0.7686,0,2026-06-11 00:00:00,0
BID-005312,AUC-0966,VND-0329,147856.94,0.9558,0.642,52.4,4.1,0.0215,14.3,30,0.4385,0,2026-04-26 00:00:00,0
BID-005313,AUC-0966,VND-0480,145101.87,0.938,0.583,58.3,3.96,0.025,12.5,61,0.4352,0,2026-04-26 00:00:00,0
BID-005314,AUC-0966,VND-0480,138834.22,0.8975,0.583,58.3,3.96,0.025,12.5,61,0.4523,0,2026-04-26 00:00:00,0
BID-005315,AUC-0966,VND-0382,135706.62,0.8773,0.624,57.9,4.06,0.0225,12.6,66,0.4724,0,2026-04-26 00:00:00,0
BID-005316,AUC-0966,VND-0329,134190.51,0.8675,0.642,52.4,4.1,0.0215,14.3,30,0.4756,0,2026-04-26 00:00:00,0
BID-005317,AUC-0966,VND-0480,130311.0,0.8424,0.583,58.3,3.96,0.025,12.5,61,0.4754,0,2026-04-26 00:00:00,0
BID-005318,AUC-0966,VND-0382,126552.83,0.8181,0.624,57.9,4.06,0.0225,12.6,66,0.4973,0,2026-04-26 00:00:00,0
BID-005319,AUC-0966,VND-0382,120725.87,0.7804,0.624,57.9,4.06,0.0225,12.6,66,0.5131,0,2026-04-26 00:00:00,1
BID-005320,AUC-0967,VND-0187,119374.94,0.9637,0.547,54.9,3.87,0.0272,13.5,255,0.3313,0,2026-03-29 00:00:00,0
BID-005321,AUC-0967,VND-0613,116978.74,0.9444,0.71,68.1,4.27,0.0174,9.6,155,0.4162,0,2026-03-29 00:00:00,0
BID-005322,AUC-0967,VND-0187,111732.16,0.902,0.547,54.9,3.87,0.0272,13.5,255,0.3628,0,2026-03-29 00:00:00,0
BID-005323,AUC-0967,VND-0613,108690.26,0.8775,0.71,68.1,4.27,0.0174,9.6,155,0.4503,0,2026-03-29 00:00:00,0
BID-005324,AUC-0967,VND-0430,104601.29,0.8445,0.782,63.4,4.46,0.0131,11.0,100,0.49,0,2026-03-29 00:00:00,0
BID-005325,AUC-0967,VND-0430,103422.75,0.8349,0.782,63.4,4.46,0.0131,11.0,100,0.4948,0,2026-03-29 00:00:00,1
BID-005326,AUC-0967,VND-0272,99231.41,0.8011,0.614,64.6,4.04,0.0231,10.6,166,0.4495,0,2026-03-29 00:00:00,0
BID-005327,AUC-0968,VND-0652,143072.32,0.9687,0.526,51.0,3.81,0.0284,14.7,115,0.3927,0,2026-04-01 00:00:00,0
BID-005328,AUC-0968,VND-0273,138989.14,0.9411,0.809,73.1,4.52,0.0115,8.1,254,0.5669,0,2026-04-01 00:00:00,0
BID-005329,AUC-0968,VND-0021,133025.22,0.9007,0.561,55.4,3.9,0.0263,13.4,220,0.4529,0,2026-04-01 00:00:00,0
BID-005330,AUC-0968,VND-0236,129258.55,0.8752,0.506,51.5,3.77,0.0296,14.6,137,0.4365,0,2026-04-01 00:00:00,0
BID-005331,AUC-0968,VND-0035,127075.56,0.8604,0.537,59.1,3.84,0.0278,12.3,93,0.477,0,2026-04-01 00:00:00,0
BID-005332,AUC-0968,VND-0589,121949.39,0.8257,0.89,71.8,4.72,0.0066,8.5,35,0.6496,0,2026-04-01 00:00:00,0
BID-005333,AUC-0968,VND-0589,120507.08,0.8159,0.89,71.8,4.72,0.0066,8.5,35,0.6547,0,2026-04-01 00:00:00,1
BID-005334,AUC-0969,VND-0578,386937.07,0.9585,0.809,84.2,4.52,0.0114,4.7,281,0.5907,0,2026-04-08 00:00:00,0
BID-005335,AUC-0969,VND-0736,372744.93,0.9233,0.784,73.6,4.46,0.013,7.9,82,0.5636,0,2026-04-08 00:00:00,0
BID-005336,AUC-0969,VND-0578,368946.1,0.9139,0.809,84.2,4.52,0.0114,4.7,281,0.6054,0,2026-04-08 00:00:00,1
BID-005337,AUC-0969,VND-0171,351600.08,0.8709,0.746,64.3,4.36,0.0153,10.7,123,0.5411,0,2026-04-08 00:00:00,0
BID-005338,AUC-0969,VND-0458,342153.15,0.8475,0.776,64.7,4.44,0.0134,10.6,78,0.5608,0,2026-04-08 00:00:00,0
BID-005339,AUC-0970,VND-0600,447691.6,0.9621,0.875,72.0,4.69,0.0075,8.4,23,0.5712,0,2026-04-04 00:00:00,1
BID-005340,AUC-0970,VND-0487,437844.23,0.9409,0.866,66.8,4.67,0.008,10.0,273,0.5657,0,2026-04-04 00:00:00,0
BID-005341,AUC-0970,VND-0075,433060.17,0.9307,0.526,51.0,3.81,0.0285,14.7,52,0.4385,0,2026-04-04 00:00:00,0
BID-005342,AUC-0970,VND-0323,412110.08,0.8856,0.56,58.5,3.9,0.0264,12.4,70,0.4794,0,2026-04-04 00:00:00,0
BID-005343,AUC-0971,VND-0166,198835.45,0.9536,0.678,68.5,4.19,0.0193,9.4,290,0.5746,0,2026-01-22 00:00:00,0
BID-005344,AUC-0971,VND-0271,190708.82,0.9147,0.977,93.9,4.94,0.0014,1.8,146,0.7405,0,2026-01-22 00:00:00,1
BID-005345,AUC-0971,VND-0166,182513.19,0.8754,0.678,68.5,4.19,0.0193,9.4,290,0.5949,0,2026-01-22 00:00:00,0
BID-005346,AUC-0972,VND-0197,433008.09,0.9538,0.686,65.9,4.22,0.0188,10.2,297,0.5983,0,2026-02-25 00:00:00,0
BID-005347,AUC-0972,VND-0609,426214.43,0.9388,0.541,54.9,3.85,0.0275,13.5,49,0.5234,0,2026-02-25 00:00:00,0
BID-005348,AUC-0972,VND-0197,415941.08,0.9162,0.686,65.9,4.22,0.0188,10.2,297,0.6069,0,2026-02-25 00:00:00,0
BID-005349,AUC-0972,VND-0609,407210.12,0.8969,0.541,54.9,3.85,0.0275,13.5,49,0.533,0,2026-02-25 00:00:00,0
BID-005350,AUC-0972,VND-0102,400419.98,0.882,0.581,59.8,3.95,0.0252,12.1,289,0.5605,0,2026-02-25 00:00:00,0
BID-005351,AUC-0972,VND-0759,393458.27,0.8667,0.824,81.5,4.56,0.0106,5.6,51,0.6991,0,2026-02-25 00:00:00,0
BID-005352,AUC-0972,VND-0706,376663.66,0.8297,0.603,50.0,4.01,0.0238,15.0,268,0.5687,0,2026-02-25 00:00:00,0
BID-005353,AUC-0972,VND-0776,364589.92,0.8031,0.976,92.8,4.94,0.0015,2.2,152,0.7949,0,2026-02-25 00:00:00,1
BID-005354,AUC-0973,VND-0028,164360.19,0.9811,0.799,83.3,4.5,0.0121,5.0,212,0.6499,0,2026-06-01 00:00:00,0
BID-005355,AUC-0973,VND-0679,159074.32,0.9495,0.95,82.9,4.88,0.003,5.1,239,0.7102,0,2026-06-01 00:00:00,0
BID-005356,AUC-0973,VND-0083,155265.69,0.9268,0.545,60.4,3.86,0.0273,11.9,41,0.5129,0,2026-06-01 00:00:00,0
BID-005357,AUC-0973,VND-0083,147784.61,0.8821,0.545,60.4,3.86,0.0273,11.9,41,0.5237,0,2026-06-01 00:00:00,0
BID-005358,AUC-0973,VND-0288,142571.24,0.851,0.931,91.2,4.83,0.0041,2.6,204,0.7485,0,2026-06-01 00:00:00,1
BID-005359,AUC-0974,VND-0696,237862.67,0.977,0.618,50.0,4.05,0.0229,15.0,229,0.4121,0,2026-05-31 00:00:00,0
BID-005360,AUC-0974,VND-0033,230949.08,0.9486,0.64,57.5,4.1,0.0216,12.8,271,0.4508,0,2026-05-31 00:00:00,0
BID-005361,AUC-0974,VND-0505,225461.55,0.9261,0.625,59.9,4.06,0.0225,12.0,85,0.461,0,2026-05-31 00:00:00,0
BID-005362,AUC-0974,VND-0505,220387.18,0.9053,0.625,59.9,4.06,0.0225,12.0,85,0.471,0,2026-05-31 00:00:00,0
BID-005363,AUC-0974,VND-0521,216244.61,0.8882,0.77,78.3,4.42,0.0138,6.5,85,0.5761,0,2026-05-31 00:00:00,0
BID-005364,AUC-0974,VND-0713,208039.96,0.8545,0.993,99.4,4.98,0.001,0.2,194,0.7257,0,2026-05-31 00:00:00,1
BID-005365,AUC-0974,VND-0044,202482.14,0.8317,0.865,86.5,4.66,0.0081,4.0,206,0.6584,0,2026-05-31 00:00:00,0
BID-005366,AUC-0975,VND-0072,117685.74,0.9746,0.749,61.0,4.37,0.0151,11.7,175,0.42,0,2026-04-18 00:00:00,0
BID-005367,AUC-0975,VND-0204,115847.98,0.9594,0.695,54.8,4.24,0.0183,13.6,162,0.3985,0,2026-04-18 00:00:00,0
BID-005368,AUC-0975,VND-0153,111594.96,0.9241,0.863,93.2,4.66,0.0082,2.0,93,0.5571,0,2026-04-18 00:00:00,1
BID-005369,AUC-0975,VND-0204,108355.91,0.8973,0.695,54.8,4.24,0.0183,13.6,162,0.4326,0,2026-04-18 00:00:00,0
BID-005370,AUC-0975,VND-0397,104155.42,0.8625,0.753,66.6,4.38,0.0148,10.0,272,0.4962,0,2026-04-18 00:00:00,0
BID-005371,AUC-0975,VND-0204,99491.39,0.8239,0.695,54.8,4.24,0.0183,13.6,162,0.473,0,2026-04-18 00:00:00,0
BID-005372,AUC-0976,VND-0734,320222.55,0.9889,0.989,89.2,4.97,0.001,3.2,23,0.6719,0,2026-05-06 00:00:00,0
BID-005373,AUC-0976,VND-0216,310286.44,0.9582,0.571,55.8,3.93,0.0257,13.3,180,0.4734,0,2026-05-06 00:00:00,0
BID-005374,AUC-0976,VND-0089,295073.64,0.9112,0.845,69.1,4.61,0.0093,9.3,201,0.6012,0,2026-05-06 00:00:00,0
BID-005375,AUC-0976,VND-0734,287493.13,0.8878,0.989,89.2,4.97,0.001,3.2,23,0.7022,0,2026-05-06 00:00:00,1
BID-005376,AUC-0977,VND-0543,483161.56,0.9866,0.972,85.3,4.93,0.0017,4.4,272,0.4729,0,2026-06-28 00:00:00,0
BID-005377,AUC-0977,VND-0374,473681.95,0.9673,0.692,66.0,4.23,0.0185,10.2,194,0.3776,0,2026-06-28 00:00:00,0
BID-005378,AUC-0977,VND-0543,451457.79,0.9219,0.972,85.3,4.93,0.0017,4.4,272,0.5046,0,2026-06-28 00:00:00,0
BID-005379,AUC-0977,VND-0062,429791.06,0.8777,0.659,52.8,4.15,0.0205,14.2,231,0.3808,0,2026-06-28 00:00:00,0
BID-005380,AUC-0977,VND-0374,412689.99,0.8427,0.692,66.0,4.23,0.0185,10.2,194,0.4386,0,2026-06-28 00:00:00,0
BID-005381,AUC-0977,VND-0525,403433.11,0.8238,0.935,72.6,4.84,0.0039,8.2,133,0.5125,0,2026-06-28 00:00:00,0
BID-005382,AUC-0977,VND-0525,387904.54,0.7921,0.935,72.6,4.84,0.0039,8.2,133,0.528,0,2026-06-28 00:00:00,1
BID-005383,AUC-0978,VND-0081,297265.26,0.9724,0.684,63.1,4.21,0.019,11.1,122,0.3802,0,2026-05-25 00:00:00,0
BID-005384,AUC-0978,VND-0663,283024.55,0.9258,0.988,87.0,4.97,0.001,3.9,224,0.5282,0,2026-05-25 00:00:00,0
BID-005385,AUC-0978,VND-0418,277019.94,0.9061,0.749,62.9,4.37,0.015,11.1,249,0.4335,0,2026-05-25 00:00:00,0
BID-005386,AUC-0978,VND-0418,265077.22,0.8671,0.749,62.9,4.37,0.015,11.1,249,0.4527,0,2026-05-25 00:00:00,0
BID-005387,AUC-0978,VND-0577,252674.18,0.8265,0.849,82.9,4.62,0.0091,5.1,179,0.527,0,2026-05-25 00:00:00,0
BID-005388,AUC-0978,VND-0577,240472.34,0.7866,0.849,82.9,4.62,0.0091,5.1,179,0.5466,0,2026-05-25 00:00:00,0
BID-005389,AUC-0978,VND-0090,233238.15,0.7629,0.968,81.4,4.92,0.0019,5.6,35,0.5953,0,2026-05-25 00:00:00,0
BID-005390,AUC-0978,VND-0663,224770.94,0.7352,0.988,87.0,4.97,0.001,3.9,224,0.6215,0,2026-05-25 00:00:00,1
BID-005391,AUC-0979,VND-0171,179376.31,0.9679,0.746,64.3,4.36,0.0153,10.7,123,0.556,0,2026-02-01 00:00:00,1
BID-005392,AUC-0979,VND-0398,176814.33,0.9541,0.509,58.5,3.77,0.0295,12.4,206,0.4529,0,2026-02-01 00:00:00,0
BID-005393,AUC-0979,VND-0598,174108.97,0.9395,0.523,54.5,3.81,0.0286,13.6,178,0.4534,0,2026-02-01 00:00:00,0
BID-005394,AUC-0980,VND-0473,323319.03,0.9874,0.603,50.0,4.01,0.0238,15.0,219,0.2889,0,2026-02-01 00:00:00,0
BID-005395,AUC-0980,VND-0213,315802.05,0.9645,0.529,50.0,3.82,0.0283,15.0,68,0.2824,0,2026-02-01 00:00:00,0
BID-005396,AUC-0980,VND-0473,312337.28,0.9539,0.603,50.0,4.01,0.0238,15.0,219,0.3077,0,2026-02-01 00:00:00,0
BID-005397,AUC-0980,VND-0455,301359.12,0.9204,0.63,51.8,4.07,0.0222,14.5,253,0.3352,0,2026-02-01 00:00:00,0
BID-005398,AUC-0980,VND-0398,287553.25,0.8782,0.509,58.5,3.77,0.0295,12.4,206,0.3348,0,2026-02-01 00:00:00,0
BID-005399,AUC-0980,VND-0473,274891.25,0.8395,0.603,50.0,4.01,0.0238,15.0,219,0.3717,0,2026-02-01 00:00:00,0
BID-005400,AUC-0980,VND-0398,265029.29,0.8094,0.509,58.5,3.77,0.0295,12.4,206,0.3733,0,2026-02-01 00:00:00,1
BID-005401,AUC-0981,VND-0613,67662.15,0.9634,0.71,68.1,4.27,0.0174,9.6,155,0.4721,0,2026-05-06 00:00:00,0
BID-005402,AUC-0981,VND-0131,65676.11,0.9351,0.808,84.2,4.52,0.0115,4.7,141,0.5448,0,2026-05-06 00:00:00,1
BID-005403,AUC-0981,VND-0442,63237.68,0.9004,0.51,50.0,3.77,0.0294,15.0,124,0.3993,0,2026-05-06 00:00:00,0
BID-005404,AUC-0982,VND-0343,424084.43,0.9521,0.965,90.5,4.91,0.0021,2.8,238,0.6872,0,2026-01-14 00:00:00,0
BID-005405,AUC-0982,VND-0175,409581.48,0.9195,0.687,67.7,4.22,0.0188,9.7,244,0.5538,0,2026-01-14 00:00:00,0
BID-005406,AUC-0982,VND-0175,390687.48,0.8771,0.687,67.7,4.22,0.0188,9.7,244,0.5661,0,2026-01-14 00:00:00,0
BID-005407,AUC-0982,VND-0422,374139.56,0.8399,0.589,59.6,3.97,0.0247,12.1,197,0.526,0,2026-01-14 00:00:00,0
BID-005408,AUC-0982,VND-0175,367201.07,0.8244,0.687,67.7,4.22,0.0188,9.7,244,0.5814,0,2026-01-14 00:00:00,0
BID-005409,AUC-0982,VND-0020,356049.42,0.7993,0.842,77.4,4.61,0.0095,6.8,43,0.6602,0,2026-01-14 00:00:00,0
BID-005410,AUC-0982,VND-0175,350477.18,0.7868,0.687,67.7,4.22,0.0188,9.7,244,0.5923,0,2026-01-14 00:00:00,0
BID-005411,AUC-0982,VND-0343,336547.26,0.7555,0.965,90.5,4.91,0.0021,2.8,238,0.7442,0,2026-01-14 00:00:00,1
BID-005412,AUC-0983,VND-0139,248126.3,0.9673,0.899,85.6,4.75,0.0061,4.3,259,0.5792,0,2026-01-02 00:00:00,0
BID-005413,AUC-0983,VND-0484,237835.55,0.9272,0.86,76.0,4.65,0.0084,7.2,235,0.5676,0,2026-01-02 00:00:00,0
BID-005414,AUC-0983,VND-0578,233384.87,0.9098,0.809,84.2,4.52,0.0114,4.7,281,0.5702,0,2026-01-02 00:00:00,0
BID-005415,AUC-0983,VND-0578,226988.73,0.8849,0.809,84.2,4.52,0.0114,4.7,281,0.5797,0,2026-01-02 00:00:00,1
BID-005416,AUC-0984,VND-0370,223392.64,0.9705,0.72,62.3,4.3,0.0168,11.3,188,0.3454,0,2026-04-18 00:00:00,0
BID-005417,AUC-0984,VND-0370,215408.86,0.9358,0.72,62.3,4.3,0.0168,11.3,188,0.3645,0,2026-04-18 00:00:00,0
BID-005418,AUC-0984,VND-0029,205927.06,0.8946,0.544,50.0,3.86,0.0273,15.0,298,0.3248,0,2026-04-18 00:00:00,0
BID-005419,AUC-0984,VND-0573,198771.09,0.8635,0.634,67.5,4.08,0.022,9.8,39,0.3871,0,2026-04-18 00:00:00,0
BID-005420,AUC-0984,VND-0573,196139.56,0.8521,0.634,67.5,4.08,0.022,9.8,39,0.3934,0,2026-04-18 00:00:00,0
BID-005421,AUC-0984,VND-0524,192636.53,0.8369,0.616,50.0,4.04,0.023,15.0,45,0.376,0,2026-04-18 00:00:00,0
BID-005422,AUC-0984,VND-0029,188597.6,0.8193,0.544,50.0,3.86,0.0273,15.0,298,0.3662,0,2026-04-18 00:00:00,0
BID-005423,AUC-0984,VND-0142,186633.53,0.8108,0.688,54.9,4.22,0.0187,13.5,154,0.4157,0,2026-04-18 00:00:00,1
BID-005424,AUC-0985,VND-0328,291203.15,0.9802,0.716,52.8,4.29,0.0171,14.2,88,0.3798,0,2026-03-29 00:00:00,0
BID-005425,AUC-0985,VND-0651,281826.97,0.9487,0.516,53.7,3.79,0.0291,13.9,141,0.3504,0,2026-03-29 00:00:00,0
BID-005426,AUC-0985,VND-0005,269008.87,0.9055,0.801,74.5,4.5,0.012,7.6,294,0.499,0,2026-03-29 00:00:00,0
BID-005427,AUC-0985,VND-0765,259454.2,0.8734,0.902,82.3,4.75,0.0059,5.3,271,0.5614,0,2026-03-29 00:00:00,0
BID-005428,AUC-0985,VND-0005,255094.32,0.8587,0.801,74.5,4.5,0.012,7.6,294,0.5229,0,2026-03-29 00:00:00,0
BID-005429,AUC-0985,VND-0765,247410.89,0.8328,0.902,82.3,4.75,0.0059,5.3,271,0.5821,0,2026-03-29 00:00:00,1
BID-005430,AUC-0985,VND-0651,237403.29,0.7991,0.516,53.7,3.79,0.0291,13.9,141,0.4266,0,2026-03-29 00:00:00,0
BID-005431,AUC-0985,VND-0005,232771.65,0.7835,0.801,74.5,4.5,0.012,7.6,294,0.5612,0,2026-03-29 00:00:00,0
BID-005432,AUC-0986,VND-0019,309528.55,0.9791,0.652,54.4,4.13,0.0209,13.7,127,0.4115,0,2026-02-06 00:00:00,0
BID-005433,AUC-0986,VND-0623,298021.27,0.9427,0.881,84.1,4.7,0.0072,4.8,184,0.5805,0,2026-02-06 00:00:00,0
BID-005434,AUC-0986,VND-0457,287585.36,0.9097,0.812,74.2,4.53,0.0113,7.7,81,0.544,0,2026-02-06 00:00:00,0
BID-005435,AUC-0986,VND-0019,281947.61,0.8918,0.652,54.4,4.13,0.0209,13.7,127,0.4455,0,2026-02-06 00:00:00,0
BID-005436,AUC-0986,VND-0623,273018.85,0.8636,0.881,84.1,4.7,0.0072,4.8,184,0.6113,0,2026-02-06 00:00:00,1
BID-005437,AUC-0986,VND-0230,269801.01,0.8534,0.528,50.0,3.82,0.0283,15.0,156,0.4106,0,2026-02-06 00:00:00,0
BID-005438,AUC-0986,VND-0019,258144.48,0.8165,0.652,54.4,4.13,0.0209,13.7,127,0.4749,0,2026-02-06 00:00:00,0
BID-005439,AUC-0986,VND-0019,250953.53,0.7938,0.652,54.4,4.13,0.0209,13.7,127,0.4838,0,2026-02-06 00:00:00,0
BID-005440,AUC-0987,VND-0756,44276.56,0.9802,0.906,82.6,4.77,0.0056,5.2,169,0.522,0,2026-02-09 00:00:00,1
BID-005441,AUC-0987,VND-0303,43727.35,0.9681,0.56,52.6,3.9,0.0264,14.2,246,0.3562,0,2026-02-09 00:00:00,0
BID-005442,AUC-0987,VND-0673,43010.77,0.9522,0.871,74.3,4.68,0.0077,7.7,276,0.5073,0,2026-02-09 00:00:00,0
BID-005443,AUC-0988,VND-0200,336054.17,0.9755,0.875,81.1,4.69,0.0075,5.7,134,0.5282,0,2026-04-11 00:00:00,0
BID-005444,AUC-0988,VND-0200,330357.21,0.959,0.875,81.1,4.69,0.0075,5.7,134,0.5348,0,2026-04-11 00:00:00,0
BID-005445,AUC-0988,VND-0200,317999.98,0.9231,0.875,81.1,4.69,0.0075,5.7,134,0.5492,0,2026-04-11 00:00:00,0
BID-005446,AUC-0988,VND-0089,303607.51,0.8813,0.845,69.1,4.61,0.0093,9.3,201,0.5244,0,2026-04-11 00:00:00,0
BID-005447,AUC-0988,VND-0532,294220.3,0.8541,0.884,81.1,4.71,0.007,5.7,254,0.5786,0,2026-04-11 00:00:00,0
BID-005448,AUC-0988,VND-0532,288662.32,0.838,0.884,81.1,4.71,0.007,5.7,254,0.5851,0,2026-04-11 00:00:00,1
BID-005449,AUC-0988,VND-0089,283032.72,0.8216,0.845,69.1,4.61,0.0093,9.3,201,0.5483,0,2026-04-11 00:00:00,0
BID-005450,AUC-0989,VND-0569,124174.74,0.966,0.926,80.6,4.81,0.0045,5.8,192,0.4951,0,2026-06-22 00:00:00,0
BID-005451,AUC-0989,VND-0387,119212.29,0.9274,0.564,50.0,3.91,0.0262,15.0,244,0.343,0,2026-06-22 00:00:00,0
BID-005452,AUC-0989,VND-0538,114930.11,0.8941,0.994,91.7,4.98,0.001,2.5,259,0.5737,0,2026-06-22 00:00:00,1
BID-005453,AUC-0989,VND-0569,111564.3,0.8679,0.926,80.6,4.81,0.0045,5.8,192,0.5392,0,2026-06-22 00:00:00,0
BID-005454,AUC-0990,VND-0306,346180.99,0.9621,0.52,52.4,3.8,0.0288,14.3,70,0.3925,0,2026-01-08 00:00:00,0
BID-005455,AUC-0990,VND-0027,331910.81,0.9224,0.97,94.1,4.92,0.0018,1.8,96,0.6393,0,2026-01-08 00:00:00,1
BID-005456,AUC-0990,VND-0098,316466.01,0.8795,0.67,58.4,4.17,0.0198,12.5,117,0.4908,0,2026-01-08 00:00:00,0
BID-005457,AUC-0991,VND-0756,398102.97,0.9638,0.906,82.6,4.77,0.0056,5.2,169,0.5893,0,2026-06-15 00:00:00,0
BID-005458,AUC-0991,VND-0487,380778.32,0.9219,0.866,66.8,4.67,0.008,10.0,273,0.5664,0,2026-06-15 00:00:00,0
BID-005459,AUC-0991,VND-0205,375383.46,0.9088,0.953,76.1,4.88,0.0028,7.2,221,0.6259,0,2026-06-15 00:00:00,1
BID-005460,AUC-0992,VND-0044,387725.94,0.9599,0.865,86.5,4.66,0.0081,4.0,206,0.6789,0,2026-05-27 00:00:00,0
BID-005461,AUC-0992,VND-0044,379741.4,0.9401,0.865,86.5,4.66,0.0081,4.0,206,0.6838,0,2026-05-27 00:00:00,1
BID-005462,AUC-0992,VND-0463,370448.26,0.9171,0.713,55.4,4.28,0.0172,13.4,101,0.5523,0,2026-05-27 00:00:00,0
BID-005463,AUC-0993,VND-0434,273544.68,0.9744,0.578,50.0,3.94,0.0253,15.0,30,0.4006,0,2026-02-01 00:00:00,0
BID-005464,AUC-0993,VND-0373,264243.72,0.9413,0.616,67.7,4.04,0.023,9.7,91,0.4702,0,2026-02-01 00:00:00,0
BID-005465,AUC-0993,VND-0105,257079.69,0.9158,0.503,50.0,3.76,0.0298,15.0,276,0.3907,0,2026-02-01 00:00:00,0
BID-005466,AUC-0993,VND-0373,252078.7,0.898,0.616,67.7,4.04,0.023,9.7,91,0.4841,0,2026-02-01 00:00:00,1
BID-005467,AUC-0993,VND-0105,242153.24,0.8626,0.503,50.0,3.76,0.0298,15.0,276,0.4077,0,2026-02-01 00:00:00,0
BID-005468,AUC-0994,VND-0447,254287.03,0.96,0.915,80.0,4.79,0.0051,6.0,168,0.44,0,2026-02-23 00:00:00,0
BID-005469,AUC-0994,VND-0447,249297.74,0.9412,0.915,80.0,4.79,0.0051,6.0,168,0.4502,0,2026-02-23 00:00:00,0
BID-005470,AUC-0994,VND-0572,242808.1,0.9167,0.839,73.5,4.6,0.0097,8.0,32,0.4376,0,2026-02-23 00:00:00,0
BID-005471,AUC-0994,VND-0670,233171.68,0.8803,0.536,50.0,3.84,0.0278,15.0,37,0.3563,0,2026-02-23 00:00:00,0
BID-005472,AUC-0994,VND-0447,222225.05,0.839,0.915,80.0,4.79,0.0051,6.0,168,0.5054,0,2026-02-23 00:00:00,0
BID-005473,AUC-0994,VND-0447,215168.04,0.8123,0.915,80.0,4.79,0.0051,6.0,168,0.5198,0,2026-02-23 00:00:00,1
BID-005474,AUC-0994,VND-0586,209812.47,0.7921,0.808,83.5,4.52,0.0115,5.0,145,0.5068,0,2026-02-23 00:00:00,0
BID-005475,AUC-0995,VND-0135,76817.05,0.9601,0.68,54.8,4.2,0.0192,13.6,133,0.3105,0,2026-04-14 00:00:00,0
BID-005476,AUC-0995,VND-0694,72998.46,0.9124,0.887,66.3,4.72,0.0068,10.1,83,0.4085,0,2026-04-14 00:00:00,0
BID-005477,AUC-0995,VND-0352,70138.56,0.8766,0.668,52.9,4.17,0.0199,14.1,90,0.3525,0,2026-04-14 00:00:00,0
BID-005478,AUC-0995,VND-0352,67508.67,0.8438,0.668,52.9,4.17,0.0199,14.1,90,0.3712,0,2026-04-14 00:00:00,0
BID-005479,AUC-0995,VND-0685,64777.47,0.8096,0.59,50.0,3.97,0.0246,15.0,29,0.3657,0,2026-04-14 00:00:00,0
BID-005480,AUC-0995,VND-0059,62400.87,0.7799,0.902,70.4,4.75,0.0059,8.9,223,0.4929,0,2026-04-14 00:00:00,0
BID-005481,AUC-0995,VND-0141,61023.25,0.7627,0.945,79.6,4.86,0.0033,6.1,294,0.5256,0,2026-04-14 00:00:00,1
BID-005482,AUC-0996,VND-0772,381390.4,0.9781,0.784,69.9,4.46,0.013,9.0,74,0.6543,0,2026-04-23 00:00:00,0
BID-005483,AUC-0996,VND-0177,375891.51,0.964,0.829,68.6,4.57,0.0102,9.4,203,0.6768,0,2026-04-23 00:00:00,1
BID-005484,AUC-0996,VND-0655,365260.12,0.9368,0.67,70.9,4.17,0.0198,8.7,84,0.6109,0,2026-04-23 00:00:00,0
BID-005485,AUC-0996,VND-0655,360193.78,0.9238,0.67,70.9,4.17,0.0198,8.7,84,0.6138,0,2026-04-23 00:00:00,0
BID-005486,AUC-0997,VND-0279,140263.69,0.9809,0.567,50.0,3.92,0.026,15.0,205,0.3366,0,2026-04-09 00:00:00,0
BID-005487,AUC-0997,VND-0279,136634.89,0.9556,0.567,50.0,3.92,0.026,15.0,205,0.3483,0,2026-04-09 00:00:00,0
BID-005488,AUC-0997,VND-0279,131239.87,0.9178,0.567,50.0,3.92,0.026,15.0,205,0.3656,0,2026-04-09 00:00:00,0
BID-005489,AUC-0997,VND-0528,125270.17,0.8761,0.999,90.1,5.0,0.001,3.0,218,0.5712,0,2026-04-09 00:00:00,1
BID-005490,AUC-0997,VND-0076,122704.97,0.8581,0.954,76.1,4.89,0.0028,7.2,193,0.5346,0,2026-04-09 00:00:00,0
BID-005491,AUC-0998,VND-0409,244835.19,0.9663,0.796,71.5,4.49,0.0123,8.5,58,0.6449,0,2026-03-16 00:00:00,0
BID-005492,AUC-0998,VND-0409,233308.61,0.9208,0.796,71.5,4.49,0.0123,8.5,58,0.6563,0,2026-03-16 00:00:00,0
BID-005493,AUC-0998,VND-0412,227453.46,0.8977,0.667,59.1,4.17,0.02,12.3,213,0.5978,0,2026-03-16 00:00:00,0
BID-005494,AUC-0998,VND-0412,225151.72,0.8886,0.667,59.1,4.17,0.02,12.3,213,0.6001,0,2026-03-16 00:00:00,0
BID-005495,AUC-0998,VND-0327,218025.37,0.8605,0.793,79.7,4.48,0.0124,6.1,173,0.6806,0,2026-03-16 00:00:00,1
BID-005496,AUC-0998,VND-0409,209889.43,0.8284,0.796,71.5,4.49,0.0123,8.5,58,0.6794,0,2026-03-16 00:00:00,0
BID-005497,AUC-0998,VND-0412,204419.17,0.8068,0.667,59.1,4.17,0.02,12.3,213,0.6205,0,2026-03-16 00:00:00,0
BID-005498,AUC-0999,VND-0683,143341.53,0.9601,0.867,65.6,4.67,0.008,10.3,233,0.6114,0,2026-03-21 00:00:00,0
BID-005499,AUC-0999,VND-0683,137438.93,0.9206,0.867,65.6,4.67,0.008,10.3,233,0.6237,0,2026-03-21 00:00:00,0
BID-005500,AUC-0999,VND-0265,135439.94,0.9072,0.528,56.3,3.82,0.0283,13.1,195,0.4893,0,2026-03-21 00:00:00,0
BID-005501,AUC-0999,VND-0683,131471.25,0.8806,0.867,65.6,4.67,0.008,10.3,233,0.636,0,2026-03-21 00:00:00,0
BID-005502,AUC-0999,VND-0568,128140.81,0.8583,0.842,66.2,4.6,0.0095,10.1,287,0.6337,0,2026-03-21 00:00:00,0
BID-005503,AUC-0999,VND-0265,125716.11,0.8421,0.528,56.3,3.82,0.0283,13.1,195,0.5095,0,2026-03-21 00:00:00,0
BID-005504,AUC-0999,VND-0568,124239.29,0.8322,0.842,66.2,4.6,0.0095,10.1,287,0.6418,0,2026-03-21 00:00:00,1
BID-005505,AUC-1000,VND-0028,73177.98,0.9683,0.799,83.3,4.5,0.0121,5.0,212,0.609,0,2026-02-17 00:00:00,1
BID-005506,AUC-1000,VND-0328,72070.7,0.9536,0.716,52.8,4.29,0.0171,14.2,88,0.5032,0,2026-02-17 00:00:00,0
BID-005507,AUC-1000,VND-0328,70540.59,0.9334,0.716,52.8,4.29,0.0171,14.2,88,0.5093,0,2026-02-17 00:00:00,0
BID-005508,AUC-1001,VND-0527,309612.24,0.9721,0.97,94.5,4.92,0.0018,1.6,105,0.7528,0,2026-03-24 00:00:00,1
BID-005509,AUC-1001,VND-0106,298441.38,0.9371,0.774,71.6,4.44,0.0135,8.5,37,0.6387,0,2026-03-24 00:00:00,0
BID-005510,AUC-1001,VND-0106,291461.84,0.9152,0.774,71.6,4.44,0.0135,8.5,37,0.6438,0,2026-03-24 00:00:00,0
BID-005511,AUC-1001,VND-0106,282416.96,0.8868,0.774,71.6,4.44,0.0135,8.5,37,0.6503,0,2026-03-24 00:00:00,0
BID-005512,AUC-1001,VND-0020,270186.83,0.8484,0.842,77.4,4.61,0.0095,6.8,43,0.6971,0,2026-03-24 00:00:00,0
BID-005513,AUC-1001,VND-0106,257818.87,0.8095,0.774,71.6,4.44,0.0135,8.5,37,0.6681,0,2026-03-24 00:00:00,0
BID-005514,AUC-1001,VND-0106,248802.61,0.7812,0.774,71.6,4.44,0.0135,8.5,37,0.6746,0,2026-03-24 00:00:00,0
BID-005515,AUC-1002,VND-0236,35538.18,0.9704,0.506,51.5,3.77,0.0296,14.6,137,0.3828,0,2026-04-08 00:00:00,0
BID-005516,AUC-1002,VND-0236,34785.97,0.9498,0.506,51.5,3.77,0.0296,14.6,137,0.3912,0,2026-04-08 00:00:00,0
BID-005517,AUC-1002,VND-0712,33338.14,0.9103,0.521,50.0,3.8,0.0288,15.0,75,0.4108,0,2026-04-08 00:00:00,0
BID-005518,AUC-1002,VND-0712,32530.09,0.8882,0.521,50.0,3.8,0.0288,15.0,75,0.4198,0,2026-04-08 00:00:00,1
BID-005519,AUC-1003,VND-0411,365643.88,0.9703,0.901,73.1,4.75,0.0059,8.1,298,0.6611,0,2026-06-03 00:00:00,0
BID-005520,AUC-1003,VND-0093,356043.8,0.9448,0.629,57.6,4.07,0.0223,12.7,136,0.5507,0,2026-06-03 00:00:00,0
BID-005521,AUC-1003,VND-0405,351134.48,0.9318,0.725,57.4,4.31,0.0165,12.8,249,0.5865,0,2026-06-03 00:00:00,0
BID-005522,AUC-1003,VND-0788,344812.43,0.915,0.608,50.0,4.02,0.0235,15.0,253,0.5397,0,2026-06-03 00:00:00,0
BID-005523,AUC-1003,VND-0411,339044.92,0.8997,0.901,73.1,4.75,0.0059,8.1,298,0.6801,0,2026-06-03 00:00:00,1
BID-005524,AUC-1003,VND-0743,322349.4,0.8554,0.662,53.5,4.16,0.0203,14.0,190,0.5802,0,2026-06-03 00:00:00,0
BID-005525,AUC-1004,VND-0715,161188.57,0.9733,0.82,80.1,4.55,0.0108,6.0,120,0.55,0,2026-01-31 00:00:00,0
BID-005526,AUC-1004,VND-0406,155651.4,0.9398,0.992,100.0,4.98,0.001,0.1,289,0.6685,0,2026-01-31 00:00:00,0
BID-005527,AUC-1004,VND-0329,151056.55,0.9121,0.642,52.4,4.1,0.0215,14.3,30,0.4423,0,2026-01-31 00:00:00,0
BID-005528,AUC-1004,VND-0129,146481.86,0.8845,0.968,96.2,4.92,0.0019,1.1,233,0.6703,0,2026-01-31 00:00:00,1
BID-005529,AUC-1004,VND-0715,141654.06,0.8553,0.82,80.1,4.55,0.0108,6.0,120,0.5913,0,2026-01-31 00:00:00,0
BID-005530,AUC-1004,VND-0329,137259.63,0.8288,0.642,52.4,4.1,0.0215,14.3,30,0.4715,0,2026-01-31 00:00:00,0
BID-005531,AUC-1005,VND-0578,9657.88,0.9595,0.809,84.2,4.52,0.0114,4.7,281,0.6715,0,2026-01-18 00:00:00,0
BID-005532,AUC-1005,VND-0678,9368.3,0.9307,0.743,75.4,4.36,0.0154,7.4,120,0.6333,0,2026-01-18 00:00:00,0
BID-005533,AUC-1005,VND-0507,8903.22,0.8845,0.972,78.7,4.93,0.0017,6.4,250,0.7352,0,2026-01-18 00:00:00,1
BID-005534,AUC-1006,VND-0777,249488.45,0.9579,0.91,94.7,4.77,0.0054,1.6,30,0.7503,0,2026-01-06 00:00:00,0
BID-005535,AUC-1006,VND-0083,245052.84,0.9409,0.545,60.4,3.86,0.0273,11.9,41,0.5197,0,2026-01-06 00:00:00,0
BID-005536,AUC-1006,VND-0157,234737.78,0.9013,0.513,56.0,3.78,0.0292,13.2,174,0.5033,0,2026-01-06 00:00:00,0
BID-005537,AUC-1006,VND-0777,231668.52,0.8895,0.91,94.7,4.77,0.0054,1.6,30,0.7646,0,2026-01-06 00:00:00,1
BID-005538,AUC-1006,VND-0146,221373.33,0.85,0.515,50.0,3.79,0.0291,15.0,234,0.497,0,2026-01-06 00:00:00,0
BID-005539,AUC-1006,VND-0699,216788.59,0.8324,0.715,58.1,4.29,0.0171,12.6,110,0.597,0,2026-01-06 00:00:00,0
BID-005540,AUC-1007,VND-0745,32307.95,0.9803,0.694,61.5,4.24,0.0183,11.5,67,0.5445,0,2026-03-06 00:00:00,0
BID-005541,AUC-1007,VND-0065,31207.7,0.9469,0.503,50.0,3.76,0.0298,15.0,292,0.4429,0,2026-03-06 00:00:00,0
BID-005542,AUC-1007,VND-0326,30431.79,0.9234,0.543,54.8,3.86,0.0274,13.6,151,0.4862,0,2026-03-06 00:00:00,0
BID-005543,AUC-1007,VND-0326,29514.55,0.8955,0.543,54.8,3.86,0.0274,13.6,151,0.5001,0,2026-03-06 00:00:00,0
BID-005544,AUC-1007,VND-0326,28399.08,0.8617,0.543,54.8,3.86,0.0274,13.6,151,0.517,0,2026-03-06 00:00:00,0
BID-005545,AUC-1007,VND-0065,27342.54,0.8296,0.503,50.0,3.76,0.0298,15.0,292,0.5016,0,2026-03-06 00:00:00,0
BID-005546,AUC-1007,VND-0745,26901.62,0.8163,0.694,61.5,4.24,0.0183,11.5,67,0.6265,0,2026-03-06 00:00:00,1
BID-005547,AUC-1008,VND-0457,143254.6,0.9858,0.812,74.2,4.53,0.0113,7.7,81,0.4452,0,2026-05-27 00:00:00,0
BID-005548,AUC-1008,VND-0457,141422.43,0.9732,0.812,74.2,4.53,0.0113,7.7,81,0.4515,0,2026-05-27 00:00:00,0
BID-005549,AUC-1008,VND-0118,136045.19,0.9362,0.598,60.7,3.99,0.0241,11.8,186,0.3761,0,2026-05-27 00:00:00,0
BID-005550,AUC-1008,VND-0188,132928.82,0.9147,0.536,50.0,3.84,0.0279,15.0,41,0.3502,0,2026-05-27 00:00:00,0
BID-005551,AUC-1008,VND-0576,128253.18,0.8825,0.854,82.9,4.64,0.0087,5.1,178,0.5238,0,2026-05-27 00:00:00,1
BID-005552,AUC-1009,VND-0705,350175.89,0.9825,0.793,77.7,4.48,0.0124,6.7,162,0.4263,0,2026-02-07 00:00:00,1
BID-005553,AUC-1009,VND-0490,344972.07,0.9679,0.748,72.9,4.37,0.0151,8.1,116,0.4113,0,2026-02-07 00:00:00,0
BID-005554,AUC-1009,VND-0789,336069.52,0.9429,0.512,53.8,3.78,0.0293,13.9,182,0.3258,0,2026-02-07 00:00:00,0
BID-005555,AUC-1009,VND-0789,324666.89,0.9109,0.512,53.8,3.78,0.0293,13.9,182,0.3412,0,2026-02-07 00:00:00,0
BID-005556,AUC-1010,VND-0245,39930.01,0.9806,0.975,96.7,4.94,0.0015,1.0,288,0.4594,0,2026-05-24 00:00:00,0
BID-005557,AUC-1010,VND-0245,38908.42,0.9556,0.975,96.7,4.94,0.0015,1.0,288,0.473,0,2026-05-24 00:00:00,1
BID-005558,AUC-1010,VND-0284,37580.7,0.923,0.696,66.4,4.24,0.0182,10.1,84,0.3776,0,2026-05-24 00:00:00,0
BID-005559,AUC-1010,VND-0284,35859.87,0.8807,0.696,66.4,4.24,0.0182,10.1,84,0.4004,0,2026-05-24 00:00:00,0
BID-005560,AUC-1010,VND-0717,34643.77,0.8508,0.744,69.7,4.36,0.0153,9.1,164,0.4327,0,2026-05-24 00:00:00,0
BID-005561,AUC-1011,VND-0636,410956.92,0.9755,0.847,85.4,4.62,0.0092,4.4,197,0.7016,0,2026-06-18 00:00:00,0
BID-005562,AUC-1011,VND-0617,404618.13,0.9605,0.607,50.0,4.02,0.0236,15.0,218,0.5432,0,2026-06-18 00:00:00,0
BID-005563,AUC-1011,VND-0636,385768.33,0.9157,0.847,85.4,4.62,0.0092,4.4,197,0.7148,0,2026-06-18 00:00:00,0
BID-005564,AUC-1011,VND-0674,373232.35,0.886,0.673,60.2,4.18,0.0196,11.9,128,0.6047,0,2026-06-18 00:00:00,0
BID-005565,AUC-1011,VND-0271,359010.43,0.8522,0.977,93.9,4.94,0.0014,1.8,146,0.7903,0,2026-06-18 00:00:00,1
BID-005566,AUC-1011,VND-0617,348477.71,0.8272,0.607,50.0,4.02,0.0236,15.0,218,0.5725,0,2026-06-18 00:00:00,0
BID-005567,AUC-1012,VND-0614,11562.88,0.974,0.699,54.6,4.25,0.0181,13.6,235,0.5926,0,2026-06-04 00:00:00,0
BID-005568,AUC-1012,VND-0259,11416.47,0.9616,0.688,71.3,4.22,0.0187,8.6,248,0.633,0,2026-06-04 00:00:00,0
BID-005569,AUC-1012,VND-0538,11203.76,0.9437,0.994,91.7,4.98,0.001,2.5,259,0.7881,0,2026-06-04 00:00:00,1
BID-005570,AUC-1013,VND-0170,126193.78,0.9637,0.737,57.5,4.34,0.0158,12.8,29,0.3866,0,2026-05-31 00:00:00,0
BID-005571,AUC-1013,VND-0048,120012.2,0.9165,0.885,83.3,4.71,0.0069,5.0,51,0.5196,0,2026-05-31 00:00:00,1
BID-005572,AUC-1013,VND-0441,117344.91,0.8961,0.616,60.3,4.04,0.0231,11.9,75,0.3964,0,2026-05-31 00:00:00,0
BID-005573,AUC-1014,VND-0714,357214.65,0.9576,0.502,55.4,3.76,0.0299,13.4,99,0.3137,0,2026-05-18 00:00:00,0
BID-005574,AUC-1014,VND-0126,347758.54,0.9322,0.647,55.0,4.12,0.0212,13.5,77,0.367,0,2026-05-18 00:00:00,0
BID-005575,AUC-1014,VND-0714,341709.94,0.916,0.502,55.4,3.76,0.0299,13.4,99,0.3354,0,2026-05-18 00:00:00,0
BID-005576,AUC-1014,VND-0714,332362.4,0.8909,0.502,55.4,3.76,0.0299,13.4,99,0.3484,0,2026-05-18 00:00:00,0
BID-005577,AUC-1014,VND-0788,317049.97,0.8499,0.608,50.0,4.02,0.0235,15.0,253,0.3933,0,2026-05-18 00:00:00,0
BID-005578,AUC-1014,VND-0482,302572.71,0.8111,0.623,51.1,4.06,0.0226,14.7,159,0.419,0,2026-05-18 00:00:00,0
BID-005579,AUC-1014,VND-0482,291694.45,0.7819,0.623,51.1,4.06,0.0226,14.7,159,0.4341,0,2026-05-18 00:00:00,1
BID-005580,AUC-1015,VND-0254,158905.33,0.9632,0.955,93.5,4.89,0.0027,2.0,138,0.7426,0,2026-06-29 00:00:00,1
BID-005581,AUC-1015,VND-0756,157120.4,0.9524,0.906,82.6,4.77,0.0056,5.2,169,0.712,0,2026-06-29 00:00:00,0
BID-005582,AUC-1015,VND-0756,153792.52,0.9322,0.906,82.6,4.77,0.0056,5.2,169,0.7168,0,2026-06-29 00:00:00,0
BID-005583,AUC-1015,VND-0127,152209.55,0.9226,0.926,77.9,4.81,0.0045,6.6,286,0.7209,0,2026-06-29 00:00:00,0
BID-005584,AUC-1015,VND-0480,148814.36,0.9021,0.583,58.3,3.96,0.025,12.5,61,0.5606,0,2026-06-29 00:00:00,0
BID-005585,AUC-1016,VND-0676,59171.89,0.9874,0.934,85.8,4.83,0.004,4.3,166,0.6593,0,2026-04-22 00:00:00,1
BID-005586,AUC-1016,VND-0106,57594.3,0.9611,0.774,71.6,4.44,0.0135,8.5,37,0.5662,0,2026-04-22 00:00:00,0
BID-005587,AUC-1016,VND-0106,56999.77,0.9511,0.774,71.6,4.44,0.0135,8.5,37,0.569,0,2026-04-22 00:00:00,0
BID-005588,AUC-1016,VND-0524,55116.6,0.9197,0.616,50.0,4.04,0.023,15.0,45,0.4577,0,2026-04-22 00:00:00,0
BID-005589,AUC-1016,VND-0366,53884.35,0.8992,0.582,63.5,3.96,0.0251,11.0,190,0.4868,0,2026-04-22 00:00:00,0
BID-005590,AUC-1016,VND-0106,52930.8,0.8833,0.774,71.6,4.44,0.0135,8.5,37,0.588,0,2026-04-22 00:00:00,0
BID-005591,AUC-1017,VND-0038,182410.69,0.978,0.853,86.6,4.63,0.0088,4.0,172,0.4995,0,2026-06-13 00:00:00,0
BID-005592,AUC-1017,VND-0381,173362.25,0.9295,0.576,50.4,3.94,0.0254,14.9,130,0.3674,0,2026-06-13 00:00:00,0
BID-005593,AUC-1017,VND-0526,168101.95,0.9013,0.937,88.5,4.84,0.0038,3.4,34,0.5707,0,2026-06-13 00:00:00,1
BID-005594,AUC-1017,VND-0038,163828.51,0.8784,0.853,86.6,4.63,0.0088,4.0,172,0.5533,0,2026-06-13 00:00:00,0
BID-005595,AUC-1017,VND-0577,157816.67,0.8461,0.849,82.9,4.62,0.0091,5.1,179,0.562,0,2026-06-13 00:00:00,0
BID-005596,AUC-1018,VND-0243,137553.9,0.9653,0.792,85.9,4.48,0.0125,4.2,53,0.4575,0,2026-03-30 00:00:00,0
BID-005597,AUC-1018,VND-0632,132055.32,0.9268,0.655,61.9,4.14,0.0207,11.4,55,0.399,0,2026-03-30 00:00:00,0
BID-005598,AUC-1018,VND-0632,130548.66,0.9162,0.655,61.9,4.14,0.0207,11.4,55,0.4041,0,2026-03-30 00:00:00,0
BID-005599,AUC-1018,VND-0632,127980.19,0.8982,0.655,61.9,4.14,0.0207,11.4,55,0.4128,0,2026-03-30 00:00:00,0
BID-005600,AUC-1018,VND-0327,123059.99,0.8636,0.793,79.7,4.48,0.0124,6.1,173,0.496,0,2026-03-30 00:00:00,0
BID-005601,AUC-1018,VND-0327,118959.21,0.8348,0.793,79.7,4.48,0.0124,6.1,173,0.5098,0,2026-03-30 00:00:00,1
BID-005602,AUC-1019,VND-0449,412208.03,0.9747,0.647,64.3,4.12,0.0212,10.7,117,0.5388,0,2026-01-06 00:00:00,0
BID-005603,AUC-1019,VND-0449,403963.08,0.9552,0.647,64.3,4.12,0.0212,10.7,117,0.5474,0,2026-01-06 00:00:00,1
BID-005604,AUC-1019,VND-0167,398866.27,0.9431,0.507,50.0,3.77,0.0296,15.0,152,0.4482,0,2026-01-06 00:00:00,0
BID-005605,AUC-1019,VND-0167,386233.93,0.9132,0.507,50.0,3.77,0.0296,15.0,152,0.4614,0,2026-01-06 00:00:00,0
BID-005606,AUC-1020,VND-0018,161075.49,0.9849,0.983,93.5,4.96,0.001,2.0,209,0.7101,0,2026-01-03 00:00:00,0
BID-005607,AUC-1020,VND-0572,157570.13,0.9635,0.839,73.5,4.6,0.0097,8.0,32,0.6298,0,2026-01-03 00:00:00,0
BID-005608,AUC-1020,VND-0725,153318.0,0.9375,0.972,95.3,4.93,0.0017,1.4,62,0.7199,0,2026-01-03 00:00:00,1
BID-005609,AUC-1020,VND-0572,148642.49,0.9089,0.839,73.5,4.6,0.0097,8.0,32,0.6451,0,2026-01-03 00:00:00,0
BID-005610,AUC-1021,VND-0751,384064.15,0.9684,0.76,70.6,4.4,0.0144,8.8,126,0.5424,0,2026-04-12 00:00:00,0
BID-005611,AUC-1021,VND-0422,365594.17,0.9219,0.589,59.6,3.97,0.0247,12.1,197,0.4715,0,2026-04-12 00:00:00,0
BID-005612,AUC-1021,VND-0197,358886.43,0.905,0.686,65.9,4.22,0.0188,10.2,297,0.5255,0,2026-04-12 00:00:00,0
BID-005613,AUC-1021,VND-0197,353825.74,0.8922,0.686,65.9,4.22,0.0188,10.2,297,0.5295,0,2026-04-12 00:00:00,0
BID-005614,AUC-1021,VND-0751,344891.65,0.8697,0.76,70.6,4.4,0.0144,8.8,126,0.573,0,2026-04-12 00:00:00,1
BID-005615,AUC-1022,VND-0030,437464.07,0.9786,0.523,50.0,3.81,0.0286,15.0,73,0.4146,0,2026-05-19 00:00:00,0
BID-005616,AUC-1022,VND-0030,426374.9,0.9538,0.523,50.0,3.81,0.0286,15.0,73,0.4208,0,2026-05-19 00:00:00,0
BID-005617,AUC-1022,VND-0030,412654.41,0.9231,0.523,50.0,3.81,0.0286,15.0,73,0.4285,0,2026-05-19 00:00:00,0
BID-005618,AUC-1022,VND-0691,408184.15,0.9131,0.582,50.5,3.95,0.0251,14.8,213,0.4559,0,2026-05-19 00:00:00,0
BID-005619,AUC-1022,VND-0386,400768.22,0.8965,0.555,56.6,3.89,0.0267,13.0,136,0.4677,0,2026-05-19 00:00:00,1
BID-005620,AUC-1023,VND-0366,214924.99,0.9656,0.582,63.5,3.96,0.0251,11.0,190,0.3428,0,2026-04-08 00:00:00,0
BID-005621,AUC-1023,VND-0182,205523.93,0.9234,0.729,67.4,4.32,0.0163,9.8,283,0.4195,0,2026-04-08 00:00:00,0
BID-005622,AUC-1023,VND-0580,201423.82,0.905,0.936,75.4,4.84,0.0038,7.4,233,0.5112,0,2026-04-08 00:00:00,0
BID-005623,AUC-1023,VND-0182,192910.29,0.8667,0.729,67.4,4.32,0.0163,9.8,283,0.4467,0,2026-04-08 00:00:00,0
BID-005624,AUC-1023,VND-0182,188794.52,0.8482,0.729,67.4,4.32,0.0163,9.8,283,0.4556,0,2026-04-08 00:00:00,0
BID-005625,AUC-1023,VND-0785,184469.49,0.8288,0.812,71.6,4.53,0.0113,8.5,178,0.4994,0,2026-04-08 00:00:00,0
BID-005626,AUC-1023,VND-0580,176430.26,0.7927,0.936,75.4,4.84,0.0038,7.4,233,0.5651,0,2026-04-08 00:00:00,1
BID-005627,AUC-1024,VND-0351,447640.75,0.9819,0.766,55.9,4.42,0.014,13.2,276,0.3818,0,2026-06-29 00:00:00,0
BID-005628,AUC-1024,VND-0316,429519.85,0.9422,0.857,89.1,4.64,0.0086,3.3,257,0.4994,0,2026-06-29 00:00:00,0
BID-005629,AUC-1024,VND-0631,415110.27,0.9106,0.634,63.0,4.09,0.0219,11.1,291,0.4009,0,2026-06-29 00:00:00,0
BID-005630,AUC-1024,VND-0058,408694.75,0.8965,0.817,86.2,4.54,0.011,4.1,62,0.5069,0,2026-06-29 00:00:00,0
BID-005631,AUC-1024,VND-0351,389084.93,0.8535,0.766,55.9,4.42,0.014,13.2,276,0.4499,0,2026-06-29 00:00:00,0
BID-005632,AUC-1024,VND-0275,370649.13,0.8131,0.76,77.0,4.4,0.0144,6.9,218,0.5161,0,2026-06-29 00:00:00,0
BID-005633,AUC-1024,VND-0058,355977.77,0.7809,0.817,86.2,4.54,0.011,4.1,62,0.5681,0,2026-06-29 00:00:00,1
BID-005634,AUC-1025,VND-0527,189374.59,0.9717,0.97,94.5,4.92,0.0018,1.6,105,0.7144,0,2026-04-25 00:00:00,0
BID-005635,AUC-1025,VND-0462,182172.33,0.9348,0.947,91.0,4.87,0.0032,2.7,170,0.7087,0,2026-04-25 00:00:00,0
BID-005636,AUC-1025,VND-0587,175247.74,0.8992,0.816,64.1,4.54,0.011,10.8,245,0.6119,0,2026-04-25 00:00:00,0
BID-005637,AUC-1025,VND-0621,167381.34,0.8589,0.934,90.2,4.84,0.0039,2.9,258,0.7227,0,2026-04-25 00:00:00,0
BID-005638,AUC-1025,VND-0462,161795.88,0.8302,0.947,91.0,4.87,0.0032,2.7,170,0.7369,0,2026-04-25 00:00:00,1
BID-005639,AUC-1025,VND-0407,154700.94,0.7938,0.562,60.1,3.91,0.0263,12.0,88,0.5357,0,2026-04-25 00:00:00,0
BID-005640,AUC-1025,VND-0587,147534.05,0.757,0.816,64.1,4.54,0.011,10.8,245,0.6503,0,2026-04-25 00:00:00,0
BID-005641,AUC-1026,VND-0215,462212.6,0.9582,0.675,57.7,4.19,0.0195,12.7,296,0.4874,0,2026-06-25 00:00:00,0
BID-005642,AUC-1026,VND-0741,455693.02,0.9446,0.909,73.8,4.77,0.0055,7.9,15,0.612,0,2026-06-25 00:00:00,0
BID-005643,AUC-1026,VND-0741,442378.86,0.917,0.909,73.8,4.77,0.0055,7.9,15,0.6214,0,2026-06-25 00:00:00,0
BID-005644,AUC-1026,VND-0215,430543.79,0.8925,0.675,57.7,4.19,0.0195,12.7,296,0.5097,0,2026-06-25 00:00:00,0
BID-005645,AUC-1026,VND-0215,426237.46,0.8836,0.675,57.7,4.19,0.0195,12.7,296,0.5128,0,2026-06-25 00:00:00,0
BID-005646,AUC-1026,VND-0215,420669.55,0.872,0.675,57.7,4.19,0.0195,12.7,296,0.5167,0,2026-06-25 00:00:00,0
BID-005647,AUC-1026,VND-0741,400583.71,0.8304,0.909,73.8,4.77,0.0055,7.9,15,0.6509,0,2026-06-25 00:00:00,1
BID-005648,AUC-1027,VND-0433,52774.85,0.9818,0.7,64.5,4.25,0.018,10.6,277,0.452,0,2026-02-27 00:00:00,0
BID-005649,AUC-1027,VND-0567,50200.17,0.9339,0.541,50.0,3.85,0.0276,15.0,167,0.4053,0,2026-02-27 00:00:00,0
BID-005650,AUC-1027,VND-0249,48471.88,0.9018,0.792,64.8,4.48,0.0125,10.6,66,0.5145,0,2026-02-27 00:00:00,0
BID-005651,AUC-1027,VND-0504,46871.37,0.872,0.846,84.2,4.62,0.0092,4.7,256,0.5674,0,2026-02-27 00:00:00,0
BID-005652,AUC-1027,VND-0249,46367.7,0.8626,0.792,64.8,4.48,0.0125,10.6,66,0.531,0,2026-02-27 00:00:00,0
BID-005653,AUC-1027,VND-0277,45302.72,0.8428,0.776,69.6,4.44,0.0134,9.1,78,0.5401,0,2026-02-27 00:00:00,0
BID-005654,AUC-1027,VND-0107,43679.59,0.8126,0.826,68.4,4.56,0.0104,9.5,290,0.5665,0,2026-02-27 00:00:00,0
BID-005655,AUC-1027,VND-0504,42529.02,0.7912,0.846,84.2,4.62,0.0092,4.7,256,0.6013,0,2026-02-27 00:00:00,1
BID-005656,AUC-1028,VND-0388,330676.82,0.954,0.899,69.9,4.75,0.0061,9.0,255,0.6226,0,2026-03-14 00:00:00,0
BID-005657,AUC-1028,VND-0088,321621.12,0.9278,0.823,65.4,4.56,0.0106,10.4,297,0.5909,0,2026-03-14 00:00:00,0
BID-005658,AUC-1028,VND-0023,307708.58,0.8877,0.629,60.1,4.07,0.0222,12.0,249,0.5109,0,2026-03-14 00:00:00,0
BID-005659,AUC-1028,VND-0088,297396.31,0.8579,0.823,65.4,4.56,0.0106,10.4,297,0.6231,0,2026-03-14 00:00:00,0
BID-005660,AUC-1028,VND-0264,284887.38,0.8219,0.707,60.1,4.27,0.0176,12.0,161,0.5764,0,2026-03-14 00:00:00,0
BID-005661,AUC-1028,VND-0647,278612.3,0.8038,0.784,79.5,4.46,0.013,6.1,139,0.66,0,2026-03-14 00:00:00,1
BID-005662,AUC-1028,VND-0456,266414.83,0.7686,0.795,63.1,4.49,0.0123,11.1,297,0.6468,0,2026-03-14 00:00:00,0
BID-005663,AUC-1028,VND-0264,263157.14,0.7592,0.707,60.1,4.27,0.0176,12.0,161,0.6052,0,2026-03-14 00:00:00,0
BID-005664,AUC-1029,VND-0485,244267.08,0.9694,0.783,72.9,4.46,0.013,8.1,221,0.3586,0,2026-06-14 00:00:00,0
BID-005665,AUC-1029,VND-0554,235676.84,0.9353,0.698,70.1,4.25,0.0181,9.0,61,0.3553,0,2026-06-14 00:00:00,0
BID-005666,AUC-1029,VND-0705,228443.43,0.9066,0.793,77.7,4.48,0.0124,6.7,162,0.4021,0,2026-06-14 00:00:00,0
BID-005667,AUC-1029,VND-0485,220923.34,0.8768,0.783,72.9,4.46,0.013,8.1,221,0.4124,0,2026-06-14 00:00:00,0
BID-005668,AUC-1029,VND-0735,211119.19,0.8379,0.935,88.3,4.84,0.0039,3.5,248,0.4868,0,2026-06-14 00:00:00,0
BID-005669,AUC-1029,VND-0199,203340.1,0.807,0.929,79.5,4.82,0.0042,6.1,159,0.4943,0,2026-06-14 00:00:00,1
BID-005670,AUC-1030,VND-0258,197774.59,0.9891,0.523,50.0,3.81,0.0286,15.0,168,0.4236,0,2026-02-14 00:00:00,0
BID-005671,AUC-1030,VND-0258,189071.29,0.9456,0.523,50.0,3.81,0.0286,15.0,168,0.4354,0,2026-02-14 00:00:00,0
BID-005672,AUC-1030,VND-0513,183858.41,0.9195,0.972,88.2,4.93,0.0017,3.5,209,0.7176,0,2026-02-14 00:00:00,1
BID-005673,AUC-1030,VND-0010,179244.5,0.8965,0.716,56.6,4.29,0.017,13.0,250,0.5492,0,2026-02-14 00:00:00,0
BID-005674,AUC-1030,VND-0288,176849.37,0.8845,0.931,91.2,4.83,0.0041,2.6,204,0.7137,0,2026-02-14 00:00:00,0
BID-005675,AUC-1030,VND-0010,170493.25,0.8527,0.716,56.6,4.29,0.017,13.0,250,0.561,0,2026-02-14 00:00:00,0
BID-005676,AUC-1030,VND-0258,163611.51,0.8183,0.523,50.0,3.81,0.0286,15.0,168,0.4697,0,2026-02-14 00:00:00,0
BID-005677,AUC-1030,VND-0010,156349.42,0.782,0.716,56.6,4.29,0.017,13.0,250,0.5801,0,2026-02-14 00:00:00,0
BID-005678,AUC-1031,VND-0781,310118.41,0.969,0.677,59.8,4.19,0.0194,12.1,74,0.4626,0,2026-01-18 00:00:00,0
BID-005679,AUC-1031,VND-0637,306412.22,0.9575,0.89,67.6,4.72,0.0066,9.7,209,0.5638,0,2026-01-18 00:00:00,0
BID-005680,AUC-1031,VND-0756,298601.26,0.933,0.906,82.6,4.77,0.0056,5.2,169,0.6194,0,2026-01-18 00:00:00,0
BID-005681,AUC-1031,VND-0637,293863.29,0.9182,0.89,67.6,4.72,0.0066,9.7,209,0.5763,0,2026-01-18 00:00:00,0
BID-005682,AUC-1031,VND-0756,282139.81,0.8816,0.906,82.6,4.77,0.0056,5.2,169,0.6359,0,2026-01-18 00:00:00,0
BID-005683,AUC-1031,VND-0756,276454.93,0.8638,0.906,82.6,4.77,0.0056,5.2,169,0.6416,0,2026-01-18 00:00:00,1
BID-005684,AUC-1032,VND-0500,348038.76,0.9807,0.975,85.7,4.94,0.0015,4.3,283,0.6968,0,2026-03-09 00:00:00,0
BID-005685,AUC-1032,VND-0348,343556.87,0.9681,0.557,50.0,3.89,0.0266,15.0,238,0.4628,0,2026-03-09 00:00:00,0
BID-005686,AUC-1032,VND-0521,337425.39,0.9508,0.77,78.3,4.42,0.0138,6.5,85,0.6005,0,2026-03-09 00:00:00,0
BID-005687,AUC-1032,VND-0364,328115.9,0.9246,0.57,59.6,3.92,0.0258,12.1,179,0.4924,0,2026-03-09 00:00:00,0
BID-005688,AUC-1032,VND-0450,323669.57,0.912,0.507,50.0,3.77,0.0296,15.0,28,0.4555,0,2026-03-09 00:00:00,0
BID-005689,AUC-1032,VND-0292,314626.33,0.8865,0.746,63.9,4.37,0.0152,10.8,123,0.5906,0,2026-03-09 00:00:00,0
BID-005690,AUC-1032,VND-0500,300931.29,0.848,0.975,85.7,4.94,0.0015,4.3,283,0.7339,0,2026-03-09 00:00:00,1
BID-005691,AUC-1032,VND-0691,294293.31,0.8293,0.582,50.5,3.95,0.0251,14.8,213,0.5138,0,2026-03-09 00:00:00,0
BID-005692,AUC-1033,VND-0129,11897.67,0.9802,0.968,96.2,4.92,0.0019,1.1,233,0.7221,0,2026-02-20 00:00:00,0
BID-005693,AUC-1033,VND-0129,11567.15,0.953,0.968,96.2,4.92,0.0019,1.1,233,0.73,0,2026-02-20 00:00:00,1
BID-005694,AUC-1033,VND-0382,11129.16,0.9169,0.624,57.9,4.06,0.0225,12.6,66,0.493,0,2026-02-20 00:00:00,0
BID-005695,AUC-1033,VND-0600,10744.43,0.8852,0.875,72.0,4.69,0.0075,8.4,23,0.6468,0,2026-02-20 00:00:00,0
BID-005696,AUC-1034,VND-0365,88636.82,0.9655,0.601,50.0,4.0,0.024,15.0,46,0.4946,0,2026-06-25 00:00:00,0
BID-005697,AUC-1034,VND-0660,85445.67,0.9307,0.541,50.0,3.85,0.0276,15.0,294,0.4767,0,2026-06-25 00:00:00,0
BID-005698,AUC-1034,VND-0660,81722.59,0.8902,0.541,50.0,3.85,0.0276,15.0,294,0.4852,0,2026-06-25 00:00:00,0
BID-005699,AUC-1034,VND-0365,80453.16,0.8763,0.601,50.0,4.0,0.024,15.0,46,0.5133,0,2026-06-25 00:00:00,0
BID-005700,AUC-1034,VND-0365,76918.23,0.8378,0.601,50.0,4.0,0.024,15.0,46,0.5214,0,2026-06-25 00:00:00,0
BID-005701,AUC-1034,VND-0628,73841.8,0.8043,0.843,69.7,4.61,0.0094,9.1,121,0.6834,0,2026-06-25 00:00:00,1
BID-005702,AUC-1035,VND-0024,350202.27,0.9744,0.656,58.3,4.14,0.0206,12.5,290,0.3613,0,2026-03-25 00:00:00,0
BID-005703,AUC-1035,VND-0024,338889.72,0.943,0.656,58.3,4.14,0.0206,12.5,290,0.3767,0,2026-03-25 00:00:00,0
BID-005704,AUC-1035,VND-0756,335161.63,0.9326,0.906,82.6,4.77,0.0056,5.2,169,0.4853,0,2026-03-25 00:00:00,0
BID-005705,AUC-1035,VND-0713,331508.0,0.9224,0.993,99.4,4.98,0.001,0.2,194,0.5452,0,2026-03-25 00:00:00,1
BID-005706,AUC-1036,VND-0474,329151.5,0.9781,0.568,59.8,3.92,0.0259,12.1,69,0.3704,0,2026-05-08 00:00:00,0
BID-005707,AUC-1036,VND-0397,321685.16,0.9559,0.753,66.6,4.38,0.0148,10.0,272,0.4439,0,2026-05-08 00:00:00,0
BID-005708,AUC-1036,VND-0050,308605.04,0.917,0.513,50.0,3.78,0.0292,15.0,257,0.3694,0,2026-05-08 00:00:00,0
BID-005709,AUC-1036,VND-0620,295928.09,0.8794,0.984,80.7,4.96,0.001,5.8,31,0.5657,0,2026-05-08 00:00:00,1
BID-005710,AUC-1036,VND-0397,285606.24,0.8487,0.753,66.6,4.38,0.0148,10.0,272,0.4932,0,2026-05-08 00:00:00,0
BID-005711,AUC-1037,VND-0632,464251.58,0.9605,0.655,61.9,4.14,0.0207,11.4,55,0.3926,0,2026-01-14 00:00:00,0
BID-005712,AUC-1037,VND-0704,452689.85,0.9365,0.922,91.7,4.81,0.0047,2.5,127,0.541,0,2026-01-14 00:00:00,1
BID-005713,AUC-1037,VND-0632,435017.33,0.9,0.655,61.9,4.14,0.0207,11.4,55,0.4216,0,2026-01-14 00:00:00,0
BID-005714,AUC-1038,VND-0737,371033.24,0.969,0.939,78.3,4.85,0.0036,6.5,155,0.5512,0,2026-01-03 00:00:00,0
BID-005715,AUC-1038,VND-0314,357606.38,0.9339,0.731,71.6,4.33,0.0161,8.5,227,0.4829,0,2026-01-03 00:00:00,0
BID-005716,AUC-1038,VND-0717,348802.73,0.9109,0.744,69.7,4.36,0.0153,9.1,164,0.4919,0,2026-01-03 00:00:00,0
BID-005717,AUC-1038,VND-0314,332006.74,0.8671,0.731,71.6,4.33,0.0161,8.5,227,0.5103,0,2026-01-03 00:00:00,0
BID-005718,AUC-1038,VND-0737,317200.32,0.8284,0.939,78.3,4.85,0.0036,6.5,155,0.6088,0,2026-01-03 00:00:00,1
BID-005719,AUC-1039,VND-0396,454717.24,0.9555,0.577,58.3,3.94,0.0254,12.5,193,0.4833,0,2026-02-28 00:00:00,0
BID-005720,AUC-1039,VND-0396,445436.86,0.936,0.577,58.3,3.94,0.0254,12.5,193,0.4895,0,2026-02-28 00:00:00,0
BID-005721,AUC-1039,VND-0396,425740.22,0.8946,0.577,58.3,3.94,0.0254,12.5,193,0.5028,0,2026-02-28 00:00:00,0
BID-005722,AUC-1039,VND-0699,408934.34,0.8593,0.715,58.1,4.29,0.0171,12.6,110,0.5666,0,2026-02-28 00:00:00,0
BID-005723,AUC-1039,VND-0396,403864.7,0.8487,0.577,58.3,3.94,0.0254,12.5,193,0.5175,0,2026-02-28 00:00:00,0
BID-005724,AUC-1039,VND-0425,386661.15,0.8125,0.751,68.9,4.38,0.0149,9.3,110,0.6082,0,2026-02-28 00:00:00,1
BID-005725,AUC-1039,VND-0699,367488.94,0.7722,0.715,58.1,4.29,0.0171,12.6,110,0.5945,0,2026-02-28 00:00:00,0
BID-005726,AUC-1039,VND-0022,351694.68,0.739,0.517,59.0,3.79,0.029,12.3,176,0.5306,0,2026-02-28 00:00:00,0
BID-005727,AUC-1040,VND-0680,338891.2,0.9567,0.638,58.8,4.1,0.0217,12.4,168,0.426,0,2026-02-21 00:00:00,0
BID-005728,AUC-1040,VND-0094,334326.15,0.9438,0.909,86.3,4.77,0.0055,4.1,226,0.5862,0,2026-02-21 00:00:00,0
BID-005729,AUC-1040,VND-0094,321851.14,0.9086,0.909,86.3,4.77,0.0055,4.1,226,0.601,0,2026-02-21 00:00:00,0
BID-005730,AUC-1040,VND-0586,312164.93,0.8812,0.808,83.5,4.52,0.0115,5.0,145,0.5637,0,2026-02-21 00:00:00,0
BID-005731,AUC-1040,VND-0680,299209.4,0.8446,0.638,58.8,4.1,0.0217,12.4,168,0.473,0,2026-02-21 00:00:00,0
BID-005732,AUC-1040,VND-0586,291408.49,0.8226,0.808,83.5,4.52,0.0115,5.0,145,0.5883,0,2026-02-21 00:00:00,0
BID-005733,AUC-1040,VND-0094,284858.11,0.8041,0.909,86.3,4.77,0.0055,4.1,226,0.6448,0,2026-02-21 00:00:00,1
BID-005734,AUC-1041,VND-0399,151936.2,0.9737,0.966,92.8,4.92,0.002,2.2,186,0.5812,0,2026-01-09 00:00:00,0
BID-005735,AUC-1041,VND-0775,146351.45,0.9379,0.522,51.3,3.8,0.0287,14.6,147,0.399,0,2026-01-09 00:00:00,0
BID-005736,AUC-1041,VND-0315,140669.81,0.9015,0.518,50.0,3.8,0.0289,15.0,145,0.4116,0,2026-01-09 00:00:00,0
BID-005737,AUC-1041,VND-0399,135979.6,0.8714,0.966,92.8,4.92,0.002,2.2,186,0.6231,0,2026-01-09 00:00:00,0
BID-005738,AUC-1041,VND-0775,130968.94,0.8393,0.522,51.3,3.8,0.0287,14.6,147,0.4394,0,2026-01-09 00:00:00,0
BID-005739,AUC-1041,VND-0775,126790.72,0.8125,0.522,51.3,3.8,0.0287,14.6,147,0.4504,0,2026-01-09 00:00:00,0
BID-005740,AUC-1041,VND-0349,121931.23,0.7814,0.644,56.7,4.11,0.0213,13.0,173,0.5102,0,2026-01-09 00:00:00,0
BID-005741,AUC-1041,VND-0384,117100.93,0.7504,0.881,92.9,4.7,0.0071,2.1,82,0.6444,0,2026-01-09 00:00:00,1
BID-005742,AUC-1042,VND-0319,60331.58,0.979,0.766,68.6,4.42,0.014,9.4,183,0.4173,0,2026-03-07 00:00:00,0
BID-005743,AUC-1042,VND-0369,58035.64,0.9417,0.696,66.8,4.24,0.0182,10.0,205,0.4056,0,2026-03-07 00:00:00,0
BID-005744,AUC-1042,VND-0271,57446.91,0.9321,0.977,93.9,4.94,0.0014,1.8,146,0.5468,0,2026-03-07 00:00:00,0
BID-005745,AUC-1042,VND-0369,55552.88,0.9014,0.696,66.8,4.24,0.0182,10.0,205,0.4246,0,2026-03-07 00:00:00,0
BID-005746,AUC-1042,VND-0369,53894.34,0.8745,0.696,66.8,4.24,0.0182,10.0,205,0.4372,0,2026-03-07 00:00:00,0
BID-005747,AUC-1042,VND-0620,51511.42,0.8358,0.984,80.7,4.96,0.001,5.8,31,0.5816,0,2026-03-07 00:00:00,1
BID-005748,AUC-1042,VND-0617,50423.01,0.8182,0.607,50.0,4.02,0.0236,15.0,218,0.4122,0,2026-03-07 00:00:00,0
BID-005749,AUC-1043,VND-0561,385178.72,0.9799,0.944,92.6,4.86,0.0033,2.2,224,0.7097,0,2026-01-15 00:00:00,0
BID-005750,AUC-1043,VND-0526,380291.07,0.9674,0.937,88.5,4.84,0.0038,3.4,34,0.7029,0,2026-01-15 00:00:00,0
BID-005751,AUC-1043,VND-0561,368396.57,0.9372,0.944,92.6,4.86,0.0033,2.2,224,0.7208,0,2026-01-15 00:00:00,1
BID-005752,AUC-1043,VND-0408,364237.64,0.9266,0.935,85.7,4.84,0.0039,4.3,138,0.7083,0,2026-01-15 00:00:00,0
BID-005753,AUC-1044,VND-0727,316466.12,0.9718,0.934,84.1,4.84,0.0039,4.8,16,0.5522,0,2026-06-04 00:00:00,1
BID-005754,AUC-1044,VND-0411,306967.8,0.9427,0.901,73.1,4.75,0.0059,8.1,298,0.534,0,2026-06-04 00:00:00,0
BID-005755,AUC-1044,VND-0347,300691.53,0.9234,0.754,62.7,4.38,0.0148,11.2,200,0.4742,0,2026-06-04 00:00:00,0
BID-005756,AUC-1045,VND-0002,32922.18,0.9795,0.866,77.9,4.66,0.008,6.6,67,0.4521,0,2026-05-30 00:00:00,1
BID-005757,AUC-1045,VND-0754,32570.98,0.9691,0.79,70.0,4.48,0.0126,9.0,58,0.4193,0,2026-05-30 00:00:00,0
BID-005758,AUC-1045,VND-0160,31106.9,0.9255,0.578,50.0,3.95,0.0253,15.0,76,0.3368,0,2026-05-30 00:00:00,0
BID-005759,AUC-1045,VND-0297,29655.67,0.8823,0.591,50.0,3.98,0.0245,15.0,89,0.3622,0,2026-05-30 00:00:00,0
BID-005760,AUC-1045,VND-0297,28430.19,0.8459,0.591,50.0,3.98,0.0245,15.0,89,0.3797,0,2026-05-30 00:00:00,0
BID-005761,AUC-1046,VND-0550,178932.08,0.9598,0.89,78.4,4.72,0.0066,6.5,54,0.6945,0,2026-03-23 00:00:00,0
BID-005762,AUC-1046,VND-0370,174182.37,0.9343,0.72,62.3,4.3,0.0168,11.3,188,0.6199,0,2026-03-23 00:00:00,0
BID-005763,AUC-1046,VND-0689,166417.12,0.8927,0.723,63.2,4.31,0.0166,11.0,181,0.6327,0,2026-03-23 00:00:00,0
BID-005764,AUC-1046,VND-0370,162739.66,0.873,0.72,62.3,4.3,0.0168,11.3,188,0.6353,0,2026-03-23 00:00:00,0
BID-005765,AUC-1046,VND-0217,160525.28,0.8611,0.809,63.1,4.52,0.0115,11.1,278,0.6723,0,2026-03-23 00:00:00,0
BID-005766,AUC-1046,VND-0217,153021.22,0.8208,0.809,63.1,4.52,0.0115,11.1,278,0.6823,0,2026-03-23 00:00:00,0
BID-005767,AUC-1046,VND-0621,148397.02,0.796,0.934,90.2,4.84,0.0039,2.9,258,0.766,0,2026-03-23 00:00:00,1
BID-005768,AUC-1046,VND-0217,146861.63,0.7878,0.809,63.1,4.52,0.0115,11.1,278,0.6906,0,2026-03-23 00:00:00,0
BID-005769,AUC-1047,VND-0143,463805.94,0.9686,0.789,60.0,4.47,0.0127,12.0,222,0.6091,0,2026-04-25 00:00:00,0
BID-005770,AUC-1047,VND-0380,452688.29,0.9454,0.947,89.7,4.87,0.0032,3.1,124,0.7331,0,2026-04-25 00:00:00,0
BID-005771,AUC-1047,VND-0746,431218.83,0.9006,0.619,58.8,4.05,0.0229,12.4,85,0.5415,0,2026-04-25 00:00:00,0
BID-005772,AUC-1047,VND-0746,420616.36,0.8784,0.619,58.8,4.05,0.0229,12.4,85,0.5468,0,2026-04-25 00:00:00,0
BID-005773,AUC-1047,VND-0298,404737.82,0.8453,0.948,81.9,4.87,0.0031,5.4,104,0.7466,0,2026-04-25 00:00:00,1
BID-005774,AUC-1047,VND-0230,391780.1,0.8182,0.528,50.0,3.82,0.0283,15.0,156,0.5047,0,2026-04-25 00:00:00,0
BID-005775,AUC-1048,VND-0609,245439.05,0.9618,0.541,54.9,3.85,0.0275,13.5,49,0.4116,0,2026-01-18 00:00:00,0
BID-005776,AUC-1048,VND-0580,235192.92,0.9216,0.936,75.4,4.84,0.0038,7.4,233,0.6211,0,2026-01-18 00:00:00,0
BID-005777,AUC-1048,VND-0359,224217.18,0.8786,0.915,94.8,4.79,0.0051,1.6,173,0.6868,0,2026-01-18 00:00:00,0
BID-005778,AUC-1048,VND-0067,213192.82,0.8354,0.56,50.0,3.9,0.0264,15.0,44,0.4464,0,2026-01-18 00:00:00,0
BID-005779,AUC-1048,VND-0609,207982.34,0.815,0.541,54.9,3.85,0.0275,13.5,49,0.4615,0,2026-01-18 00:00:00,0
BID-005780,AUC-1048,VND-0067,198918.44,0.7795,0.56,50.0,3.9,0.0264,15.0,44,0.4654,0,2026-01-18 00:00:00,0
BID-005781,AUC-1048,VND-0359,193931.24,0.7599,0.915,94.8,4.79,0.0051,1.6,173,0.7272,0,2026-01-18 00:00:00,1
BID-005782,AUC-1049,VND-0550,217859.97,0.9812,0.89,78.4,4.72,0.0066,6.5,54,0.699,0,2026-04-09 00:00:00,0
BID-005783,AUC-1049,VND-0550,209039.21,0.9415,0.89,78.4,4.72,0.0066,6.5,54,0.7082,0,2026-04-09 00:00:00,0
BID-005784,AUC-1049,VND-0550,206182.06,0.9286,0.89,78.4,4.72,0.0066,6.5,54,0.7111,0,2026-04-09 00:00:00,1
BID-005785,AUC-1050,VND-0031,229501.93,0.9796,0.694,61.6,4.24,0.0183,11.5,189,0.5348,0,2026-06-04 00:00:00,0
BID-005786,AUC-1050,VND-0729,224344.96,0.9576,0.845,79.3,4.61,0.0093,6.2,47,0.6413,0,2026-06-04 00:00:00,0
BID-005787,AUC-1050,VND-0729,221179.04,0.9441,0.845,79.3,4.61,0.0093,6.2,47,0.6448,0,2026-06-04 00:00:00,1
BID-005788,AUC-1050,VND-0554,213886.91,0.913,0.698,70.1,4.25,0.0181,9.0,61,0.5733,0,2026-06-04 00:00:00,0
BID-005789,AUC-1050,VND-0031,203380.15,0.8681,0.694,61.6,4.24,0.0183,11.5,189,0.5638,0,2026-06-04 00:00:00,0
BID-005790,AUC-1050,VND-0752,194509.38,0.8303,0.513,50.0,3.78,0.0292,15.0,78,0.4742,0,2026-06-04 00:00:00,0
BID-005791,AUC-1051,VND-0380,110821.49,0.9864,0.947,89.7,4.87,0.0032,3.1,124,0.3862,0,2026-04-30 00:00:00,1
BID-005792,AUC-1051,VND-0093,108402.38,0.9648,0.629,57.6,4.07,0.0223,12.7,136,0.2789,0,2026-04-30 00:00:00,0
BID-005793,AUC-1051,VND-0118,106936.25,0.9518,0.598,60.7,3.99,0.0241,11.8,186,0.2898,0,2026-04-30 00:00:00,0
BID-005794,AUC-1051,VND-0073,105508.23,0.9391,0.642,50.0,4.11,0.0215,15.0,168,0.2777,0,2026-04-30 00:00:00,0
BID-005795,AUC-1052,VND-0714,188310.74,0.9876,0.502,55.4,3.76,0.0299,13.4,99,0.4318,0,2026-03-29 00:00:00,0
BID-005796,AUC-1052,VND-0061,184191.76,0.966,0.904,96.6,4.76,0.0058,1.0,150,0.7331,0,2026-03-29 00:00:00,1
BID-005797,AUC-1052,VND-0253,179101.06,0.9393,0.842,64.7,4.61,0.0095,10.6,104,0.6253,0,2026-03-29 00:00:00,0
BID-005798,AUC-1053,VND-0773,186538.71,0.9756,0.981,83.0,4.95,0.0011,5.1,104,0.7435,0,2026-06-01 00:00:00,1
BID-005799,AUC-1053,VND-0107,179721.51,0.9399,0.826,68.4,4.56,0.0104,9.5,290,0.6532,0,2026-06-01 00:00:00,0
BID-005800,AUC-1053,VND-0107,175625.54,0.9185,0.826,68.4,4.56,0.0104,9.5,290,0.6577,0,2026-06-01 00:00:00,0
BID-005801,AUC-1054,VND-0577,33888.44,0.9505,0.849,82.9,4.62,0.0091,5.1,179,0.6774,0,2026-06-02 00:00:00,0
BID-005802,AUC-1054,VND-0577,33387.33,0.9364,0.849,82.9,4.62,0.0091,5.1,179,0.681,0,2026-06-02 00:00:00,0
BID-005803,AUC-1054,VND-0183,32062.54,0.8993,0.971,87.1,4.93,0.0018,3.9,166,0.7424,0,2026-06-02 00:00:00,0
BID-005804,AUC-1054,VND-0683,30975.45,0.8688,0.867,65.6,4.67,0.008,10.3,233,0.6888,0,2026-06-02 00:00:00,0
BID-005805,AUC-1054,VND-0599,30490.55,0.8552,0.987,99.9,4.97,0.001,0.1,38,0.7728,0,2026-06-02 00:00:00,1
BID-005806,AUC-1055,VND-0746,367807.61,0.9526,0.619,58.8,4.05,0.0229,12.4,85,0.4937,0,2026-06-14 00:00:00,0
BID-005807,AUC-1055,VND-0746,363792.51,0.9422,0.619,58.8,4.05,0.0229,12.4,85,0.4965,0,2026-06-14 00:00:00,0
BID-005808,AUC-1055,VND-0746,346800.22,0.8982,0.619,58.8,4.05,0.0229,12.4,85,0.5083,0,2026-06-14 00:00:00,0
BID-005809,AUC-1055,VND-0066,329707.1,0.8539,0.709,54.7,4.27,0.0175,13.6,259,0.5474,0,2026-06-14 00:00:00,0
BID-005810,AUC-1055,VND-0066,317309.83,0.8218,0.709,54.7,4.27,0.0175,13.6,259,0.5561,0,2026-06-14 00:00:00,1
BID-005811,AUC-1056,VND-0036,210575.82,0.9836,0.886,72.5,4.72,0.0068,8.2,286,0.5475,0,2026-06-09 00:00:00,0
BID-005812,AUC-1056,VND-0778,207341.4,0.9685,0.614,50.0,4.04,0.0232,15.0,47,0.4169,0,2026-06-09 00:00:00,0
BID-005813,AUC-1056,VND-0011,201913.22,0.9431,0.806,60.5,4.51,0.0116,11.8,165,0.5093,0,2026-06-09 00:00:00,0
BID-005814,AUC-1056,VND-0036,196522.92,0.918,0.886,72.5,4.72,0.0068,8.2,286,0.5711,0,2026-06-09 00:00:00,0
BID-005815,AUC-1056,VND-0036,193363.26,0.9032,0.886,72.5,4.72,0.0068,8.2,286,0.5765,0,2026-06-09 00:00:00,0
BID-005816,AUC-1056,VND-0011,186535.06,0.8713,0.806,60.5,4.51,0.0116,11.8,165,0.5351,0,2026-06-09 00:00:00,0
BID-005817,AUC-1056,VND-0673,182014.65,0.8502,0.871,74.3,4.68,0.0077,7.7,276,0.5949,0,2026-06-09 00:00:00,0
BID-005818,AUC-1056,VND-0673,178953.17,0.8359,0.871,74.3,4.68,0.0077,7.7,276,0.6001,0,2026-06-09 00:00:00,1
BID-005819,AUC-1057,VND-0014,404264.13,0.9792,0.6,59.5,4.0,0.024,12.2,66,0.4958,0,2026-01-17 00:00:00,0
BID-005820,AUC-1057,VND-0115,387291.01,0.9381,0.946,87.8,4.87,0.0032,3.7,179,0.6731,0,2026-01-17 00:00:00,1
BID-005821,AUC-1057,VND-0014,382080.39,0.9254,0.6,59.5,4.0,0.024,12.2,66,0.5124,0,2026-01-17 00:00:00,0
BID-005822,AUC-1057,VND-0636,378089.6,0.9158,0.847,85.4,4.62,0.0092,4.4,197,0.6408,0,2026-01-17 00:00:00,0
BID-005823,AUC-1058,VND-0775,414002.22,0.9703,0.522,51.3,3.8,0.0287,14.6,147,0.3517,0,2026-03-22 00:00:00,0
BID-005824,AUC-1058,VND-0542,400733.15,0.9392,0.709,70.0,4.27,0.0175,9.0,75,0.4686,0,2026-03-22 00:00:00,0
BID-005825,AUC-1058,VND-0798,395937.87,0.928,0.862,79.0,4.66,0.0083,6.3,45,0.5444,0,2026-03-22 00:00:00,0
BID-005826,AUC-1058,VND-0652,389477.74,0.9128,0.526,51.0,3.81,0.0284,14.7,115,0.3748,0,2026-03-22 00:00:00,0
BID-005827,AUC-1058,VND-0167,384856.56,0.902,0.507,50.0,3.77,0.0296,15.0,152,0.3706,0,2026-03-22 00:00:00,0
BID-005828,AUC-1058,VND-0798,366955.05,0.86,0.862,79.0,4.66,0.0083,6.3,45,0.5708,0,2026-03-22 00:00:00,0
BID-005829,AUC-1058,VND-0531,355082.49,0.8322,0.937,95.2,4.84,0.0038,1.4,293,0.6436,0,2026-03-22 00:00:00,1
BID-005830,AUC-1058,VND-0798,341092.01,0.7994,0.862,79.0,4.66,0.0083,6.3,45,0.5945,0,2026-03-22 00:00:00,0
BID-005831,AUC-1059,VND-0487,112335.78,0.9865,0.866,66.8,4.67,0.008,10.0,273,0.488,0,2026-05-02 00:00:00,0
BID-005832,AUC-1059,VND-0487,110375.44,0.9693,0.866,66.8,4.67,0.008,10.0,273,0.4964,0,2026-05-02 00:00:00,0
BID-005833,AUC-1059,VND-0105,105689.33,0.9281,0.503,50.0,3.76,0.0298,15.0,276,0.3515,0,2026-05-02 00:00:00,0
BID-005834,AUC-1059,VND-0487,101770.83,0.8937,0.866,66.8,4.67,0.008,10.0,273,0.5335,0,2026-05-02 00:00:00,1
BID-005835,AUC-1059,VND-0077,97152.13,0.8531,0.572,51.9,3.93,0.0257,14.4,95,0.4177,0,2026-05-02 00:00:00,0
BID-005836,AUC-1059,VND-0105,96090.96,0.8438,0.503,50.0,3.76,0.0298,15.0,276,0.3928,0,2026-05-02 00:00:00,0
BID-005837,AUC-1059,VND-0160,91618.79,0.8045,0.578,50.0,3.95,0.0253,15.0,76,0.4413,0,2026-05-02 00:00:00,0
BID-005838,AUC-1060,VND-0300,328612.22,0.9895,0.596,50.0,3.99,0.0242,15.0,180,0.2996,0,2026-01-04 00:00:00,0
BID-005839,AUC-1060,VND-0523,314190.11,0.9461,0.943,87.6,4.86,0.0034,3.7,117,0.4808,0,2026-01-04 00:00:00,0
BID-005840,AUC-1060,VND-0212,307736.77,0.9266,0.546,55.7,3.86,0.0273,13.3,255,0.3311,0,2026-01-04 00:00:00,0
BID-005841,AUC-1060,VND-0048,296133.99,0.8917,0.885,83.3,4.71,0.0069,5.0,51,0.4869,0,2026-01-04 00:00:00,1
BID-005842,AUC-1061,VND-0222,234796.93,0.9726,0.687,60.3,4.22,0.0188,11.9,29,0.3961,0,2026-03-03 00:00:00,0
BID-005843,AUC-1061,VND-0011,230530.79,0.9549,0.806,60.5,4.51,0.0116,11.8,165,0.4482,0,2026-03-03 00:00:00,0
BID-005844,AUC-1061,VND-0033,219921.02,0.911,0.64,57.5,4.1,0.0216,12.8,271,0.4072,0,2026-03-03 00:00:00,0
BID-005845,AUC-1061,VND-0222,212206.15,0.879,0.687,60.3,4.22,0.0188,11.9,29,0.4447,0,2026-03-03 00:00:00,0
BID-005846,AUC-1061,VND-0222,206422.13,0.855,0.687,60.3,4.22,0.0188,11.9,29,0.4572,0,2026-03-03 00:00:00,0
BID-005847,AUC-1061,VND-0644,202536.79,0.8389,0.544,50.0,3.86,0.0274,15.0,196,0.3996,0,2026-03-03 00:00:00,0
BID-005848,AUC-1061,VND-0044,196210.81,0.8127,0.865,86.5,4.66,0.0081,4.0,206,0.5798,0,2026-03-03 00:00:00,0
BID-005849,AUC-1061,VND-0044,188535.0,0.7809,0.865,86.5,4.66,0.0081,4.0,206,0.5964,0,2026-03-03 00:00:00,1
BID-005850,AUC-1062,VND-0323,433227.85,0.9818,0.56,58.5,3.9,0.0264,12.4,70,0.3587,0,2026-03-31 00:00:00,0
BID-005851,AUC-1062,VND-0517,412277.27,0.9343,0.615,50.6,4.04,0.0231,14.8,154,0.3969,0,2026-03-31 00:00:00,0
BID-005852,AUC-1062,VND-0791,397482.21,0.9008,0.616,53.1,4.04,0.023,14.1,139,0.4168,0,2026-03-31 00:00:00,0
BID-005853,AUC-1062,VND-0382,380098.79,0.8614,0.624,57.9,4.06,0.0225,12.6,66,0.4451,0,2026-03-31 00:00:00,1
BID-005854,AUC-1063,VND-0054,111982.29,0.9678,0.705,68.2,4.26,0.0177,9.5,70,0.5184,0,2026-03-30 00:00:00,0
BID-005855,AUC-1063,VND-0744,106732.09,0.9224,0.698,67.2,4.25,0.0181,9.8,82,0.5288,0,2026-03-30 00:00:00,0
BID-005856,AUC-1063,VND-0652,102118.24,0.8825,0.526,51.0,3.81,0.0284,14.7,115,0.4446,0,2026-03-30 00:00:00,0
BID-005857,AUC-1063,VND-0059,98379.04,0.8502,0.902,70.4,4.75,0.0059,8.9,223,0.6402,0,2026-03-30 00:00:00,1
BID-005858,AUC-1063,VND-0652,93843.57,0.811,0.526,51.0,3.81,0.0284,14.7,115,0.4675,0,2026-03-30 00:00:00,0
BID-005859,AUC-1063,VND-0744,90076.07,0.7784,0.698,67.2,4.25,0.0181,9.8,82,0.5748,0,2026-03-30 00:00:00,0
BID-005860,AUC-1063,VND-0744,88403.1,0.764,0.698,67.2,4.25,0.0181,9.8,82,0.5794,0,2026-03-30 00:00:00,0
BID-005861,AUC-1063,VND-0744,86785.98,0.75,0.698,67.2,4.25,0.0181,9.8,82,0.5839,0,2026-03-30 00:00:00,0
BID-005862,AUC-1064,VND-0594,328719.05,0.9608,0.844,66.8,4.61,0.0094,10.0,119,0.5402,0,2026-05-30 00:00:00,0
BID-005863,AUC-1064,VND-0589,312930.83,0.9147,0.89,71.8,4.72,0.0066,8.5,35,0.5899,0,2026-05-30 00:00:00,0
BID-005864,AUC-1064,VND-0594,305945.71,0.8942,0.844,66.8,4.61,0.0094,10.0,119,0.5702,0,2026-05-30 00:00:00,0
BID-005865,AUC-1064,VND-0614,299709.13,0.876,0.699,54.6,4.25,0.0181,13.6,235,0.4955,0,2026-05-30 00:00:00,0
BID-005866,AUC-1064,VND-0614,285238.77,0.8337,0.699,54.6,4.25,0.0181,13.6,235,0.5145,0,2026-05-30 00:00:00,0
BID-005867,AUC-1064,VND-0589,278876.52,0.8151,0.89,71.8,4.72,0.0066,8.5,35,0.6347,0,2026-05-30 00:00:00,0
BID-005868,AUC-1064,VND-0589,269832.06,0.7887,0.89,71.8,4.72,0.0066,8.5,35,0.6466,0,2026-05-30 00:00:00,1
BID-005869,AUC-1065,VND-0434,295748.68,0.9609,0.578,50.0,3.94,0.0253,15.0,30,0.3654,0,2026-03-27 00:00:00,0
BID-005870,AUC-1065,VND-0057,285012.91,0.926,0.965,98.7,4.91,0.0021,0.4,65,0.6058,0,2026-03-27 00:00:00,1
BID-005871,AUC-1065,VND-0180,276537.49,0.8984,0.97,91.3,4.93,0.0018,2.6,176,0.6049,0,2026-03-27 00:00:00,0
BID-005872,AUC-1066,VND-0661,147985.61,0.9566,0.624,52.0,4.06,0.0226,14.4,251,0.5349,0,2026-02-27 00:00:00,0
BID-005873,AUC-1066,VND-0295,144256.39,0.9325,0.564,50.0,3.91,0.0262,15.0,125,0.5129,0,2026-02-27 00:00:00,0
BID-005874,AUC-1066,VND-0399,139392.06,0.9011,0.966,92.8,4.92,0.002,2.2,186,0.7434,0,2026-02-27 00:00:00,0
BID-005875,AUC-1066,VND-0399,135948.74,0.8788,0.966,92.8,4.92,0.002,2.2,186,0.7492,0,2026-02-27 00:00:00,0
BID-005876,AUC-1066,VND-0399,129843.89,0.8393,0.966,92.8,4.92,0.002,2.2,186,0.7595,0,2026-02-27 00:00:00,0
BID-005877,AUC-1066,VND-0399,125815.94,0.8133,0.966,92.8,4.92,0.002,2.2,186,0.7662,0,2026-02-27 00:00:00,0
BID-005878,AUC-1066,VND-0399,120949.86,0.7818,0.966,92.8,4.92,0.002,2.2,186,0.7744,0,2026-02-27 00:00:00,1
BID-005879,AUC-1067,VND-0142,75015.64,0.9751,0.688,54.9,4.22,0.0187,13.5,154,0.2759,0,2026-06-10 00:00:00,0
BID-005880,AUC-1067,VND-0706,72954.85,0.9483,0.603,50.0,4.01,0.0238,15.0,268,0.2667,0,2026-06-10 00:00:00,0
BID-005881,AUC-1067,VND-0529,70978.95,0.9226,0.884,81.5,4.71,0.007,5.6,163,0.3918,0,2026-06-10 00:00:00,0
BID-005882,AUC-1067,VND-0529,68334.25,0.8882,0.884,81.5,4.71,0.007,5.6,163,0.4124,0,2026-06-10 00:00:00,1
BID-005883,AUC-1068,VND-0531,322341.45,0.9789,0.937,95.2,4.84,0.0038,1.4,293,0.6256,0,2026-02-23 00:00:00,0
BID-005884,AUC-1068,VND-0007,312005.07,0.9475,0.916,76.8,4.79,0.005,7.0,189,0.5926,0,2026-02-23 00:00:00,0
BID-005885,AUC-1068,VND-0531,296734.72,0.9011,0.937,95.2,4.84,0.0038,1.4,293,0.6529,0,2026-02-23 00:00:00,0
BID-005886,AUC-1068,VND-0395,290435.32,0.882,0.731,72.7,4.33,0.0161,8.2,238,0.5427,0,2026-02-23 00:00:00,0
BID-005887,AUC-1068,VND-0307,277877.47,0.8438,0.814,59.6,4.53,0.0112,12.1,56,0.5586,0,2026-02-23 00:00:00,0
BID-005888,AUC-1068,VND-0531,271378.21,0.8241,0.937,95.2,4.84,0.0038,1.4,293,0.6798,0,2026-02-23 00:00:00,1
BID-005889,AUC-1068,VND-0388,266156.34,0.8082,0.899,69.9,4.75,0.0061,9.0,255,0.6217,0,2026-02-23 00:00:00,0
BID-005890,AUC-1069,VND-0478,354451.21,0.953,0.709,64.8,4.27,0.0174,10.6,112,0.531,0,2026-01-04 00:00:00,0
BID-005891,AUC-1069,VND-0705,347014.29,0.9331,0.793,77.7,4.48,0.0124,6.7,162,0.59,0,2026-01-04 00:00:00,0
BID-005892,AUC-1069,VND-0705,330144.28,0.8877,0.793,77.7,4.48,0.0124,6.7,162,0.6041,0,2026-01-04 00:00:00,0
BID-005893,AUC-1069,VND-0050,314073.28,0.8445,0.513,50.0,3.78,0.0292,15.0,257,0.4568,0,2026-01-04 00:00:00,0
BID-005894,AUC-1069,VND-0050,302066.21,0.8122,0.513,50.0,3.78,0.0292,15.0,257,0.4668,0,2026-01-04 00:00:00,0
BID-005895,AUC-1069,VND-0288,287316.53,0.7725,0.931,91.2,4.83,0.0041,2.6,204,0.7191,0,2026-01-04 00:00:00,1
BID-005896,AUC-1069,VND-0770,276583.48,0.7437,0.591,58.7,3.98,0.0246,12.4,48,0.534,0,2026-01-04 00:00:00,0
BID-005897,AUC-1070,VND-0428,157808.25,0.9584,0.603,50.0,4.01,0.0238,15.0,165,0.3812,0,2026-02-07 00:00:00,0
BID-005898,AUC-1070,VND-0149,153118.07,0.9299,0.885,70.3,4.71,0.0069,8.9,230,0.5056,0,2026-02-07 00:00:00,0
BID-005899,AUC-1070,VND-0343,149537.28,0.9082,0.965,90.5,4.91,0.0021,2.8,238,0.5856,0,2026-02-07 00:00:00,0
BID-005900,AUC-1070,VND-0343,144374.48,0.8768,0.965,90.5,4.91,0.0021,2.8,238,0.5988,0,2026-02-07 00:00:00,0
BID-005901,AUC-1070,VND-0343,138385.07,0.8404,0.965,90.5,4.91,0.0021,2.8,238,0.6141,0,2026-02-07 00:00:00,1
BID-005902,AUC-1070,VND-0428,132752.78,0.8062,0.603,50.0,4.01,0.0238,15.0,165,0.4451,0,2026-02-07 00:00:00,0
BID-005903,AUC-1070,VND-0706,129775.51,0.7882,0.603,50.0,4.01,0.0238,15.0,268,0.4527,0,2026-02-07 00:00:00,0
BID-005904,AUC-1070,VND-0428,125304.08,0.761,0.603,50.0,4.01,0.0238,15.0,165,0.4641,0,2026-02-07 00:00:00,0
BID-005905,AUC-1071,VND-0581,318132.2,0.976,0.913,77.0,4.78,0.0052,6.9,210,0.446,0,2026-01-13 00:00:00,0
BID-005906,AUC-1071,VND-0717,304539.35,0.9343,0.744,69.7,4.36,0.0153,9.1,164,0.412,0,2026-01-13 00:00:00,0
BID-005907,AUC-1071,VND-0507,291321.48,0.8937,0.972,78.7,4.93,0.0017,6.4,250,0.5018,0,2026-01-13 00:00:00,0
BID-005908,AUC-1071,VND-0270,279269.12,0.8567,0.725,61.4,4.31,0.0165,11.6,202,0.4207,0,2026-01-13 00:00:00,0
BID-005909,AUC-1071,VND-0071,276055.98,0.8469,0.981,82.4,4.95,0.0011,5.3,282,0.5371,0,2026-01-13 00:00:00,0
BID-005910,AUC-1071,VND-0071,265163.82,0.8135,0.981,82.4,4.95,0.0011,5.3,282,0.5531,0,2026-01-13 00:00:00,1
BID-005911,AUC-1071,VND-0717,257469.83,0.7899,0.744,69.7,4.36,0.0153,9.1,164,0.4813,0,2026-01-13 00:00:00,0
BID-005912,AUC-1072,VND-0175,199091.38,0.9778,0.687,67.7,4.22,0.0188,9.7,244,0.5242,0,2026-02-27 00:00:00,0
BID-005913,AUC-1072,VND-0267,193281.12,0.9493,0.998,92.4,5.0,0.001,2.3,173,0.6815,0,2026-02-27 00:00:00,0
BID-005914,AUC-1072,VND-0706,187070.63,0.9188,0.603,50.0,4.01,0.0238,15.0,268,0.4821,0,2026-02-27 00:00:00,0
BID-005915,AUC-1072,VND-0740,179465.9,0.8814,0.899,81.3,4.75,0.0061,5.6,134,0.6498,0,2026-02-27 00:00:00,0
BID-005916,AUC-1072,VND-0706,172969.9,0.8495,0.603,50.0,4.01,0.0238,15.0,268,0.5043,0,2026-02-27 00:00:00,0
BID-005917,AUC-1072,VND-0179,164633.32,0.8086,0.513,50.0,3.78,0.0292,15.0,171,0.4878,0,2026-02-27 00:00:00,0
BID-005918,AUC-1072,VND-0740,156593.76,0.7691,0.899,81.3,4.75,0.0061,5.6,134,0.6857,0,2026-02-27 00:00:00,1
BID-005919,AUC-1072,VND-0156,154977.05,0.7611,0.719,59.2,4.3,0.0168,12.2,98,0.5878,0,2026-02-27 00:00:00,0
BID-005920,AUC-1073,VND-0321,349569.61,0.9725,0.51,50.0,3.78,0.0294,15.0,162,0.4119,0,2026-02-16 00:00:00,0
BID-005921,AUC-1073,VND-0321,340834.17,0.9482,0.51,50.0,3.78,0.0294,15.0,162,0.4194,0,2026-02-16 00:00:00,0
BID-005922,AUC-1073,VND-0113,331984.32,0.9235,0.633,55.5,4.08,0.022,13.4,104,0.4797,0,2026-02-16 00:00:00,0
BID-005923,AUC-1073,VND-0015,327279.08,0.9104,0.796,63.2,4.49,0.0122,11.0,201,0.5552,0,2026-02-16 00:00:00,0
BID-005924,AUC-1073,VND-0523,319734.69,0.8895,0.943,87.6,4.86,0.0034,3.7,117,0.6732,0,2026-02-16 00:00:00,1
BID-005925,AUC-1074,VND-0265,106363.25,0.9884,0.528,56.3,3.82,0.0283,13.1,195,0.5344,0,2026-01-07 00:00:00,0
BID-005926,AUC-1074,VND-0265,103238.06,0.9593,0.528,56.3,3.82,0.0283,13.1,195,0.5405,0,2026-01-07 00:00:00,0
BID-005927,AUC-1074,VND-0007,98359.47,0.914,0.916,76.8,4.79,0.005,7.0,189,0.7344,0,2026-01-07 00:00:00,1
BID-005928,AUC-1074,VND-0265,94885.44,0.8817,0.528,56.3,3.82,0.0283,13.1,195,0.5568,0,2026-01-07 00:00:00,0
BID-005929,AUC-1075,VND-0104,434691.69,0.9742,0.551,50.0,3.88,0.027,15.0,237,0.4336,0,2026-03-29 00:00:00,0
BID-005930,AUC-1075,VND-0061,419493.98,0.9401,0.904,96.6,4.76,0.0058,1.0,150,0.6958,0,2026-03-29 00:00:00,0
BID-005931,AUC-1075,VND-0365,413502.17,0.9267,0.601,50.0,4.0,0.024,15.0,46,0.4627,0,2026-03-29 00:00:00,0
BID-005932,AUC-1075,VND-0104,397613.81,0.8911,0.551,50.0,3.88,0.027,15.0,237,0.4569,0,2026-03-29 00:00:00,0
BID-005933,AUC-1075,VND-0061,387136.4,0.8676,0.904,96.6,4.76,0.0058,1.0,150,0.7161,0,2026-03-29 00:00:00,0
BID-005934,AUC-1075,VND-0104,370829.91,0.8311,0.551,50.0,3.88,0.027,15.0,237,0.4737,0,2026-03-29 00:00:00,0
BID-005935,AUC-1075,VND-0061,356176.74,0.7982,0.904,96.6,4.76,0.0058,1.0,150,0.7356,0,2026-03-29 00:00:00,1
BID-005936,AUC-1075,VND-0104,338636.96,0.7589,0.551,50.0,3.88,0.027,15.0,237,0.4939,0,2026-03-29 00:00:00,0
BID-005937,AUC-1076,VND-0589,145961.39,0.9677,0.89,71.8,4.72,0.0066,8.5,35,0.5371,0,2026-04-07 00:00:00,0
BID-005938,AUC-1076,VND-0251,140569.12,0.932,0.849,73.2,4.62,0.0091,8.0,198,0.5395,0,2026-04-07 00:00:00,0
BID-005939,AUC-1076,VND-0685,137250.65,0.91,0.59,50.0,3.97,0.0246,15.0,29,0.4205,0,2026-04-07 00:00:00,0
BID-005940,AUC-1076,VND-0744,132864.0,0.8809,0.698,67.2,4.25,0.0181,9.8,82,0.4982,0,2026-04-07 00:00:00,0
BID-005941,AUC-1076,VND-0251,126676.86,0.8399,0.849,73.2,4.62,0.0091,8.0,198,0.5755,0,2026-04-07 00:00:00,1
BID-005942,AUC-1076,VND-0685,124485.89,0.8253,0.59,50.0,3.97,0.0246,15.0,29,0.4535,0,2026-04-07 00:00:00,0
BID-005943,AUC-1076,VND-0744,122157.79,0.8099,0.698,67.2,4.25,0.0181,9.8,82,0.5259,0,2026-04-07 00:00:00,0
BID-005944,AUC-1076,VND-0624,119124.46,0.7898,0.566,50.0,3.91,0.0261,15.0,285,0.4592,0,2026-04-07 00:00:00,0
BID-005945,AUC-1077,VND-0657,183675.46,0.9656,0.774,82.2,4.43,0.0136,5.3,178,0.6205,0,2026-01-18 00:00:00,0
BID-005946,AUC-1077,VND-0012,181674.31,0.9551,0.646,60.9,4.12,0.0212,11.7,200,0.5104,0,2026-01-18 00:00:00,0
BID-005947,AUC-1077,VND-0274,173824.99,0.9138,0.557,57.4,3.89,0.0266,12.8,130,0.4714,0,2026-01-18 00:00:00,0
BID-005948,AUC-1077,VND-0556,167453.93,0.8803,0.908,74.0,4.77,0.0055,7.8,44,0.6809,0,2026-01-18 00:00:00,0
BID-005949,AUC-1077,VND-0657,161110.99,0.847,0.774,82.2,4.43,0.0136,5.3,178,0.6502,0,2026-01-18 00:00:00,0
BID-005950,AUC-1077,VND-0556,155587.14,0.818,0.908,74.0,4.77,0.0055,7.8,44,0.6965,0,2026-01-18 00:00:00,1
BID-005951,AUC-1078,VND-0385,37620.47,0.978,0.671,64.6,4.18,0.0197,10.6,99,0.5106,0,2026-02-20 00:00:00,0
BID-005952,AUC-1078,VND-0385,36335.33,0.9446,0.671,64.6,4.18,0.0197,10.6,99,0.5203,0,2026-02-20 00:00:00,1
BID-005953,AUC-1078,VND-0488,35479.19,0.9224,0.516,50.0,3.79,0.0291,15.0,75,0.4326,0,2026-02-20 00:00:00,0
BID-005954,AUC-1078,VND-0469,34514.95,0.8973,0.509,57.2,3.77,0.0294,12.8,222,0.4465,0,2026-02-20 00:00:00,0
BID-005955,AUC-1079,VND-0682,61976.16,0.9588,0.811,79.7,4.53,0.0113,6.1,139,0.5336,0,2026-06-04 00:00:00,0
BID-005956,AUC-1079,VND-0129,59712.88,0.9238,0.968,96.2,4.92,0.0019,1.1,233,0.6399,0,2026-06-04 00:00:00,1
BID-005957,AUC-1079,VND-0461,58465.8,0.9045,0.934,79.4,4.84,0.0039,6.2,115,0.5997,0,2026-06-04 00:00:00,0
BID-005958,AUC-1079,VND-0461,56865.31,0.8797,0.934,79.4,4.84,0.0039,6.2,115,0.6093,0,2026-06-04 00:00:00,0
BID-005959,AUC-1080,VND-0588,252521.22,0.961,0.817,75.3,4.54,0.011,7.4,112,0.3541,0,2026-05-19 00:00:00,0
BID-005960,AUC-1080,VND-0588,243444.17,0.9264,0.817,75.3,4.54,0.011,7.4,112,0.3748,0,2026-05-19 00:00:00,0
BID-005961,AUC-1080,VND-0010,238962.4,0.9094,0.716,56.6,4.29,0.017,13.0,250,0.3413,0,2026-05-19 00:00:00,0
BID-005962,AUC-1080,VND-0310,233648.66,0.8892,0.903,88.1,4.76,0.0058,3.6,247,0.4312,0,2026-05-19 00:00:00,0
BID-005963,AUC-1080,VND-0310,227275.57,0.8649,0.903,88.1,4.76,0.0058,3.6,247,0.4457,0,2026-05-19 00:00:00,1
BID-005964,AUC-1081,VND-0534,139694.12,0.9899,0.619,50.0,4.05,0.0228,15.0,110,0.4871,0,2026-06-12 00:00:00,0
BID-005965,AUC-1081,VND-0430,136812.89,0.9695,0.782,63.4,4.46,0.0131,11.0,100,0.5763,0,2026-06-12 00:00:00,0
BID-005966,AUC-1081,VND-0430,130746.08,0.9265,0.782,63.4,4.46,0.0131,11.0,100,0.5888,0,2026-06-12 00:00:00,0
BID-005967,AUC-1081,VND-0648,126892.33,0.8992,0.9,75.1,4.75,0.006,7.5,101,0.6599,0,2026-06-12 00:00:00,1
BID-005968,AUC-1082,VND-0244,398514.86,0.9502,0.523,50.0,3.81,0.0286,15.0,218,0.3734,0,2026-02-24 00:00:00,0
BID-005969,AUC-1082,VND-0200,392779.6,0.9366,0.875,81.1,4.69,0.0075,5.7,134,0.5733,0,2026-02-24 00:00:00,1
BID-005970,AUC-1082,VND-0159,378742.46,0.9031,0.704,61.2,4.26,0.0177,11.6,139,0.4843,0,2026-02-24 00:00:00,0
BID-005971,AUC-1082,VND-0445,368064.13,0.8776,0.55,50.0,3.87,0.027,15.0,59,0.4117,0,2026-02-24 00:00:00,0
BID-005972,AUC-1082,VND-0095,353098.65,0.8419,0.765,68.1,4.41,0.0141,9.6,225,0.5427,0,2026-02-24 00:00:00,0
BID-005973,AUC-1082,VND-0286,346172.38,0.8254,0.757,77.5,4.39,0.0146,6.8,227,0.5585,0,2026-02-24 00:00:00,0
BID-005974,AUC-1083,VND-0249,16935.92,0.9847,0.792,64.8,4.48,0.0125,10.6,66,0.5774,0,2026-02-13 00:00:00,0
BID-005975,AUC-1083,VND-0567,16128.02,0.9377,0.541,50.0,3.85,0.0276,15.0,167,0.4454,0,2026-02-13 00:00:00,0
BID-005976,AUC-1083,VND-0249,15346.18,0.8922,0.792,64.8,4.48,0.0125,10.6,66,0.6005,0,2026-02-13 00:00:00,0
BID-005977,AUC-1083,VND-0567,14946.39,0.869,0.541,50.0,3.85,0.0276,15.0,167,0.4626,0,2026-02-13 00:00:00,0
BID-005978,AUC-1083,VND-0722,14663.45,0.8525,0.836,72.5,4.59,0.0098,8.2,141,0.6484,0,2026-02-13 00:00:00,1
BID-005979,AUC-1083,VND-0567,14136.65,0.8219,0.541,50.0,3.85,0.0276,15.0,167,0.4744,0,2026-02-13 00:00:00,0
BID-005980,AUC-1083,VND-0249,13820.54,0.8035,0.792,64.8,4.48,0.0125,10.6,66,0.6227,0,2026-02-13 00:00:00,0
BID-005981,AUC-1083,VND-0249,13387.15,0.7783,0.792,64.8,4.48,0.0125,10.6,66,0.629,0,2026-02-13 00:00:00,0
BID-005982,AUC-1084,VND-0754,190927.02,0.9753,0.79,70.0,4.48,0.0126,9.0,58,0.5778,0,2026-05-09 00:00:00,1
BID-005983,AUC-1084,VND-0303,186348.46,0.9519,0.56,52.6,3.9,0.0264,14.2,246,0.4449,0,2026-05-09 00:00:00,0
BID-005984,AUC-1084,VND-0346,178268.46,0.9107,0.662,64.2,4.15,0.0203,10.7,102,0.5355,0,2026-05-09 00:00:00,0
BID-005985,AUC-1084,VND-0303,173020.35,0.8839,0.56,52.6,3.9,0.0264,14.2,246,0.4715,0,2026-05-09 00:00:00,0
BID-005986,AUC-1085,VND-0297,172456.78,0.9838,0.591,50.0,3.98,0.0245,15.0,89,0.324,0,2026-05-16 00:00:00,0
BID-005987,AUC-1085,VND-0448,166399.61,0.9492,0.834,70.4,4.59,0.01,8.9,104,0.4377,0,2026-05-16 00:00:00,0
BID-005988,AUC-1085,VND-0715,159565.95,0.9102,0.82,80.1,4.55,0.0108,6.0,120,0.4728,0,2026-05-16 00:00:00,0
BID-005989,AUC-1085,VND-0549,156900.28,0.895,0.61,53.6,4.03,0.0234,13.9,56,0.3791,0,2026-05-16 00:00:00,0
BID-005990,AUC-1085,VND-0331,150676.59,0.8595,0.678,70.6,4.2,0.0193,8.8,181,0.4461,0,2026-05-16 00:00:00,0
BID-005991,AUC-1085,VND-0448,146493.57,0.8357,0.834,70.4,4.59,0.01,8.9,104,0.4933,0,2026-05-16 00:00:00,1
BID-005992,AUC-1086,VND-0242,18782.37,0.9647,0.727,64.3,4.32,0.0164,10.7,88,0.4957,0,2026-03-11 00:00:00,0
BID-005993,AUC-1086,VND-0018,18403.36,0.9452,0.983,93.5,4.96,0.001,2.0,209,0.6722,0,2026-03-11 00:00:00,0
BID-005994,AUC-1086,VND-0242,17726.53,0.9104,0.727,64.3,4.32,0.0164,10.7,88,0.5201,0,2026-03-11 00:00:00,0
BID-005995,AUC-1086,VND-0242,17038.48,0.8751,0.727,64.3,4.32,0.0164,10.7,88,0.536,0,2026-03-11 00:00:00,0
BID-005996,AUC-1086,VND-0721,16700.74,0.8577,0.985,78.2,4.96,0.001,6.5,82,0.6739,0,2026-03-11 00:00:00,1
BID-005997,AUC-1086,VND-0109,16450.57,0.8449,0.663,70.2,4.16,0.0202,8.9,184,0.5407,0,2026-03-11 00:00:00,0
BID-005998,AUC-1086,VND-0109,15816.47,0.8123,0.663,70.2,4.16,0.0202,8.9,184,0.5553,0,2026-03-11 00:00:00,0
BID-005999,AUC-1087,VND-0292,70125.9,0.9885,0.746,63.9,4.37,0.0152,10.8,123,0.4947,0,2026-02-24 00:00:00,0
BID-006000,AUC-1087,VND-0346,69353.39,0.9776,0.662,64.2,4.15,0.0203,10.7,102,0.4703,0,2026-02-24 00:00:00,0
BID-006001,AUC-1087,VND-0292,68380.3,0.9639,0.746,63.9,4.37,0.0152,10.8,123,0.5046,0,2026-02-24 00:00:00,0
BID-006002,AUC-1087,VND-0033,66437.98,0.9365,0.64,57.5,4.1,0.0216,12.8,271,0.4604,0,2026-02-24 00:00:00,0
BID-006003,AUC-1087,VND-0318,64022.15,0.9025,0.554,50.0,3.88,0.0268,15.0,81,0.4228,0,2026-02-24 00:00:00,0
BID-006004,AUC-1087,VND-0318,61440.84,0.8661,0.554,50.0,3.88,0.0268,15.0,81,0.4374,0,2026-02-24 00:00:00,0
BID-006005,AUC-1087,VND-0346,58983.93,0.8315,0.662,64.2,4.15,0.0203,10.7,102,0.5288,0,2026-02-24 00:00:00,0
BID-006006,AUC-1087,VND-0292,57308.76,0.8078,0.746,63.9,4.37,0.0152,10.8,123,0.567,0,2026-02-24 00:00:00,1
BID-006007,AUC-1088,VND-0330,207888.3,0.9774,0.823,73.4,4.56,0.0106,8.0,229,0.5758,0,2026-02-26 00:00:00,0
BID-006008,AUC-1088,VND-0456,202500.93,0.9521,0.795,63.1,4.49,0.0123,11.1,297,0.5559,0,2026-02-26 00:00:00,0
BID-006009,AUC-1088,VND-0021,199586.2,0.9384,0.561,55.4,3.9,0.0263,13.4,220,0.4591,0,2026-02-26 00:00:00,0
BID-006010,AUC-1088,VND-0330,192973.5,0.9073,0.823,73.4,4.56,0.0106,8.0,229,0.5982,0,2026-02-26 00:00:00,0
BID-006011,AUC-1088,VND-0388,185913.89,0.8741,0.899,69.9,4.75,0.0061,9.0,255,0.6314,0,2026-02-26 00:00:00,0
BID-006012,AUC-1088,VND-0569,180744.23,0.8498,0.926,80.6,4.81,0.0045,5.8,192,0.6671,0,2026-02-26 00:00:00,1
BID-006013,AUC-1088,VND-0388,176385.11,0.8293,0.899,69.9,4.75,0.0061,9.0,255,0.6457,0,2026-02-26 00:00:00,0
BID-006014,AUC-1089,VND-0667,243009.4,0.9662,0.614,67.7,4.04,0.0231,9.7,293,0.4772,0,2026-04-07 00:00:00,0
BID-006015,AUC-1089,VND-0441,235825.56,0.9377,0.616,60.3,4.04,0.0231,11.9,75,0.4737,0,2026-04-07 00:00:00,0
BID-006016,AUC-1089,VND-0398,232259.06,0.9235,0.509,58.5,3.77,0.0295,12.4,206,0.4297,0,2026-04-07 00:00:00,0
BID-006017,AUC-1089,VND-0667,224935.18,0.8944,0.614,67.7,4.04,0.0231,9.7,293,0.5074,0,2026-04-07 00:00:00,0
BID-006018,AUC-1089,VND-0270,215676.03,0.8575,0.725,61.4,4.31,0.0165,11.6,202,0.5566,0,2026-04-07 00:00:00,1
BID-006019,AUC-1090,VND-0268,205401.56,0.987,0.884,91.9,4.71,0.0069,2.4,82,0.4209,0,2026-03-18 00:00:00,0
BID-006020,AUC-1090,VND-0383,202960.33,0.9753,0.517,53.1,3.79,0.029,14.1,284,0.294,0,2026-03-18 00:00:00,0
BID-006021,AUC-1090,VND-0745,193536.68,0.93,0.694,61.5,4.24,0.0183,11.5,67,0.369,0,2026-03-18 00:00:00,0
BID-006022,AUC-1090,VND-0150,190324.21,0.9146,0.811,63.5,4.53,0.0113,11.0,291,0.4053,0,2026-03-18 00:00:00,0
BID-006023,AUC-1090,VND-0150,180993.91,0.8697,0.811,63.5,4.53,0.0113,11.0,291,0.43,0,2026-03-18 00:00:00,1
BID-006024,AUC-1090,VND-0383,176054.85,0.846,0.517,53.1,3.79,0.029,14.1,284,0.3651,0,2026-03-18 00:00:00,0
BID-006025,AUC-1090,VND-0383,172085.53,0.8269,0.517,53.1,3.79,0.029,14.1,284,0.3756,0,2026-03-18 00:00:00,0
BID-006026,AUC-1091,VND-0764,265339.63,0.9822,0.642,51.1,4.11,0.0215,14.7,45,0.3051,0,2026-05-01 00:00:00,0
BID-006027,AUC-1091,VND-0764,255636.76,0.9462,0.642,51.1,4.11,0.0215,14.7,45,0.3242,0,2026-05-01 00:00:00,0
BID-006028,AUC-1091,VND-0700,246193.09,0.9113,0.809,79.4,4.52,0.0115,6.2,198,0.4332,0,2026-05-01 00:00:00,0
BID-006029,AUC-1091,VND-0396,235807.75,0.8728,0.577,58.3,3.94,0.0254,12.5,193,0.3586,0,2026-05-01 00:00:00,0
BID-006030,AUC-1091,VND-0039,225493.7,0.8347,0.886,72.7,4.71,0.0069,8.2,55,0.4821,0,2026-05-01 00:00:00,0
BID-006031,AUC-1091,VND-0219,215898.86,0.7992,0.536,52.2,3.84,0.0278,14.3,200,0.3769,0,2026-05-01 00:00:00,0
BID-006032,AUC-1091,VND-0039,206620.72,0.7648,0.886,72.7,4.71,0.0069,8.2,55,0.5191,0,2026-05-01 00:00:00,1
BID-006033,AUC-1092,VND-0778,288828.74,0.9576,0.614,50.0,4.04,0.0232,15.0,47,0.3415,0,2026-05-01 00:00:00,0
BID-006034,AUC-1092,VND-0596,277766.12,0.9209,0.534,52.9,3.83,0.028,14.1,172,0.3478,0,2026-05-01 00:00:00,0
BID-006035,AUC-1092,VND-0748,273416.4,0.9065,0.802,73.1,4.5,0.0119,8.1,286,0.469,0,2026-05-01 00:00:00,0
BID-006036,AUC-1092,VND-0205,265988.62,0.8819,0.953,76.1,4.88,0.0028,7.2,221,0.527,0,2026-05-01 00:00:00,1
BID-006037,AUC-1092,VND-0748,262387.55,0.8699,0.802,73.1,4.5,0.0119,8.1,286,0.4888,0,2026-05-01 00:00:00,0
BID-006038,AUC-1092,VND-0318,252708.4,0.8379,0.554,50.0,3.88,0.0268,15.0,81,0.391,0,2026-05-01 00:00:00,0
BID-006039,AUC-1092,VND-0144,242127.36,0.8028,0.733,67.5,4.33,0.016,9.8,80,0.495,0,2026-05-01 00:00:00,0
BID-006040,AUC-1092,VND-0318,238974.29,0.7923,0.554,50.0,3.88,0.0268,15.0,81,0.4155,0,2026-05-01 00:00:00,0
BID-006041,AUC-1093,VND-0588,14376.6,0.9673,0.817,75.3,4.54,0.011,7.4,112,0.4475,0,2026-03-12 00:00:00,0
BID-006042,AUC-1093,VND-0258,13748.11,0.925,0.523,50.0,3.81,0.0286,15.0,168,0.3303,0,2026-03-12 00:00:00,0
BID-006043,AUC-1093,VND-0787,13393.78,0.9012,0.868,84.3,4.67,0.0079,4.7,279,0.5132,0,2026-03-12 00:00:00,0
BID-006044,AUC-1093,VND-0328,13017.95,0.8759,0.716,52.8,4.29,0.0171,14.2,88,0.4081,0,2026-03-12 00:00:00,0
BID-006045,AUC-1093,VND-0787,12560.15,0.8451,0.868,84.3,4.67,0.0079,4.7,279,0.539,0,2026-03-12 00:00:00,0
BID-006046,AUC-1093,VND-0787,12244.87,0.8239,0.868,84.3,4.67,0.0079,4.7,279,0.5488,0,2026-03-12 00:00:00,1
BID-006047,AUC-1094,VND-0153,232312.74,0.9785,0.863,93.2,4.66,0.0082,2.0,93,0.7304,0,2026-03-10 00:00:00,1
BID-006048,AUC-1094,VND-0702,228973.24,0.9645,0.518,53.9,3.8,0.0289,13.8,224,0.5185,0,2026-03-10 00:00:00,0
BID-006049,AUC-1094,VND-0702,219381.16,0.9241,0.518,53.9,3.8,0.0289,13.8,224,0.527,0,2026-03-10 00:00:00,0
BID-006050,AUC-1094,VND-0789,212516.08,0.8952,0.512,53.8,3.78,0.0293,13.9,182,0.5303,0,2026-03-10 00:00:00,0
BID-006051,AUC-1094,VND-0789,207478.52,0.8739,0.512,53.8,3.78,0.0293,13.9,182,0.5348,0,2026-03-10 00:00:00,0
BID-006052,AUC-1095,VND-0174,474509.09,0.9842,0.818,63.2,4.54,0.0109,11.0,138,0.6418,0,2026-05-10 00:00:00,0
BID-006053,AUC-1095,VND-0378,459275.13,0.9526,0.57,62.5,3.92,0.0258,11.2,284,0.5432,0,2026-05-10 00:00:00,0
BID-006054,AUC-1095,VND-0018,452840.37,0.9393,0.983,93.5,4.96,0.001,2.0,209,0.7598,0,2026-05-10 00:00:00,0
BID-006055,AUC-1095,VND-0018,444392.4,0.9218,0.983,93.5,4.96,0.001,2.0,209,0.764,0,2026-05-10 00:00:00,1
BID-006056,AUC-1095,VND-0452,430829.7,0.8936,0.591,52.0,3.98,0.0246,14.4,218,0.5543,0,2026-05-10 00:00:00,0
BID-006057,AUC-1095,VND-0344,417266.19,0.8655,0.786,70.0,4.46,0.0129,9.0,234,0.6649,0,2026-05-10 00:00:00,0
BID-006058,AUC-1095,VND-0174,398706.93,0.827,0.818,63.2,4.54,0.0109,11.0,138,0.6796,0,2026-05-10 00:00:00,0
BID-006059,AUC-1095,VND-0344,390570.59,0.8101,0.786,70.0,4.46,0.0129,9.0,234,0.6782,0,2026-05-10 00:00:00,0
BID-006060,AUC-1096,VND-0595,258859.95,0.9793,0.65,64.4,4.13,0.021,10.7,159,0.365,0,2026-03-01 00:00:00,0
BID-006061,AUC-1096,VND-0101,246958.61,0.9343,0.821,69.1,4.55,0.0107,9.3,157,0.4524,0,2026-03-01 00:00:00,0
BID-006062,AUC-1096,VND-0127,242665.64,0.9181,0.926,77.9,4.81,0.0045,6.6,286,0.5076,0,2026-03-01 00:00:00,1
BID-006063,AUC-1096,VND-0024,234980.87,0.889,0.656,58.3,4.14,0.0206,12.5,290,0.404,0,2026-03-01 00:00:00,0
BID-006064,AUC-1097,VND-0003,332163.84,0.9713,0.578,50.0,3.95,0.0253,15.0,231,0.4981,0,2026-05-21 00:00:00,0
BID-006065,AUC-1097,VND-0524,328228.23,0.9597,0.616,50.0,4.04,0.023,15.0,45,0.513,0,2026-05-21 00:00:00,0
BID-006066,AUC-1097,VND-0488,324807.21,0.9497,0.516,50.0,3.79,0.0291,15.0,75,0.4837,0,2026-05-21 00:00:00,0
BID-006067,AUC-1097,VND-0524,312966.04,0.9151,0.616,50.0,4.04,0.023,15.0,45,0.525,0,2026-05-21 00:00:00,0
BID-006068,AUC-1097,VND-0524,304384.63,0.89,0.616,50.0,4.04,0.023,15.0,45,0.5318,0,2026-05-21 00:00:00,1
BID-006069,AUC-1097,VND-0488,298452.31,0.8727,0.516,50.0,3.79,0.0291,15.0,75,0.5045,0,2026-05-21 00:00:00,0
BID-006070,AUC-1098,VND-0001,158041.03,0.9707,0.687,73.5,4.22,0.0188,8.0,27,0.4631,0,2026-03-20 00:00:00,0
BID-006071,AUC-1098,VND-0387,156045.42,0.9584,0.564,50.0,3.91,0.0262,15.0,244,0.3871,0,2026-03-20 00:00:00,0
BID-006072,AUC-1098,VND-0508,153326.84,0.9417,0.853,88.0,4.63,0.0088,3.6,150,0.5493,0,2026-03-20 00:00:00,0
BID-006073,AUC-1098,VND-0280,148733.25,0.9135,0.878,81.9,4.69,0.0073,5.4,182,0.5555,0,2026-03-20 00:00:00,0
BID-006074,AUC-1098,VND-0280,145568.57,0.8941,0.878,81.9,4.69,0.0073,5.4,182,0.5634,0,2026-03-20 00:00:00,1
BID-006075,AUC-1098,VND-0279,139189.43,0.8549,0.567,50.0,3.92,0.026,15.0,205,0.4305,0,2026-03-20 00:00:00,0
BID-006076,AUC-1099,VND-0053,384666.98,0.9882,0.954,81.0,4.88,0.0028,5.7,65,0.5676,0,2026-05-21 00:00:00,0
BID-006077,AUC-1099,VND-0350,370491.45,0.9518,0.577,51.8,3.94,0.0254,14.5,101,0.4022,0,2026-05-21 00:00:00,0
BID-006078,AUC-1099,VND-0285,354264.65,0.9101,0.952,83.0,4.88,0.0029,5.1,291,0.602,0,2026-05-21 00:00:00,0
BID-006079,AUC-1099,VND-0447,346066.88,0.889,0.915,80.0,4.79,0.0051,6.0,168,0.5919,0,2026-05-21 00:00:00,0
BID-006080,AUC-1099,VND-0285,339052.76,0.871,0.952,83.0,4.88,0.0029,5.1,291,0.6164,0,2026-05-21 00:00:00,0
BID-006081,AUC-1099,VND-0285,329325.09,0.846,0.952,83.0,4.88,0.0029,5.1,291,0.6257,0,2026-05-21 00:00:00,1
BID-006082,AUC-1099,VND-0501,318275.28,0.8177,0.593,58.5,3.98,0.0244,12.4,209,0.4753,0,2026-05-21 00:00:00,0
BID-006083,AUC-1100,VND-0055,375371.2,0.9656,0.614,50.0,4.04,0.0231,15.0,86,0.5288,0,2026-03-31 00:00:00,0
BID-006084,AUC-1100,VND-0419,365808.19,0.941,0.957,77.5,4.89,0.0026,6.8,117,0.7485,0,2026-03-31 00:00:00,0
BID-006085,AUC-1100,VND-0336,350501.53,0.9017,0.587,59.2,3.97,0.0248,12.2,264,0.5461,0,2026-03-31 00:00:00,0
BID-006086,AUC-1100,VND-0419,333463.57,0.8578,0.957,77.5,4.89,0.0026,6.8,117,0.7651,0,2026-03-31 00:00:00,0
BID-006087,AUC-1100,VND-0704,321523.27,0.8271,0.922,91.7,4.81,0.0047,2.5,127,0.782,0,2026-03-31 00:00:00,0
BID-006088,AUC-1100,VND-0055,314470.75,0.809,0.614,50.0,4.04,0.0231,15.0,86,0.5601,0,2026-03-31 00:00:00,0
BID-006089,AUC-1100,VND-0336,301082.46,0.7745,0.587,59.2,3.97,0.0248,12.2,264,0.5715,0,2026-03-31 00:00:00,0
BID-006090,AUC-1100,VND-0419,289579.09,0.7449,0.957,77.5,4.89,0.0026,6.8,117,0.7877,0,2026-03-31 00:00:00,1
BID-006091,AUC-1101,VND-0547,260786.46,0.9825,0.804,72.0,4.51,0.0118,8.4,296,0.5772,0,2026-05-02 00:00:00,0
BID-006092,AUC-1101,VND-0061,252132.76,0.9499,0.904,96.6,4.76,0.0058,1.0,150,0.6894,0,2026-05-02 00:00:00,1
BID-006093,AUC-1101,VND-0720,239985.16,0.9041,0.601,57.9,4.0,0.0239,12.6,45,0.4861,0,2026-05-02 00:00:00,0
BID-006094,AUC-1101,VND-0720,234923.66,0.8851,0.601,57.9,4.0,0.0239,12.6,45,0.4938,0,2026-05-02 00:00:00,0
BID-006095,AUC-1101,VND-0547,223546.54,0.8422,0.804,72.0,4.51,0.0118,8.4,296,0.6333,0,2026-05-02 00:00:00,0
BID-006096,AUC-1102,VND-0533,468112.28,0.9588,0.711,66.1,4.28,0.0174,10.2,98,0.4393,0,2026-03-01 00:00:00,0
BID-006097,AUC-1102,VND-0238,445594.19,0.9126,0.764,80.2,4.41,0.0142,5.9,210,0.5013,0,2026-03-01 00:00:00,0
BID-006098,AUC-1102,VND-0553,426952.49,0.8745,0.997,80.1,4.99,0.001,6.0,74,0.6099,0,2026-03-01 00:00:00,0
BID-006099,AUC-1102,VND-0533,419707.41,0.8596,0.711,66.1,4.28,0.0174,10.2,98,0.4859,0,2026-03-01 00:00:00,0
BID-006100,AUC-1102,VND-0553,405917.72,0.8314,0.997,80.1,4.99,0.001,6.0,74,0.6302,0,2026-03-01 00:00:00,0
BID-006101,AUC-1102,VND-0068,392921.81,0.8048,0.971,85.6,4.93,0.0017,4.3,50,0.6403,0,2026-03-01 00:00:00,1
BID-006102,AUC-1103,VND-0198,70235.16,0.982,0.67,69.1,4.18,0.0198,9.3,255,0.4999,0,2026-04-30 00:00:00,0
BID-006103,AUC-1103,VND-0006,68001.01,0.9508,0.51,56.0,3.78,0.0294,13.2,18,0.4279,0,2026-04-30 00:00:00,0
BID-006104,AUC-1103,VND-0399,66798.42,0.934,0.966,92.8,4.92,0.002,2.2,186,0.667,0,2026-04-30 00:00:00,0
BID-006105,AUC-1103,VND-0273,66119.05,0.9245,0.809,73.1,4.52,0.0115,8.1,254,0.5774,0,2026-04-30 00:00:00,0
BID-006106,AUC-1103,VND-0006,64271.32,0.8987,0.51,56.0,3.78,0.0294,13.2,18,0.4451,0,2026-04-30 00:00:00,0
BID-006107,AUC-1103,VND-0006,61440.09,0.8591,0.51,56.0,3.78,0.0294,13.2,18,0.4582,0,2026-04-30 00:00:00,0
BID-006108,AUC-1103,VND-0695,60060.15,0.8398,0.985,85.0,4.96,0.001,4.5,108,0.6916,0,2026-04-30 00:00:00,1
BID-006109,AUC-1104,VND-0409,18102.28,0.989,0.796,71.5,4.49,0.0123,8.5,58,0.6266,0,2026-06-29 00:00:00,0
BID-006110,AUC-1104,VND-0544,17389.48,0.95,0.807,68.1,4.52,0.0116,9.6,75,0.6354,0,2026-06-29 00:00:00,0
BID-006111,AUC-1104,VND-0247,17182.84,0.9387,0.639,54.4,4.1,0.0217,13.7,135,0.55,0,2026-06-29 00:00:00,0
BID-006112,AUC-1104,VND-0409,16907.54,0.9237,0.796,71.5,4.49,0.0123,8.5,58,0.6429,0,2026-06-29 00:00:00,1
BID-006113,AUC-1104,VND-0671,16573.08,0.9054,0.629,59.2,4.07,0.0223,12.2,219,0.5616,0,2026-06-29 00:00:00,0
BID-006114,AUC-1105,VND-0513,374729.47,0.9673,0.972,88.2,4.93,0.0017,3.5,209,0.6431,0,2026-04-07 00:00:00,0
BID-006115,AUC-1105,VND-0582,357016.28,0.9216,0.668,68.1,4.17,0.0199,9.6,224,0.5081,0,2026-04-07 00:00:00,0
BID-006116,AUC-1105,VND-0319,341906.98,0.8826,0.766,68.6,4.42,0.014,9.4,183,0.5552,0,2026-04-07 00:00:00,0
BID-006117,AUC-1105,VND-0513,337120.74,0.8703,0.972,88.2,4.93,0.0017,3.5,209,0.6751,0,2026-04-07 00:00:00,0
BID-006118,AUC-1105,VND-0513,332651.25,0.8587,0.972,88.2,4.93,0.0017,3.5,209,0.6789,0,2026-04-07 00:00:00,0
BID-006119,AUC-1105,VND-0513,320020.36,0.8261,0.972,88.2,4.93,0.0017,3.5,209,0.6897,0,2026-04-07 00:00:00,0
BID-006120,AUC-1105,VND-0260,316402.1,0.8168,0.994,83.9,4.98,0.001,4.8,262,0.6896,0,2026-04-07 00:00:00,0
BID-006121,AUC-1105,VND-0513,306906.03,0.7923,0.972,88.2,4.93,0.0017,3.5,209,0.7009,0,2026-04-07 00:00:00,1
BID-006122,AUC-1106,VND-0228,386689.49,0.9536,0.556,56.6,3.89,0.0267,13.0,139,0.3864,0,2026-01-04 00:00:00,0
BID-006123,AUC-1106,VND-0040,382748.15,0.9439,0.679,58.0,4.2,0.0192,12.6,287,0.4451,0,2026-01-04 00:00:00,0
BID-006124,AUC-1106,VND-0749,364174.51,0.8981,0.81,74.1,4.52,0.0114,7.8,240,0.5458,0,2026-01-04 00:00:00,1
BID-006125,AUC-1106,VND-0228,352653.91,0.8697,0.556,56.6,3.89,0.0267,13.0,139,0.4292,0,2026-01-04 00:00:00,0
BID-006126,AUC-1107,VND-0649,67553.64,0.9804,0.584,50.0,3.96,0.025,15.0,89,0.3763,0,2026-04-20 00:00:00,0
BID-006127,AUC-1107,VND-0562,65368.64,0.9487,0.931,94.7,4.83,0.0041,1.6,230,0.5716,0,2026-04-20 00:00:00,0
BID-006128,AUC-1107,VND-0752,62738.07,0.9105,0.513,50.0,3.78,0.0292,15.0,78,0.3839,0,2026-04-20 00:00:00,0
BID-006129,AUC-1107,VND-0562,60193.5,0.8736,0.931,94.7,4.83,0.0041,1.6,230,0.6031,0,2026-04-20 00:00:00,0
BID-006130,AUC-1107,VND-0562,58490.01,0.8489,0.931,94.7,4.83,0.0041,1.6,230,0.6135,0,2026-04-20 00:00:00,1
BID-006131,AUC-1108,VND-0289,134943.16,0.9629,0.574,65.1,3.93,0.0256,10.5,200,0.4644,0,2026-03-26 00:00:00,0
BID-006132,AUC-1108,VND-0016,129044.75,0.9209,0.804,62.3,4.51,0.0118,11.3,151,0.5634,0,2026-03-26 00:00:00,0
BID-006133,AUC-1108,VND-0289,123829.77,0.8836,0.574,65.1,3.93,0.0256,10.5,200,0.4961,0,2026-03-26 00:00:00,0
BID-006134,AUC-1108,VND-0375,121463.9,0.8668,0.953,91.0,4.88,0.0028,2.7,215,0.7206,0,2026-03-26 00:00:00,1
BID-006135,AUC-1108,VND-0062,118965.64,0.8489,0.659,52.8,4.15,0.0205,14.2,231,0.51,0,2026-03-26 00:00:00,0
BID-006136,AUC-1108,VND-0221,114214.55,0.815,0.542,54.8,3.86,0.0275,13.6,162,0.4834,0,2026-03-26 00:00:00,0
BID-006137,AUC-1108,VND-0289,111549.56,0.796,0.574,65.1,3.93,0.0256,10.5,200,0.5311,0,2026-03-26 00:00:00,0
BID-006138,AUC-1108,VND-0289,106435.51,0.7595,0.574,65.1,3.93,0.0256,10.5,200,0.5457,0,2026-03-26 00:00:00,0
BID-006139,AUC-1109,VND-0075,17747.33,0.9541,0.526,51.0,3.81,0.0285,14.7,52,0.5178,0,2026-02-10 00:00:00,0
BID-006140,AUC-1109,VND-0756,17153.4,0.9222,0.906,82.6,4.77,0.0056,5.2,169,0.7425,0,2026-02-10 00:00:00,0
BID-006141,AUC-1109,VND-0297,16382.7,0.8808,0.591,50.0,3.98,0.0245,15.0,89,0.5639,0,2026-02-10 00:00:00,0
BID-006142,AUC-1109,VND-0691,15743.54,0.8464,0.582,50.5,3.95,0.0251,14.8,213,0.5668,0,2026-02-10 00:00:00,0
BID-006143,AUC-1109,VND-0318,15054.79,0.8094,0.554,50.0,3.88,0.0268,15.0,81,0.5606,0,2026-02-10 00:00:00,0
BID-006144,AUC-1109,VND-0002,14848.4,0.7983,0.866,77.9,4.66,0.008,6.6,67,0.7433,0,2026-02-10 00:00:00,1
BID-006145,AUC-1109,VND-0075,14470.06,0.7779,0.526,51.0,3.81,0.0285,14.7,52,0.5548,0,2026-02-10 00:00:00,0
BID-006146,AUC-1110,VND-0481,147156.53,0.9573,0.541,51.9,3.85,0.0275,14.4,138,0.4116,0,2026-04-09 00:00:00,0
BID-006147,AUC-1110,VND-0581,140447.54,0.9137,0.913,77.0,4.78,0.0052,6.9,210,0.6368,0,2026-04-09 00:00:00,0
BID-006148,AUC-1110,VND-0071,136719.75,0.8894,0.981,82.4,4.95,0.0011,5.3,282,0.6887,0,2026-04-09 00:00:00,1
BID-006149,AUC-1110,VND-0314,134777.31,0.8768,0.731,71.6,4.33,0.0161,8.5,227,0.5764,0,2026-04-09 00:00:00,0
BID-006150,AUC-1110,VND-0314,130819.62,0.851,0.731,71.6,4.33,0.0161,8.5,227,0.5895,0,2026-04-09 00:00:00,0
BID-006151,AUC-1110,VND-0471,127038.11,0.8264,0.637,59.5,4.09,0.0218,12.2,189,0.534,0,2026-04-09 00:00:00,0
BID-006152,AUC-1110,VND-0481,121290.33,0.789,0.541,51.9,3.85,0.0275,14.4,138,0.4974,0,2026-04-09 00:00:00,0
BID-006153,AUC-1111,VND-0551,376991.8,0.9695,0.529,52.5,3.82,0.0283,14.2,295,0.3412,0,2026-02-19 00:00:00,0
BID-006154,AUC-1111,VND-0265,370934.28,0.954,0.528,56.3,3.82,0.0283,13.1,195,0.3583,0,2026-02-19 00:00:00,0
BID-006155,AUC-1111,VND-0265,357089.18,0.9183,0.528,56.3,3.82,0.0283,13.1,195,0.3744,0,2026-02-19 00:00:00,0
BID-006156,AUC-1111,VND-0551,349289.74,0.8983,0.529,52.5,3.82,0.0283,14.2,295,0.3732,0,2026-02-19 00:00:00,0
BID-006157,AUC-1111,VND-0601,342047.38,0.8797,0.879,68.0,4.7,0.0073,9.6,228,0.4936,0,2026-02-19 00:00:00,1
BID-006158,AUC-1111,VND-0264,338288.56,0.87,0.707,60.1,4.27,0.0176,12.0,161,0.4423,0,2026-02-19 00:00:00,0
BID-006159,AUC-1112,VND-0502,255586.7,0.9689,0.936,87.9,4.84,0.0038,3.6,71,0.6931,0,2026-06-14 00:00:00,0
BID-006160,AUC-1112,VND-0622,245448.67,0.9304,0.885,90.7,4.71,0.0069,2.8,57,0.694,0,2026-06-14 00:00:00,0
BID-006161,AUC-1112,VND-0588,234719.12,0.8898,0.817,75.3,4.54,0.011,7.4,112,0.639,0,2026-06-14 00:00:00,0
BID-006162,AUC-1112,VND-0502,225578.55,0.8551,0.936,87.9,4.84,0.0038,3.6,71,0.7227,0,2026-06-14 00:00:00,0
BID-006163,AUC-1112,VND-0214,221680.58,0.8403,0.721,73.1,4.3,0.0168,8.1,268,0.614,0,2026-06-14 00:00:00,0
BID-006164,AUC-1112,VND-0502,218863.65,0.8297,0.936,87.9,4.84,0.0038,3.6,71,0.7293,0,2026-06-14 00:00:00,0
BID-006165,AUC-1112,VND-0214,215517.51,0.817,0.721,73.1,4.3,0.0168,8.1,268,0.6201,0,2026-06-14 00:00:00,0
BID-006166,AUC-1112,VND-0502,206622.78,0.7833,0.936,87.9,4.84,0.0038,3.6,71,0.7414,0,2026-06-14 00:00:00,1
BID-006167,AUC-1113,VND-0055,173294.56,0.9597,0.614,50.0,4.04,0.0231,15.0,86,0.5469,0,2026-01-10 00:00:00,0
BID-006168,AUC-1113,VND-0616,167613.94,0.9283,0.947,74.5,4.87,0.0032,7.6,284,0.7146,0,2026-01-10 00:00:00,0
BID-006169,AUC-1113,VND-0398,163213.95,0.9039,0.509,58.5,3.77,0.0295,12.4,206,0.5308,0,2026-01-10 00:00:00,0
BID-006170,AUC-1113,VND-0455,160127.11,0.8868,0.63,51.8,4.07,0.0222,14.5,253,0.5727,0,2026-01-10 00:00:00,0
BID-006171,AUC-1113,VND-0455,154751.58,0.857,0.63,51.8,4.07,0.0222,14.5,253,0.5802,0,2026-01-10 00:00:00,0
BID-006172,AUC-1113,VND-0581,148203.13,0.8208,0.913,77.0,4.78,0.0052,6.9,210,0.7312,0,2026-01-10 00:00:00,1
BID-006173,AUC-1114,VND-0628,189283.78,0.9851,0.843,69.7,4.61,0.0094,9.1,121,0.3536,0,2026-02-21 00:00:00,1
BID-006174,AUC-1114,VND-0066,182870.29,0.9517,0.709,54.7,4.27,0.0175,13.6,259,0.3197,0,2026-02-21 00:00:00,0
BID-006175,AUC-1114,VND-0535,179670.56,0.935,0.677,61.0,4.19,0.0194,11.7,113,0.3266,0,2026-02-21 00:00:00,0
BID-006176,AUC-1114,VND-0342,177640.41,0.9245,0.585,59.0,3.96,0.0249,12.3,196,0.3045,0,2026-02-21 00:00:00,0
BID-006177,AUC-1115,VND-0625,10220.63,0.9585,0.96,86.5,4.9,0.0024,4.0,258,0.5449,0,2026-03-17 00:00:00,1
BID-006178,AUC-1115,VND-0206,9866.27,0.9253,0.66,69.8,4.15,0.0204,9.1,239,0.4443,0,2026-03-17 00:00:00,0
BID-006179,AUC-1115,VND-0206,9668.06,0.9067,0.66,69.8,4.15,0.0204,9.1,239,0.4524,0,2026-03-17 00:00:00,0
BID-006180,AUC-1115,VND-0197,9562.66,0.8968,0.686,65.9,4.22,0.0188,10.2,297,0.4584,0,2026-03-17 00:00:00,0
BID-006181,AUC-1116,VND-0761,150891.54,0.9617,0.53,59.9,3.83,0.0282,12.0,230,0.3119,0,2026-04-06 00:00:00,0
BID-006182,AUC-1116,VND-0732,143847.13,0.9168,0.553,50.6,3.88,0.0268,14.8,263,0.3173,0,2026-04-06 00:00:00,0
BID-006183,AUC-1116,VND-0032,138887.44,0.8852,0.914,75.0,4.79,0.0051,7.5,16,0.4559,0,2026-04-06 00:00:00,0
BID-006184,AUC-1116,VND-0732,136773.5,0.8717,0.553,50.6,3.88,0.0268,14.8,263,0.3412,0,2026-04-06 00:00:00,0
BID-006185,AUC-1116,VND-0761,133011.43,0.8477,0.53,59.9,3.83,0.0282,12.0,230,0.3723,0,2026-04-06 00:00:00,0
BID-006186,AUC-1116,VND-0032,129962.17,0.8283,0.914,75.0,4.79,0.0051,7.5,16,0.4861,0,2026-04-06 00:00:00,1
BID-006187,AUC-1116,VND-0597,125549.77,0.8002,0.673,68.1,4.18,0.0196,9.6,253,0.4421,0,2026-04-06 00:00:00,0
BID-006188,AUC-1117,VND-0101,323065.72,0.9887,0.821,69.1,4.55,0.0107,9.3,157,0.6731,0,2026-04-12 00:00:00,0
BID-006189,AUC-1117,VND-0220,308702.4,0.9447,0.853,68.0,4.63,0.0088,9.6,41,0.6917,0,2026-04-12 00:00:00,0
BID-006190,AUC-1117,VND-0318,302481.33,0.9257,0.554,50.0,3.88,0.0268,15.0,81,0.5472,0,2026-04-12 00:00:00,0
BID-006191,AUC-1117,VND-0318,295980.78,0.9058,0.554,50.0,3.88,0.0268,15.0,81,0.5511,0,2026-04-12 00:00:00,0
BID-006192,AUC-1117,VND-0220,283787.88,0.8685,0.853,68.0,4.63,0.0088,9.6,41,0.707,0,2026-04-12 00:00:00,1
BID-006193,AUC-1117,VND-0318,278164.24,0.8513,0.554,50.0,3.88,0.0268,15.0,81,0.562,0,2026-04-12 00:00:00,0
BID-006194,AUC-1118,VND-0459,477492.67,0.9798,0.647,64.8,4.12,0.0212,10.6,180,0.5347,0,2026-05-04 00:00:00,0
BID-006195,AUC-1118,VND-0602,466031.64,0.9562,0.511,50.0,3.78,0.0293,15.0,209,0.4603,0,2026-05-04 00:00:00,0
BID-006196,AUC-1118,VND-0602,444510.03,0.9121,0.511,50.0,3.78,0.0293,15.0,209,0.4722,0,2026-05-04 00:00:00,0
BID-006197,AUC-1118,VND-0459,434304.37,0.8911,0.647,64.8,4.12,0.0212,10.6,180,0.5586,0,2026-05-04 00:00:00,1
BID-006198,AUC-1118,VND-0614,422835.32,0.8676,0.699,54.6,4.25,0.0181,13.6,235,0.553,0,2026-05-04 00:00:00,0
BID-006199,AUC-1118,VND-0602,402190.42,0.8253,0.511,50.0,3.78,0.0293,15.0,209,0.4956,0,2026-05-04 00:00:00,0
BID-006200,AUC-1118,VND-0602,392810.99,0.806,0.511,50.0,3.78,0.0293,15.0,209,0.5008,0,2026-05-04 00:00:00,0
BID-006201,AUC-1119,VND-0374,411553.85,0.9682,0.692,66.0,4.23,0.0185,10.2,194,0.5869,0,2026-02-23 00:00:00,0
BID-006202,AUC-1119,VND-0432,396264.86,0.9323,0.762,65.8,4.41,0.0143,10.3,44,0.6243,0,2026-02-23 00:00:00,0
BID-006203,AUC-1119,VND-0432,388677.42,0.9144,0.762,65.8,4.41,0.0143,10.3,44,0.6286,0,2026-02-23 00:00:00,0
BID-006204,AUC-1119,VND-0501,382166.55,0.8991,0.593,58.5,3.98,0.0244,12.4,209,0.5508,0,2026-02-23 00:00:00,0
BID-006205,AUC-1119,VND-0501,364774.7,0.8582,0.593,58.5,3.98,0.0244,12.4,209,0.5606,0,2026-02-23 00:00:00,0
BID-006206,AUC-1119,VND-0374,360628.2,0.8484,0.692,66.0,4.23,0.0185,10.2,194,0.6157,0,2026-02-23 00:00:00,0
BID-006207,AUC-1119,VND-0432,348057.68,0.8188,0.762,65.8,4.41,0.0143,10.3,44,0.6516,0,2026-02-23 00:00:00,1
BID-006208,AUC-1120,VND-0648,20646.36,0.9576,0.9,75.1,4.75,0.006,7.5,101,0.6246,0,2026-06-05 00:00:00,0
BID-006209,AUC-1120,VND-0648,19798.43,0.9182,0.9,75.1,4.75,0.006,7.5,101,0.6411,0,2026-06-05 00:00:00,0
BID-006210,AUC-1120,VND-0419,18872.11,0.8753,0.957,77.5,4.89,0.0026,6.8,117,0.6885,0,2026-06-05 00:00:00,1
BID-006211,AUC-1120,VND-0648,18308.17,0.8491,0.9,75.1,4.75,0.006,7.5,101,0.6701,0,2026-06-05 00:00:00,0
BID-006212,AUC-1121,VND-0222,437256.16,0.971,0.687,60.3,4.22,0.0188,11.9,29,0.4436,0,2026-03-13 00:00:00,0
BID-006213,AUC-1121,VND-0493,427466.7,0.9493,0.864,79.0,4.66,0.0082,6.3,278,0.5465,0,2026-03-13 00:00:00,0
BID-006214,AUC-1121,VND-0222,415889.02,0.9236,0.687,60.3,4.22,0.0188,11.9,29,0.4621,0,2026-03-13 00:00:00,0
BID-006215,AUC-1121,VND-0125,408491.21,0.9072,0.982,94.8,4.95,0.0011,1.6,280,0.6311,0,2026-03-13 00:00:00,1
BID-006216,AUC-1122,VND-0418,384723.47,0.977,0.749,62.9,4.37,0.015,11.1,249,0.6275,0,2026-04-14 00:00:00,0
BID-006217,AUC-1122,VND-0418,378124.73,0.9603,0.749,62.9,4.37,0.015,11.1,249,0.6308,0,2026-04-14 00:00:00,0
BID-006218,AUC-1122,VND-0001,369621.17,0.9387,0.687,73.5,4.22,0.0188,8.0,27,0.6393,0,2026-04-14 00:00:00,1
BID-006219,AUC-1123,VND-0111,377110.22,0.9611,0.829,75.8,4.57,0.0103,7.3,221,0.5544,0,2026-04-29 00:00:00,0
BID-006220,AUC-1123,VND-0637,367895.87,0.9376,0.89,67.6,4.72,0.0066,9.7,209,0.5678,0,2026-04-29 00:00:00,0
BID-006221,AUC-1123,VND-0125,350279.32,0.8927,0.982,94.8,4.95,0.0011,1.6,280,0.6706,0,2026-04-29 00:00:00,1
BID-006222,AUC-1124,VND-0227,225898.72,0.9637,0.712,73.7,4.28,0.0173,7.9,154,0.3669,0,2026-06-16 00:00:00,0
BID-006223,AUC-1124,VND-0357,223137.75,0.9519,0.736,63.5,4.34,0.0159,11.0,240,0.3664,0,2026-06-16 00:00:00,0
BID-006224,AUC-1124,VND-0522,217284.48,0.9269,0.659,67.9,4.15,0.0204,9.6,95,0.3692,0,2026-06-16 00:00:00,0
BID-006225,AUC-1124,VND-0227,207511.5,0.8852,0.712,73.7,4.28,0.0173,7.9,154,0.4108,0,2026-06-16 00:00:00,0
BID-006226,AUC-1124,VND-0522,200039.14,0.8533,0.659,67.9,4.15,0.0204,9.6,95,0.4104,0,2026-06-16 00:00:00,0
BID-006227,AUC-1124,VND-0357,191798.18,0.8182,0.736,63.5,4.34,0.0159,11.0,240,0.4413,0,2026-06-16 00:00:00,1
BID-006228,AUC-1124,VND-0522,188567.4,0.8044,0.659,67.9,4.15,0.0204,9.6,95,0.4378,0,2026-06-16 00:00:00,0
BID-006229,AUC-1125,VND-0793,202518.02,0.9878,0.994,81.1,4.98,0.001,5.7,140,0.547,0,2026-06-07 00:00:00,0
BID-006230,AUC-1125,VND-0193,193132.95,0.942,0.868,87.1,4.67,0.0079,3.9,282,0.533,0,2026-06-07 00:00:00,0
BID-006231,AUC-1125,VND-0146,188943.08,0.9216,0.515,50.0,3.79,0.0291,15.0,234,0.3458,0,2026-06-07 00:00:00,0
BID-006232,AUC-1125,VND-0193,180009.82,0.878,0.868,87.1,4.67,0.0079,3.9,282,0.5599,0,2026-06-07 00:00:00,0
BID-006233,AUC-1125,VND-0211,176757.67,0.8621,0.896,93.2,4.74,0.0063,2.0,238,0.5881,0,2026-06-07 00:00:00,0
BID-006234,AUC-1125,VND-0146,171400.58,0.836,0.515,50.0,3.79,0.0291,15.0,234,0.3817,0,2026-06-07 00:00:00,0
BID-006235,AUC-1125,VND-0028,168714.67,0.8229,0.799,83.3,4.5,0.0121,5.0,212,0.5513,0,2026-06-07 00:00:00,0
BID-006236,AUC-1125,VND-0211,162379.13,0.792,0.896,93.2,4.74,0.0063,2.0,238,0.6175,0,2026-06-07 00:00:00,1
BID-006237,AUC-1126,VND-0313,151802.45,0.9582,0.809,69.6,4.52,0.0115,9.1,131,0.5795,0,2026-06-09 00:00:00,0
BID-006238,AUC-1126,VND-0564,148246.8,0.9357,0.543,54.1,3.86,0.0274,13.8,291,0.4607,0,2026-06-09 00:00:00,0
BID-006239,AUC-1126,VND-0019,145853.92,0.9206,0.652,54.4,4.13,0.0209,13.7,127,0.5066,0,2026-06-09 00:00:00,0
BID-006240,AUC-1126,VND-0405,142053.93,0.8966,0.725,57.4,4.31,0.0165,12.8,249,0.5464,0,2026-06-09 00:00:00,0
BID-006241,AUC-1126,VND-0313,139111.19,0.8781,0.809,69.6,4.52,0.0115,9.1,131,0.6043,0,2026-06-09 00:00:00,1
BID-006242,AUC-1126,VND-0019,135815.69,0.8573,0.652,54.4,4.13,0.0209,13.7,127,0.5262,0,2026-06-09 00:00:00,0
BID-006243,AUC-1127,VND-0051,40930.92,0.9701,0.516,53.7,3.79,0.0291,13.9,112,0.3091,0,2026-06-29 00:00:00,0
BID-006244,AUC-1127,VND-0607,39425.8,0.9345,0.582,59.4,3.95,0.0251,12.2,53,0.3565,0,2026-06-29 00:00:00,0
BID-006245,AUC-1127,VND-0107,38057.84,0.902,0.826,68.4,4.56,0.0104,9.5,290,0.4586,0,2026-06-29 00:00:00,0
BID-006246,AUC-1127,VND-0325,37565.2,0.8904,0.895,79.8,4.74,0.0063,6.1,300,0.5082,0,2026-06-29 00:00:00,0
BID-006247,AUC-1127,VND-0553,37120.09,0.8798,0.997,80.1,4.99,0.001,6.0,74,0.5418,0,2026-06-29 00:00:00,1
BID-006248,AUC-1127,VND-0109,36519.14,0.8656,0.663,70.2,4.16,0.0202,8.9,184,0.435,0,2026-06-29 00:00:00,0
BID-006249,AUC-1127,VND-0325,35969.41,0.8525,0.895,79.8,4.74,0.0063,6.1,300,0.526,0,2026-06-29 00:00:00,0
BID-006250,AUC-1128,VND-0493,117813.06,0.967,0.864,79.0,4.66,0.0082,6.3,278,0.6677,0,2026-02-11 00:00:00,1
BID-006251,AUC-1128,VND-0111,113081.92,0.9282,0.829,75.8,4.57,0.0103,7.3,221,0.6592,0,2026-02-11 00:00:00,0
BID-006252,AUC-1128,VND-0731,110411.08,0.9062,0.697,64.6,4.24,0.0182,10.6,160,0.5965,0,2026-02-11 00:00:00,0
BID-006253,AUC-1129,VND-0379,125285.44,0.9576,0.81,73.5,4.53,0.0114,8.0,200,0.4723,0,2026-06-29 00:00:00,0
BID-006254,AUC-1129,VND-0578,121880.9,0.9316,0.809,84.2,4.52,0.0114,4.7,281,0.5065,0,2026-06-29 00:00:00,0
BID-006255,AUC-1129,VND-0150,116751.8,0.8924,0.811,63.5,4.53,0.0113,11.0,291,0.4894,0,2026-06-29 00:00:00,0
BID-006256,AUC-1129,VND-0511,115195.35,0.8805,0.849,68.8,4.62,0.0091,9.4,265,0.5181,0,2026-06-29 00:00:00,1
BID-006257,AUC-1129,VND-0627,113283.69,0.8658,0.559,50.0,3.9,0.0265,15.0,106,0.3977,0,2026-06-29 00:00:00,0
BID-006258,AUC-1130,VND-0416,237843.88,0.9622,0.612,54.3,4.03,0.0233,13.7,104,0.4656,0,2026-05-23 00:00:00,0
BID-006259,AUC-1130,VND-0796,226000.03,0.9142,0.846,91.2,4.62,0.0092,2.6,207,0.6744,0,2026-05-23 00:00:00,1
BID-006260,AUC-1130,VND-0416,215470.78,0.8717,0.612,54.3,4.03,0.0233,13.7,104,0.491,0,2026-05-23 00:00:00,0
BID-006261,AUC-1130,VND-0416,208478.42,0.8434,0.612,54.3,4.03,0.0233,13.7,104,0.4989,0,2026-05-23 00:00:00,0
BID-006262,AUC-1130,VND-0311,199499.45,0.807,0.592,50.0,3.98,0.0245,15.0,73,0.4895,0,2026-05-23 00:00:00,0
BID-006263,AUC-1130,VND-0311,196240.02,0.7939,0.592,50.0,3.98,0.0245,15.0,73,0.4932,0,2026-05-23 00:00:00,0
BID-006264,AUC-1131,VND-0366,369809.15,0.9829,0.582,63.5,3.96,0.0251,11.0,190,0.4132,0,2026-04-16 00:00:00,0
BID-006265,AUC-1131,VND-0558,352021.78,0.9356,0.796,69.2,4.49,0.0122,9.2,126,0.5005,0,2026-04-16 00:00:00,0
BID-006266,AUC-1131,VND-0527,338256.08,0.899,0.97,94.5,4.92,0.0018,1.6,105,0.5975,0,2026-04-16 00:00:00,0
BID-006267,AUC-1131,VND-0591,324594.25,0.8627,0.981,87.5,4.95,0.0011,3.8,170,0.6073,0,2026-04-16 00:00:00,1
BID-006268,AUC-1132,VND-0478,237831.52,0.9821,0.709,64.8,4.27,0.0174,10.6,112,0.5441,0,2026-04-30 00:00:00,0
BID-006269,AUC-1132,VND-0146,227272.49,0.9385,0.515,50.0,3.79,0.0291,15.0,234,0.464,0,2026-04-30 00:00:00,0
BID-006270,AUC-1132,VND-0214,220282.57,0.9096,0.721,73.1,4.3,0.0168,8.1,268,0.5835,0,2026-04-30 00:00:00,0
BID-006271,AUC-1132,VND-0777,212761.23,0.8786,0.91,94.7,4.77,0.0054,1.6,30,0.6952,0,2026-04-30 00:00:00,1
BID-006272,AUC-1133,VND-0483,36588.67,0.9542,0.644,58.3,4.11,0.0213,12.5,255,0.5249,0,2026-03-30 00:00:00,0
BID-006273,AUC-1133,VND-0668,35232.91,0.9189,0.987,94.8,4.97,0.001,1.6,289,0.7618,0,2026-03-30 00:00:00,1
BID-006274,AUC-1133,VND-0371,33703.92,0.879,0.731,65.5,4.33,0.0161,10.4,186,0.5961,0,2026-03-30 00:00:00,0
BID-006275,AUC-1133,VND-0407,32132.25,0.838,0.562,60.1,3.91,0.0263,12.0,88,0.5238,0,2026-03-30 00:00:00,0
BID-006276,AUC-1133,VND-0371,30830.38,0.8041,0.731,65.5,4.33,0.0161,10.4,186,0.614,0,2026-03-30 00:00:00,0
BID-006277,AUC-1134,VND-0556,465495.41,0.9712,0.908,74.0,4.77,0.0055,7.8,44,0.5613,0,2026-01-11 00:00:00,0
BID-006278,AUC-1134,VND-0018,442946.65,0.9241,0.983,93.5,4.96,0.001,2.0,209,0.6429,0,2026-01-11 00:00:00,1
BID-006279,AUC-1134,VND-0263,425742.69,0.8882,0.919,85.5,4.8,0.0049,4.4,40,0.6175,0,2026-01-11 00:00:00,0
BID-006280,AUC-1134,VND-0277,416596.37,0.8691,0.776,69.6,4.44,0.0134,9.1,78,0.5396,0,2026-01-11 00:00:00,0
BID-006281,AUC-1135,VND-0156,460005.48,0.9747,0.719,59.2,4.3,0.0168,12.2,98,0.5036,0,2026-06-22 00:00:00,0
BID-006282,AUC-1135,VND-0650,453089.01,0.9601,0.818,76.8,4.55,0.0109,7.0,168,0.5649,0,2026-06-22 00:00:00,0
BID-006283,AUC-1135,VND-0488,437794.55,0.9277,0.516,50.0,3.79,0.0291,15.0,75,0.4436,0,2026-06-22 00:00:00,0
BID-006284,AUC-1135,VND-0086,429549.58,0.9102,0.839,64.6,4.6,0.0097,10.6,233,0.5722,0,2026-06-22 00:00:00,1
BID-006285,AUC-1136,VND-0225,376389.38,0.9535,0.688,59.0,4.22,0.0187,12.3,251,0.4185,0,2026-01-23 00:00:00,0
BID-006286,AUC-1136,VND-0604,370392.61,0.9383,0.842,74.7,4.6,0.0095,7.6,266,0.5089,0,2026-01-23 00:00:00,0
BID-006287,AUC-1136,VND-0680,365077.73,0.9248,0.638,58.8,4.1,0.0217,12.4,168,0.4157,0,2026-01-23 00:00:00,0
BID-006288,AUC-1136,VND-0053,350443.34,0.8878,0.954,81.0,4.88,0.0028,5.7,65,0.5799,0,2026-01-23 00:00:00,0
BID-006289,AUC-1136,VND-0533,335450.08,0.8498,0.711,66.1,4.28,0.0174,10.2,98,0.4881,0,2026-01-23 00:00:00,0
BID-006290,AUC-1136,VND-0263,327926.08,0.8307,0.919,85.5,4.8,0.0049,4.4,40,0.6054,0,2026-01-23 00:00:00,0
BID-006291,AUC-1136,VND-0053,321254.43,0.8138,0.954,81.0,4.88,0.0028,5.7,65,0.6124,0,2026-01-23 00:00:00,1
BID-006292,AUC-1136,VND-0604,312630.62,0.792,0.842,74.7,4.6,0.0095,7.6,266,0.5733,0,2026-01-23 00:00:00,0
BID-006293,AUC-1137,VND-0536,488297.08,0.985,0.648,56.1,4.12,0.0211,13.2,222,0.4214,0,2026-05-02 00:00:00,0
BID-006294,AUC-1137,VND-0004,479167.34,0.9665,0.529,52.5,3.82,0.0283,14.2,273,0.3757,0,2026-05-02 00:00:00,0
BID-006295,AUC-1137,VND-0536,462668.28,0.9333,0.648,56.1,4.12,0.0211,13.2,222,0.4395,0,2026-05-02 00:00:00,0
BID-006296,AUC-1137,VND-0536,449743.64,0.9072,0.648,56.1,4.12,0.0211,13.2,222,0.4486,0,2026-05-02 00:00:00,0
BID-006297,AUC-1137,VND-0536,442303.37,0.8922,0.648,56.1,4.12,0.0211,13.2,222,0.4539,0,2026-05-02 00:00:00,0
BID-006298,AUC-1137,VND-0004,423123.96,0.8535,0.529,52.5,3.82,0.0283,14.2,273,0.4153,0,2026-05-02 00:00:00,0
BID-006299,AUC-1137,VND-0536,408459.22,0.8239,0.648,56.1,4.12,0.0211,13.2,222,0.4778,0,2026-05-02 00:00:00,1
BID-006300,AUC-1138,VND-0332,265285.55,0.9584,0.803,67.7,4.51,0.0118,9.7,41,0.5143,0,2026-01-06 00:00:00,0
BID-006301,AUC-1138,VND-0552,258056.25,0.9323,0.942,97.0,4.85,0.0035,0.9,91,0.6261,0,2026-01-06 00:00:00,0
BID-006302,AUC-1138,VND-0552,247819.11,0.8953,0.942,97.0,4.85,0.0035,0.9,91,0.6398,0,2026-01-06 00:00:00,1
BID-006303,AUC-1138,VND-0084,238118.54,0.8603,0.66,58.1,4.15,0.0204,12.6,37,0.4761,0,2026-01-06 00:00:00,0
BID-006304,AUC-1139,VND-0308,465278.22,0.9658,0.937,91.2,4.84,0.0038,2.6,155,0.7099,0,2026-05-18 00:00:00,1
BID-006305,AUC-1139,VND-0364,449930.57,0.9339,0.57,59.6,3.92,0.0258,12.1,179,0.5295,0,2026-05-18 00:00:00,0
BID-006306,AUC-1139,VND-0364,437650.63,0.9084,0.57,59.6,3.92,0.0258,12.1,179,0.5361,0,2026-05-18 00:00:00,0
BID-006307,AUC-1139,VND-0033,426156.54,0.8846,0.64,57.5,4.1,0.0216,12.8,271,0.5633,0,2026-05-18 00:00:00,0
BID-006308,AUC-1140,VND-0433,45977.39,0.9773,0.7,64.5,4.25,0.018,10.6,277,0.4306,0,2026-06-24 00:00:00,0
BID-006309,AUC-1140,VND-0289,44203.77,0.9396,0.574,65.1,3.93,0.0256,10.5,200,0.4115,0,2026-06-24 00:00:00,0
BID-006310,AUC-1140,VND-0447,43450.47,0.9236,0.915,80.0,4.79,0.0051,6.0,168,0.5359,0,2026-06-24 00:00:00,0
BID-006311,AUC-1140,VND-0378,42798.82,0.9097,0.57,62.5,3.92,0.0258,11.2,284,0.4206,0,2026-06-24 00:00:00,0
BID-006312,AUC-1140,VND-0728,41345.9,0.8788,0.515,57.3,3.79,0.0291,12.8,249,0.4128,0,2026-06-24 00:00:00,0
BID-006313,AUC-1140,VND-0289,39717.35,0.8442,0.574,65.1,3.93,0.0256,10.5,200,0.4544,0,2026-06-24 00:00:00,0
BID-006314,AUC-1140,VND-0728,37810.34,0.8037,0.515,57.3,3.79,0.0291,12.8,249,0.4466,0,2026-06-24 00:00:00,0
BID-006315,AUC-1140,VND-0447,36001.36,0.7652,0.915,80.0,4.79,0.0051,6.0,168,0.6071,0,2026-06-24 00:00:00,1
BID-006316,AUC-1141,VND-0268,182846.06,0.9665,0.884,91.9,4.71,0.0069,2.4,82,0.6598,0,2026-02-26 00:00:00,0
BID-006317,AUC-1141,VND-0326,178681.08,0.9445,0.543,54.8,3.86,0.0274,13.6,151,0.4622,0,2026-02-26 00:00:00,0
BID-006318,AUC-1141,VND-0243,171610.01,0.9071,0.792,85.9,4.48,0.0125,4.2,53,0.6304,0,2026-02-26 00:00:00,0
BID-006319,AUC-1141,VND-0669,163955.34,0.8666,0.6,54.9,4.0,0.024,13.5,142,0.506,0,2026-02-26 00:00:00,0
BID-006320,AUC-1141,VND-0326,161171.26,0.8519,0.543,54.8,3.86,0.0274,13.6,151,0.4891,0,2026-02-26 00:00:00,0
BID-006321,AUC-1141,VND-0268,155962.62,0.8244,0.884,91.9,4.71,0.0069,2.4,82,0.701,0,2026-02-26 00:00:00,1
BID-006322,AUC-1141,VND-0243,152317.0,0.8051,0.792,85.9,4.48,0.0125,4.2,53,0.6599,0,2026-02-26 00:00:00,0
BID-006323,AUC-1142,VND-0724,119137.58,0.9892,0.846,86.1,4.62,0.0092,4.2,207,0.6764,0,2026-04-25 00:00:00,0
BID-006324,AUC-1142,VND-0452,116838.49,0.9701,0.591,52.0,3.98,0.0246,14.4,218,0.475,0,2026-04-25 00:00:00,0
BID-006325,AUC-1142,VND-0718,114508.49,0.9508,0.57,50.0,3.92,0.0258,15.0,278,0.4643,0,2026-04-25 00:00:00,0
BID-006326,AUC-1142,VND-0724,113132.22,0.9393,0.846,86.1,4.62,0.0092,4.2,207,0.6874,0,2026-04-25 00:00:00,1
BID-006327,AUC-1143,VND-0107,101685.33,0.9597,0.826,68.4,4.56,0.0104,9.5,290,0.6122,0,2026-04-11 00:00:00,0
BID-006328,AUC-1143,VND-0107,100580.46,0.9492,0.826,68.4,4.56,0.0104,9.5,290,0.6146,0,2026-04-11 00:00:00,0
BID-006329,AUC-1143,VND-0161,97407.21,0.9193,0.775,78.1,4.44,0.0135,6.6,192,0.6295,0,2026-04-11 00:00:00,1
BID-006330,AUC-1143,VND-0289,93648.93,0.8838,0.574,65.1,3.93,0.0256,10.5,200,0.5151,0,2026-04-11 00:00:00,0
BID-006331,AUC-1144,VND-0225,78051.21,0.9881,0.688,59.0,4.22,0.0187,12.3,251,0.4541,0,2026-01-14 00:00:00,1
BID-006332,AUC-1144,VND-0062,74705.94,0.9457,0.659,52.8,4.15,0.0205,14.2,231,0.4532,0,2026-01-14 00:00:00,0
BID-006333,AUC-1144,VND-0237,73672.5,0.9326,0.522,58.5,3.8,0.0287,12.4,225,0.4135,0,2026-01-14 00:00:00,0
BID-006334,AUC-1145,VND-0087,305100.77,0.9686,0.756,58.6,4.39,0.0146,12.4,91,0.4173,0,2026-04-07 00:00:00,0
BID-006335,AUC-1145,VND-0294,301389.05,0.9568,0.538,50.0,3.84,0.0277,15.0,120,0.328,0,2026-04-07 00:00:00,0
BID-006336,AUC-1145,VND-0087,290731.33,0.923,0.756,58.6,4.39,0.0146,12.4,91,0.4374,0,2026-04-07 00:00:00,1
BID-006337,AUC-1145,VND-0360,284644.78,0.9037,0.562,51.8,3.91,0.0263,14.5,161,0.3633,0,2026-04-07 00:00:00,0
BID-006338,AUC-1145,VND-0564,271603.94,0.8623,0.543,54.1,3.86,0.0274,13.8,291,0.3781,0,2026-04-07 00:00:00,0
BID-006339,AUC-1146,VND-0798,383084.1,0.9751,0.862,79.0,4.66,0.0083,6.3,45,0.6191,0,2026-01-09 00:00:00,0
BID-006340,AUC-1146,VND-0229,366138.74,0.932,0.506,50.0,3.76,0.0297,15.0,275,0.4784,0,2026-01-09 00:00:00,0
BID-006341,AUC-1146,VND-0798,357779.91,0.9107,0.862,79.0,4.66,0.0083,6.3,45,0.6397,0,2026-01-09 00:00:00,1
BID-006342,AUC-1146,VND-0492,342741.93,0.8725,0.553,50.0,3.88,0.0268,15.0,257,0.5141,0,2026-01-09 00:00:00,0
BID-006343,AUC-1146,VND-0551,326408.49,0.8309,0.529,52.5,3.82,0.0283,14.2,295,0.5215,0,2026-01-09 00:00:00,0
BID-006344,AUC-1146,VND-0492,322160.38,0.8201,0.553,50.0,3.88,0.0268,15.0,257,0.5309,0,2026-01-09 00:00:00,0
BID-006345,AUC-1146,VND-0228,308056.45,0.7842,0.556,56.6,3.89,0.0267,13.0,139,0.5503,0,2026-01-09 00:00:00,0
BID-006346,AUC-1147,VND-0020,283198.49,0.9653,0.842,77.4,4.61,0.0095,6.8,43,0.5057,0,2026-02-27 00:00:00,0
BID-006347,AUC-1147,VND-0337,279119.58,0.9514,0.54,50.0,3.85,0.0276,15.0,217,0.3482,0,2026-02-27 00:00:00,0
BID-006348,AUC-1147,VND-0337,266745.41,0.9093,0.54,50.0,3.85,0.0276,15.0,217,0.3655,0,2026-02-27 00:00:00,0
BID-006349,AUC-1147,VND-0675,260258.78,0.8871,0.994,75.4,4.98,0.001,7.4,271,0.5945,0,2026-02-27 00:00:00,1
BID-006350,AUC-1147,VND-0020,248347.92,0.8465,0.842,77.4,4.61,0.0095,6.8,43,0.5544,0,2026-02-27 00:00:00,0
BID-006351,AUC-1148,VND-0218,79848.0,0.9736,0.542,55.5,3.86,0.0275,13.4,292,0.4399,0,2026-04-18 00:00:00,0
BID-006352,AUC-1148,VND-0435,76366.96,0.9312,0.931,97.5,4.83,0.0041,0.8,239,0.6866,0,2026-04-18 00:00:00,1
BID-006353,AUC-1148,VND-0186,75235.74,0.9174,0.55,50.0,3.88,0.027,15.0,266,0.452,0,2026-04-18 00:00:00,0
BID-006354,AUC-1148,VND-0186,74079.73,0.9033,0.55,50.0,3.88,0.027,15.0,266,0.4562,0,2026-04-18 00:00:00,0
BID-006355,AUC-1149,VND-0595,399506.23,0.9805,0.65,64.4,4.13,0.021,10.7,159,0.5165,0,2026-05-25 00:00:00,0
BID-006356,AUC-1149,VND-0756,395363.22,0.9703,0.906,82.6,4.77,0.0056,5.2,169,0.6708,0,2026-05-25 00:00:00,1
BID-006357,AUC-1149,VND-0596,384163.35,0.9428,0.534,52.9,3.83,0.028,14.1,172,0.4508,0,2026-05-25 00:00:00,0
BID-006358,AUC-1149,VND-0596,375517.2,0.9216,0.534,52.9,3.83,0.028,14.1,172,0.4563,0,2026-05-25 00:00:00,0
BID-006359,AUC-1149,VND-0464,369451.21,0.9067,0.634,55.9,4.09,0.0219,13.2,187,0.5115,0,2026-05-25 00:00:00,0
BID-006360,AUC-1150,VND-0721,310012.15,0.9639,0.985,78.2,4.96,0.001,6.5,82,0.6505,0,2026-04-21 00:00:00,0
BID-006361,AUC-1150,VND-0447,301388.95,0.9371,0.915,80.0,4.79,0.0051,6.0,168,0.6338,0,2026-04-21 00:00:00,0
BID-006362,AUC-1150,VND-0540,294685.19,0.9163,0.609,62.1,4.02,0.0235,11.4,183,0.4877,0,2026-04-21 00:00:00,0
BID-006363,AUC-1150,VND-0721,289194.95,0.8992,0.985,78.2,4.96,0.001,6.5,82,0.6712,0,2026-04-21 00:00:00,1
BID-006364,AUC-1150,VND-0350,286025.62,0.8893,0.577,51.8,3.94,0.0254,14.5,101,0.4669,0,2026-04-21 00:00:00,0
BID-006365,AUC-1151,VND-0689,191395.72,0.956,0.723,63.2,4.31,0.0166,11.0,181,0.5317,0,2026-03-25 00:00:00,0
BID-006366,AUC-1151,VND-0587,184889.06,0.9235,0.816,64.1,4.54,0.011,10.8,245,0.5759,0,2026-03-25 00:00:00,0
BID-006367,AUC-1151,VND-0276,176894.03,0.8836,0.76,77.6,4.4,0.0144,6.7,61,0.5877,0,2026-03-25 00:00:00,0
BID-006368,AUC-1151,VND-0689,171318.7,0.8557,0.723,63.2,4.31,0.0166,11.0,181,0.5658,0,2026-03-25 00:00:00,0
BID-006369,AUC-1151,VND-0587,169343.3,0.8459,0.816,64.1,4.54,0.011,10.8,245,0.6023,0,2026-03-25 00:00:00,1
BID-006370,AUC-1151,VND-0102,163203.29,0.8152,0.581,59.8,3.95,0.0252,12.1,289,0.5258,0,2026-03-25 00:00:00,0
BID-006371,AUC-1152,VND-0307,329628.73,0.9686,0.814,59.6,4.53,0.0112,12.1,56,0.6178,0,2026-01-05 00:00:00,0
BID-006372,AUC-1152,VND-0443,325164.31,0.9555,0.9,74.6,4.75,0.006,7.6,266,0.6967,0,2026-01-05 00:00:00,0
BID-006373,AUC-1152,VND-0399,313002.49,0.9197,0.966,92.8,4.92,0.002,2.2,186,0.7825,0,2026-01-05 00:00:00,1
BID-006374,AUC-1152,VND-0400,298216.71,0.8763,0.848,82.5,4.62,0.0091,5.2,256,0.7175,0,2026-01-05 00:00:00,0
BID-006375,AUC-1152,VND-0797,283389.24,0.8327,0.564,50.0,3.91,0.0261,15.0,120,0.5265,0,2026-01-05 00:00:00,0
BID-006376,AUC-1152,VND-0307,280156.51,0.8232,0.814,59.6,4.53,0.0112,12.1,56,0.6469,0,2026-01-05 00:00:00,0
BID-006377,AUC-1153,VND-0328,135913.8,0.9895,0.716,52.8,4.29,0.0171,14.2,88,0.4881,0,2026-06-19 00:00:00,0
BID-006378,AUC-1153,VND-0369,130670.05,0.9513,0.696,66.8,4.24,0.0182,10.0,205,0.5171,0,2026-06-19 00:00:00,0
BID-006379,AUC-1153,VND-0369,125055.83,0.9105,0.696,66.8,4.24,0.0182,10.0,205,0.5306,0,2026-06-19 00:00:00,0
BID-006380,AUC-1153,VND-0260,120437.62,0.8768,0.994,83.9,4.98,0.001,4.8,262,0.6808,0,2026-06-19 00:00:00,1
BID-006381,AUC-1154,VND-0140,175326.85,0.9787,0.851,82.2,4.63,0.0089,5.3,214,0.5931,0,2026-01-13 00:00:00,0
BID-006382,AUC-1154,VND-0140,169956.48,0.9487,0.851,82.2,4.63,0.0089,5.3,214,0.6027,0,2026-01-13 00:00:00,1
BID-006383,AUC-1154,VND-0159,163332.05,0.9117,0.704,61.2,4.26,0.0177,11.6,139,0.5021,0,2026-01-13 00:00:00,0
BID-006384,AUC-1154,VND-0347,155430.52,0.8676,0.754,62.7,4.38,0.0148,11.2,200,0.538,0,2026-01-13 00:00:00,0
BID-006385,AUC-1154,VND-0118,153567.12,0.8572,0.598,60.7,3.99,0.0241,11.8,186,0.4809,0,2026-01-13 00:00:00,0
BID-006386,AUC-1155,VND-0527,453074.54,0.9859,0.97,94.5,4.92,0.0018,1.6,105,0.6533,0,2026-01-28 00:00:00,0
BID-006387,AUC-1155,VND-0527,442260.93,0.9623,0.97,94.5,4.92,0.0018,1.6,105,0.6611,0,2026-01-28 00:00:00,0
BID-006388,AUC-1155,VND-0527,427090.23,0.9293,0.97,94.5,4.92,0.0018,1.6,105,0.672,0,2026-01-28 00:00:00,1
BID-006389,AUC-1155,VND-0451,415786.76,0.9047,0.604,50.0,4.01,0.0238,15.0,297,0.4659,0,2026-01-28 00:00:00,0
BID-006390,AUC-1155,VND-0592,407301.18,0.8863,0.816,81.3,4.54,0.011,5.6,112,0.6067,0,2026-01-28 00:00:00,0
BID-006391,AUC-1155,VND-0706,398936.26,0.8681,0.603,50.0,4.01,0.0238,15.0,268,0.4777,0,2026-01-28 00:00:00,0
BID-006392,AUC-1155,VND-0592,379885.95,0.8266,0.816,81.3,4.54,0.011,5.6,112,0.6264,0,2026-01-28 00:00:00,0
BID-006393,AUC-1156,VND-0607,146174.95,0.9595,0.582,59.4,3.95,0.0251,12.2,53,0.4689,0,2026-03-07 00:00:00,0
BID-006394,AUC-1156,VND-0465,144222.04,0.9467,0.817,63.7,4.54,0.011,10.9,29,0.5812,0,2026-03-07 00:00:00,0
BID-006395,AUC-1156,VND-0607,140735.77,0.9238,0.582,59.4,3.95,0.0251,12.2,53,0.4864,0,2026-03-07 00:00:00,0
BID-006396,AUC-1156,VND-0465,137351.95,0.9016,0.817,63.7,4.54,0.011,10.9,29,0.6033,0,2026-03-07 00:00:00,0
BID-006397,AUC-1156,VND-0378,131607.32,0.8639,0.57,62.5,3.92,0.0258,11.2,284,0.5196,0,2026-03-07 00:00:00,0
BID-006398,AUC-1156,VND-0068,128174.1,0.8413,0.971,85.6,4.93,0.0017,4.3,50,0.7559,0,2026-03-07 00:00:00,1
BID-006399,AUC-1156,VND-0607,125616.03,0.8245,0.582,59.4,3.95,0.0251,12.2,53,0.535,0,2026-03-07 00:00:00,0
BID-006400,AUC-1157,VND-0064,232234.1,0.9665,0.909,87.9,4.77,0.0055,3.6,166,0.5587,0,2026-06-24 00:00:00,0
BID-006401,AUC-1157,VND-0064,229760.73,0.9562,0.909,87.9,4.77,0.0055,3.6,166,0.5641,0,2026-06-24 00:00:00,0
BID-006402,AUC-1157,VND-0520,226225.15,0.9415,0.533,50.0,3.83,0.028,15.0,184,0.3642,0,2026-06-24 00:00:00,0
BID-006403,AUC-1157,VND-0611,220085.2,0.9159,0.975,78.9,4.94,0.0015,6.3,262,0.5751,0,2026-06-24 00:00:00,0
BID-006404,AUC-1157,VND-0064,215769.53,0.8979,0.909,87.9,4.77,0.0055,3.6,166,0.595,0,2026-06-24 00:00:00,0
BID-006405,AUC-1157,VND-0625,207540.03,0.8637,0.96,86.5,4.9,0.0024,4.0,258,0.6217,0,2026-06-24 00:00:00,1
BID-006406,AUC-1158,VND-0089,431763.08,0.9677,0.845,69.1,4.61,0.0093,9.3,201,0.6228,0,2026-06-21 00:00:00,0
BID-006407,AUC-1158,VND-0630,417222.98,0.9351,0.532,50.0,3.83,0.0281,15.0,138,0.483,0,2026-06-21 00:00:00,0
BID-006408,AUC-1158,VND-0200,399037.91,0.8944,0.875,81.1,4.69,0.0075,5.7,134,0.6733,0,2026-06-21 00:00:00,0
BID-006409,AUC-1158,VND-0630,389122.99,0.8721,0.532,50.0,3.83,0.0281,15.0,138,0.5006,0,2026-06-21 00:00:00,0
BID-006410,AUC-1158,VND-0143,377753.03,0.8467,0.789,60.0,4.47,0.0127,12.0,222,0.6215,0,2026-06-21 00:00:00,0
BID-006411,AUC-1158,VND-0200,373784.88,0.8378,0.875,81.1,4.69,0.0075,5.7,134,0.6891,0,2026-06-21 00:00:00,1
BID-006412,AUC-1159,VND-0679,339582.15,0.9518,0.95,82.9,4.88,0.003,5.1,239,0.7334,0,2026-04-09 00:00:00,0
BID-006413,AUC-1159,VND-0679,331608.55,0.9294,0.95,82.9,4.88,0.003,5.1,239,0.7388,0,2026-04-09 00:00:00,0
BID-006414,AUC-1159,VND-0115,319562.08,0.8957,0.946,87.8,4.87,0.0032,3.7,179,0.7501,0,2026-04-09 00:00:00,0
BID-006415,AUC-1159,VND-0679,312585.57,0.8761,0.95,82.9,4.88,0.003,5.1,239,0.7516,0,2026-04-09 00:00:00,1
BID-006416,AUC-1160,VND-0665,39155.04,0.9673,0.829,77.2,4.57,0.0102,6.8,208,0.5142,0,2026-03-02 00:00:00,0
BID-006417,AUC-1160,VND-0030,38134.72,0.9421,0.523,50.0,3.81,0.0286,15.0,73,0.3656,0,2026-03-02 00:00:00,0
BID-006418,AUC-1160,VND-0030,37392.01,0.9237,0.523,50.0,3.81,0.0286,15.0,73,0.3757,0,2026-03-02 00:00:00,0
BID-006419,AUC-1160,VND-0030,36816.01,0.9095,0.523,50.0,3.81,0.0286,15.0,73,0.3836,0,2026-03-02 00:00:00,0
BID-006420,AUC-1160,VND-0030,36304.42,0.8969,0.523,50.0,3.81,0.0286,15.0,73,0.3905,0,2026-03-02 00:00:00,0
BID-006421,AUC-1160,VND-0665,35922.23,0.8874,0.829,77.2,4.57,0.0102,6.8,208,0.5581,0,2026-03-02 00:00:00,0
BID-006422,AUC-1160,VND-0653,35205.61,0.8697,0.855,84.4,4.64,0.0087,4.7,217,0.5901,0,2026-03-02 00:00:00,1
BID-006423,AUC-1160,VND-0665,33765.77,0.8341,0.829,77.2,4.57,0.0102,6.8,208,0.5874,0,2026-03-02 00:00:00,0
BID-006424,AUC-1161,VND-0102,80839.35,0.9837,0.581,59.8,3.95,0.0252,12.1,289,0.3631,0,2026-03-03 00:00:00,0
BID-006425,AUC-1161,VND-0102,78031.11,0.9495,0.581,59.8,3.95,0.0252,12.1,289,0.3815,0,2026-03-03 00:00:00,0
BID-006426,AUC-1161,VND-0584,74173.52,0.9026,0.916,79.9,4.79,0.005,6.0,88,0.5637,0,2026-03-03 00:00:00,1
BID-006427,AUC-1161,VND-0282,71379.72,0.8686,0.568,50.0,3.92,0.0259,15.0,74,0.4075,0,2026-03-03 00:00:00,0
BID-006428,AUC-1162,VND-0376,13420.47,0.9695,0.558,63.7,3.9,0.0265,10.9,173,0.3888,0,2026-01-17 00:00:00,0
BID-006429,AUC-1162,VND-0263,12914.15,0.9329,0.919,85.5,4.8,0.0049,4.4,40,0.582,0,2026-01-17 00:00:00,1
BID-006430,AUC-1162,VND-0367,12733.47,0.9199,0.833,76.0,4.58,0.01,7.2,103,0.5377,0,2026-01-17 00:00:00,0
BID-006431,AUC-1162,VND-0301,12526.29,0.9049,0.584,50.0,3.96,0.0249,15.0,230,0.4027,0,2026-01-17 00:00:00,0
BID-006432,AUC-1162,VND-0367,12323.26,0.8903,0.833,76.0,4.58,0.01,7.2,103,0.5501,0,2026-01-17 00:00:00,0
BID-006433,AUC-1162,VND-0367,11888.58,0.8589,0.833,76.0,4.58,0.01,7.2,103,0.5633,0,2026-01-17 00:00:00,0
BID-006434,AUC-1163,VND-0122,313094.76,0.981,0.957,83.1,4.89,0.0026,5.1,211,0.5324,0,2026-02-09 00:00:00,1
BID-006435,AUC-1163,VND-0081,309475.97,0.9697,0.684,63.1,4.21,0.019,11.1,122,0.4134,0,2026-02-09 00:00:00,0
BID-006436,AUC-1163,VND-0185,297176.68,0.9311,0.598,52.8,3.99,0.0241,14.2,298,0.3832,0,2026-02-09 00:00:00,0
BID-006437,AUC-1164,VND-0319,226667.48,0.9883,0.766,68.6,4.42,0.014,9.4,183,0.539,0,2026-06-04 00:00:00,0
BID-006438,AUC-1164,VND-0310,223473.38,0.9743,0.903,88.1,4.76,0.0058,3.6,247,0.6238,0,2026-06-04 00:00:00,0
BID-006439,AUC-1164,VND-0674,213633.04,0.9314,0.673,60.2,4.18,0.0196,11.9,128,0.5081,0,2026-06-04 00:00:00,0
BID-006440,AUC-1164,VND-0153,204897.99,0.8933,0.863,93.2,4.66,0.0082,2.0,93,0.6389,0,2026-06-04 00:00:00,1
BID-006441,AUC-1164,VND-0674,195615.6,0.8529,0.673,60.2,4.18,0.0196,11.9,128,0.534,0,2026-06-04 00:00:00,0
BID-006442,AUC-1164,VND-0072,191024.0,0.8329,0.749,61.0,4.37,0.0151,11.7,175,0.5742,0,2026-06-04 00:00:00,0
BID-006443,AUC-1164,VND-0050,186037.92,0.8111,0.513,50.0,3.78,0.0292,15.0,257,0.4678,0,2026-06-04 00:00:00,0
BID-006444,AUC-1165,VND-0555,73280.98,0.9668,0.848,71.2,4.62,0.0091,8.6,247,0.51,0,2026-06-15 00:00:00,0
BID-006445,AUC-1165,VND-0083,71002.81,0.9368,0.545,60.4,3.86,0.0273,11.9,41,0.4194,0,2026-06-15 00:00:00,0
BID-006446,AUC-1165,VND-0782,68102.13,0.8985,0.89,69.4,4.73,0.0066,9.2,21,0.5466,0,2026-06-15 00:00:00,1
BID-006447,AUC-1165,VND-0083,65691.63,0.8667,0.545,60.4,3.86,0.0273,11.9,41,0.4481,0,2026-06-15 00:00:00,0
BID-006448,AUC-1166,VND-0631,473004.24,0.9867,0.634,63.0,4.09,0.0219,11.1,291,0.5499,0,2026-01-08 00:00:00,0
BID-006449,AUC-1166,VND-0417,459312.94,0.9581,0.57,50.0,3.93,0.0258,15.0,260,0.5004,0,2026-01-08 00:00:00,0
BID-006450,AUC-1166,VND-0299,439486.64,0.9168,0.834,62.8,4.58,0.01,11.2,22,0.6452,0,2026-01-08 00:00:00,0
BID-006451,AUC-1166,VND-0299,429769.66,0.8965,0.834,62.8,4.58,0.01,11.2,22,0.6497,0,2026-01-08 00:00:00,1
BID-006452,AUC-1167,VND-0195,265229.62,0.984,0.875,82.4,4.69,0.0075,5.3,65,0.528,0,2026-05-20 00:00:00,0
BID-006453,AUC-1167,VND-0195,256803.59,0.9528,0.875,82.4,4.69,0.0075,5.3,65,0.5408,0,2026-05-20 00:00:00,1
BID-006454,AUC-1167,VND-0652,252269.54,0.9359,0.526,51.0,3.81,0.0284,14.7,115,0.3858,0,2026-05-20 00:00:00,0
BID-006455,AUC-1167,VND-0006,247281.51,0.9174,0.51,56.0,3.78,0.0294,13.2,18,0.3974,0,2026-05-20 00:00:00,0
BID-006456,AUC-1167,VND-0652,242487.16,0.8997,0.526,51.0,3.81,0.0284,14.7,115,0.4007,0,2026-05-20 00:00:00,0
BID-006457,AUC-1167,VND-0006,237150.47,0.8799,0.51,56.0,3.78,0.0294,13.2,18,0.4128,0,2026-05-20 00:00:00,0
BID-006458,AUC-1167,VND-0006,232631.67,0.8631,0.51,56.0,3.78,0.0294,13.2,18,0.4197,0,2026-05-20 00:00:00,0
BID-006459,AUC-1167,VND-0006,222511.28,0.8255,0.51,56.0,3.78,0.0294,13.2,18,0.435,0,2026-05-20 00:00:00,0
BID-006460,AUC-1168,VND-0179,123996.86,0.9647,0.513,50.0,3.78,0.0292,15.0,171,0.3752,0,2026-05-15 00:00:00,0
BID-006461,AUC-1168,VND-0550,118193.38,0.9196,0.89,78.4,4.72,0.0066,6.5,54,0.5956,0,2026-05-15 00:00:00,0
BID-006462,AUC-1168,VND-0550,114154.55,0.8882,0.89,78.4,4.72,0.0066,6.5,54,0.6066,0,2026-05-15 00:00:00,0
BID-006463,AUC-1168,VND-0047,109955.78,0.8555,0.88,76.0,4.7,0.0072,7.2,45,0.61,0,2026-05-15 00:00:00,0
BID-006464,AUC-1168,VND-0179,108828.07,0.8467,0.513,50.0,3.78,0.0292,15.0,171,0.4165,0,2026-05-15 00:00:00,0
BID-006465,AUC-1168,VND-0550,107633.11,0.8374,0.89,78.4,4.72,0.0066,6.5,54,0.6244,0,2026-05-15 00:00:00,1
BID-006466,AUC-1169,VND-0150,244577.47,0.958,0.811,63.5,4.53,0.0113,11.0,291,0.5341,0,2026-01-18 00:00:00,0
BID-006467,AUC-1169,VND-0136,234954.44,0.9203,0.905,91.6,4.76,0.0057,2.5,47,0.6595,0,2026-01-18 00:00:00,0
BID-006468,AUC-1169,VND-0150,223695.29,0.8762,0.811,63.5,4.53,0.0113,11.0,291,0.5594,0,2026-01-18 00:00:00,0
BID-006469,AUC-1169,VND-0163,215404.78,0.8437,0.977,97.8,4.94,0.0014,0.7,265,0.7245,0,2026-01-18 00:00:00,0
BID-006470,AUC-1169,VND-0136,205596.18,0.8053,0.905,91.6,4.76,0.0057,2.5,47,0.6951,0,2026-01-18 00:00:00,0
BID-006471,AUC-1169,VND-0163,199541.77,0.7816,0.977,97.8,4.94,0.0014,0.7,265,0.7438,0,2026-01-18 00:00:00,1
BID-006472,AUC-1169,VND-0737,193138.78,0.7565,0.939,78.3,4.85,0.0036,6.5,155,0.6812,0,2026-01-18 00:00:00,0
BID-006473,AUC-1170,VND-0058,338304.57,0.9863,0.817,86.2,4.54,0.011,4.1,62,0.4336,0,2026-06-13 00:00:00,0
BID-006474,AUC-1170,VND-0240,327943.4,0.9561,0.985,85.1,4.96,0.001,4.5,184,0.4851,0,2026-06-13 00:00:00,0
BID-006475,AUC-1170,VND-0240,312282.55,0.9104,0.985,85.1,4.96,0.001,4.5,184,0.5084,0,2026-06-13 00:00:00,1
BID-006476,AUC-1171,VND-0006,46587.05,0.9837,0.51,56.0,3.78,0.0294,13.2,18,0.4539,0,2026-06-02 00:00:00,0
BID-006477,AUC-1171,VND-0076,45292.06,0.9564,0.954,76.1,4.89,0.0028,7.2,193,0.6403,0,2026-06-02 00:00:00,0
BID-006478,AUC-1171,VND-0531,44278.03,0.935,0.937,95.2,4.84,0.0038,1.4,293,0.6638,0,2026-06-02 00:00:00,1
BID-006479,AUC-1171,VND-0046,43766.96,0.9242,0.56,51.0,3.9,0.0264,14.7,298,0.4844,0,2026-06-02 00:00:00,0
BID-006480,AUC-1171,VND-0264,42604.39,0.8996,0.707,60.1,4.27,0.0176,12.0,161,0.5544,0,2026-06-02 00:00:00,0
BID-006481,AUC-1171,VND-0798,40827.98,0.8621,0.862,79.0,4.66,0.0083,6.3,45,0.6431,0,2026-06-02 00:00:00,0
BID-006482,AUC-1171,VND-0768,39679.52,0.8379,0.707,57.1,4.27,0.0176,12.9,119,0.5711,0,2026-06-02 00:00:00,0
BID-006483,AUC-1171,VND-0798,38234.26,0.8074,0.862,79.0,4.66,0.0083,6.3,45,0.6612,0,2026-06-02 00:00:00,0
BID-006484,AUC-1172,VND-0074,141586.87,0.9791,0.805,77.4,4.51,0.0117,6.8,19,0.5615,0,2026-04-21 00:00:00,0
BID-006485,AUC-1172,VND-0232,139462.26,0.9644,0.873,78.7,4.68,0.0076,6.4,167,0.5894,0,2026-04-21 00:00:00,0
BID-006486,AUC-1172,VND-0180,135514.22,0.9371,0.97,91.3,4.93,0.0018,2.6,176,0.6597,0,2026-04-21 00:00:00,1
BID-006487,AUC-1172,VND-0232,130908.67,0.9053,0.873,78.7,4.68,0.0076,6.4,167,0.6089,0,2026-04-21 00:00:00,0
BID-006488,AUC-1172,VND-0415,127217.08,0.8798,0.869,79.8,4.67,0.0079,6.1,83,0.6191,0,2026-04-21 00:00:00,0
BID-006489,AUC-1173,VND-0378,391184.91,0.9649,0.57,62.5,3.92,0.0258,11.2,284,0.3525,0,2026-03-05 00:00:00,0
BID-006490,AUC-1173,VND-0378,372860.14,0.9197,0.57,62.5,3.92,0.0258,11.2,284,0.3747,0,2026-03-05 00:00:00,0
BID-006491,AUC-1173,VND-0378,362423.37,0.894,0.57,62.5,3.92,0.0258,11.2,284,0.3873,0,2026-03-05 00:00:00,0
BID-006492,AUC-1173,VND-0378,345134.79,0.8513,0.57,62.5,3.92,0.0258,11.2,284,0.4082,0,2026-03-05 00:00:00,1
BID-006493,AUC-1173,VND-0221,333283.43,0.8221,0.542,54.8,3.86,0.0275,13.6,162,0.4036,0,2026-03-05 00:00:00,0
BID-006494,AUC-1174,VND-0233,232217.17,0.9872,0.981,89.3,4.95,0.0011,3.2,265,0.668,0,2026-03-16 00:00:00,1
BID-006495,AUC-1174,VND-0153,229737.82,0.9766,0.863,93.2,4.66,0.0082,2.0,93,0.6303,0,2026-03-16 00:00:00,0
BID-006496,AUC-1174,VND-0735,223519.94,0.9502,0.935,88.3,4.84,0.0039,3.5,248,0.6593,0,2026-03-16 00:00:00,0
BID-006497,AUC-1174,VND-0789,218150.16,0.9274,0.512,53.8,3.78,0.0293,13.9,182,0.4363,0,2026-03-16 00:00:00,0
BID-006498,AUC-1174,VND-0357,209835.82,0.892,0.736,63.5,4.34,0.0159,11.0,240,0.5545,0,2026-03-16 00:00:00,0
BID-006499,AUC-1174,VND-0642,207355.79,0.8815,0.78,57.5,4.45,0.0132,12.8,82,0.5654,0,2026-03-16 00:00:00,0
BID-006500,AUC-1175,VND-0731,268348.37,0.9659,0.697,64.6,4.24,0.0182,10.6,160,0.5721,0,2026-03-12 00:00:00,0
BID-006501,AUC-1175,VND-0030,262098.13,0.9434,0.523,50.0,3.81,0.0286,15.0,73,0.4597,0,2026-03-12 00:00:00,0
BID-006502,AUC-1175,VND-0605,251228.34,0.9043,0.637,70.9,4.09,0.0218,8.7,101,0.5905,0,2026-03-12 00:00:00,1
BID-006503,AUC-1176,VND-0253,219313.32,0.9875,0.842,64.7,4.61,0.0095,10.6,104,0.3999,0,2026-04-08 00:00:00,0
BID-006504,AUC-1176,VND-0056,214570.95,0.9662,0.645,52.8,4.11,0.0213,14.2,53,0.3449,0,2026-04-08 00:00:00,0
BID-006505,AUC-1176,VND-0305,208992.06,0.9411,0.752,77.3,4.38,0.0149,6.8,46,0.431,0,2026-04-08 00:00:00,0
BID-006506,AUC-1176,VND-0305,204391.61,0.9204,0.752,77.3,4.38,0.0149,6.8,46,0.4413,0,2026-04-08 00:00:00,0
BID-006507,AUC-1176,VND-0305,199252.62,0.8972,0.752,77.3,4.38,0.0149,6.8,46,0.4529,0,2026-04-08 00:00:00,1
BID-006508,AUC-1177,VND-0531,30063.76,0.9541,0.937,95.2,4.84,0.0038,1.4,293,0.5613,0,2026-02-10 00:00:00,0
BID-006509,AUC-1177,VND-0400,29275.74,0.9291,0.848,82.5,4.62,0.0091,5.2,256,0.5176,0,2026-02-10 00:00:00,0
BID-006510,AUC-1177,VND-0459,28953.29,0.9188,0.647,64.8,4.12,0.0212,10.6,180,0.4232,0,2026-02-10 00:00:00,0
BID-006511,AUC-1177,VND-0531,27596.71,0.8758,0.937,95.2,4.84,0.0038,1.4,293,0.5965,0,2026-02-10 00:00:00,0
BID-006512,AUC-1177,VND-0191,26439.93,0.8391,0.559,56.1,3.9,0.0265,13.2,170,0.4136,0,2026-02-10 00:00:00,0
BID-006513,AUC-1177,VND-0531,25378.64,0.8054,0.937,95.2,4.84,0.0038,1.4,293,0.6282,0,2026-02-10 00:00:00,1
BID-006514,AUC-1178,VND-0794,88210.42,0.967,0.848,69.5,4.62,0.0091,9.2,292,0.4205,0,2026-01-23 00:00:00,0
BID-006515,AUC-1178,VND-0794,85227.08,0.9343,0.848,69.5,4.62,0.0091,9.2,292,0.4369,0,2026-01-23 00:00:00,1
BID-006516,AUC-1178,VND-0516,83686.21,0.9174,0.519,51.8,3.8,0.0289,14.5,260,0.3439,0,2026-01-23 00:00:00,0
BID-006517,AUC-1178,VND-0360,81362.58,0.892,0.562,51.8,3.91,0.0263,14.5,161,0.3649,0,2026-01-23 00:00:00,0
BID-006518,AUC-1178,VND-0360,80188.85,0.8791,0.562,51.8,3.91,0.0263,14.5,161,0.3714,0,2026-01-23 00:00:00,0
BID-006519,AUC-1178,VND-0360,77968.1,0.8548,0.562,51.8,3.91,0.0263,14.5,161,0.3835,0,2026-01-23 00:00:00,0
BID-006520,AUC-1179,VND-0338,217612.76,0.9531,0.705,69.5,4.26,0.0177,9.2,169,0.453,0,2026-05-23 00:00:00,0
BID-006521,AUC-1179,VND-0061,212941.8,0.9327,0.904,96.6,4.76,0.0058,1.0,150,0.5968,0,2026-05-23 00:00:00,1
BID-006522,AUC-1179,VND-0608,202764.77,0.8881,0.847,65.2,4.62,0.0092,10.4,18,0.5115,0,2026-05-23 00:00:00,0
BID-006523,AUC-1180,VND-0732,110326.04,0.9807,0.553,50.6,3.88,0.0268,14.8,263,0.4419,0,2026-03-21 00:00:00,0
BID-006524,AUC-1180,VND-0266,106932.49,0.9505,0.906,95.9,4.77,0.0056,1.2,85,0.6661,0,2026-03-21 00:00:00,0
BID-006525,AUC-1180,VND-0266,103448.01,0.9195,0.906,95.9,4.77,0.0056,1.2,85,0.6757,0,2026-03-21 00:00:00,1
BID-006526,AUC-1180,VND-0374,98337.98,0.8741,0.692,66.0,4.23,0.0185,10.2,194,0.5541,0,2026-03-21 00:00:00,0
BID-006527,AUC-1181,VND-0319,33015.57,0.9573,0.766,68.6,4.42,0.014,9.4,183,0.4849,0,2026-01-20 00:00:00,0
BID-006528,AUC-1181,VND-0478,32376.21,0.9387,0.709,64.8,4.27,0.0174,10.6,112,0.4652,0,2026-01-20 00:00:00,0
BID-006529,AUC-1181,VND-0130,30878.0,0.8953,0.785,61.6,4.46,0.0129,11.5,96,0.4948,0,2026-01-20 00:00:00,0
BID-006530,AUC-1181,VND-0319,30184.95,0.8752,0.766,68.6,4.42,0.014,9.4,183,0.5161,0,2026-01-20 00:00:00,0
BID-006531,AUC-1181,VND-0478,28920.85,0.8385,0.709,64.8,4.27,0.0174,10.6,112,0.5033,0,2026-01-20 00:00:00,0
BID-006532,AUC-1181,VND-0072,28423.28,0.8241,0.749,61.0,4.37,0.0151,11.7,175,0.5099,0,2026-01-20 00:00:00,0
BID-006533,AUC-1181,VND-0478,27679.48,0.8025,0.709,64.8,4.27,0.0174,10.6,112,0.517,0,2026-01-20 00:00:00,0
BID-006534,AUC-1181,VND-0193,27165.26,0.7876,0.868,87.1,4.67,0.0079,3.9,282,0.6282,0,2026-01-20 00:00:00,1
BID-006535,AUC-1182,VND-0704,402312.92,0.9502,0.922,91.7,4.81,0.0047,2.5,127,0.6825,0,2026-02-10 00:00:00,1
BID-006536,AUC-1182,VND-0154,382816.37,0.9042,0.758,66.9,4.4,0.0145,9.9,126,0.5686,0,2026-02-10 00:00:00,0
BID-006537,AUC-1182,VND-0471,374341.76,0.8842,0.637,59.5,4.09,0.0218,12.2,189,0.5077,0,2026-02-10 00:00:00,0
BID-006538,AUC-1182,VND-0613,360199.57,0.8508,0.71,68.1,4.27,0.0174,9.6,155,0.5673,0,2026-02-10 00:00:00,0
BID-006539,AUC-1183,VND-0395,470313.14,0.9583,0.731,72.7,4.33,0.0161,8.2,238,0.6515,0,2026-05-07 00:00:00,0
BID-006540,AUC-1183,VND-0589,450133.26,0.9172,0.89,71.8,4.72,0.0066,8.5,35,0.7076,0,2026-05-07 00:00:00,0
BID-006541,AUC-1183,VND-0589,438859.84,0.8942,0.89,71.8,4.72,0.0066,8.5,35,0.7122,0,2026-05-07 00:00:00,0
BID-006542,AUC-1183,VND-0390,417447.88,0.8506,0.86,84.0,4.65,0.0084,4.8,272,0.7435,0,2026-05-07 00:00:00,1
BID-006543,AUC-1184,VND-0787,387426.51,0.9719,0.868,84.3,4.67,0.0079,4.7,279,0.6376,0,2026-04-10 00:00:00,0
BID-006544,AUC-1184,VND-0636,379511.0,0.952,0.847,85.4,4.62,0.0092,4.4,197,0.6388,0,2026-04-10 00:00:00,0
BID-006545,AUC-1184,VND-0636,360671.58,0.9048,0.847,85.4,4.62,0.0092,4.4,197,0.6581,0,2026-04-10 00:00:00,1
BID-006546,AUC-1184,VND-0120,353119.41,0.8858,0.823,63.3,4.56,0.0106,11.0,38,0.6065,0,2026-04-10 00:00:00,0
BID-006547,AUC-1184,VND-0120,338415.08,0.8489,0.823,63.3,4.56,0.0106,11.0,38,0.6216,0,2026-04-10 00:00:00,0
BID-006548,AUC-1184,VND-0674,322612.3,0.8093,0.673,60.2,4.18,0.0196,11.9,128,0.5634,0,2026-04-10 00:00:00,0
BID-006549,AUC-1185,VND-0005,409117.83,0.9551,0.801,74.5,4.5,0.012,7.6,294,0.5542,0,2026-04-16 00:00:00,0
BID-006550,AUC-1185,VND-0651,399799.27,0.9333,0.516,53.7,3.79,0.0291,13.9,141,0.4036,0,2026-04-16 00:00:00,0
BID-006551,AUC-1185,VND-0310,393797.56,0.9193,0.903,88.1,4.76,0.0058,3.6,247,0.6402,0,2026-04-16 00:00:00,1
BID-006552,AUC-1186,VND-0359,122477.39,0.9526,0.915,94.8,4.79,0.0051,1.6,173,0.6999,0,2026-02-20 00:00:00,0
BID-006553,AUC-1186,VND-0401,117577.73,0.9145,0.854,71.1,4.63,0.0088,8.7,255,0.623,0,2026-02-20 00:00:00,0
BID-006554,AUC-1186,VND-0650,114980.39,0.8943,0.818,76.8,4.55,0.0109,7.0,168,0.6328,0,2026-02-20 00:00:00,0
BID-006555,AUC-1186,VND-0359,110061.03,0.856,0.915,94.8,4.79,0.0051,1.6,173,0.7259,0,2026-02-20 00:00:00,1
BID-006556,AUC-1186,VND-0587,105905.29,0.8237,0.816,64.1,4.54,0.011,10.8,245,0.6154,0,2026-02-20 00:00:00,0
BID-006557,AUC-1186,VND-0751,104780.26,0.815,0.76,70.6,4.4,0.0144,8.8,126,0.6172,0,2026-02-20 00:00:00,0
BID-006558,AUC-1186,VND-0029,100955.27,0.7852,0.544,50.0,3.86,0.0273,15.0,298,0.4952,0,2026-02-20 00:00:00,0
BID-006559,AUC-1187,VND-0360,471082.74,0.98,0.562,51.8,3.91,0.0263,14.5,161,0.4046,0,2026-05-12 00:00:00,0
BID-006560,AUC-1187,VND-0294,457413.13,0.9515,0.538,50.0,3.84,0.0277,15.0,120,0.4024,0,2026-05-12 00:00:00,0
BID-006561,AUC-1187,VND-0253,439586.85,0.9145,0.842,64.7,4.61,0.0095,10.6,104,0.5814,0,2026-05-12 00:00:00,0
BID-006562,AUC-1187,VND-0727,428200.97,0.8908,0.934,84.1,4.84,0.0039,4.8,16,0.6677,0,2026-05-12 00:00:00,1
BID-006563,AUC-1187,VND-0294,417716.63,0.869,0.538,50.0,3.84,0.0277,15.0,120,0.437,0,2026-05-12 00:00:00,0
BID-006564,AUC-1187,VND-0294,403441.8,0.8393,0.538,50.0,3.84,0.0277,15.0,120,0.4495,0,2026-05-12 00:00:00,0
BID-006565,AUC-1187,VND-0482,394093.78,0.8198,0.623,51.1,4.06,0.0226,14.7,159,0.4981,0,2026-05-12 00:00:00,0
BID-006566,AUC-1187,VND-0294,384013.96,0.7989,0.538,50.0,3.84,0.0277,15.0,120,0.4665,0,2026-05-12 00:00:00,0
BID-006567,AUC-1188,VND-0012,105074.41,0.9867,0.646,60.9,4.12,0.0212,11.7,200,0.4102,0,2026-06-17 00:00:00,0
BID-006568,AUC-1188,VND-0570,102241.04,0.9601,0.74,73.9,4.35,0.0156,7.8,72,0.4826,0,2026-06-17 00:00:00,0
BID-006569,AUC-1188,VND-0094,100930.67,0.9478,0.909,86.3,4.77,0.0055,4.1,226,0.5734,0,2026-06-17 00:00:00,1
BID-006570,AUC-1189,VND-0157,468784.93,0.9844,0.513,56.0,3.78,0.0292,13.2,174,0.3466,0,2026-05-04 00:00:00,0
BID-006571,AUC-1189,VND-0157,448056.84,0.9409,0.513,56.0,3.78,0.0292,13.2,174,0.3649,0,2026-05-04 00:00:00,0
BID-006572,AUC-1189,VND-0470,442736.1,0.9297,0.559,55.4,3.9,0.0265,13.4,95,0.3862,0,2026-05-04 00:00:00,0
BID-006573,AUC-1189,VND-0562,426706.42,0.8961,0.931,94.7,4.83,0.0041,1.6,230,0.6085,0,2026-05-04 00:00:00,1
BID-006574,AUC-1189,VND-0214,413378.57,0.8681,0.721,73.1,4.3,0.0168,8.1,268,0.5036,0,2026-05-04 00:00:00,0
BID-006575,AUC-1189,VND-0770,398232.22,0.8363,0.591,58.7,3.98,0.0246,12.4,48,0.4432,0,2026-05-04 00:00:00,0
BID-006576,AUC-1189,VND-0764,380993.42,0.8001,0.642,51.1,4.11,0.0215,14.7,45,0.4649,0,2026-05-04 00:00:00,0
BID-006577,AUC-1190,VND-0643,488573.96,0.9821,0.663,60.9,4.16,0.0202,11.7,299,0.4089,0,2026-03-09 00:00:00,0
BID-006578,AUC-1190,VND-0662,482250.32,0.9694,0.936,75.8,4.84,0.0038,7.3,164,0.5343,0,2026-03-09 00:00:00,0
BID-006579,AUC-1190,VND-0757,464593.97,0.9339,0.978,74.1,4.94,0.0013,7.8,215,0.5639,0,2026-03-09 00:00:00,0
BID-006580,AUC-1190,VND-0706,450771.55,0.9061,0.603,50.0,4.01,0.0238,15.0,268,0.4076,0,2026-03-09 00:00:00,0
BID-006581,AUC-1190,VND-0407,429158.18,0.8627,0.562,60.1,3.91,0.0263,12.0,88,0.4207,0,2026-03-09 00:00:00,0
BID-006582,AUC-1190,VND-0662,414083.92,0.8324,0.936,75.8,4.84,0.0038,7.3,164,0.5932,0,2026-03-09 00:00:00,1
BID-006583,AUC-1191,VND-0781,353342.27,0.9849,0.677,59.8,4.19,0.0194,12.1,74,0.4449,0,2026-03-06 00:00:00,0
BID-006584,AUC-1191,VND-0750,338896.22,0.9447,0.69,71.8,4.22,0.0186,8.5,92,0.4853,0,2026-03-06 00:00:00,0
BID-006585,AUC-1191,VND-0653,328092.88,0.9146,0.855,84.4,4.64,0.0087,4.7,217,0.5906,0,2026-03-06 00:00:00,0
BID-006586,AUC-1191,VND-0781,324536.47,0.9046,0.677,59.8,4.19,0.0194,12.1,74,0.4803,0,2026-03-06 00:00:00,0
BID-006587,AUC-1191,VND-0781,311546.54,0.8684,0.677,59.8,4.19,0.0194,12.1,74,0.4962,0,2026-03-06 00:00:00,0
BID-006588,AUC-1191,VND-0653,299368.37,0.8345,0.855,84.4,4.64,0.0087,4.7,217,0.6258,0,2026-03-06 00:00:00,1
BID-006589,AUC-1191,VND-0303,286532.08,0.7987,0.56,52.6,3.9,0.0264,14.2,246,0.4642,0,2026-03-06 00:00:00,0
BID-006590,AUC-1192,VND-0361,469589.61,0.9569,0.969,82.7,4.92,0.0018,5.2,61,0.6325,0,2026-01-31 00:00:00,0
BID-006591,AUC-1192,VND-0361,461332.66,0.94,0.969,82.7,4.92,0.0018,5.2,61,0.6412,0,2026-01-31 00:00:00,0
BID-006592,AUC-1192,VND-0041,442610.36,0.9019,0.932,88.6,4.83,0.0041,3.4,296,0.6533,0,2026-01-31 00:00:00,0
BID-006593,AUC-1192,VND-0536,427427.93,0.871,0.648,56.1,4.12,0.0211,13.2,222,0.4929,0,2026-01-31 00:00:00,0
BID-006594,AUC-1192,VND-0536,414489.81,0.8446,0.648,56.1,4.12,0.0211,13.2,222,0.5066,0,2026-01-31 00:00:00,0
BID-006595,AUC-1192,VND-0041,395206.73,0.8053,0.932,88.6,4.83,0.0041,3.4,296,0.7035,0,2026-01-31 00:00:00,1
BID-006596,AUC-1192,VND-0436,384712.77,0.7839,0.687,55.8,4.22,0.0188,13.3,202,0.5553,0,2026-01-31 00:00:00,0
BID-006597,AUC-1192,VND-0536,374178.64,0.7624,0.648,56.1,4.12,0.0211,13.2,222,0.5493,0,2026-01-31 00:00:00,0
BID-006598,AUC-1193,VND-0707,277939.14,0.9615,0.635,51.2,4.09,0.0219,14.6,152,0.5009,0,2026-06-01 00:00:00,0
BID-006599,AUC-1193,VND-0202,267837.84,0.9265,0.753,73.0,4.38,0.0148,8.1,91,0.6063,0,2026-06-01 00:00:00,0
BID-006600,AUC-1193,VND-0116,263660.52,0.9121,0.897,82.7,4.74,0.0062,5.2,276,0.6911,0,2026-06-01 00:00:00,0
BID-006601,AUC-1193,VND-0202,251684.94,0.8707,0.753,73.0,4.38,0.0148,8.1,91,0.6203,0,2026-06-01 00:00:00,0
BID-006602,AUC-1193,VND-0190,241063.4,0.8339,0.907,76.7,4.77,0.0056,7.0,42,0.7018,0,2026-06-01 00:00:00,1
BID-006603,AUC-1193,VND-0707,236967.2,0.8197,0.635,51.2,4.09,0.0219,14.6,152,0.5363,0,2026-06-01 00:00:00,0
BID-006604,AUC-1193,VND-0202,230226.95,0.7964,0.753,73.0,4.38,0.0148,8.1,91,0.6389,0,2026-06-01 00:00:00,0
BID-006605,AUC-1194,VND-0771,134086.16,0.9775,0.855,69.8,4.64,0.0087,9.1,137,0.5487,0,2026-02-13 00:00:00,0
BID-006606,AUC-1194,VND-0343,130522.29,0.9515,0.965,90.5,4.91,0.0021,2.8,238,0.6426,0,2026-02-13 00:00:00,1
BID-006607,AUC-1194,VND-0609,127869.35,0.9322,0.541,54.9,3.85,0.0275,13.5,49,0.4084,0,2026-02-13 00:00:00,0
BID-006608,AUC-1194,VND-0785,123929.77,0.9034,0.812,71.6,4.53,0.0113,8.5,178,0.5682,0,2026-02-13 00:00:00,0
BID-006609,AUC-1195,VND-0338,217986.82,0.9726,0.705,69.5,4.26,0.0177,9.2,169,0.4081,0,2026-06-01 00:00:00,0
BID-006610,AUC-1195,VND-0631,208202.63,0.9289,0.634,63.0,4.09,0.0219,11.1,291,0.3981,0,2026-06-01 00:00:00,0
BID-006611,AUC-1195,VND-0631,205501.11,0.9169,0.634,63.0,4.09,0.0219,11.1,291,0.4038,0,2026-06-01 00:00:00,0
BID-006612,AUC-1195,VND-0762,201631.22,0.8996,0.676,51.0,4.19,0.0195,14.7,256,0.3998,0,2026-06-01 00:00:00,0
BID-006613,AUC-1195,VND-0468,197538.08,0.8814,0.586,51.1,3.96,0.0248,14.7,169,0.385,0,2026-06-01 00:00:00,0
BID-006614,AUC-1195,VND-0338,189972.11,0.8476,0.705,69.5,4.26,0.0177,9.2,169,0.4669,0,2026-06-01 00:00:00,1
BID-006615,AUC-1195,VND-0631,185637.14,0.8283,0.634,63.0,4.09,0.0219,11.1,291,0.4454,0,2026-06-01 00:00:00,0
BID-006616,AUC-1195,VND-0468,180224.69,0.8041,0.586,51.1,3.96,0.0248,14.7,169,0.4214,0,2026-06-01 00:00:00,0
BID-006617,AUC-1196,VND-0327,288559.28,0.9592,0.793,79.7,4.48,0.0124,6.1,173,0.4557,0,2026-06-13 00:00:00,0
BID-006618,AUC-1196,VND-0581,277610.18,0.9228,0.913,77.0,4.78,0.0052,6.9,210,0.5148,0,2026-06-13 00:00:00,0
BID-006619,AUC-1196,VND-0677,266172.65,0.8848,0.719,66.6,4.3,0.0168,10.0,87,0.4462,0,2026-06-13 00:00:00,0
BID-006620,AUC-1196,VND-0667,258412.03,0.859,0.614,67.7,4.04,0.0231,9.7,293,0.4195,0,2026-06-13 00:00:00,0
BID-006621,AUC-1196,VND-0667,255289.06,0.8486,0.614,67.7,4.04,0.0231,9.7,293,0.4243,0,2026-06-13 00:00:00,0
BID-006622,AUC-1196,VND-0383,246842.8,0.8205,0.517,53.1,3.79,0.029,14.1,284,0.3827,0,2026-06-13 00:00:00,0
BID-006623,AUC-1196,VND-0648,242874.12,0.8073,0.9,75.1,4.75,0.006,7.5,101,0.5608,0,2026-06-13 00:00:00,0
BID-006624,AUC-1196,VND-0648,233356.02,0.7757,0.9,75.1,4.75,0.006,7.5,101,0.5753,0,2026-06-13 00:00:00,1
BID-006625,AUC-1197,VND-0075,44627.58,0.9742,0.526,51.0,3.81,0.0285,14.7,52,0.3326,0,2026-02-24 00:00:00,0
BID-006626,AUC-1197,VND-0205,43795.07,0.956,0.953,76.1,4.88,0.0028,7.2,221,0.5462,0,2026-02-24 00:00:00,0
BID-006627,AUC-1197,VND-0429,42789.53,0.9341,0.518,50.0,3.8,0.0289,15.0,166,0.345,0,2026-02-24 00:00:00,0
BID-006628,AUC-1197,VND-0127,42237.62,0.922,0.926,77.9,4.81,0.0045,6.6,286,0.5521,0,2026-02-24 00:00:00,0
BID-006629,AUC-1197,VND-0772,41803.9,0.9126,0.784,69.9,4.46,0.013,9.0,74,0.4882,0,2026-02-24 00:00:00,0
BID-006630,AUC-1197,VND-0368,40851.65,0.8918,0.679,69.2,4.2,0.0192,9.2,239,0.454,0,2026-02-24 00:00:00,0
BID-006631,AUC-1197,VND-0129,39431.27,0.8608,0.968,96.2,4.92,0.0019,1.1,233,0.6204,0,2026-02-24 00:00:00,1
BID-006632,AUC-1197,VND-0368,37536.38,0.8194,0.679,69.2,4.2,0.0192,9.2,239,0.4844,0,2026-02-24 00:00:00,0
BID-006633,AUC-1198,VND-0178,307276.02,0.9756,0.535,50.9,3.84,0.0279,14.7,296,0.3545,0,2026-02-14 00:00:00,0
BID-006634,AUC-1198,VND-0414,293722.51,0.9326,0.673,56.3,4.18,0.0196,13.1,68,0.4329,0,2026-02-14 00:00:00,0
BID-006635,AUC-1198,VND-0607,281813.34,0.8948,0.582,59.4,3.95,0.0251,12.2,53,0.4202,0,2026-02-14 00:00:00,0
BID-006636,AUC-1198,VND-0681,272633.84,0.8656,0.956,73.9,4.89,0.0026,7.8,190,0.5979,0,2026-02-14 00:00:00,0
BID-006637,AUC-1198,VND-0510,261007.38,0.8287,0.958,77.4,4.89,0.0025,6.8,167,0.6199,0,2026-02-14 00:00:00,1
BID-006638,AUC-1198,VND-0607,250882.26,0.7966,0.582,59.4,3.95,0.0251,12.2,53,0.4595,0,2026-02-14 00:00:00,0
BID-006639,AUC-1198,VND-0607,241527.47,0.7669,0.582,59.4,3.95,0.0251,12.2,53,0.4713,0,2026-02-14 00:00:00,0
BID-006640,AUC-1199,VND-0188,485636.75,0.9895,0.536,50.0,3.84,0.0279,15.0,41,0.3236,0,2026-06-29 00:00:00,0
BID-006641,AUC-1199,VND-0188,477897.3,0.9738,0.536,50.0,3.84,0.0279,15.0,41,0.3317,0,2026-06-29 00:00:00,0
BID-006642,AUC-1199,VND-0539,465606.84,0.9487,0.692,62.2,4.23,0.0185,11.3,211,0.3962,0,2026-06-29 00:00:00,0
BID-006643,AUC-1199,VND-0188,444880.9,0.9065,0.536,50.0,3.84,0.0279,15.0,41,0.366,0,2026-06-29 00:00:00,0
BID-006644,AUC-1199,VND-0073,438591.89,0.8937,0.642,50.0,4.11,0.0215,15.0,168,0.3971,0,2026-06-29 00:00:00,0
BID-006645,AUC-1199,VND-0539,417573.25,0.8508,0.692,62.2,4.23,0.0185,11.3,211,0.4461,0,2026-06-29 00:00:00,1
BID-006646,AUC-1200,VND-0729,100629.66,0.9755,0.845,79.3,4.61,0.0093,6.2,47,0.5362,0,2026-04-22 00:00:00,0
BID-006647,AUC-1200,VND-0130,99494.26,0.9645,0.785,61.6,4.46,0.0129,11.5,96,0.4716,0,2026-04-22 00:00:00,0
BID-006648,AUC-1200,VND-0777,95715.77,0.9279,0.91,94.7,4.77,0.0054,1.6,30,0.6234,0,2026-04-22 00:00:00,0
BID-006649,AUC-1200,VND-0777,91067.78,0.8828,0.91,94.7,4.77,0.0054,1.6,30,0.645,0,2026-04-22 00:00:00,0
BID-006650,AUC-1200,VND-0008,89236.42,0.8651,0.591,54.1,3.98,0.0245,13.8,187,0.4426,0,2026-04-22 00:00:00,0
BID-006651,AUC-1200,VND-0008,86350.09,0.8371,0.591,54.1,3.98,0.0245,13.8,187,0.456,0,2026-04-22 00:00:00,0
BID-006652,AUC-1200,VND-0777,83875.86,0.8131,0.91,94.7,4.77,0.0054,1.6,30,0.6785,0,2026-04-22 00:00:00,1
BID-006653,AUC-1201,VND-0384,386025.85,0.969,0.881,92.9,4.7,0.0071,2.1,82,0.6442,0,2026-02-21 00:00:00,0
BID-006654,AUC-1201,VND-0652,379513.37,0.9527,0.526,51.0,3.81,0.0284,14.7,115,0.4531,0,2026-02-21 00:00:00,0
BID-006655,AUC-1201,VND-0744,372233.88,0.9344,0.698,67.2,4.25,0.0181,9.8,82,0.5482,0,2026-02-21 00:00:00,0
BID-006656,AUC-1201,VND-0744,353896.3,0.8884,0.698,67.2,4.25,0.0181,9.8,82,0.5625,0,2026-02-21 00:00:00,0
BID-006657,AUC-1201,VND-0023,342645.67,0.8601,0.629,60.1,4.07,0.0222,12.0,249,0.5342,0,2026-02-21 00:00:00,0
BID-006658,AUC-1201,VND-0079,336698.82,0.8452,0.836,82.5,4.59,0.0098,5.2,68,0.6502,0,2026-02-21 00:00:00,1
BID-006659,AUC-1201,VND-0744,331530.71,0.8322,0.698,67.2,4.25,0.0181,9.8,82,0.5799,0,2026-02-21 00:00:00,0
BID-006660,AUC-1201,VND-0652,320030.8,0.8033,0.526,51.0,3.81,0.0284,14.7,115,0.4994,0,2026-02-21 00:00:00,0
BID-006661,AUC-1202,VND-0112,435227.21,0.9568,0.547,50.0,3.87,0.0272,15.0,230,0.4528,0,2026-05-27 00:00:00,0
BID-006662,AUC-1202,VND-0560,423269.71,0.9305,0.633,56.0,4.08,0.022,13.2,50,0.5037,0,2026-05-27 00:00:00,0
BID-006663,AUC-1202,VND-0241,410739.97,0.903,0.815,81.9,4.54,0.0111,5.4,66,0.6208,0,2026-05-27 00:00:00,0
BID-006664,AUC-1202,VND-0555,394112.68,0.8664,0.848,71.2,4.62,0.0091,8.6,247,0.6316,0,2026-05-27 00:00:00,0
BID-006665,AUC-1202,VND-0241,380252.04,0.836,0.815,81.9,4.54,0.0111,5.4,66,0.6416,0,2026-05-27 00:00:00,1
BID-006666,AUC-1202,VND-0112,375442.27,0.8254,0.547,50.0,3.87,0.0272,15.0,230,0.4936,0,2026-05-27 00:00:00,0
BID-006667,AUC-1203,VND-0547,450966.16,0.9546,0.804,72.0,4.51,0.0118,8.4,296,0.5755,0,2026-02-17 00:00:00,0
BID-006668,AUC-1203,VND-0576,437197.85,0.9255,0.854,82.9,4.64,0.0087,5.1,178,0.6194,0,2026-02-17 00:00:00,1
BID-006669,AUC-1203,VND-0087,420783.07,0.8907,0.756,58.6,4.39,0.0146,12.4,91,0.5593,0,2026-02-17 00:00:00,0
BID-006670,AUC-1204,VND-0564,475414.54,0.9895,0.543,54.1,3.86,0.0274,13.8,291,0.434,0,2026-06-11 00:00:00,0
BID-006671,AUC-1204,VND-0733,470456.24,0.9792,1.0,79.0,5.0,0.001,6.3,38,0.6384,0,2026-06-11 00:00:00,0
BID-006672,AUC-1204,VND-0733,463217.99,0.9641,1.0,79.0,5.0,0.001,6.3,38,0.6432,0,2026-06-11 00:00:00,0
BID-006673,AUC-1204,VND-0097,452615.13,0.942,0.95,91.0,4.88,0.003,2.7,210,0.6624,0,2026-06-11 00:00:00,0
BID-006674,AUC-1204,VND-0097,434586.17,0.9045,0.95,91.0,4.88,0.003,2.7,210,0.6744,0,2026-06-11 00:00:00,0
BID-006675,AUC-1204,VND-0137,426226.23,0.8871,0.934,95.5,4.83,0.004,1.3,227,0.6847,0,2026-06-11 00:00:00,1
BID-006676,AUC-1204,VND-0159,406544.55,0.8461,0.704,61.2,4.26,0.0177,11.6,139,0.5468,0,2026-06-11 00:00:00,0
BID-006677,AUC-1204,VND-0159,398060.51,0.8285,0.704,61.2,4.26,0.0177,11.6,139,0.5524,0,2026-06-11 00:00:00,0
BID-006678,AUC-1205,VND-0536,254290.53,0.9577,0.648,56.1,4.12,0.0211,13.2,222,0.4767,0,2026-01-22 00:00:00,0
BID-006679,AUC-1205,VND-0172,250580.65,0.9438,0.587,51.8,3.97,0.0248,14.5,156,0.4428,0,2026-01-22 00:00:00,0
BID-006680,AUC-1205,VND-0262,240381.82,0.9053,0.985,93.2,4.96,0.001,2.0,217,0.7381,0,2026-01-22 00:00:00,1
BID-006681,AUC-1205,VND-0701,229810.59,0.8655,0.584,50.0,3.96,0.025,15.0,211,0.4565,0,2026-01-22 00:00:00,0
BID-006682,AUC-1205,VND-0172,227235.46,0.8558,0.587,51.8,3.97,0.0248,14.5,156,0.4657,0,2026-01-22 00:00:00,0
BID-006683,AUC-1205,VND-0172,223946.39,0.8434,0.587,51.8,3.97,0.0248,14.5,156,0.4689,0,2026-01-22 00:00:00,0
BID-006684,AUC-1206,VND-0613,473077.27,0.9677,0.71,68.1,4.27,0.0174,9.6,155,0.5944,0,2026-01-18 00:00:00,0
BID-006685,AUC-1206,VND-0800,455553.33,0.9318,0.543,61.0,3.86,0.0274,11.7,281,0.5246,0,2026-01-18 00:00:00,0
BID-006686,AUC-1206,VND-0678,446465.42,0.9132,0.743,75.4,4.36,0.0154,7.4,120,0.632,0,2026-01-18 00:00:00,0
BID-006687,AUC-1206,VND-0613,441975.14,0.9041,0.71,68.1,4.27,0.0174,9.6,155,0.6103,0,2026-01-18 00:00:00,0
BID-006688,AUC-1206,VND-0261,432632.7,0.8849,0.797,70.3,4.49,0.0122,8.9,166,0.6547,0,2026-01-18 00:00:00,0
BID-006689,AUC-1206,VND-0261,427194.03,0.8738,0.797,70.3,4.49,0.0122,8.9,166,0.6575,0,2026-01-18 00:00:00,1
BID-006690,AUC-1207,VND-0413,377205.87,0.9898,0.769,81.8,4.42,0.0139,5.5,197,0.6571,0,2026-05-06 00:00:00,1
BID-006691,AUC-1207,VND-0442,369055.97,0.9684,0.51,50.0,3.77,0.0294,15.0,124,0.4908,0,2026-05-06 00:00:00,0
BID-006692,AUC-1207,VND-0442,357211.94,0.9374,0.51,50.0,3.77,0.0294,15.0,124,0.4973,0,2026-05-06 00:00:00,0
BID-006693,AUC-1207,VND-0412,348936.09,0.9156,0.667,59.1,4.17,0.02,12.3,213,0.5885,0,2026-05-06 00:00:00,0
BID-006694,AUC-1207,VND-0412,338610.35,0.8885,0.667,59.1,4.17,0.02,12.3,213,0.5942,0,2026-05-06 00:00:00,0
BID-006695,AUC-1208,VND-0145,86234.27,0.9665,0.643,56.3,4.11,0.0214,13.1,216,0.5706,0,2026-01-03 00:00:00,0
BID-006696,AUC-1208,VND-0367,85041.16,0.9532,0.833,76.0,4.58,0.01,7.2,103,0.6646,0,2026-01-03 00:00:00,0
BID-006697,AUC-1208,VND-0367,84170.1,0.9434,0.833,76.0,4.58,0.01,7.2,103,0.6671,0,2026-01-03 00:00:00,0
BID-006698,AUC-1208,VND-0145,81125.84,0.9093,0.643,56.3,4.11,0.0214,13.1,216,0.5855,0,2026-01-03 00:00:00,0
BID-006699,AUC-1208,VND-0725,78318.0,0.8778,0.972,95.3,4.93,0.0017,1.4,62,0.7564,0,2026-01-03 00:00:00,1
BID-006700,AUC-1208,VND-0158,76232.54,0.8544,0.918,86.8,4.79,0.0049,4.0,116,0.7329,0,2026-01-03 00:00:00,0
BID-006701,AUC-1208,VND-0158,73278.26,0.8213,0.918,86.8,4.79,0.0049,4.0,116,0.7415,0,2026-01-03 00:00:00,0
BID-006702,AUC-1209,VND-0728,239686.66,0.9836,0.515,57.3,3.79,0.0291,12.8,249,0.3276,0,2026-02-25 00:00:00,0
BID-006703,AUC-1209,VND-0311,230613.9,0.9464,0.592,50.0,3.98,0.0245,15.0,73,0.3697,0,2026-02-25 00:00:00,0
BID-006704,AUC-1209,VND-0311,222213.48,0.9119,0.592,50.0,3.98,0.0245,15.0,73,0.3876,0,2026-02-25 00:00:00,0
BID-006705,AUC-1209,VND-0597,211676.57,0.8687,0.673,68.1,4.18,0.0196,9.6,253,0.4624,0,2026-02-25 00:00:00,1
BID-006706,AUC-1209,VND-0728,205299.06,0.8425,0.515,57.3,3.79,0.0291,12.8,249,0.401,0,2026-02-25 00:00:00,0
BID-006707,AUC-1210,VND-0160,344539.85,0.9518,0.578,50.0,3.95,0.0253,15.0,76,0.5109,0,2026-05-06 00:00:00,0
BID-006708,AUC-1210,VND-0536,334245.77,0.9234,0.648,56.1,4.12,0.0211,13.2,222,0.5595,0,2026-05-06 00:00:00,0
BID-006709,AUC-1210,VND-0205,328572.19,0.9077,0.953,76.1,4.88,0.0028,7.2,221,0.7318,0,2026-05-06 00:00:00,1
BID-006710,AUC-1210,VND-0297,315479.87,0.8715,0.591,50.0,3.98,0.0245,15.0,89,0.5316,0,2026-05-06 00:00:00,0
BID-006711,AUC-1210,VND-0394,304806.38,0.842,0.792,65.5,4.48,0.0125,10.4,97,0.6556,0,2026-05-06 00:00:00,0
BID-006712,AUC-1211,VND-0072,125596.9,0.9573,0.749,61.0,4.37,0.0151,11.7,175,0.4362,0,2026-04-06 00:00:00,0
BID-006713,AUC-1211,VND-0063,121796.12,0.9283,0.614,60.5,4.03,0.0232,11.8,299,0.403,0,2026-04-06 00:00:00,0
BID-006714,AUC-1211,VND-0083,116511.03,0.8881,0.545,60.4,3.86,0.0273,11.9,41,0.3969,0,2026-04-06 00:00:00,0
BID-006715,AUC-1211,VND-0083,113270.52,0.8634,0.545,60.4,3.86,0.0273,11.9,41,0.407,0,2026-04-06 00:00:00,0
BID-006716,AUC-1211,VND-0072,110317.04,0.8409,0.749,61.0,4.37,0.0151,11.7,175,0.4839,0,2026-04-06 00:00:00,1
BID-006717,AUC-1212,VND-0376,320404.96,0.9892,0.558,63.7,3.9,0.0265,10.9,173,0.3959,0,2026-06-21 00:00:00,0
BID-006718,AUC-1212,VND-0266,306917.94,0.9476,0.906,95.9,4.77,0.0056,1.2,85,0.5756,0,2026-06-21 00:00:00,1
BID-006719,AUC-1212,VND-0525,292911.51,0.9043,0.935,72.6,4.84,0.0039,8.2,133,0.5626,0,2026-06-21 00:00:00,0
BID-006720,AUC-1213,VND-0476,322134.49,0.9569,0.8,72.0,4.5,0.012,8.4,211,0.4742,0,2026-03-27 00:00:00,1
BID-006721,AUC-1213,VND-0752,316618.37,0.9405,0.513,50.0,3.78,0.0292,15.0,78,0.3509,0,2026-03-27 00:00:00,0
BID-006722,AUC-1213,VND-0617,308791.87,0.9173,0.607,50.0,4.02,0.0236,15.0,218,0.3961,0,2026-03-27 00:00:00,0
BID-006723,AUC-1214,VND-0275,87655.71,0.977,0.76,77.0,4.4,0.0144,6.9,218,0.6188,0,2026-02-06 00:00:00,0
BID-006724,AUC-1214,VND-0532,84803.28,0.9452,0.884,81.1,4.71,0.007,5.7,254,0.6741,0,2026-02-06 00:00:00,1
BID-006725,AUC-1214,VND-0294,82865.78,0.9236,0.538,50.0,3.84,0.0277,15.0,120,0.5009,0,2026-02-06 00:00:00,0
BID-006726,AUC-1214,VND-0294,80049.72,0.8922,0.538,50.0,3.84,0.0277,15.0,120,0.509,0,2026-02-06 00:00:00,0
BID-006727,AUC-1215,VND-0643,283812.63,0.9893,0.663,60.9,4.16,0.0202,11.7,299,0.3334,0,2026-06-30 00:00:00,0
BID-006728,AUC-1215,VND-0197,272362.54,0.9494,0.686,65.9,4.22,0.0188,10.2,297,0.3718,0,2026-06-30 00:00:00,0
BID-006729,AUC-1215,VND-0711,265153.9,0.9242,0.658,60.2,4.15,0.0205,11.9,193,0.3652,0,2026-06-30 00:00:00,0
BID-006730,AUC-1215,VND-0643,257812.82,0.8986,0.663,60.9,4.16,0.0202,11.7,299,0.3815,0,2026-06-30 00:00:00,0
BID-006731,AUC-1215,VND-0197,251881.7,0.878,0.686,65.9,4.22,0.0188,10.2,297,0.4096,0,2026-06-30 00:00:00,0
BID-006732,AUC-1215,VND-0134,248478.65,0.8661,0.849,79.4,4.62,0.0091,6.2,178,0.4802,0,2026-06-30 00:00:00,1
BID-006733,AUC-1216,VND-0743,370065.21,0.9535,0.662,53.5,4.16,0.0203,14.0,190,0.4501,0,2026-05-13 00:00:00,0
BID-006734,AUC-1216,VND-0009,354552.19,0.9136,0.652,56.5,4.13,0.0209,13.0,191,0.468,0,2026-05-13 00:00:00,0
BID-006735,AUC-1216,VND-0009,338552.03,0.8723,0.652,56.5,4.13,0.0209,13.0,191,0.4824,0,2026-05-13 00:00:00,0
BID-006736,AUC-1216,VND-0291,322594.5,0.8312,0.73,73.7,4.32,0.0162,7.9,77,0.5621,0,2026-05-13 00:00:00,0
BID-006737,AUC-1216,VND-0411,317026.08,0.8169,0.901,73.1,4.75,0.0059,8.1,298,0.6187,0,2026-05-13 00:00:00,1
BID-006738,AUC-1216,VND-0403,311254.86,0.802,0.712,66.5,4.28,0.0173,10.0,285,0.5496,0,2026-05-13 00:00:00,0
BID-006739,AUC-1216,VND-0743,299311.14,0.7712,0.662,53.5,4.16,0.0203,14.0,190,0.5139,0,2026-05-13 00:00:00,0
BID-006740,AUC-1217,VND-0328,250592.07,0.9848,0.716,52.8,4.29,0.0171,14.2,88,0.4751,0,2026-01-06 00:00:00,0
BID-006741,AUC-1217,VND-0005,248015.66,0.9747,0.801,74.5,4.5,0.012,7.6,294,0.5637,0,2026-01-06 00:00:00,0
BID-006742,AUC-1217,VND-0470,242750.16,0.954,0.559,55.4,3.9,0.0265,13.4,95,0.4552,0,2026-01-06 00:00:00,0
BID-006743,AUC-1217,VND-0328,233132.65,0.9162,0.716,52.8,4.29,0.0171,14.2,88,0.4971,0,2026-01-06 00:00:00,0
BID-006744,AUC-1217,VND-0005,223988.98,0.8803,0.801,74.5,4.5,0.012,7.6,294,0.5939,0,2026-01-06 00:00:00,1
BID-006745,AUC-1217,VND-0470,216576.59,0.8511,0.559,55.4,3.9,0.0265,13.4,95,0.4881,0,2026-01-06 00:00:00,0
BID-006746,AUC-1218,VND-0553,15439.31,0.9692,0.997,80.1,4.99,0.001,6.0,74,0.5601,0,2026-06-24 00:00:00,1
BID-006747,AUC-1218,VND-0053,14822.87,0.9305,0.954,81.0,4.88,0.0028,5.7,65,0.5598,0,2026-06-24 00:00:00,0
BID-006748,AUC-1218,VND-0593,14151.39,0.8883,0.551,61.0,3.88,0.0269,11.7,260,0.3888,0,2026-06-24 00:00:00,0
BID-006749,AUC-1218,VND-0109,13719.28,0.8612,0.663,70.2,4.16,0.0202,8.9,184,0.4571,0,2026-06-24 00:00:00,0
BID-006750,AUC-1219,VND-0513,13725.21,0.9512,0.972,88.2,4.93,0.0017,3.5,209,0.6373,0,2026-06-07 00:00:00,0
BID-006751,AUC-1219,VND-0555,13370.59,0.9267,0.848,71.2,4.62,0.0091,8.6,247,0.5597,0,2026-06-07 00:00:00,0
BID-006752,AUC-1219,VND-0513,13209.53,0.9155,0.972,88.2,4.93,0.0017,3.5,209,0.6494,0,2026-06-07 00:00:00,1
BID-006753,AUC-1219,VND-0651,12736.6,0.8827,0.516,53.7,3.79,0.0291,13.9,141,0.4147,0,2026-06-07 00:00:00,0
BID-006754,AUC-1219,VND-0555,12488.39,0.8655,0.848,71.2,4.62,0.0091,8.6,247,0.5805,0,2026-06-07 00:00:00,0
BID-006755,AUC-1220,VND-0628,180782.15,0.9775,0.843,69.7,4.61,0.0094,9.1,121,0.6288,0,2026-06-19 00:00:00,0
BID-006756,AUC-1220,VND-0628,172686.37,0.9337,0.843,69.7,4.61,0.0094,9.1,121,0.6397,0,2026-06-19 00:00:00,0
BID-006757,AUC-1220,VND-0628,169045.43,0.914,0.843,69.7,4.61,0.0094,9.1,121,0.6447,0,2026-06-19 00:00:00,1
BID-006758,AUC-1220,VND-0235,164299.31,0.8884,0.612,65.3,4.03,0.0233,10.4,248,0.5565,0,2026-06-19 00:00:00,0
BID-006759,AUC-1220,VND-0427,157767.97,0.8531,0.605,65.4,4.01,0.0237,10.4,55,0.5628,0,2026-06-19 00:00:00,0
BID-006760,AUC-1221,VND-0472,453673.05,0.9781,0.826,86.3,4.56,0.0105,4.1,178,0.6414,0,2026-06-06 00:00:00,0
BID-006761,AUC-1221,VND-0769,434068.12,0.9358,0.591,58.4,3.98,0.0246,12.5,215,0.4914,0,2026-06-06 00:00:00,0
BID-006762,AUC-1221,VND-0278,427832.73,0.9224,0.938,84.2,4.85,0.0037,4.7,149,0.6993,0,2026-06-06 00:00:00,1
BID-006763,AUC-1221,VND-0769,423024.02,0.912,0.591,58.4,3.98,0.0246,12.5,215,0.4976,0,2026-06-06 00:00:00,0
BID-006764,AUC-1221,VND-0619,414572.24,0.8938,0.932,81.0,4.83,0.0041,5.7,56,0.6969,0,2026-06-06 00:00:00,0
BID-006765,AUC-1222,VND-0538,118575.29,0.9715,0.994,91.7,4.98,0.001,2.5,259,0.6941,0,2026-02-03 00:00:00,0
BID-006766,AUC-1222,VND-0259,115663.68,0.9477,0.688,71.3,4.22,0.0187,8.6,248,0.5226,0,2026-02-03 00:00:00,0
BID-006767,AUC-1222,VND-0400,112423.06,0.9211,0.848,82.5,4.62,0.0091,5.2,256,0.6251,0,2026-02-03 00:00:00,0
BID-006768,AUC-1222,VND-0141,107152.97,0.8779,0.945,79.6,4.86,0.0033,6.1,294,0.6698,0,2026-02-03 00:00:00,0
BID-006769,AUC-1222,VND-0799,104667.6,0.8576,0.637,53.2,4.09,0.0218,14.0,62,0.4808,0,2026-02-03 00:00:00,0
BID-006770,AUC-1222,VND-0768,102036.6,0.836,0.707,57.1,4.27,0.0176,12.9,119,0.5259,0,2026-02-03 00:00:00,0
BID-006771,AUC-1222,VND-0509,96951.11,0.7943,0.59,60.6,3.98,0.0246,11.8,157,0.4992,0,2026-02-03 00:00:00,0
BID-006772,AUC-1222,VND-0141,92138.52,0.7549,0.945,79.6,4.86,0.0033,6.1,294,0.7054,0,2026-02-03 00:00:00,1
BID-006773,AUC-1223,VND-0679,311653.36,0.9714,0.95,82.9,4.88,0.003,5.1,239,0.6945,0,2026-02-14 00:00:00,1
BID-006774,AUC-1223,VND-0654,307366.01,0.958,0.857,83.7,4.64,0.0086,4.9,183,0.6684,0,2026-02-14 00:00:00,0
BID-006775,AUC-1223,VND-0166,300403.52,0.9363,0.678,68.5,4.19,0.0193,9.4,290,0.5727,0,2026-02-14 00:00:00,0
BID-006776,AUC-1223,VND-0022,289686.1,0.9029,0.517,59.0,3.79,0.029,12.3,176,0.5016,0,2026-02-14 00:00:00,0
BID-006777,AUC-1223,VND-0022,281089.04,0.8761,0.517,59.0,3.79,0.029,12.3,176,0.5083,0,2026-02-14 00:00:00,0
BID-006778,AUC-1223,VND-0070,275828.04,0.8597,0.682,69.4,4.2,0.0191,9.2,35,0.5956,0,2026-02-14 00:00:00,0
BID-006779,AUC-1223,VND-0700,271430.1,0.846,0.809,79.4,4.52,0.0115,6.2,198,0.6687,0,2026-02-14 00:00:00,0
BID-006780,AUC-1223,VND-0166,260947.51,0.8133,0.678,68.5,4.19,0.0193,9.4,290,0.6035,0,2026-02-14 00:00:00,0
BID-006781,AUC-1224,VND-0396,117011.65,0.9848,0.577,58.3,3.94,0.0254,12.5,193,0.4712,0,2026-03-05 00:00:00,0
BID-006782,AUC-1224,VND-0396,112648.91,0.9481,0.577,58.3,3.94,0.0254,12.5,193,0.4812,0,2026-03-05 00:00:00,0
BID-006783,AUC-1224,VND-0258,108241.88,0.911,0.523,50.0,3.81,0.0286,15.0,168,0.4498,0,2026-03-05 00:00:00,0
BID-006784,AUC-1224,VND-0199,106782.78,0.8987,0.929,79.5,4.82,0.0042,6.1,159,0.6767,0,2026-03-05 00:00:00,1
BID-006785,AUC-1224,VND-0008,101743.93,0.8563,0.591,54.1,3.98,0.0245,13.8,187,0.4998,0,2026-03-05 00:00:00,0
BID-006786,AUC-1224,VND-0588,99444.27,0.837,0.817,75.3,4.54,0.011,7.4,112,0.6423,0,2026-03-05 00:00:00,0
BID-006787,AUC-1224,VND-0008,96625.62,0.8132,0.591,54.1,3.98,0.0245,13.8,187,0.5114,0,2026-03-05 00:00:00,0
BID-006788,AUC-1225,VND-0656,162921.69,0.972,0.54,61.3,3.85,0.0276,11.6,117,0.4504,0,2026-04-23 00:00:00,0
BID-006789,AUC-1225,VND-0577,157419.92,0.9392,0.849,82.9,4.62,0.0091,5.1,179,0.6282,0,2026-04-23 00:00:00,0
BID-006790,AUC-1225,VND-0568,154659.56,0.9227,0.842,66.2,4.6,0.0095,10.1,287,0.6097,0,2026-04-23 00:00:00,0
BID-006791,AUC-1225,VND-0545,151593.18,0.9044,0.996,80.1,4.99,0.001,6.0,128,0.703,0,2026-04-23 00:00:00,1
BID-006792,AUC-1225,VND-0259,147122.4,0.8777,0.688,71.3,4.22,0.0187,8.6,248,0.5587,0,2026-04-23 00:00:00,0
BID-006793,AUC-1226,VND-0690,409193.71,0.9616,0.68,61.9,4.2,0.0192,11.4,265,0.6035,0,2026-03-14 00:00:00,0
BID-006794,AUC-1226,VND-0541,399076.08,0.9378,0.893,70.6,4.73,0.0064,8.8,148,0.7044,0,2026-03-14 00:00:00,0
BID-006795,AUC-1226,VND-0049,387878.25,0.9115,0.761,69.4,4.4,0.0143,9.2,124,0.6587,0,2026-03-14 00:00:00,0
BID-006796,AUC-1226,VND-0374,369830.32,0.8691,0.692,66.0,4.23,0.0185,10.2,194,0.6355,0,2026-03-14 00:00:00,0
BID-006797,AUC-1226,VND-0690,365588.4,0.8591,0.68,61.9,4.2,0.0192,11.4,265,0.625,0,2026-03-14 00:00:00,0
BID-006798,AUC-1226,VND-0311,360272.07,0.8466,0.592,50.0,3.98,0.0245,15.0,73,0.5712,0,2026-03-14 00:00:00,0
BID-006799,AUC-1226,VND-0541,355608.09,0.8357,0.893,70.6,4.73,0.0064,8.8,148,0.7259,0,2026-03-14 00:00:00,1
BID-006800,AUC-1227,VND-0198,357719.36,0.9743,0.67,69.1,4.18,0.0198,9.3,255,0.4566,0,2026-06-21 00:00:00,0
BID-006801,AUC-1227,VND-0198,351851.09,0.9584,0.67,69.1,4.18,0.0198,9.3,255,0.4623,0,2026-06-21 00:00:00,0
BID-006802,AUC-1227,VND-0273,340398.78,0.9272,0.809,73.1,4.52,0.0115,8.1,254,0.5321,0,2026-06-21 00:00:00,1
BID-006803,AUC-1227,VND-0449,328865.18,0.8957,0.647,64.3,4.12,0.0212,10.7,117,0.4648,0,2026-06-21 00:00:00,0
BID-006804,AUC-1227,VND-0449,323636.55,0.8815,0.647,64.3,4.12,0.0212,10.7,117,0.4699,0,2026-06-21 00:00:00,0
BID-006805,AUC-1227,VND-0449,310918.68,0.8469,0.647,64.3,4.12,0.0212,10.7,117,0.4824,0,2026-06-21 00:00:00,0
BID-006806,AUC-1228,VND-0017,55943.57,0.9859,0.533,58.4,3.83,0.028,12.5,102,0.3894,0,2026-06-28 00:00:00,0
BID-006807,AUC-1228,VND-0312,55006.27,0.9693,0.685,66.4,4.21,0.0189,10.1,297,0.4707,0,2026-06-28 00:00:00,0
BID-006808,AUC-1228,VND-0312,52462.0,0.9245,0.685,66.4,4.21,0.0189,10.1,297,0.4927,0,2026-06-28 00:00:00,0
BID-006809,AUC-1228,VND-0312,50560.33,0.891,0.685,66.4,4.21,0.0189,10.1,297,0.5091,0,2026-06-28 00:00:00,0
BID-006810,AUC-1228,VND-0683,49317.19,0.8691,0.867,65.6,4.67,0.008,10.3,233,0.5816,0,2026-06-28 00:00:00,0
BID-006811,AUC-1228,VND-0251,48265.19,0.8506,0.849,73.2,4.62,0.0091,8.0,198,0.6033,0,2026-06-28 00:00:00,1
BID-006812,AUC-1229,VND-0281,217413.93,0.988,0.852,71.4,4.63,0.0089,8.6,252,0.6283,0,2026-06-15 00:00:00,0
BID-006813,AUC-1229,VND-0398,213393.99,0.9697,0.509,58.5,3.77,0.0295,12.4,206,0.4465,0,2026-06-15 00:00:00,0
BID-006814,AUC-1229,VND-0281,207600.73,0.9434,0.852,71.4,4.63,0.0089,8.6,252,0.6412,0,2026-06-15 00:00:00,1
BID-006815,AUC-1229,VND-0336,201385.84,0.9151,0.587,59.2,3.97,0.0248,12.2,264,0.4987,0,2026-06-15 00:00:00,0
BID-006816,AUC-1229,VND-0015,191937.36,0.8722,0.796,63.2,4.49,0.0122,11.0,201,0.6143,0,2026-06-15 00:00:00,0
BID-006817,AUC-1230,VND-0430,23347.52,0.9611,0.782,63.4,4.46,0.0131,11.0,100,0.5488,0,2026-03-02 00:00:00,0
BID-006818,AUC-1230,VND-0268,22868.57,0.9414,0.884,91.9,4.71,0.0069,2.4,82,0.664,0,2026-03-02 00:00:00,1
BID-006819,AUC-1230,VND-0484,22607.53,0.9306,0.86,76.0,4.65,0.0084,7.2,235,0.6227,0,2026-03-02 00:00:00,0
BID-006820,AUC-1230,VND-0430,22220.54,0.9147,0.782,63.4,4.46,0.0131,11.0,100,0.5669,0,2026-03-02 00:00:00,0
BID-006821,AUC-1231,VND-0542,234437.2,0.9544,0.709,70.0,4.27,0.0175,9.0,75,0.5149,0,2026-01-30 00:00:00,0
BID-006822,AUC-1231,VND-0663,230369.8,0.9378,0.988,87.0,4.97,0.001,3.9,224,0.6342,0,2026-01-30 00:00:00,1
BID-006823,AUC-1231,VND-0295,226686.95,0.9229,0.564,50.0,3.91,0.0262,15.0,125,0.4463,0,2026-01-30 00:00:00,0
BID-006824,AUC-1231,VND-0661,221024.09,0.8998,0.624,52.0,4.06,0.0226,14.4,251,0.4758,0,2026-01-30 00:00:00,0
BID-006825,AUC-1232,VND-0640,325469.45,0.9727,0.571,50.0,3.93,0.0257,15.0,214,0.4168,0,2026-01-31 00:00:00,0
BID-006826,AUC-1232,VND-0134,321905.47,0.9621,0.849,79.4,4.62,0.0091,6.2,178,0.6085,0,2026-01-31 00:00:00,0
BID-006827,AUC-1232,VND-0708,317821.97,0.9499,0.766,84.3,4.41,0.0141,4.7,292,0.5951,0,2026-01-31 00:00:00,0
BID-006828,AUC-1232,VND-0407,306021.68,0.9146,0.562,60.1,3.91,0.0263,12.0,88,0.4627,0,2026-01-31 00:00:00,0
BID-006829,AUC-1232,VND-0020,302488.08,0.904,0.842,77.4,4.61,0.0095,6.8,43,0.6213,0,2026-01-31 00:00:00,0
BID-006830,AUC-1232,VND-0020,292396.85,0.8739,0.842,77.4,4.61,0.0095,6.8,43,0.6322,0,2026-01-31 00:00:00,0
BID-006831,AUC-1232,VND-0020,286515.56,0.8563,0.842,77.4,4.61,0.0095,6.8,43,0.6385,0,2026-01-31 00:00:00,1
BID-006832,AUC-1233,VND-0125,66889.23,0.9827,0.982,94.8,4.95,0.0011,1.6,280,0.5622,0,2026-05-29 00:00:00,0
BID-006833,AUC-1233,VND-0415,64745.47,0.9512,0.869,79.8,4.67,0.0079,6.1,83,0.5171,0,2026-05-29 00:00:00,0
BID-006834,AUC-1233,VND-0500,62321.75,0.9156,0.975,85.7,4.94,0.0015,4.3,283,0.5714,0,2026-05-29 00:00:00,1
BID-006835,AUC-1234,VND-0728,145290.23,0.9587,0.515,57.3,3.79,0.0291,12.8,249,0.5481,0,2026-04-11 00:00:00,0
BID-006836,AUC-1234,VND-0525,143183.67,0.9448,0.935,72.6,4.84,0.0039,8.2,133,0.7526,0,2026-04-11 00:00:00,0
BID-006837,AUC-1234,VND-0738,140467.01,0.9268,0.664,61.8,4.16,0.0202,11.5,205,0.6248,0,2026-04-11 00:00:00,0
BID-006838,AUC-1234,VND-0092,138584.53,0.9144,0.962,100.0,4.91,0.0023,0.1,223,0.8009,0,2026-04-11 00:00:00,1
BID-006839,AUC-1235,VND-0098,200979.09,0.9807,0.67,58.4,4.17,0.0198,12.5,117,0.3999,0,2026-05-15 00:00:00,0
BID-006840,AUC-1235,VND-0562,195396.12,0.9534,0.931,94.7,4.83,0.0041,1.6,230,0.5823,0,2026-05-15 00:00:00,1
BID-006841,AUC-1235,VND-0031,192020.99,0.937,0.694,61.6,4.24,0.0183,11.5,189,0.4329,0,2026-05-15 00:00:00,0
BID-006842,AUC-1235,VND-0397,187677.04,0.9158,0.753,66.6,4.38,0.0148,10.0,272,0.4734,0,2026-05-15 00:00:00,0
BID-006843,AUC-1236,VND-0433,454819.71,0.9875,0.7,64.5,4.25,0.018,10.6,277,0.3973,0,2026-04-13 00:00:00,0
BID-006844,AUC-1236,VND-0646,447529.39,0.9717,0.698,54.5,4.25,0.0181,13.6,213,0.3881,0,2026-04-13 00:00:00,0
BID-006845,AUC-1236,VND-0501,425869.23,0.9247,0.593,58.5,3.98,0.0244,12.4,209,0.385,0,2026-04-13 00:00:00,0
BID-006846,AUC-1236,VND-0433,414432.28,0.8998,0.7,64.5,4.25,0.018,10.6,277,0.4437,0,2026-04-13 00:00:00,1
BID-006847,AUC-1237,VND-0662,488999.08,0.9845,0.936,75.8,4.84,0.0038,7.3,164,0.6326,0,2026-02-08 00:00:00,1
BID-006848,AUC-1237,VND-0426,474503.79,0.9553,0.534,52.6,3.83,0.028,14.2,280,0.4223,0,2026-02-08 00:00:00,0
BID-006849,AUC-1237,VND-0559,453727.31,0.9135,0.546,56.3,3.86,0.0273,13.1,47,0.4567,0,2026-02-08 00:00:00,0
BID-006850,AUC-1237,VND-0371,434335.48,0.8745,0.731,65.5,4.33,0.0161,10.4,186,0.5758,0,2026-02-08 00:00:00,0
BID-006851,AUC-1237,VND-0559,418756.18,0.8431,0.546,56.3,3.86,0.0273,13.1,47,0.4912,0,2026-02-08 00:00:00,0
BID-006852,AUC-1237,VND-0426,407199.16,0.8198,0.534,52.6,3.83,0.028,14.2,280,0.4887,0,2026-02-08 00:00:00,0
BID-006853,AUC-1237,VND-0426,388194.11,0.7816,0.534,52.6,3.83,0.028,14.2,280,0.5075,0,2026-02-08 00:00:00,0
BID-006854,AUC-1238,VND-0411,31365.63,0.98,0.901,73.1,4.75,0.0059,8.1,298,0.5417,0,2026-06-25 00:00:00,0
BID-006855,AUC-1238,VND-0188,30365.12,0.9487,0.536,50.0,3.84,0.0279,15.0,41,0.3666,0,2026-06-25 00:00:00,0
BID-006856,AUC-1238,VND-0347,29744.62,0.9293,0.754,62.7,4.38,0.0148,11.2,200,0.4837,0,2026-06-25 00:00:00,0
BID-006857,AUC-1238,VND-0188,29442.88,0.9199,0.536,50.0,3.84,0.0279,15.0,41,0.3775,0,2026-06-25 00:00:00,0
BID-006858,AUC-1238,VND-0411,28325.14,0.885,0.901,73.1,4.75,0.0059,8.1,298,0.5778,0,2026-06-25 00:00:00,1
BID-006859,AUC-1238,VND-0353,27569.91,0.8614,0.532,55.0,3.83,0.0281,13.5,103,0.4066,0,2026-06-25 00:00:00,0
BID-006860,AUC-1239,VND-0425,371405.18,0.97,0.751,68.9,4.38,0.0149,9.3,110,0.5589,0,2026-06-21 00:00:00,0
BID-006861,AUC-1239,VND-0028,353525.79,0.9233,0.799,83.3,4.5,0.0121,5.0,212,0.6192,0,2026-06-21 00:00:00,1
BID-006862,AUC-1239,VND-0470,342272.99,0.8939,0.559,55.4,3.9,0.0265,13.4,95,0.4775,0,2026-06-21 00:00:00,0
BID-006863,AUC-1239,VND-0470,333389.15,0.8707,0.559,55.4,3.9,0.0265,13.4,95,0.4843,0,2026-06-21 00:00:00,0
BID-006864,AUC-1239,VND-0474,319445.94,0.8343,0.568,59.8,3.92,0.0259,12.1,69,0.5067,0,2026-06-21 00:00:00,0
BID-006865,AUC-1239,VND-0470,309700.93,0.8088,0.559,55.4,3.9,0.0265,13.4,95,0.5022,0,2026-06-21 00:00:00,0
BID-006866,AUC-1239,VND-0470,295534.21,0.7718,0.559,55.4,3.9,0.0265,13.4,95,0.5129,0,2026-06-21 00:00:00,0
BID-006867,AUC-1240,VND-0574,187597.87,0.9763,0.899,84.1,4.75,0.0061,4.8,134,0.7096,0,2026-05-10 00:00:00,1
BID-006868,AUC-1240,VND-0096,185162.62,0.9637,0.547,59.8,3.87,0.0272,12.1,142,0.5107,0,2026-05-10 00:00:00,0
BID-006869,AUC-1240,VND-0342,176337.72,0.9177,0.585,59.0,3.96,0.0249,12.3,196,0.5354,0,2026-05-10 00:00:00,0
BID-006870,AUC-1241,VND-0311,193849.0,0.9582,0.592,50.0,3.98,0.0245,15.0,73,0.4728,0,2026-06-12 00:00:00,0
BID-006871,AUC-1241,VND-0311,186560.48,0.9222,0.592,50.0,3.98,0.0245,15.0,73,0.4825,0,2026-06-12 00:00:00,0
BID-006872,AUC-1241,VND-0604,181874.09,0.899,0.842,74.7,4.6,0.0095,7.6,266,0.6364,0,2026-06-12 00:00:00,0
BID-006873,AUC-1241,VND-0604,173002.9,0.8552,0.842,74.7,4.6,0.0095,7.6,266,0.6482,0,2026-06-12 00:00:00,1
BID-006874,AUC-1241,VND-0639,166871.83,0.8249,0.621,63.9,4.05,0.0227,10.8,209,0.5567,0,2026-06-12 00:00:00,0
BID-006875,AUC-1241,VND-0350,162091.21,0.8012,0.577,51.8,3.94,0.0254,14.5,101,0.5153,0,2026-06-12 00:00:00,0
BID-006876,AUC-1242,VND-0608,372176.87,0.9805,0.847,65.2,4.62,0.0092,10.4,18,0.5546,0,2026-01-17 00:00:00,0
BID-006877,AUC-1242,VND-0608,358447.25,0.9443,0.847,65.2,4.62,0.0092,10.4,18,0.5665,0,2026-01-17 00:00:00,0
BID-006878,AUC-1242,VND-0137,353669.78,0.9317,0.934,95.5,4.83,0.004,1.3,227,0.6597,0,2026-01-17 00:00:00,0
BID-006879,AUC-1242,VND-0224,338931.6,0.8929,0.993,96.7,4.98,0.001,1.0,62,0.6964,0,2026-01-17 00:00:00,0
BID-006880,AUC-1242,VND-0743,327722.45,0.8634,0.662,53.5,4.16,0.0203,14.0,190,0.5036,0,2026-01-17 00:00:00,0
BID-006881,AUC-1242,VND-0743,311636.46,0.821,0.662,53.5,4.16,0.0203,14.0,190,0.5176,0,2026-01-17 00:00:00,0
BID-006882,AUC-1242,VND-0137,301587.25,0.7945,0.934,95.5,4.83,0.004,1.3,227,0.7049,0,2026-01-17 00:00:00,1
BID-006883,AUC-1243,VND-0552,446487.56,0.9706,0.942,97.0,4.85,0.0035,0.9,91,0.5804,0,2026-06-30 00:00:00,1
BID-006884,AUC-1243,VND-0009,435467.91,0.9466,0.652,56.5,4.13,0.0209,13.0,191,0.4431,0,2026-06-30 00:00:00,0
BID-006885,AUC-1243,VND-0342,422760.28,0.919,0.585,59.0,3.96,0.0249,12.3,196,0.4392,0,2026-06-30 00:00:00,0
BID-006886,AUC-1243,VND-0009,406280.56,0.8832,0.652,56.5,4.13,0.0209,13.0,191,0.4691,0,2026-06-30 00:00:00,0
BID-006887,AUC-1243,VND-0342,394558.62,0.8577,0.585,59.0,3.96,0.0249,12.3,196,0.4643,0,2026-06-30 00:00:00,0
BID-006888,AUC-1243,VND-0096,389694.27,0.8471,0.547,59.8,3.87,0.0272,12.1,142,0.4594,0,2026-06-30 00:00:00,0
BID-006889,AUC-1243,VND-0557,382291.08,0.831,0.612,60.4,4.03,0.0233,11.9,26,0.4853,0,2026-06-30 00:00:00,0
BID-006890,AUC-1243,VND-0354,367274.54,0.7984,0.661,69.4,4.15,0.0203,9.2,53,0.5269,0,2026-06-30 00:00:00,0
BID-006891,AUC-1244,VND-0344,464960.01,0.9769,0.786,70.0,4.46,0.0129,9.0,234,0.622,0,2026-04-12 00:00:00,0
BID-006892,AUC-1244,VND-0378,458606.97,0.9636,0.57,62.5,3.92,0.0258,11.2,284,0.5048,0,2026-04-12 00:00:00,0
BID-006893,AUC-1244,VND-0344,453080.91,0.9519,0.786,70.0,4.46,0.0129,9.0,234,0.6278,0,2026-04-12 00:00:00,0
BID-006894,AUC-1244,VND-0094,447625.88,0.9405,0.909,86.3,4.77,0.0055,4.1,226,0.7171,0,2026-04-12 00:00:00,1
BID-006895,AUC-1244,VND-0378,434262.24,0.9124,0.57,62.5,3.92,0.0258,11.2,284,0.5165,0,2026-04-12 00:00:00,0
BID-006896,AUC-1244,VND-0277,429431.91,0.9023,0.776,69.6,4.44,0.0134,9.1,78,0.6338,0,2026-04-12 00:00:00,0
BID-006897,AUC-1244,VND-0593,424934.54,0.8928,0.551,61.0,3.88,0.0269,11.7,260,0.5095,0,2026-04-12 00:00:00,0
BID-006898,AUC-1244,VND-0344,418159.43,0.8786,0.786,70.0,4.46,0.0129,9.0,234,0.6446,0,2026-04-12 00:00:00,0
BID-006899,AUC-1245,VND-0479,289478.36,0.9887,0.759,64.2,4.4,0.0144,10.7,254,0.543,0,2026-03-29 00:00:00,0
BID-006900,AUC-1245,VND-0300,275123.04,0.9397,0.596,50.0,3.99,0.0242,15.0,180,0.476,0,2026-03-29 00:00:00,0
BID-006901,AUC-1245,VND-0479,265547.61,0.907,0.759,64.2,4.4,0.0144,10.7,254,0.5676,0,2026-03-29 00:00:00,0
BID-006902,AUC-1245,VND-0268,259020.72,0.8847,0.884,91.9,4.71,0.0069,2.4,82,0.682,0,2026-03-29 00:00:00,0
BID-006903,AUC-1245,VND-0268,253643.14,0.8663,0.884,91.9,4.71,0.0069,2.4,82,0.6875,0,2026-03-29 00:00:00,0
BID-006904,AUC-1245,VND-0268,244264.04,0.8343,0.884,91.9,4.71,0.0069,2.4,82,0.6971,0,2026-03-29 00:00:00,1
BID-006905,AUC-1245,VND-0774,235568.2,0.8046,0.903,79.0,4.76,0.0058,6.3,20,0.6764,0,2026-03-29 00:00:00,0
BID-006906,AUC-1245,VND-0627,230185.08,0.7862,0.559,50.0,3.9,0.0265,15.0,106,0.5124,0,2026-03-29 00:00:00,0
BID-006907,AUC-1246,VND-0752,178189.54,0.9632,0.513,50.0,3.78,0.0292,15.0,78,0.289,0,2026-01-20 00:00:00,0
BID-006908,AUC-1246,VND-0256,176007.38,0.9514,0.807,68.8,4.52,0.0116,9.4,19,0.4084,0,2026-01-20 00:00:00,0
BID-006909,AUC-1246,VND-0735,171399.77,0.9265,0.935,88.3,4.84,0.0039,3.5,248,0.4951,0,2026-01-20 00:00:00,0
BID-006910,AUC-1246,VND-0735,167291.51,0.9043,0.935,88.3,4.84,0.0039,3.5,248,0.5062,0,2026-01-20 00:00:00,0
BID-006911,AUC-1246,VND-0211,162668.85,0.8793,0.896,93.2,4.74,0.0063,2.0,238,0.5199,0,2026-01-20 00:00:00,0
BID-006912,AUC-1246,VND-0440,154918.28,0.8374,0.514,50.0,3.78,0.0292,15.0,28,0.3521,0,2026-01-20 00:00:00,0
BID-006913,AUC-1246,VND-0146,152793.32,0.826,0.515,50.0,3.79,0.0291,15.0,234,0.3582,0,2026-01-20 00:00:00,0
BID-006914,AUC-1246,VND-0211,149808.63,0.8098,0.896,93.2,4.74,0.0063,2.0,238,0.5546,0,2026-01-20 00:00:00,1
BID-006915,AUC-1247,VND-0363,385933.15,0.9748,0.787,83.3,4.47,0.0128,5.0,245,0.5338,0,2026-01-26 00:00:00,0
BID-006916,AUC-1247,VND-0201,370595.52,0.9361,0.552,61.0,3.88,0.0269,11.7,116,0.4363,0,2026-01-26 00:00:00,0
BID-006917,AUC-1247,VND-0673,355517.88,0.898,0.871,74.3,4.68,0.0077,7.7,276,0.5758,0,2026-01-26 00:00:00,0
BID-006918,AUC-1247,VND-0688,340053.1,0.8589,0.624,67.4,4.06,0.0226,9.8,67,0.4992,0,2026-01-26 00:00:00,0
BID-006919,AUC-1247,VND-0382,331980.17,0.8385,0.624,57.9,4.06,0.0225,12.6,66,0.4918,0,2026-01-26 00:00:00,0
BID-006920,AUC-1247,VND-0201,317926.32,0.803,0.552,61.0,3.88,0.0269,11.7,116,0.4868,0,2026-01-26 00:00:00,0
BID-006921,AUC-1247,VND-0363,310916.96,0.7853,0.787,83.3,4.47,0.0128,5.0,245,0.6058,0,2026-01-26 00:00:00,1
BID-006922,AUC-1247,VND-0688,297859.21,0.7524,0.624,67.4,4.06,0.0226,9.8,67,0.5397,0,2026-01-26 00:00:00,0
BID-006923,AUC-1248,VND-0228,128918.46,0.9694,0.556,56.6,3.89,0.0267,13.0,139,0.436,0,2026-03-20 00:00:00,0
BID-006924,AUC-1248,VND-0293,122699.42,0.9226,0.817,72.6,4.54,0.011,8.2,40,0.5989,0,2026-03-20 00:00:00,0
BID-006925,AUC-1248,VND-0399,119002.17,0.8948,0.966,92.8,4.92,0.002,2.2,186,0.7235,0,2026-03-20 00:00:00,1
BID-006926,AUC-1248,VND-0589,116463.89,0.8757,0.89,71.8,4.72,0.0066,8.5,35,0.6415,0,2026-03-20 00:00:00,0
BID-006927,AUC-1248,VND-0228,112160.13,0.8434,0.556,56.6,3.89,0.0267,13.0,139,0.4801,0,2026-03-20 00:00:00,0
BID-006928,AUC-1249,VND-0014,281136.89,0.9816,0.6,59.5,4.0,0.024,12.2,66,0.4808,0,2026-06-29 00:00:00,0
BID-006929,AUC-1249,VND-0260,274121.0,0.9571,0.994,83.9,4.98,0.001,4.8,262,0.6875,0,2026-06-29 00:00:00,0
BID-006930,AUC-1249,VND-0214,267900.23,0.9354,0.721,73.1,4.3,0.0168,8.1,268,0.5644,0,2026-06-29 00:00:00,0
BID-006931,AUC-1249,VND-0014,257327.42,0.8985,0.6,59.5,4.0,0.024,12.2,66,0.5057,0,2026-06-29 00:00:00,0
BID-006932,AUC-1249,VND-0211,253753.95,0.886,0.896,93.2,4.74,0.0063,2.0,238,0.681,0,2026-06-29 00:00:00,0
BID-006933,AUC-1249,VND-0211,250297.53,0.874,0.896,93.2,4.74,0.0063,2.0,238,0.6846,0,2026-06-29 00:00:00,0
BID-006934,AUC-1249,VND-0211,238673.27,0.8334,0.896,93.2,4.74,0.0063,2.0,238,0.6968,0,2026-06-29 00:00:00,1
BID-006935,AUC-1250,VND-0211,179415.87,0.9661,0.896,93.2,4.74,0.0063,2.0,238,0.5786,0,2026-02-26 00:00:00,0
BID-006936,AUC-1250,VND-0700,177073.6,0.9535,0.809,79.4,4.52,0.0115,6.2,198,0.5266,0,2026-02-26 00:00:00,0
BID-006937,AUC-1250,VND-0211,169447.02,0.9125,0.896,93.2,4.74,0.0063,2.0,238,0.599,0,2026-02-26 00:00:00,1
BID-006938,AUC-1250,VND-0396,166954.22,0.899,0.577,58.3,3.94,0.0254,12.5,193,0.418,0,2026-02-26 00:00:00,0
BID-006939,AUC-1250,VND-0043,164935.31,0.8882,0.655,59.6,4.14,0.0207,12.1,117,0.4576,0,2026-02-26 00:00:00,0
BID-006940,AUC-1250,VND-0698,158514.62,0.8536,0.669,69.8,4.17,0.0199,9.1,103,0.491,0,2026-02-26 00:00:00,0
BID-006941,AUC-1251,VND-0516,316786.22,0.9549,0.519,51.8,3.8,0.0289,14.5,260,0.3791,0,2026-04-04 00:00:00,0
BID-006942,AUC-1251,VND-0516,302407.3,0.9116,0.519,51.8,3.8,0.0289,14.5,260,0.393,0,2026-04-04 00:00:00,0
BID-006943,AUC-1251,VND-0234,291440.3,0.8785,0.643,66.6,4.11,0.0214,10.0,191,0.492,0,2026-04-04 00:00:00,0
BID-006944,AUC-1251,VND-0783,285440.16,0.8604,0.911,78.6,4.78,0.0053,6.4,91,0.6289,0,2026-04-04 00:00:00,0
BID-006945,AUC-1251,VND-0552,275550.23,0.8306,0.942,97.0,4.85,0.0035,0.9,91,0.7046,0,2026-04-04 00:00:00,1
BID-006946,AUC-1251,VND-0783,265490.47,0.8003,0.911,78.6,4.78,0.0053,6.4,91,0.6481,0,2026-04-04 00:00:00,0
BID-006947,AUC-1251,VND-0234,262743.69,0.792,0.643,66.6,4.11,0.0214,10.0,191,0.5197,0,2026-04-04 00:00:00,0
BID-006948,AUC-1252,VND-0510,122098.54,0.9554,0.958,77.4,4.89,0.0025,6.8,167,0.4241,0,2026-04-21 00:00:00,0
BID-006949,AUC-1252,VND-0454,117899.53,0.9226,0.909,78.4,4.77,0.0055,6.5,79,0.4335,0,2026-04-21 00:00:00,0
BID-006950,AUC-1252,VND-0277,112693.72,0.8818,0.776,69.6,4.44,0.0134,9.1,78,0.4155,0,2026-04-21 00:00:00,0
BID-006951,AUC-1252,VND-0724,109445.98,0.8564,0.846,86.1,4.62,0.0092,4.2,207,0.468,0,2026-04-21 00:00:00,0
BID-006952,AUC-1252,VND-0454,107233.49,0.8391,0.909,78.4,4.77,0.0055,6.5,79,0.4802,0,2026-04-21 00:00:00,0
BID-006953,AUC-1252,VND-0454,103845.63,0.8126,0.909,78.4,4.77,0.0055,6.5,79,0.4951,0,2026-04-21 00:00:00,1
BID-006954,AUC-1253,VND-0289,100839.84,0.9707,0.574,65.1,3.93,0.0256,10.5,200,0.4615,0,2026-04-03 00:00:00,0
BID-006955,AUC-1253,VND-0161,96125.17,0.9253,0.775,78.1,4.44,0.0135,6.6,192,0.5882,0,2026-04-03 00:00:00,0
BID-006956,AUC-1253,VND-0518,93339.69,0.8985,0.538,56.0,3.85,0.0277,13.2,137,0.4559,0,2026-04-03 00:00:00,0
BID-006957,AUC-1253,VND-0238,89122.31,0.8579,0.764,80.2,4.41,0.0142,5.9,210,0.6052,0,2026-04-03 00:00:00,1
BID-006958,AUC-1253,VND-0289,87296.19,0.8404,0.574,65.1,3.93,0.0256,10.5,200,0.5006,0,2026-04-03 00:00:00,0
BID-006959,AUC-1253,VND-0289,84823.92,0.8166,0.574,65.1,3.93,0.0256,10.5,200,0.5077,0,2026-04-03 00:00:00,0
BID-006960,AUC-1254,VND-0219,440027.76,0.9567,0.536,52.2,3.84,0.0278,14.3,200,0.4235,0,2026-05-13 00:00:00,0
BID-006961,AUC-1254,VND-0554,428167.73,0.9309,0.698,70.1,4.25,0.0181,9.0,61,0.5307,0,2026-05-13 00:00:00,0
BID-006962,AUC-1254,VND-0782,407740.02,0.8865,0.89,69.4,4.73,0.0066,9.2,21,0.6378,0,2026-05-13 00:00:00,0
BID-006963,AUC-1254,VND-0787,393555.99,0.8557,0.868,84.3,4.67,0.0079,4.7,279,0.6528,0,2026-05-13 00:00:00,1
BID-006964,AUC-1255,VND-0491,58582.66,0.9783,0.667,66.6,4.17,0.02,10.0,38,0.4156,0,2026-06-11 00:00:00,0
BID-006965,AUC-1255,VND-0491,56795.37,0.9484,0.667,66.6,4.17,0.02,10.0,38,0.4278,0,2026-06-11 00:00:00,0
BID-006966,AUC-1255,VND-0416,54504.26,0.9102,0.612,54.3,4.03,0.0233,13.7,104,0.3976,0,2026-06-11 00:00:00,0
BID-006967,AUC-1255,VND-0563,53445.57,0.8925,0.828,75.6,4.57,0.0103,7.3,208,0.5229,0,2026-06-11 00:00:00,0
BID-006968,AUC-1255,VND-0454,52664.1,0.8794,0.909,78.4,4.77,0.0055,6.5,79,0.5606,0,2026-06-11 00:00:00,0
BID-006969,AUC-1255,VND-0543,50616.43,0.8452,0.972,85.3,4.93,0.0017,4.4,272,0.6107,0,2026-06-11 00:00:00,1
BID-006970,AUC-1256,VND-0375,251906.02,0.9767,0.953,91.0,4.88,0.0028,2.7,215,0.5361,0,2026-03-04 00:00:00,1
BID-006971,AUC-1256,VND-0208,239432.93,0.9283,0.816,68.6,4.54,0.011,9.4,25,0.4916,0,2026-03-04 00:00:00,0
BID-006972,AUC-1256,VND-0761,234633.09,0.9097,0.53,59.9,3.83,0.0282,12.0,230,0.4034,0,2026-03-04 00:00:00,0
BID-006973,AUC-1256,VND-0761,227444.56,0.8818,0.53,59.9,3.83,0.0282,12.0,230,0.416,0,2026-03-04 00:00:00,0
BID-006974,AUC-1257,VND-0227,114772.91,0.9709,0.712,73.7,4.28,0.0173,7.9,154,0.448,0,2026-06-18 00:00:00,0
BID-006975,AUC-1257,VND-0120,111688.13,0.9448,0.823,63.3,4.56,0.0106,11.0,38,0.4565,0,2026-06-18 00:00:00,0
BID-006976,AUC-1257,VND-0227,108752.41,0.9199,0.712,73.7,4.28,0.0173,7.9,154,0.4714,0,2026-06-18 00:00:00,0
BID-006977,AUC-1257,VND-0083,103396.62,0.8746,0.545,60.4,3.86,0.0273,11.9,41,0.4136,0,2026-06-18 00:00:00,0
BID-006978,AUC-1257,VND-0522,100069.8,0.8465,0.659,67.9,4.15,0.0204,9.6,95,0.4757,0,2026-06-18 00:00:00,1
BID-006979,AUC-1258,VND-0773,28243.73,0.9714,0.981,83.0,4.95,0.0011,5.1,104,0.5447,0,2026-06-17 00:00:00,1
BID-006980,AUC-1258,VND-0747,27488.05,0.9454,0.614,51.8,4.03,0.0232,14.5,83,0.3755,0,2026-06-17 00:00:00,0
BID-006981,AUC-1258,VND-0237,26935.74,0.9264,0.522,58.5,3.8,0.0287,12.4,225,0.3561,0,2026-06-17 00:00:00,0
BID-006982,AUC-1259,VND-0193,26591.3,0.9617,0.868,87.1,4.67,0.0079,3.9,282,0.6273,0,2026-04-06 00:00:00,1
BID-006983,AUC-1259,VND-0328,25649.26,0.9277,0.716,52.8,4.29,0.0171,14.2,88,0.4821,0,2026-04-06 00:00:00,0
BID-006984,AUC-1259,VND-0072,25145.23,0.9094,0.749,61.0,4.37,0.0151,11.7,175,0.5241,0,2026-04-06 00:00:00,0
BID-006985,AUC-1260,VND-0640,94641.63,0.9873,0.571,50.0,3.93,0.0257,15.0,214,0.5149,0,2026-05-07 00:00:00,0
BID-006986,AUC-1260,VND-0640,91288.51,0.9523,0.571,50.0,3.93,0.0257,15.0,214,0.5244,0,2026-05-07 00:00:00,0
BID-006987,AUC-1260,VND-0767,89337.61,0.932,0.858,73.0,4.65,0.0085,8.1,157,0.6639,0,2026-05-07 00:00:00,1
BID-006988,AUC-1260,VND-0640,85327.4,0.8901,0.571,50.0,3.93,0.0257,15.0,214,0.5412,0,2026-05-07 00:00:00,0
BID-006989,AUC-1261,VND-0174,419492.91,0.965,0.818,63.2,4.54,0.0109,11.0,138,0.4112,0,2026-03-13 00:00:00,0
BID-006990,AUC-1261,VND-0174,406176.42,0.9343,0.818,63.2,4.54,0.0109,11.0,138,0.4271,0,2026-03-13 00:00:00,0
BID-006991,AUC-1261,VND-0372,394128.53,0.9066,0.874,79.5,4.68,0.0076,6.1,212,0.4732,0,2026-03-13 00:00:00,1
BID-006992,AUC-1262,VND-0491,144459.65,0.9734,0.667,66.6,4.17,0.02,10.0,38,0.5186,0,2026-04-10 00:00:00,0
BID-006993,AUC-1262,VND-0433,138987.78,0.9365,0.7,64.5,4.25,0.018,10.6,277,0.5356,0,2026-04-10 00:00:00,0
BID-006994,AUC-1262,VND-0433,135670.33,0.9141,0.7,64.5,4.25,0.018,10.6,277,0.5414,0,2026-04-10 00:00:00,1
BID-006995,AUC-1263,VND-0193,469447.23,0.9868,0.868,87.1,4.67,0.0079,3.9,282,0.471,0,2026-01-27 00:00:00,0
BID-006996,AUC-1263,VND-0260,461649.76,0.9704,0.994,83.9,4.98,0.001,4.8,262,0.4974,0,2026-01-27 00:00:00,0
BID-006997,AUC-1263,VND-0369,450780.89,0.9476,0.696,66.8,4.24,0.0182,10.0,205,0.3948,0,2026-01-27 00:00:00,0
BID-006998,AUC-1263,VND-0513,429357.23,0.9025,0.972,88.2,4.93,0.0017,3.5,209,0.5366,0,2026-01-27 00:00:00,0
BID-006999,AUC-1263,VND-0425,417630.77,0.8779,0.751,68.9,4.38,0.0149,9.3,110,0.4456,0,2026-01-27 00:00:00,0
BID-007000,AUC-1263,VND-0260,398230.45,0.8371,0.994,83.9,4.98,0.001,4.8,262,0.5601,0,2026-01-27 00:00:00,0
BID-007001,AUC-1263,VND-0306,380960.29,0.8008,0.52,52.4,3.8,0.0288,14.3,70,0.3847,0,2026-01-27 00:00:00,0
BID-007002,AUC-1263,VND-0193,371205.98,0.7803,0.868,87.1,4.67,0.0079,3.9,282,0.5681,0,2026-01-27 00:00:00,1
BID-007003,AUC-1264,VND-0212,286746.77,0.972,0.546,55.7,3.86,0.0273,13.3,255,0.4631,0,2026-04-15 00:00:00,0
BID-007004,AUC-1264,VND-0598,280113.3,0.9496,0.523,54.5,3.81,0.0286,13.6,178,0.4562,0,2026-04-15 00:00:00,0
BID-007005,AUC-1264,VND-0598,274594.64,0.9308,0.523,54.5,3.81,0.0286,13.6,178,0.4606,0,2026-04-15 00:00:00,0
BID-007006,AUC-1264,VND-0326,262625.22,0.8903,0.543,54.8,3.86,0.0274,13.6,151,0.4793,0,2026-04-15 00:00:00,0
BID-007007,AUC-1264,VND-0774,251442.73,0.8524,0.903,79.0,4.76,0.0058,6.3,20,0.6995,0,2026-04-15 00:00:00,1
BID-007008,AUC-1264,VND-0671,243341.37,0.8249,0.629,59.2,4.07,0.0223,12.2,219,0.5415,0,2026-04-15 00:00:00,0
BID-007009,AUC-1264,VND-0187,240020.53,0.8136,0.547,54.9,3.87,0.0272,13.5,255,0.4996,0,2026-04-15 00:00:00,0
BID-007010,AUC-1265,VND-0762,217017.11,0.9691,0.676,51.0,4.19,0.0195,14.7,256,0.5443,0,2026-01-18 00:00:00,0
BID-007011,AUC-1265,VND-0590,213746.43,0.9545,0.881,83.5,4.7,0.0072,5.0,126,0.7108,0,2026-01-18 00:00:00,0
BID-007012,AUC-1265,VND-0026,203662.15,0.9094,0.985,96.2,4.96,0.001,1.1,61,0.7931,0,2026-01-18 00:00:00,0
BID-007013,AUC-1265,VND-0026,197184.56,0.8805,0.985,96.2,4.96,0.001,1.1,61,0.7991,0,2026-01-18 00:00:00,1
BID-007014,AUC-1265,VND-0126,191841.05,0.8567,0.647,55.0,4.12,0.0212,13.5,77,0.5681,0,2026-01-18 00:00:00,0
BID-007015,AUC-1265,VND-0727,184532.49,0.824,0.934,84.1,4.84,0.0039,4.8,16,0.7599,0,2026-01-18 00:00:00,0
BID-007016,AUC-1266,VND-0144,282798.93,0.9611,0.733,67.5,4.33,0.016,9.8,80,0.5072,0,2026-02-24 00:00:00,0
BID-007017,AUC-1266,VND-0434,279899.76,0.9513,0.578,50.0,3.94,0.0253,15.0,30,0.4102,0,2026-02-24 00:00:00,0
BID-007018,AUC-1266,VND-0463,272075.6,0.9247,0.713,55.4,4.28,0.0172,13.4,101,0.4835,0,2026-02-24 00:00:00,0
BID-007019,AUC-1266,VND-0434,260309.29,0.8847,0.578,50.0,3.94,0.0253,15.0,30,0.4448,0,2026-02-24 00:00:00,0
BID-007020,AUC-1266,VND-0463,247606.72,0.8415,0.713,55.4,4.28,0.0172,13.4,101,0.5267,0,2026-02-24 00:00:00,0
BID-007021,AUC-1266,VND-0659,245058.82,0.8328,0.763,77.8,4.41,0.0142,6.7,216,0.6145,0,2026-02-24 00:00:00,1
BID-007022,AUC-1267,VND-0225,251988.9,0.9575,0.688,59.0,4.22,0.0187,12.3,251,0.5305,0,2026-01-03 00:00:00,0
BID-007023,AUC-1267,VND-0225,244627.41,0.9295,0.688,59.0,4.22,0.0187,12.3,251,0.5381,0,2026-01-03 00:00:00,0
BID-007024,AUC-1267,VND-0225,233465.48,0.8871,0.688,59.0,4.22,0.0187,12.3,251,0.5495,0,2026-01-03 00:00:00,0
BID-007025,AUC-1267,VND-0467,229329.61,0.8714,0.992,90.3,4.98,0.001,2.9,30,0.7342,0,2026-01-03 00:00:00,0
BID-007026,AUC-1267,VND-0467,219158.59,0.8327,0.992,90.3,4.98,0.001,2.9,30,0.7447,0,2026-01-03 00:00:00,1
BID-007027,AUC-1268,VND-0546,372795.11,0.9764,0.971,91.1,4.93,0.0017,2.7,247,0.6308,0,2026-01-12 00:00:00,0
BID-007028,AUC-1268,VND-0644,358543.62,0.9391,0.544,50.0,3.86,0.0274,15.0,196,0.3938,0,2026-01-12 00:00:00,0
BID-007029,AUC-1268,VND-0688,351827.04,0.9215,0.624,67.4,4.06,0.0226,9.8,67,0.4682,0,2026-01-12 00:00:00,0
BID-007030,AUC-1268,VND-0546,337388.77,0.8837,0.971,91.1,4.93,0.0017,2.7,247,0.6707,0,2026-01-12 00:00:00,0
BID-007031,AUC-1268,VND-0546,323954.43,0.8485,0.971,91.1,4.93,0.0017,2.7,247,0.6858,0,2026-01-12 00:00:00,1
BID-007032,AUC-1269,VND-0265,142728.46,0.9616,0.528,56.3,3.82,0.0283,13.1,195,0.3493,0,2026-01-24 00:00:00,0
BID-007033,AUC-1269,VND-0265,141062.77,0.9504,0.528,56.3,3.82,0.0283,13.1,195,0.3551,0,2026-01-24 00:00:00,0
BID-007034,AUC-1269,VND-0122,137784.09,0.9283,0.957,83.1,4.89,0.0026,5.1,211,0.5368,0,2026-01-24 00:00:00,1
BID-007035,AUC-1270,VND-0653,179532.93,0.9811,0.855,84.4,4.64,0.0087,4.7,217,0.5645,0,2026-02-02 00:00:00,0
BID-007036,AUC-1270,VND-0505,172022.97,0.94,0.625,59.9,4.06,0.0225,12.0,85,0.4486,0,2026-02-02 00:00:00,0
BID-007037,AUC-1270,VND-0461,165835.38,0.9062,0.934,79.4,4.84,0.0039,6.2,115,0.6216,0,2026-02-02 00:00:00,0
BID-007038,AUC-1270,VND-0368,163485.42,0.8934,0.679,69.2,4.2,0.0192,9.2,239,0.5001,0,2026-02-02 00:00:00,0
BID-007039,AUC-1270,VND-0461,158733.38,0.8674,0.934,79.4,4.84,0.0039,6.2,115,0.6355,0,2026-02-02 00:00:00,1
BID-007040,AUC-1270,VND-0505,153733.68,0.8401,0.625,59.9,4.06,0.0225,12.0,85,0.4846,0,2026-02-02 00:00:00,0
BID-007041,AUC-1270,VND-0296,149984.51,0.8196,0.569,53.7,3.92,0.0258,13.9,90,0.46,0,2026-02-02 00:00:00,0
BID-007042,AUC-1270,VND-0505,145956.97,0.7976,0.625,59.9,4.06,0.0225,12.0,85,0.4999,0,2026-02-02 00:00:00,0
BID-007043,AUC-1271,VND-0546,436811.9,0.9748,0.971,91.1,4.93,0.0017,2.7,247,0.5879,0,2026-04-20 00:00:00,0
BID-007044,AUC-1271,VND-0364,427254.1,0.9535,0.57,59.6,3.92,0.0258,12.1,179,0.4007,0,2026-04-20 00:00:00,0
BID-007045,AUC-1271,VND-0546,414181.85,0.9243,0.971,91.1,4.93,0.0017,2.7,247,0.6076,0,2026-04-20 00:00:00,0
BID-007046,AUC-1271,VND-0546,397678.73,0.8875,0.971,91.1,4.93,0.0017,2.7,247,0.6219,0,2026-04-20 00:00:00,1
BID-007047,AUC-1271,VND-0415,385756.94,0.8609,0.869,79.8,4.67,0.0079,6.1,83,0.5736,0,2026-04-20 00:00:00,0
BID-007048,AUC-1271,VND-0756,378701.77,0.8451,0.906,82.6,4.77,0.0056,5.2,169,0.5977,0,2026-04-20 00:00:00,0
BID-007049,AUC-1272,VND-0155,458893.97,0.9686,0.898,77.6,4.74,0.0061,6.7,100,0.7235,0,2026-05-14 00:00:00,0
BID-007050,AUC-1272,VND-0491,453772.58,0.9578,0.667,66.6,4.17,0.02,10.0,38,0.6153,0,2026-05-14 00:00:00,0
BID-007051,AUC-1272,VND-0274,433059.36,0.9141,0.557,57.4,3.89,0.0266,12.8,130,0.5633,0,2026-05-14 00:00:00,0
BID-007052,AUC-1272,VND-0092,416994.75,0.8802,0.962,100.0,4.91,0.0023,0.1,223,0.8096,0,2026-05-14 00:00:00,1
BID-007053,AUC-1272,VND-0586,397145.52,0.8383,0.808,83.5,4.52,0.0115,5.0,145,0.7261,0,2026-05-14 00:00:00,0
BID-007054,AUC-1273,VND-0332,442450.01,0.989,0.803,67.7,4.51,0.0118,9.7,41,0.5255,0,2026-02-06 00:00:00,1
BID-007055,AUC-1273,VND-0123,434373.9,0.971,0.508,50.7,3.77,0.0295,14.8,17,0.3793,0,2026-02-06 00:00:00,0
BID-007056,AUC-1273,VND-0445,427792.72,0.9563,0.55,50.0,3.87,0.027,15.0,59,0.3973,0,2026-02-06 00:00:00,0
BID-007057,AUC-1273,VND-0707,419658.01,0.9381,0.635,51.2,4.09,0.0219,14.6,152,0.4373,0,2026-02-06 00:00:00,0
BID-007058,AUC-1273,VND-0234,405793.84,0.9071,0.643,66.6,4.11,0.0214,10.0,191,0.492,0,2026-02-06 00:00:00,0
BID-007059,AUC-1273,VND-0707,390474.16,0.8729,0.635,51.2,4.09,0.0219,14.6,152,0.4588,0,2026-02-06 00:00:00,0
BID-007060,AUC-1274,VND-0448,208681.7,0.9682,0.834,70.4,4.59,0.01,8.9,104,0.5141,0,2026-06-06 00:00:00,0
BID-007061,AUC-1274,VND-0448,203624.48,0.9448,0.834,70.4,4.59,0.01,8.9,104,0.5249,0,2026-06-06 00:00:00,0
BID-007062,AUC-1274,VND-0754,196501.25,0.9117,0.79,70.0,4.48,0.0126,9.0,58,0.523,0,2026-06-06 00:00:00,0
BID-007063,AUC-1274,VND-0446,187532.21,0.8701,0.861,91.5,4.65,0.0083,2.6,192,0.6113,0,2026-06-06 00:00:00,0
BID-007064,AUC-1274,VND-0754,179842.93,0.8344,0.79,70.0,4.48,0.0126,9.0,58,0.5586,0,2026-06-06 00:00:00,0
BID-007065,AUC-1274,VND-0653,177769.77,0.8248,0.855,84.4,4.64,0.0087,4.7,217,0.6158,0,2026-06-06 00:00:00,1
BID-007066,AUC-1275,VND-0177,382119.17,0.9739,0.829,68.6,4.57,0.0102,9.4,203,0.4091,0,2026-03-03 00:00:00,0
BID-007067,AUC-1275,VND-0011,376321.65,0.9591,0.806,60.5,4.51,0.0116,11.8,165,0.4003,0,2026-03-03 00:00:00,0
BID-007068,AUC-1275,VND-0262,365167.44,0.9306,0.985,93.2,4.96,0.001,2.0,217,0.5033,0,2026-03-03 00:00:00,1
BID-007069,AUC-1275,VND-0731,350313.21,0.8928,0.697,64.6,4.24,0.0182,10.6,160,0.4124,0,2026-03-03 00:00:00,0
BID-007070,AUC-1276,VND-0371,236465.73,0.9715,0.731,65.5,4.33,0.0161,10.4,186,0.539,0,2026-02-05 00:00:00,0
BID-007071,AUC-1276,VND-0371,230757.89,0.948,0.731,65.5,4.33,0.0161,10.4,186,0.5465,0,2026-02-05 00:00:00,0
BID-007072,AUC-1276,VND-0592,225306.22,0.9256,0.816,81.3,4.54,0.011,5.6,112,0.6103,0,2026-02-05 00:00:00,1
BID-007073,AUC-1276,VND-0371,217541.22,0.8937,0.731,65.5,4.33,0.0161,10.4,186,0.5639,0,2026-02-05 00:00:00,0
BID-007074,AUC-1276,VND-0371,206870.71,0.8499,0.731,65.5,4.33,0.0161,10.4,186,0.5779,0,2026-02-05 00:00:00,0
BID-007075,AUC-1276,VND-0339,197428.86,0.8111,0.556,50.0,3.89,0.0266,15.0,145,0.5056,0,2026-02-05 00:00:00,0
BID-007076,AUC-1277,VND-0521,244048.07,0.9616,0.77,78.3,4.42,0.0138,6.5,85,0.45,0,2026-03-14 00:00:00,0
BID-007077,AUC-1277,VND-0778,237281.98,0.9349,0.614,50.0,4.04,0.0232,15.0,47,0.3516,0,2026-03-14 00:00:00,0
BID-007078,AUC-1277,VND-0205,230031.16,0.9064,0.953,76.1,4.88,0.0028,7.2,221,0.51,0,2026-03-14 00:00:00,0
BID-007079,AUC-1277,VND-0205,219472.08,0.8648,0.953,76.1,4.88,0.0028,7.2,221,0.5308,0,2026-03-14 00:00:00,1
BID-007080,AUC-1278,VND-0568,108557.62,0.9843,0.842,66.2,4.6,0.0095,10.1,287,0.3376,0,2026-03-09 00:00:00,0
BID-007081,AUC-1278,VND-0152,103379.84,0.9373,0.77,68.6,4.43,0.0138,9.4,30,0.3496,0,2026-03-09 00:00:00,0
BID-007082,AUC-1278,VND-0265,99141.92,0.8989,0.528,56.3,3.82,0.0283,13.1,195,0.2945,0,2026-03-09 00:00:00,0
BID-007083,AUC-1278,VND-0526,96586.6,0.8757,0.937,88.5,4.84,0.0038,3.4,34,0.4531,0,2026-03-09 00:00:00,0
BID-007084,AUC-1278,VND-0568,95248.76,0.8636,0.842,66.2,4.6,0.0095,10.1,287,0.4088,0,2026-03-09 00:00:00,0
BID-007085,AUC-1278,VND-0526,91971.22,0.8339,0.937,88.5,4.84,0.0038,3.4,34,0.4778,0,2026-03-09 00:00:00,1
BID-007086,AUC-1278,VND-0265,90711.1,0.8225,0.528,56.3,3.82,0.0283,13.1,195,0.3396,0,2026-03-09 00:00:00,0
BID-007087,AUC-1278,VND-0568,88020.88,0.7981,0.842,66.2,4.6,0.0095,10.1,287,0.4474,0,2026-03-09 00:00:00,0
BID-007088,AUC-1279,VND-0120,290980.86,0.9711,0.823,63.3,4.56,0.0106,11.0,38,0.5605,0,2026-03-08 00:00:00,0
BID-007089,AUC-1279,VND-0027,279166.64,0.9316,0.97,94.1,4.92,0.0018,1.8,96,0.6959,0,2026-03-08 00:00:00,1
BID-007090,AUC-1279,VND-0782,271202.24,0.9051,0.89,69.4,4.73,0.0066,9.2,21,0.6179,0,2026-03-08 00:00:00,0
BID-007091,AUC-1279,VND-0241,262926.33,0.8774,0.815,81.9,4.54,0.0111,5.4,66,0.6305,0,2026-03-08 00:00:00,0
BID-007092,AUC-1279,VND-0787,258808.94,0.8637,0.868,84.3,4.67,0.0079,4.7,279,0.6583,0,2026-03-08 00:00:00,0
BID-007093,AUC-1279,VND-0241,254268.89,0.8485,0.815,81.9,4.54,0.0111,5.4,66,0.6392,0,2026-03-08 00:00:00,0
BID-007094,AUC-1279,VND-0166,244777.52,0.8169,0.678,68.5,4.19,0.0193,9.4,290,0.5696,0,2026-03-08 00:00:00,0
BID-007095,AUC-1279,VND-0031,240642.71,0.8031,0.694,61.6,4.24,0.0183,11.5,189,0.5631,0,2026-03-08 00:00:00,0
BID-007096,AUC-1280,VND-0686,97211.83,0.9605,0.986,78.7,4.96,0.001,6.4,234,0.6204,0,2026-01-20 00:00:00,0
BID-007097,AUC-1280,VND-0158,93973.7,0.9285,0.918,86.8,4.79,0.0049,4.0,116,0.6145,0,2026-01-20 00:00:00,0
BID-007098,AUC-1280,VND-0274,92156.06,0.9106,0.557,57.4,3.89,0.0266,12.8,130,0.4185,0,2026-01-20 00:00:00,0
BID-007099,AUC-1280,VND-0686,89111.68,0.8805,0.986,78.7,4.96,0.001,6.4,234,0.654,0,2026-01-20 00:00:00,0
BID-007100,AUC-1280,VND-0686,87593.12,0.8655,0.986,78.7,4.96,0.001,6.4,234,0.6603,0,2026-01-20 00:00:00,1
BID-007101,AUC-1281,VND-0325,167443.12,0.9709,0.895,79.8,4.74,0.0063,6.1,300,0.612,0,2026-04-07 00:00:00,0
BID-007102,AUC-1281,VND-0325,161863.95,0.9385,0.895,79.8,4.74,0.0063,6.1,300,0.6224,0,2026-04-07 00:00:00,0
BID-007103,AUC-1281,VND-0099,155665.2,0.9026,0.863,86.4,4.66,0.0082,4.1,131,0.6425,0,2026-04-07 00:00:00,1
BID-007104,AUC-1281,VND-0049,148348.48,0.8602,0.761,69.4,4.4,0.0143,9.2,124,0.5692,0,2026-04-07 00:00:00,0
BID-007105,AUC-1282,VND-0791,419100.03,0.977,0.616,53.1,4.04,0.023,14.1,139,0.3499,0,2026-02-10 00:00:00,0
BID-007106,AUC-1282,VND-0057,414772.21,0.9669,0.965,98.7,4.91,0.0021,0.4,65,0.5417,0,2026-02-10 00:00:00,1
BID-007107,AUC-1282,VND-0101,395691.95,0.9224,0.821,69.1,4.55,0.0107,9.3,157,0.4692,0,2026-02-10 00:00:00,0
BID-007108,AUC-1282,VND-0505,376622.58,0.878,0.625,59.9,4.06,0.0225,12.0,85,0.4096,0,2026-02-10 00:00:00,0
BID-007109,AUC-1283,VND-0736,106780.87,0.958,0.784,73.6,4.46,0.013,7.9,82,0.4532,0,2026-01-21 00:00:00,0
BID-007110,AUC-1283,VND-0736,103692.81,0.9303,0.784,73.6,4.46,0.013,7.9,82,0.4662,0,2026-01-21 00:00:00,0
BID-007111,AUC-1283,VND-0321,101766.86,0.913,0.51,50.0,3.78,0.0294,15.0,162,0.3619,0,2026-01-21 00:00:00,0
BID-007112,AUC-1283,VND-0723,97932.67,0.8786,0.934,74.1,4.84,0.004,7.8,87,0.5399,0,2026-01-21 00:00:00,1
BID-007113,AUC-1284,VND-0270,44188.4,0.9849,0.725,61.4,4.31,0.0165,11.6,202,0.5641,0,2026-01-18 00:00:00,0
BID-007114,AUC-1284,VND-0270,43540.61,0.9704,0.725,61.4,4.31,0.0165,11.6,202,0.568,0,2026-01-18 00:00:00,0
BID-007115,AUC-1284,VND-0441,41758.45,0.9307,0.616,60.3,4.04,0.0231,11.9,75,0.5301,0,2026-01-18 00:00:00,0
BID-007116,AUC-1284,VND-0213,41196.7,0.9182,0.529,50.0,3.82,0.0283,15.0,68,0.482,0,2026-01-18 00:00:00,0
BID-007117,AUC-1284,VND-0486,39618.45,0.883,0.832,81.3,4.58,0.0101,5.6,114,0.6642,0,2026-01-18 00:00:00,1
BID-007118,AUC-1285,VND-0065,42292.39,0.9653,0.503,50.0,3.76,0.0298,15.0,292,0.2388,0,2026-03-12 00:00:00,0
BID-007119,AUC-1285,VND-0131,40928.78,0.9342,0.808,84.2,4.52,0.0115,4.7,141,0.3766,0,2026-03-12 00:00:00,1
BID-007120,AUC-1285,VND-0261,39572.57,0.9032,0.797,70.3,4.49,0.0122,8.9,166,0.3642,0,2026-03-12 00:00:00,0
BID-007121,AUC-1286,VND-0307,456607.4,0.9695,0.814,59.6,4.53,0.0112,12.1,56,0.5608,0,2026-04-08 00:00:00,0
BID-007122,AUC-1286,VND-0228,439791.44,0.9338,0.556,56.6,3.89,0.0267,13.0,139,0.4748,0,2026-04-08 00:00:00,0
BID-007123,AUC-1286,VND-0273,429747.77,0.9124,0.809,73.1,4.52,0.0115,8.1,254,0.592,0,2026-04-08 00:00:00,1
BID-007124,AUC-1287,VND-0799,246701.38,0.9548,0.637,53.2,4.09,0.0218,14.0,62,0.4234,0,2026-02-15 00:00:00,0
BID-007125,AUC-1287,VND-0799,239408.34,0.9265,0.637,53.2,4.09,0.0218,14.0,62,0.4344,0,2026-02-15 00:00:00,0
BID-007126,AUC-1287,VND-0059,227688.83,0.8812,0.902,70.4,4.75,0.0059,8.9,223,0.5937,0,2026-02-15 00:00:00,1
BID-007127,AUC-1287,VND-0661,217112.38,0.8402,0.624,52.0,4.06,0.0226,14.4,251,0.4607,0,2026-02-15 00:00:00,0
BID-007128,AUC-1288,VND-0004,203296.27,0.9653,0.529,52.5,3.82,0.0283,14.2,273,0.354,0,2026-05-17 00:00:00,0
BID-007129,AUC-1288,VND-0180,198900.5,0.9444,0.97,91.3,4.93,0.0018,2.6,176,0.6004,0,2026-05-17 00:00:00,1
BID-007130,AUC-1288,VND-0549,190442.13,0.9042,0.61,53.6,4.03,0.0234,13.9,56,0.4066,0,2026-05-17 00:00:00,0
BID-007131,AUC-1288,VND-0004,187684.42,0.8911,0.529,52.5,3.82,0.0283,14.2,273,0.3829,0,2026-05-17 00:00:00,0
BID-007132,AUC-1288,VND-0750,179938.89,0.8544,0.69,71.8,4.22,0.0186,8.5,92,0.497,0,2026-05-17 00:00:00,0
BID-007133,AUC-1288,VND-0004,172644.59,0.8197,0.529,52.5,3.82,0.0283,14.2,273,0.4108,0,2026-05-17 00:00:00,0
BID-007134,AUC-1288,VND-0750,169036.79,0.8026,0.69,71.8,4.22,0.0186,8.5,92,0.5172,0,2026-05-17 00:00:00,0
BID-007135,AUC-1288,VND-0549,163340.7,0.7756,0.61,53.6,4.03,0.0234,13.9,56,0.4568,0,2026-05-17 00:00:00,0
BID-007136,AUC-1289,VND-0113,402311.68,0.9877,0.633,55.5,4.08,0.022,13.4,104,0.4275,0,2026-06-06 00:00:00,0
BID-007137,AUC-1289,VND-0479,390307.8,0.9582,0.759,64.2,4.4,0.0144,10.7,254,0.5121,0,2026-06-06 00:00:00,0
BID-007138,AUC-1289,VND-0113,374677.86,0.9198,0.633,55.5,4.08,0.022,13.4,104,0.4621,0,2026-06-06 00:00:00,0
BID-007139,AUC-1289,VND-0486,365564.1,0.8975,0.832,81.3,4.58,0.0101,5.6,114,0.6062,0,2026-06-06 00:00:00,0
BID-007140,AUC-1289,VND-0779,352359.65,0.865,0.805,72.3,4.51,0.0117,8.3,269,0.5942,0,2026-06-06 00:00:00,0
BID-007141,AUC-1289,VND-0486,345649.41,0.8486,0.832,81.3,4.58,0.0101,5.6,114,0.6311,0,2026-06-06 00:00:00,1
BID-007142,AUC-1290,VND-0029,407010.63,0.9701,0.544,50.0,3.86,0.0273,15.0,298,0.5127,0,2026-02-17 00:00:00,0
BID-007143,AUC-1290,VND-0029,394737.98,0.9408,0.544,50.0,3.86,0.0273,15.0,298,0.5194,0,2026-02-17 00:00:00,0
BID-007144,AUC-1290,VND-0703,389324.99,0.9279,0.832,76.8,4.58,0.0101,7.0,242,0.6797,0,2026-02-17 00:00:00,0
BID-007145,AUC-1290,VND-0759,374969.21,0.8937,0.824,81.5,4.56,0.0106,5.6,51,0.6941,0,2026-02-17 00:00:00,1
BID-007146,AUC-1291,VND-0327,164452.1,0.9518,0.793,79.7,4.48,0.0124,6.1,173,0.5584,0,2026-05-04 00:00:00,0
BID-007147,AUC-1291,VND-0745,157152.31,0.9096,0.694,61.5,4.24,0.0183,11.5,67,0.4948,0,2026-05-04 00:00:00,0
BID-007148,AUC-1291,VND-0779,155200.94,0.8983,0.805,72.3,4.51,0.0117,8.3,269,0.5671,0,2026-05-04 00:00:00,0
BID-007149,AUC-1291,VND-0745,148250.13,0.8581,0.694,61.5,4.24,0.0183,11.5,67,0.5201,0,2026-05-04 00:00:00,0
BID-007150,AUC-1291,VND-0327,146686.6,0.849,0.793,79.7,4.48,0.0124,6.1,173,0.6088,0,2026-05-04 00:00:00,1
BID-007151,AUC-1291,VND-0671,142857.53,0.8268,0.629,59.2,4.07,0.0223,12.2,219,0.5078,0,2026-05-04 00:00:00,0
BID-007152,AUC-1292,VND-0605,336717.33,0.9624,0.637,70.9,4.09,0.0218,8.7,101,0.556,0,2026-06-19 00:00:00,0
BID-007153,AUC-1292,VND-0754,332955.81,0.9516,0.79,70.0,4.48,0.0126,9.0,58,0.62,0,2026-06-19 00:00:00,0
BID-007154,AUC-1292,VND-0731,319741.6,0.9139,0.697,64.6,4.24,0.0182,10.6,160,0.5873,0,2026-06-19 00:00:00,0
BID-007155,AUC-1292,VND-0220,309856.28,0.8856,0.853,68.0,4.63,0.0088,9.6,41,0.661,0,2026-06-19 00:00:00,1
BID-007156,AUC-1293,VND-0459,373795.04,0.9638,0.647,64.8,4.12,0.0212,10.6,180,0.5073,0,2026-01-15 00:00:00,0
BID-007157,AUC-1293,VND-0390,367098.12,0.9465,0.86,84.0,4.65,0.0084,4.8,272,0.6352,0,2026-01-15 00:00:00,1
BID-007158,AUC-1293,VND-0017,360252.43,0.9288,0.533,58.4,3.83,0.028,12.5,102,0.4623,0,2026-01-15 00:00:00,0
BID-007159,AUC-1294,VND-0362,317173.03,0.9589,0.533,52.6,3.83,0.028,14.2,298,0.3006,0,2026-04-29 00:00:00,0
BID-007160,AUC-1294,VND-0718,310381.54,0.9383,0.57,50.0,3.92,0.0258,15.0,278,0.317,0,2026-04-29 00:00:00,0
BID-007161,AUC-1294,VND-0362,298667.87,0.9029,0.533,52.6,3.83,0.028,14.2,298,0.3313,0,2026-04-29 00:00:00,0
BID-007162,AUC-1294,VND-0362,293379.09,0.8869,0.533,52.6,3.83,0.028,14.2,298,0.3401,0,2026-04-29 00:00:00,0
BID-007163,AUC-1294,VND-0032,287588.89,0.8694,0.914,75.0,4.79,0.0051,7.5,16,0.4871,0,2026-04-29 00:00:00,1
BID-007164,AUC-1295,VND-0594,81670.21,0.969,0.844,66.8,4.61,0.0094,10.0,119,0.417,0,2026-03-13 00:00:00,0
BID-007165,AUC-1295,VND-0001,77869.82,0.9239,0.687,73.5,4.22,0.0188,8.0,27,0.4163,0,2026-03-13 00:00:00,0
BID-007166,AUC-1295,VND-0390,76650.78,0.9095,0.86,84.0,4.65,0.0084,4.8,272,0.4908,0,2026-03-13 00:00:00,1
BID-007167,AUC-1295,VND-0001,74196.7,0.8803,0.687,73.5,4.22,0.0188,8.0,27,0.4372,0,2026-03-13 00:00:00,0
BID-007168,AUC-1296,VND-0735,419082.8,0.9542,0.935,88.3,4.84,0.0039,3.5,248,0.6429,0,2026-06-13 00:00:00,0
BID-007169,AUC-1296,VND-0257,401787.71,0.9149,0.966,100.0,4.92,0.002,0.1,294,0.6957,0,2026-06-13 00:00:00,1
BID-007170,AUC-1296,VND-0227,382994.69,0.8721,0.712,73.7,4.28,0.0173,7.9,154,0.5571,0,2026-06-13 00:00:00,0
BID-007171,AUC-1296,VND-0083,365960.13,0.8333,0.545,60.4,3.86,0.0273,11.9,41,0.4779,0,2026-06-13 00:00:00,0
BID-007172,AUC-1296,VND-0227,356029.94,0.8107,0.712,73.7,4.28,0.0173,7.9,154,0.5866,0,2026-06-13 00:00:00,0
BID-007173,AUC-1296,VND-0083,344483.27,0.7844,0.545,60.4,3.86,0.0273,11.9,41,0.5014,0,2026-06-13 00:00:00,0
BID-007174,AUC-1296,VND-0227,333490.06,0.7593,0.712,73.7,4.28,0.0173,7.9,154,0.6112,0,2026-06-13 00:00:00,0
BID-007175,AUC-1297,VND-0313,265581.94,0.9687,0.809,69.6,4.52,0.0115,9.1,131,0.6083,0,2026-03-23 00:00:00,0
BID-007176,AUC-1297,VND-0143,260184.27,0.949,0.789,60.0,4.47,0.0127,12.0,222,0.5854,0,2026-03-23 00:00:00,0
BID-007177,AUC-1297,VND-0313,253302.98,0.9239,0.809,69.6,4.52,0.0115,9.1,131,0.6195,0,2026-03-23 00:00:00,0
BID-007178,AUC-1297,VND-0420,247080.92,0.9012,0.79,79.1,4.48,0.0126,6.3,278,0.6343,0,2026-03-23 00:00:00,1
BID-007179,AUC-1298,VND-0402,144080.2,0.9708,0.788,78.1,4.47,0.0127,6.6,24,0.6324,0,2026-03-04 00:00:00,0
BID-007180,AUC-1298,VND-0402,141107.83,0.9508,0.788,78.1,4.47,0.0127,6.6,24,0.6374,0,2026-03-04 00:00:00,0
BID-007181,AUC-1298,VND-0631,138393.55,0.9325,0.634,63.0,4.09,0.0219,11.1,291,0.5526,0,2026-03-04 00:00:00,0
BID-007182,AUC-1298,VND-0324,136288.48,0.9183,0.797,75.1,4.49,0.0122,7.5,157,0.646,0,2026-03-04 00:00:00,1
BID-007183,AUC-1298,VND-0631,133682.72,0.9008,0.634,63.0,4.09,0.0219,11.1,291,0.5606,0,2026-03-04 00:00:00,0
BID-007184,AUC-1298,VND-0631,130565.69,0.8798,0.634,63.0,4.09,0.0219,11.1,291,0.5658,0,2026-03-04 00:00:00,0
BID-007185,AUC-1299,VND-0488,213048.19,0.9757,0.516,50.0,3.79,0.0291,15.0,75,0.4418,0,2026-03-16 00:00:00,0
BID-007186,AUC-1299,VND-0488,210876.2,0.9657,0.516,50.0,3.79,0.0291,15.0,75,0.4447,0,2026-03-16 00:00:00,0
BID-007187,AUC-1299,VND-0580,207831.92,0.9518,0.936,75.4,4.84,0.0038,7.4,233,0.6596,0,2026-03-16 00:00:00,1
BID-007188,AUC-1300,VND-0222,27322.6,0.9617,0.687,60.3,4.22,0.0188,11.9,29,0.4028,0,2026-06-24 00:00:00,0
BID-007189,AUC-1300,VND-0129,26815.3,0.9439,0.968,96.2,4.92,0.0019,1.1,233,0.5592,0,2026-06-24 00:00:00,1
BID-007190,AUC-1300,VND-0346,25590.78,0.9008,0.662,64.2,4.15,0.0203,10.7,102,0.4245,0,2026-06-24 00:00:00,0
BID-007191,AUC-1300,VND-0222,24911.01,0.8768,0.687,60.3,4.22,0.0188,11.9,29,0.4418,0,2026-06-24 00:00:00,0
BID-007192,AUC-1300,VND-0346,24544.06,0.8639,0.662,64.2,4.15,0.0203,10.7,102,0.4415,0,2026-06-24 00:00:00,0
BID-007193,AUC-1300,VND-0044,23918.96,0.8419,0.865,86.5,4.66,0.0081,4.0,206,0.5552,0,2026-06-24 00:00:00,0
BID-007194,AUC-1300,VND-0222,22857.2,0.8046,0.687,60.3,4.22,0.0188,11.9,29,0.4751,0,2026-06-24 00:00:00,0
BID-007195,AUC-1301,VND-0042,69653.53,0.9587,0.665,56.5,4.16,0.0201,13.0,231,0.5021,0,2026-04-15 00:00:00,0
BID-007196,AUC-1301,VND-0461,68010.3,0.9361,0.934,79.4,4.84,0.0039,6.2,115,0.6629,0,2026-04-15 00:00:00,0
BID-007197,AUC-1301,VND-0364,66596.74,0.9166,0.57,59.6,3.92,0.0258,12.1,179,0.4873,0,2026-04-15 00:00:00,0
BID-007198,AUC-1301,VND-0461,63507.27,0.8741,0.934,79.4,4.84,0.0039,6.2,115,0.6802,0,2026-04-15 00:00:00,0
BID-007199,AUC-1301,VND-0057,60988.53,0.8394,0.965,98.7,4.91,0.0021,0.4,65,0.749,0,2026-04-15 00:00:00,1
BID-007200,AUC-1301,VND-0127,58012.83,0.7985,0.926,77.9,4.81,0.0045,6.6,286,0.6943,0,2026-04-15 00:00:00,0
BID-007201,AUC-1301,VND-0505,56257.23,0.7743,0.625,59.9,4.06,0.0225,12.0,85,0.5478,0,2026-04-15 00:00:00,0
BID-007202,AUC-1301,VND-0461,53613.37,0.7379,0.934,79.4,4.84,0.0039,6.2,115,0.7183,0,2026-04-15 00:00:00,0
BID-007203,AUC-1302,VND-0462,376798.32,0.9784,0.947,91.0,4.87,0.0032,2.7,170,0.4014,0,2026-06-30 00:00:00,1
BID-007204,AUC-1302,VND-0106,363506.63,0.9439,0.774,71.6,4.44,0.0135,8.5,37,0.3617,0,2026-06-30 00:00:00,0
BID-007205,AUC-1302,VND-0106,355788.52,0.9238,0.774,71.6,4.44,0.0135,8.5,37,0.3736,0,2026-06-30 00:00:00,0
BID-007206,AUC-1303,VND-0748,9902.09,0.9896,0.802,73.1,4.5,0.0119,8.1,286,0.4657,0,2026-06-06 00:00:00,0
BID-007207,AUC-1303,VND-0748,9465.92,0.9461,0.802,73.1,4.5,0.0119,8.1,286,0.4841,0,2026-06-06 00:00:00,0
BID-007208,AUC-1303,VND-0748,9143.71,0.9138,0.802,73.1,4.5,0.0119,8.1,286,0.4976,0,2026-06-06 00:00:00,0
BID-007209,AUC-1303,VND-0600,8816.9,0.8812,0.875,72.0,4.69,0.0075,8.4,23,0.5266,0,2026-06-06 00:00:00,0
BID-007210,AUC-1303,VND-0493,8675.06,0.867,0.864,79.0,4.66,0.0082,6.3,278,0.5479,0,2026-06-06 00:00:00,0
BID-007211,AUC-1303,VND-0493,8256.41,0.8252,0.864,79.0,4.66,0.0082,6.3,278,0.5655,0,2026-06-06 00:00:00,1
BID-007212,AUC-1304,VND-0700,205606.15,0.9603,0.809,79.4,4.52,0.0115,6.2,198,0.5867,0,2026-02-15 00:00:00,1
BID-007213,AUC-1304,VND-0476,200337.87,0.9356,0.8,72.0,4.5,0.012,8.4,211,0.5715,0,2026-02-15 00:00:00,0
BID-007214,AUC-1304,VND-0476,194046.62,0.9063,0.8,72.0,4.5,0.012,8.4,211,0.5803,0,2026-02-15 00:00:00,0
BID-007215,AUC-1305,VND-0584,260617.47,0.9797,0.916,79.9,4.79,0.005,6.0,88,0.5174,0,2026-01-15 00:00:00,1
BID-007216,AUC-1305,VND-0786,253774.83,0.9539,0.793,65.1,4.48,0.0124,10.5,76,0.4591,0,2026-01-15 00:00:00,0
BID-007217,AUC-1305,VND-0767,250900.62,0.9431,0.858,73.0,4.65,0.0085,8.1,157,0.5006,0,2026-01-15 00:00:00,0
BID-007218,AUC-1306,VND-0396,35143.93,0.9558,0.577,58.3,3.94,0.0254,12.5,193,0.3315,0,2026-01-30 00:00:00,0
BID-007219,AUC-1306,VND-0039,34454.34,0.937,0.886,72.7,4.71,0.0069,8.2,55,0.4491,0,2026-01-30 00:00:00,0
BID-007220,AUC-1306,VND-0396,33335.3,0.9066,0.577,58.3,3.94,0.0254,12.5,193,0.3566,0,2026-01-30 00:00:00,0
BID-007221,AUC-1306,VND-0157,31839.74,0.8659,0.513,56.0,3.78,0.0292,13.2,174,0.356,0,2026-01-30 00:00:00,0
BID-007222,AUC-1306,VND-0782,30485.97,0.8291,0.89,69.4,4.73,0.0066,9.2,21,0.5006,0,2026-01-30 00:00:00,0
BID-007223,AUC-1306,VND-0039,30162.1,0.8203,0.886,72.7,4.71,0.0069,8.2,55,0.5087,0,2026-01-30 00:00:00,0
BID-007224,AUC-1306,VND-0782,29652.09,0.8064,0.89,69.4,4.73,0.0066,9.2,21,0.5122,0,2026-01-30 00:00:00,0
BID-007225,AUC-1306,VND-0782,28254.94,0.7684,0.89,69.4,4.73,0.0066,9.2,21,0.5315,0,2026-01-30 00:00:00,1
BID-007226,AUC-1307,VND-0648,470375.25,0.9662,0.9,75.1,4.75,0.006,7.5,101,0.6319,0,2026-03-17 00:00:00,1
BID-007227,AUC-1307,VND-0544,460872.11,0.9467,0.807,68.1,4.52,0.0116,9.6,75,0.5808,0,2026-03-17 00:00:00,0
BID-007228,AUC-1307,VND-0678,442458.49,0.9089,0.743,75.4,4.36,0.0154,7.4,120,0.5856,0,2026-03-17 00:00:00,0
BID-007229,AUC-1307,VND-0358,427838.28,0.8789,0.674,71.7,4.19,0.0195,8.5,155,0.5564,0,2026-03-17 00:00:00,0
BID-007230,AUC-1307,VND-0544,421195.01,0.8652,0.807,68.1,4.52,0.0116,9.6,75,0.6052,0,2026-03-17 00:00:00,0
BID-007231,AUC-1308,VND-0677,115511.56,0.9562,0.719,66.6,4.3,0.0168,10.0,87,0.3902,0,2026-01-02 00:00:00,0
BID-007232,AUC-1308,VND-0745,112163.34,0.9285,0.694,61.5,4.24,0.0183,11.5,67,0.3886,0,2026-01-02 00:00:00,0
BID-007233,AUC-1308,VND-0745,108796.24,0.9006,0.694,61.5,4.24,0.0183,11.5,67,0.4025,0,2026-01-02 00:00:00,0
BID-007234,AUC-1308,VND-0736,107219.8,0.8876,0.784,73.6,4.46,0.013,7.9,82,0.4536,0,2026-01-02 00:00:00,0
BID-007235,AUC-1308,VND-0736,103366.92,0.8557,0.784,73.6,4.46,0.013,7.9,82,0.4696,0,2026-01-02 00:00:00,0
BID-007236,AUC-1308,VND-0479,101486.91,0.8401,0.759,64.2,4.4,0.0144,10.7,254,0.4541,0,2026-01-02 00:00:00,0
BID-007237,AUC-1308,VND-0677,98600.79,0.8162,0.719,66.6,4.3,0.0168,10.0,87,0.4602,0,2026-01-02 00:00:00,0
BID-007238,AUC-1308,VND-0677,94865.33,0.7853,0.719,66.6,4.3,0.0168,10.0,87,0.4756,0,2026-01-02 00:00:00,1
BID-007239,AUC-1309,VND-0117,156112.53,0.9815,0.788,73.8,4.47,0.0127,7.9,58,0.4826,0,2026-03-21 00:00:00,0
BID-007240,AUC-1309,VND-0169,149410.23,0.9393,0.928,86.3,4.82,0.0043,4.1,252,0.5795,0,2026-03-21 00:00:00,1
BID-007241,AUC-1309,VND-0301,146251.71,0.9195,0.584,50.0,3.96,0.0249,15.0,230,0.397,0,2026-03-21 00:00:00,0
BID-007242,AUC-1309,VND-0117,141779.99,0.8914,0.788,73.8,4.47,0.0127,7.9,58,0.5321,0,2026-03-21 00:00:00,0
BID-007243,AUC-1309,VND-0301,136287.82,0.8568,0.584,50.0,3.96,0.0249,15.0,230,0.4315,0,2026-03-21 00:00:00,0
BID-007244,AUC-1309,VND-0117,129715.75,0.8155,0.788,73.8,4.47,0.0127,7.9,58,0.5739,0,2026-03-21 00:00:00,0
BID-007245,AUC-1310,VND-0053,156544.99,0.985,0.954,81.0,4.88,0.0028,5.7,65,0.5372,0,2026-06-09 00:00:00,0
BID-007246,AUC-1310,VND-0376,150995.42,0.9501,0.558,63.7,3.9,0.0265,10.9,173,0.3724,0,2026-06-09 00:00:00,0
BID-007247,AUC-1310,VND-0376,146776.78,0.9235,0.558,63.7,3.9,0.0265,10.9,173,0.3849,0,2026-06-09 00:00:00,0
BID-007248,AUC-1310,VND-0053,140978.12,0.887,0.954,81.0,4.88,0.0028,5.7,65,0.5832,0,2026-06-09 00:00:00,1
BID-007249,AUC-1310,VND-0099,139337.39,0.8767,0.863,86.4,4.66,0.0082,4.1,131,0.5569,0,2026-06-09 00:00:00,0
BID-007250,AUC-1310,VND-0376,133073.02,0.8373,0.558,63.7,3.9,0.0265,10.9,173,0.4254,0,2026-06-09 00:00:00,0
BID-007251,AUC-1311,VND-0087,120134.49,0.9775,0.756,58.6,4.39,0.0146,12.4,91,0.367,0,2026-06-08 00:00:00,0
BID-007252,AUC-1311,VND-0762,115214.42,0.9374,0.676,51.0,4.19,0.0195,14.7,256,0.3558,0,2026-06-08 00:00:00,0
BID-007253,AUC-1311,VND-0087,111113.21,0.9041,0.756,58.6,4.39,0.0146,12.4,91,0.4044,0,2026-06-08 00:00:00,0
BID-007254,AUC-1311,VND-0137,109251.04,0.8889,0.934,95.5,4.83,0.004,1.3,227,0.5242,0,2026-06-08 00:00:00,0
BID-007255,AUC-1311,VND-0137,105042.94,0.8547,0.934,95.5,4.83,0.004,1.3,227,0.5416,0,2026-06-08 00:00:00,1
BID-007256,AUC-1311,VND-0719,101225.95,0.8236,0.654,67.3,4.13,0.0208,9.8,84,0.4436,0,2026-06-08 00:00:00,0
BID-007257,AUC-1311,VND-0417,97543.17,0.7937,0.57,50.0,3.93,0.0258,15.0,260,0.4066,0,2026-06-08 00:00:00,0
BID-007258,AUC-1311,VND-0244,92984.77,0.7566,0.523,50.0,3.81,0.0286,15.0,218,0.4162,0,2026-06-08 00:00:00,0
BID-007259,AUC-1312,VND-0476,10579.44,0.9867,0.8,72.0,4.5,0.012,8.4,211,0.4797,0,2026-01-03 00:00:00,1
BID-007260,AUC-1312,VND-0470,10236.51,0.9547,0.559,55.4,3.9,0.0265,13.4,95,0.3893,0,2026-01-03 00:00:00,0
BID-007261,AUC-1312,VND-0709,9835.67,0.9173,0.52,50.0,3.8,0.0288,15.0,240,0.3821,0,2026-01-03 00:00:00,0
BID-007262,AUC-1313,VND-0055,362632.64,0.9871,0.614,50.0,4.04,0.0231,15.0,86,0.4542,0,2026-01-27 00:00:00,0
BID-007263,AUC-1313,VND-0507,351932.93,0.958,0.972,78.7,4.93,0.0017,6.4,250,0.6485,0,2026-01-27 00:00:00,0
BID-007264,AUC-1313,VND-0507,346780.73,0.9439,0.972,78.7,4.93,0.0017,6.4,250,0.6529,0,2026-01-27 00:00:00,0
BID-007265,AUC-1313,VND-0667,341658.63,0.93,0.614,67.7,4.04,0.0231,9.7,293,0.509,0,2026-01-27 00:00:00,0
BID-007266,AUC-1313,VND-0055,325491.01,0.886,0.614,50.0,4.04,0.0231,15.0,86,0.4855,0,2026-01-27 00:00:00,0
BID-007267,AUC-1313,VND-0055,318921.58,0.8681,0.614,50.0,4.04,0.0231,15.0,86,0.491,0,2026-01-27 00:00:00,0
BID-007268,AUC-1313,VND-0507,303385.8,0.8258,0.972,78.7,4.93,0.0017,6.4,250,0.6895,0,2026-01-27 00:00:00,1
BID-007269,AUC-1314,VND-0031,464762.98,0.9607,0.694,61.6,4.24,0.0183,11.5,189,0.3831,0,2026-04-17 00:00:00,0
BID-007270,AUC-1314,VND-0582,443882.8,0.9176,0.668,68.1,4.17,0.0199,9.6,224,0.4058,0,2026-04-17 00:00:00,0
BID-007271,AUC-1314,VND-0782,435664.12,0.9006,0.89,69.4,4.73,0.0066,9.2,21,0.475,0,2026-04-17 00:00:00,1
BID-007272,AUC-1314,VND-0470,414402.52,0.8566,0.559,55.4,3.9,0.0265,13.4,95,0.3928,0,2026-04-17 00:00:00,0
BID-007273,AUC-1314,VND-0031,406260.75,0.8398,0.694,61.6,4.24,0.0183,11.5,189,0.4447,0,2026-04-17 00:00:00,0
BID-007274,AUC-1315,VND-0638,116456.55,0.9712,0.74,57.0,4.35,0.0156,12.9,141,0.386,0,2026-02-28 00:00:00,1
BID-007275,AUC-1315,VND-0469,111158.44,0.9271,0.509,57.2,3.77,0.0294,12.8,222,0.3567,0,2026-02-28 00:00:00,0
BID-007276,AUC-1315,VND-0282,108532.27,0.9052,0.568,50.0,3.92,0.0259,15.0,74,0.3712,0,2026-02-28 00:00:00,0
BID-007277,AUC-1316,VND-0742,320448.34,0.9569,0.772,55.5,4.43,0.0137,13.4,130,0.4199,0,2026-04-21 00:00:00,0
BID-007278,AUC-1316,VND-0742,304824.41,0.9102,0.772,55.5,4.43,0.0137,13.4,130,0.4409,0,2026-04-21 00:00:00,0
BID-007279,AUC-1316,VND-0070,296823.63,0.8863,0.682,69.4,4.2,0.0191,9.2,35,0.4522,0,2026-04-21 00:00:00,0
BID-007280,AUC-1316,VND-0742,282319.77,0.843,0.772,55.5,4.43,0.0137,13.4,130,0.4711,0,2026-04-21 00:00:00,0
BID-007281,AUC-1316,VND-0260,272557.1,0.8139,0.994,83.9,4.98,0.001,4.8,262,0.6013,0,2026-04-21 00:00:00,0
BID-007282,AUC-1316,VND-0063,265340.5,0.7923,0.614,60.5,4.03,0.0232,11.8,299,0.4582,0,2026-04-21 00:00:00,0
BID-007283,AUC-1316,VND-0260,261112.01,0.7797,0.994,83.9,4.98,0.001,4.8,262,0.6167,0,2026-04-21 00:00:00,1
BID-007284,AUC-1316,VND-0063,254734.76,0.7606,0.614,60.5,4.03,0.0232,11.8,299,0.4725,0,2026-04-21 00:00:00,0
BID-007285,AUC-1317,VND-0537,365200.41,0.9777,0.521,50.0,3.8,0.0287,15.0,220,0.3593,0,2026-04-24 00:00:00,0
BID-007286,AUC-1317,VND-0352,359596.82,0.9627,0.668,52.9,4.17,0.0199,14.1,90,0.4307,0,2026-04-24 00:00:00,0
BID-007287,AUC-1317,VND-0141,344946.33,0.9235,0.945,79.6,4.86,0.0033,6.1,294,0.6087,0,2026-04-24 00:00:00,1
BID-007288,AUC-1318,VND-0579,421307.23,0.9896,0.579,58.1,3.95,0.0252,12.6,300,0.3549,0,2026-04-23 00:00:00,0
BID-007289,AUC-1318,VND-0725,409560.88,0.962,0.972,95.3,4.93,0.0017,1.4,62,0.5242,0,2026-04-23 00:00:00,0
BID-007290,AUC-1318,VND-0016,397480.17,0.9336,0.804,62.3,4.51,0.0118,11.3,151,0.4471,0,2026-04-23 00:00:00,0
BID-007291,AUC-1318,VND-0725,385114.89,0.9046,0.972,95.3,4.93,0.0017,1.4,62,0.5518,0,2026-04-23 00:00:00,1
BID-007292,AUC-1318,VND-0579,367106.16,0.8623,0.579,58.1,3.95,0.0252,12.6,300,0.416,0,2026-04-23 00:00:00,0
BID-007293,AUC-1318,VND-0579,352400.48,0.8278,0.579,58.1,3.95,0.0252,12.6,300,0.4326,0,2026-04-23 00:00:00,0
BID-007294,AUC-1318,VND-0016,346561.6,0.814,0.804,62.3,4.51,0.0118,11.3,151,0.5045,0,2026-04-23 00:00:00,0
BID-007295,AUC-1318,VND-0579,331998.41,0.7798,0.579,58.1,3.95,0.0252,12.6,300,0.4556,0,2026-04-23 00:00:00,0
BID-007296,AUC-1319,VND-0591,210647.67,0.9703,0.981,87.5,4.95,0.0011,3.8,170,0.6228,0,2026-02-19 00:00:00,0
BID-007297,AUC-1319,VND-0248,203984.25,0.9396,0.732,68.7,4.33,0.0161,9.4,61,0.497,0,2026-02-19 00:00:00,0
BID-007298,AUC-1319,VND-0591,194324.62,0.8951,0.981,87.5,4.95,0.0011,3.8,170,0.6506,0,2026-02-19 00:00:00,0
BID-007299,AUC-1319,VND-0524,187595.62,0.8641,0.616,50.0,4.04,0.023,15.0,45,0.4451,0,2026-02-19 00:00:00,0
BID-007300,AUC-1319,VND-0520,185274.95,0.8535,0.533,50.0,3.83,0.028,15.0,184,0.4134,0,2026-02-19 00:00:00,0
BID-007301,AUC-1319,VND-0179,177504.93,0.8177,0.513,50.0,3.78,0.0292,15.0,171,0.418,0,2026-02-19 00:00:00,0
BID-007302,AUC-1319,VND-0248,169964.0,0.7829,0.732,68.7,4.33,0.0161,9.4,61,0.555,0,2026-02-19 00:00:00,0
BID-007303,AUC-1319,VND-0591,166111.51,0.7652,0.981,87.5,4.95,0.0011,3.8,170,0.6987,0,2026-02-19 00:00:00,1
BID-007304,AUC-1320,VND-0441,151950.31,0.9591,0.616,60.3,4.04,0.0231,11.9,75,0.5673,0,2026-03-27 00:00:00,0
BID-007305,AUC-1320,VND-0667,149457.35,0.9433,0.614,67.7,4.04,0.0231,9.7,293,0.5867,0,2026-03-27 00:00:00,0
BID-007306,AUC-1320,VND-0441,145291.99,0.917,0.616,60.3,4.04,0.0231,11.9,75,0.5765,0,2026-03-27 00:00:00,0
BID-007307,AUC-1320,VND-0667,142261.51,0.8979,0.614,67.7,4.04,0.0231,9.7,293,0.5967,0,2026-03-27 00:00:00,1
BID-007308,AUC-1320,VND-0393,137553.25,0.8682,0.591,64.0,3.98,0.0246,10.8,279,0.5869,0,2026-03-27 00:00:00,0
BID-007309,AUC-1321,VND-0060,162519.14,0.9594,0.946,89.7,4.87,0.0032,3.1,45,0.673,0,2026-06-21 00:00:00,1
BID-007310,AUC-1321,VND-0751,160497.33,0.9475,0.76,70.6,4.4,0.0144,8.8,126,0.5667,0,2026-06-21 00:00:00,0
BID-007311,AUC-1321,VND-0197,152633.16,0.9011,0.686,65.9,4.22,0.0188,10.2,297,0.5419,0,2026-06-21 00:00:00,0
BID-007312,AUC-1321,VND-0197,147373.69,0.87,0.686,65.9,4.22,0.0188,10.2,297,0.5512,0,2026-06-21 00:00:00,0
BID-007313,AUC-1321,VND-0751,145556.0,0.8593,0.76,70.6,4.4,0.0144,8.8,126,0.5932,0,2026-06-21 00:00:00,0
BID-007314,AUC-1322,VND-0648,341908.44,0.9519,0.9,75.1,4.75,0.006,7.5,101,0.6452,0,2026-06-25 00:00:00,0
BID-007315,AUC-1322,VND-0412,335186.22,0.9332,0.667,59.1,4.17,0.02,12.3,213,0.5277,0,2026-06-25 00:00:00,0
BID-007316,AUC-1322,VND-0383,319626.6,0.8899,0.517,53.1,3.79,0.029,14.1,284,0.4709,0,2026-06-25 00:00:00,0
BID-007317,AUC-1322,VND-0737,303656.85,0.8454,0.939,78.3,4.85,0.0036,6.5,155,0.696,0,2026-06-25 00:00:00,1
BID-007318,AUC-1323,VND-0684,400622.56,0.9766,0.858,90.6,4.64,0.0085,2.8,109,0.6559,0,2026-02-04 00:00:00,0
BID-007319,AUC-1323,VND-0249,388364.46,0.9467,0.792,64.8,4.48,0.0125,10.6,66,0.5847,0,2026-02-04 00:00:00,0
BID-007320,AUC-1323,VND-0684,374425.35,0.9127,0.858,90.6,4.64,0.0085,2.8,109,0.6738,0,2026-02-04 00:00:00,1
BID-007321,AUC-1323,VND-0722,363717.02,0.8866,0.836,72.5,4.59,0.0098,8.2,141,0.6338,0,2026-02-04 00:00:00,0
BID-007322,AUC-1323,VND-0051,353116.33,0.8608,0.516,53.7,3.79,0.0291,13.9,112,0.4877,0,2026-02-04 00:00:00,0
BID-007323,AUC-1323,VND-0670,347817.54,0.8479,0.536,50.0,3.84,0.0278,15.0,37,0.4902,0,2026-02-04 00:00:00,0
BID-007324,AUC-1324,VND-0580,94672.61,0.9564,0.936,75.4,4.84,0.0038,7.4,233,0.6951,0,2026-02-10 00:00:00,0
BID-007325,AUC-1324,VND-0706,92213.24,0.9315,0.603,50.0,4.01,0.0238,15.0,268,0.5114,0,2026-02-10 00:00:00,0
BID-007326,AUC-1324,VND-0587,89076.23,0.8998,0.816,64.1,4.54,0.011,10.8,245,0.6391,0,2026-02-10 00:00:00,0
BID-007327,AUC-1324,VND-0706,87493.8,0.8839,0.603,50.0,4.01,0.0238,15.0,268,0.5238,0,2026-02-10 00:00:00,0
BID-007328,AUC-1324,VND-0029,85098.3,0.8597,0.544,50.0,3.86,0.0273,15.0,298,0.5008,0,2026-02-10 00:00:00,0
BID-007329,AUC-1324,VND-0706,80867.52,0.8169,0.603,50.0,4.01,0.0238,15.0,268,0.5412,0,2026-02-10 00:00:00,0
BID-007330,AUC-1324,VND-0488,79575.43,0.8039,0.516,50.0,3.79,0.0291,15.0,75,0.5014,0,2026-02-10 00:00:00,0
BID-007331,AUC-1324,VND-0580,76560.62,0.7734,0.936,75.4,4.84,0.0038,7.4,233,0.7426,0,2026-02-10 00:00:00,1
BID-007332,AUC-1325,VND-0473,184672.3,0.963,0.603,50.0,4.01,0.0238,15.0,219,0.3329,0,2026-06-24 00:00:00,0
BID-007333,AUC-1325,VND-0506,180336.06,0.9404,0.611,63.5,4.03,0.0234,11.0,259,0.3693,0,2026-06-24 00:00:00,0
BID-007334,AUC-1325,VND-0170,177033.04,0.9232,0.737,57.5,4.34,0.0158,12.8,29,0.3937,0,2026-06-24 00:00:00,0
BID-007335,AUC-1325,VND-0779,173612.21,0.9054,0.805,72.3,4.51,0.0117,8.3,269,0.442,0,2026-06-24 00:00:00,1
BID-007336,AUC-1326,VND-0566,447306.35,0.9897,0.862,78.0,4.65,0.0083,6.6,129,0.4938,0,2026-04-23 00:00:00,0
BID-007337,AUC-1326,VND-0576,437247.43,0.9675,0.854,82.9,4.64,0.0087,5.1,178,0.5151,0,2026-04-23 00:00:00,0
BID-007338,AUC-1326,VND-0354,428485.29,0.9481,0.661,69.4,4.15,0.0203,9.2,53,0.4327,0,2026-04-23 00:00:00,0
BID-007339,AUC-1326,VND-0566,420696.9,0.9308,0.862,78.0,4.65,0.0083,6.6,129,0.5179,0,2026-04-23 00:00:00,0
BID-007340,AUC-1326,VND-0619,416302.46,0.9211,0.932,81.0,4.83,0.0041,5.7,56,0.5492,0,2026-04-23 00:00:00,0
BID-007341,AUC-1326,VND-0354,408957.43,0.9049,0.661,69.4,4.15,0.0203,9.2,53,0.4504,0,2026-04-23 00:00:00,0
BID-007342,AUC-1326,VND-0354,393698.41,0.8711,0.661,69.4,4.15,0.0203,9.2,53,0.4642,0,2026-04-23 00:00:00,0
BID-007343,AUC-1326,VND-0576,375789.27,0.8315,0.854,82.9,4.64,0.0087,5.1,178,0.5709,0,2026-04-23 00:00:00,1
BID-007344,AUC-1327,VND-0649,390759.95,0.9642,0.584,50.0,3.96,0.025,15.0,89,0.3921,0,2026-04-21 00:00:00,0
BID-007345,AUC-1327,VND-0166,382641.8,0.9441,0.678,68.5,4.19,0.0193,9.4,290,0.4721,0,2026-04-21 00:00:00,0
BID-007346,AUC-1327,VND-0310,372082.59,0.9181,0.903,88.1,4.76,0.0058,3.6,247,0.5943,0,2026-04-21 00:00:00,1
BID-007347,AUC-1327,VND-0649,357158.49,0.8813,0.584,50.0,3.96,0.025,15.0,89,0.4236,0,2026-04-21 00:00:00,0
BID-007348,AUC-1328,VND-0542,481826.75,0.9782,0.709,70.0,4.27,0.0175,9.0,75,0.3784,0,2026-03-06 00:00:00,0
BID-007349,AUC-1328,VND-0456,471088.5,0.9564,0.795,63.1,4.49,0.0123,11.1,297,0.3887,0,2026-03-06 00:00:00,1
BID-007350,AUC-1328,VND-0387,464571.3,0.9431,0.564,50.0,3.91,0.0262,15.0,244,0.3179,0,2026-03-06 00:00:00,0
BID-007351,AUC-1329,VND-0514,375328.55,0.9888,0.931,96.2,4.83,0.0041,1.1,89,0.6945,0,2026-06-21 00:00:00,1
BID-007352,AUC-1329,VND-0677,360866.57,0.9507,0.719,66.6,4.3,0.0168,10.0,87,0.554,0,2026-06-21 00:00:00,0
BID-007353,AUC-1329,VND-0616,345365.07,0.9099,0.947,74.5,4.87,0.0032,7.6,284,0.6841,0,2026-06-21 00:00:00,0
BID-007354,AUC-1329,VND-0677,332963.8,0.8772,0.719,66.6,4.3,0.0168,10.0,87,0.5739,0,2026-06-21 00:00:00,0
BID-007355,AUC-1329,VND-0473,323924.81,0.8534,0.603,50.0,4.01,0.0238,15.0,219,0.4971,0,2026-06-21 00:00:00,0
BID-007356,AUC-1329,VND-0473,315986.59,0.8325,0.603,50.0,4.01,0.0238,15.0,219,0.5027,0,2026-06-21 00:00:00,0
BID-007357,AUC-1330,VND-0417,200330.81,0.9885,0.57,50.0,3.93,0.0258,15.0,260,0.3159,0,2026-06-30 00:00:00,0
BID-007358,AUC-1330,VND-0417,194666.94,0.9605,0.57,50.0,3.93,0.0258,15.0,260,0.3291,0,2026-06-30 00:00:00,0
BID-007359,AUC-1330,VND-0417,189070.28,0.9329,0.57,50.0,3.93,0.0258,15.0,260,0.342,0,2026-06-30 00:00:00,0
BID-007360,AUC-1330,VND-0417,180656.59,0.8914,0.57,50.0,3.93,0.0258,15.0,260,0.3616,0,2026-06-30 00:00:00,1
BID-007361,AUC-1331,VND-0237,287345.49,0.9597,0.522,58.5,3.8,0.0287,12.4,225,0.3341,0,2026-06-02 00:00:00,0
BID-007362,AUC-1331,VND-0158,273392.54,0.9131,0.918,86.8,4.79,0.0049,4.0,116,0.5331,0,2026-06-02 00:00:00,0
BID-007363,AUC-1331,VND-0237,262135.58,0.8755,0.522,58.5,3.8,0.0287,12.4,225,0.3736,0,2026-06-02 00:00:00,0
BID-007364,AUC-1331,VND-0208,258174.53,0.8623,0.816,68.6,4.54,0.011,9.4,25,0.4951,0,2026-06-02 00:00:00,0
BID-007365,AUC-1331,VND-0208,251502.04,0.84,0.816,68.6,4.54,0.011,9.4,25,0.5055,0,2026-06-02 00:00:00,0
BID-007366,AUC-1331,VND-0158,240164.82,0.8021,0.918,86.8,4.79,0.0049,4.0,116,0.5852,0,2026-06-02 00:00:00,1
BID-007367,AUC-1331,VND-0533,233874.55,0.7811,0.711,66.1,4.28,0.0174,10.2,98,0.4938,0,2026-06-02 00:00:00,0
BID-007368,AUC-1332,VND-0049,318927.28,0.9552,0.761,69.4,4.4,0.0143,9.2,124,0.3306,0,2026-02-04 00:00:00,0
BID-007369,AUC-1332,VND-0372,310270.8,0.9292,0.874,79.5,4.68,0.0076,6.1,212,0.3842,0,2026-02-04 00:00:00,0
BID-007370,AUC-1332,VND-0362,300224.06,0.8992,0.533,52.6,3.83,0.028,14.2,298,0.2935,0,2026-02-04 00:00:00,0
BID-007371,AUC-1332,VND-0221,288525.42,0.8641,0.542,54.8,3.86,0.0275,13.6,162,0.3201,0,2026-02-04 00:00:00,0
BID-007372,AUC-1332,VND-0049,275361.99,0.8247,0.761,69.4,4.4,0.0143,9.2,124,0.4089,0,2026-02-04 00:00:00,0
BID-007373,AUC-1332,VND-0681,270062.81,0.8088,0.956,73.9,4.89,0.0026,7.8,190,0.4622,0,2026-02-04 00:00:00,1
BID-007374,AUC-1333,VND-0153,47328.66,0.977,0.863,93.2,4.66,0.0082,2.0,93,0.7196,0,2026-04-21 00:00:00,1
BID-007375,AUC-1333,VND-0328,45417.77,0.9375,0.716,52.8,4.29,0.0171,14.2,88,0.6046,0,2026-04-21 00:00:00,0
BID-007376,AUC-1333,VND-0256,43314.85,0.8941,0.807,68.8,4.52,0.0116,9.4,19,0.6764,0,2026-04-21 00:00:00,0
BID-007377,AUC-1333,VND-0476,42370.66,0.8746,0.8,72.0,4.5,0.012,8.4,211,0.6828,0,2026-04-21 00:00:00,0
BID-007378,AUC-1334,VND-0592,273955.5,0.9897,0.816,81.3,4.54,0.011,5.6,112,0.3522,0,2026-04-09 00:00:00,0
BID-007379,AUC-1334,VND-0239,267705.1,0.9671,0.537,54.1,3.84,0.0278,13.8,92,0.2701,0,2026-04-09 00:00:00,0
BID-007380,AUC-1334,VND-0592,260586.73,0.9414,0.816,81.3,4.54,0.011,5.6,112,0.3807,0,2026-04-09 00:00:00,0
BID-007381,AUC-1334,VND-0606,249864.16,0.9027,0.713,64.1,4.28,0.0172,10.8,292,0.3597,0,2026-04-09 00:00:00,0
BID-007382,AUC-1334,VND-0239,245382.73,0.8865,0.537,54.1,3.84,0.0278,13.8,92,0.3177,0,2026-04-09 00:00:00,0
BID-007383,AUC-1334,VND-0359,242357.58,0.8756,0.915,94.8,4.79,0.0051,1.6,173,0.4581,0,2026-04-09 00:00:00,0
BID-007384,AUC-1334,VND-0359,237828.4,0.8592,0.915,94.8,4.79,0.0051,1.6,173,0.4678,0,2026-04-09 00:00:00,1
BID-007385,AUC-1335,VND-0730,343460.45,0.9605,0.608,56.3,4.02,0.0235,13.1,234,0.3838,0,2026-02-27 00:00:00,0
BID-007386,AUC-1335,VND-0010,327111.53,0.9148,0.716,56.6,4.29,0.017,13.0,250,0.4325,0,2026-02-27 00:00:00,0
BID-007387,AUC-1335,VND-0010,315054.45,0.8811,0.716,56.6,4.29,0.017,13.0,250,0.4487,0,2026-02-27 00:00:00,0
BID-007388,AUC-1335,VND-0730,303297.92,0.8482,0.608,56.3,4.02,0.0235,13.1,234,0.4377,0,2026-02-27 00:00:00,0
BID-007389,AUC-1335,VND-0730,296007.56,0.8278,0.608,56.3,4.02,0.0235,13.1,234,0.4475,0,2026-02-27 00:00:00,0
BID-007390,AUC-1335,VND-0010,285270.64,0.7978,0.716,56.6,4.29,0.017,13.0,250,0.4887,0,2026-02-27 00:00:00,0
BID-007391,AUC-1335,VND-0010,280079.99,0.7833,0.716,56.6,4.29,0.017,13.0,250,0.4957,0,2026-02-27 00:00:00,1
BID-007392,AUC-1335,VND-0730,275374.52,0.7701,0.608,56.3,4.02,0.0235,13.1,234,0.4752,0,2026-02-27 00:00:00,0
BID-007393,AUC-1336,VND-0247,91048.84,0.9898,0.639,54.4,4.1,0.0217,13.7,135,0.3638,0,2026-06-15 00:00:00,0
BID-007394,AUC-1336,VND-0300,88025.07,0.9569,0.596,50.0,3.99,0.0242,15.0,180,0.3599,0,2026-06-15 00:00:00,0
BID-007395,AUC-1336,VND-0245,85020.92,0.9243,0.975,96.7,4.94,0.0015,1.0,288,0.5537,0,2026-06-15 00:00:00,0
BID-007396,AUC-1336,VND-0287,82304.62,0.8947,0.698,66.4,4.25,0.0181,10.1,223,0.4415,0,2026-06-15 00:00:00,0
BID-007397,AUC-1336,VND-0247,80176.78,0.8716,0.639,54.4,4.1,0.0217,13.7,135,0.4193,0,2026-06-15 00:00:00,0
BID-007398,AUC-1336,VND-0245,76976.8,0.8368,0.975,96.7,4.94,0.0015,1.0,288,0.5948,0,2026-06-15 00:00:00,1
BID-007399,AUC-1337,VND-0422,376439.42,0.9591,0.589,59.6,3.97,0.0247,12.1,197,0.438,0,2026-03-14 00:00:00,0
BID-007400,AUC-1337,VND-0337,359325.46,0.9155,0.54,50.0,3.85,0.0276,15.0,217,0.4242,0,2026-03-14 00:00:00,0
BID-007401,AUC-1337,VND-0689,346181.72,0.882,0.723,63.2,4.31,0.0166,11.0,181,0.5124,0,2026-03-14 00:00:00,1
BID-007402,AUC-1337,VND-0337,337770.83,0.8605,0.54,50.0,3.85,0.0276,15.0,217,0.4456,0,2026-03-14 00:00:00,0
BID-007403,AUC-1337,VND-0179,325879.93,0.8302,0.513,50.0,3.78,0.0292,15.0,171,0.4497,0,2026-03-14 00:00:00,0
BID-007404,AUC-1338,VND-0136,285989.28,0.966,0.905,91.6,4.76,0.0057,2.5,47,0.5145,0,2026-02-17 00:00:00,0
BID-007405,AUC-1338,VND-0082,282022.87,0.9526,0.817,76.7,4.54,0.011,7.0,150,0.4684,0,2026-02-17 00:00:00,0
BID-007406,AUC-1338,VND-0082,275901.44,0.9319,0.817,76.7,4.54,0.011,7.0,150,0.478,0,2026-02-17 00:00:00,0
BID-007407,AUC-1338,VND-0613,265892.48,0.8981,0.71,68.1,4.27,0.0174,9.6,155,0.4489,0,2026-02-17 00:00:00,0
BID-007408,AUC-1338,VND-0442,256442.65,0.8662,0.51,50.0,3.77,0.0294,15.0,124,0.3764,0,2026-02-17 00:00:00,0
BID-007409,AUC-1338,VND-0800,252776.11,0.8538,0.543,61.0,3.86,0.0274,11.7,281,0.4128,0,2026-02-17 00:00:00,0
BID-007410,AUC-1338,VND-0442,246708.78,0.8333,0.51,50.0,3.77,0.0294,15.0,124,0.3915,0,2026-02-17 00:00:00,0
BID-007411,AUC-1338,VND-0082,236202.84,0.7979,0.817,76.7,4.54,0.011,7.0,150,0.5396,0,2026-02-17 00:00:00,1
BID-007412,AUC-1339,VND-0580,461536.82,0.9684,0.936,75.4,4.84,0.0038,7.4,233,0.7344,0,2026-03-16 00:00:00,0
BID-007413,AUC-1339,VND-0740,440635.05,0.9246,0.899,81.3,4.75,0.0061,5.6,134,0.7421,0,2026-03-16 00:00:00,1
BID-007414,AUC-1339,VND-0335,433923.86,0.9105,0.593,54.0,3.98,0.0244,13.8,73,0.5812,0,2026-03-16 00:00:00,0
BID-007415,AUC-1339,VND-0248,418143.25,0.8774,0.732,68.7,4.33,0.0161,9.4,61,0.6668,0,2026-03-16 00:00:00,0
BID-007416,AUC-1340,VND-0431,29925.68,0.972,0.888,78.3,4.72,0.0067,6.5,195,0.6767,0,2026-04-22 00:00:00,0
BID-007417,AUC-1340,VND-0425,28916.09,0.9392,0.751,68.9,4.38,0.0149,9.3,110,0.5997,0,2026-04-22 00:00:00,0
BID-007418,AUC-1340,VND-0555,28002.64,0.9096,0.848,71.2,4.62,0.0091,8.6,247,0.6585,0,2026-04-22 00:00:00,0
BID-007419,AUC-1340,VND-0288,26628.65,0.8649,0.931,91.2,4.83,0.0041,2.6,204,0.7674,0,2026-04-22 00:00:00,1
BID-007420,AUC-1340,VND-0063,26100.85,0.8478,0.614,60.5,4.03,0.0232,11.8,299,0.5442,0,2026-04-22 00:00:00,0
BID-007421,AUC-1341,VND-0295,137409.43,0.9814,0.564,50.0,3.91,0.0262,15.0,125,0.4346,0,2026-03-28 00:00:00,0
BID-007422,AUC-1341,VND-0269,133863.87,0.9561,0.925,74.6,4.81,0.0045,7.6,227,0.6663,0,2026-03-28 00:00:00,0
BID-007423,AUC-1341,VND-0399,130793.73,0.9342,0.966,92.8,4.92,0.002,2.2,186,0.7372,0,2026-03-28 00:00:00,1
BID-007424,AUC-1341,VND-0023,128231.51,0.9159,0.629,60.1,4.07,0.0222,12.0,249,0.5093,0,2026-03-28 00:00:00,0
BID-007425,AUC-1341,VND-0295,122535.09,0.8752,0.564,50.0,3.91,0.0262,15.0,125,0.4675,0,2026-03-28 00:00:00,0
BID-007426,AUC-1342,VND-0413,292271.93,0.959,0.769,81.8,4.42,0.0139,5.5,197,0.6348,0,2026-03-27 00:00:00,1
BID-007427,AUC-1342,VND-0290,285160.05,0.9357,0.746,61.5,4.37,0.0152,11.5,198,0.6128,0,2026-03-27 00:00:00,0
BID-007428,AUC-1342,VND-0284,277680.87,0.9111,0.696,66.4,4.24,0.0182,10.1,84,0.6049,0,2026-03-27 00:00:00,0
BID-007429,AUC-1342,VND-0598,272940.26,0.8956,0.523,54.5,3.81,0.0286,13.6,178,0.5317,0,2026-03-27 00:00:00,0
BID-007430,AUC-1343,VND-0213,148651.1,0.9571,0.529,50.0,3.82,0.0283,15.0,68,0.4073,0,2026-03-03 00:00:00,0
BID-007431,AUC-1343,VND-0389,146787.03,0.9451,0.615,59.6,4.04,0.0231,12.1,240,0.4715,0,2026-03-03 00:00:00,0
BID-007432,AUC-1343,VND-0213,144088.63,0.9277,0.529,50.0,3.82,0.0283,15.0,68,0.4184,0,2026-03-03 00:00:00,0
BID-007433,AUC-1343,VND-0669,140229.32,0.9029,0.6,54.9,4.0,0.024,13.5,142,0.4686,0,2026-03-03 00:00:00,0
BID-007434,AUC-1343,VND-0669,136685.66,0.8801,0.6,54.9,4.0,0.024,13.5,142,0.4773,0,2026-03-03 00:00:00,1
BID-007435,AUC-1343,VND-0213,130372.37,0.8394,0.529,50.0,3.82,0.0283,15.0,68,0.452,0,2026-03-03 00:00:00,0
BID-007436,AUC-1344,VND-0376,345886.13,0.9606,0.558,63.7,3.9,0.0265,10.9,173,0.4304,0,2026-01-24 00:00:00,0
BID-007437,AUC-1344,VND-0062,333336.37,0.9258,0.659,52.8,4.15,0.0205,14.2,231,0.4384,0,2026-01-24 00:00:00,0
BID-007438,AUC-1344,VND-0062,324322.56,0.9007,0.659,52.8,4.15,0.0205,14.2,231,0.4477,0,2026-01-24 00:00:00,0
BID-007439,AUC-1344,VND-0208,318777.69,0.8853,0.816,68.6,4.54,0.011,9.4,25,0.5376,0,2026-01-24 00:00:00,1
BID-007440,AUC-1344,VND-0249,315025.3,0.8749,0.792,64.8,4.48,0.0125,10.6,66,0.5247,0,2026-01-24 00:00:00,0
BID-007441,AUC-1344,VND-0432,302713.8,0.8407,0.762,65.8,4.41,0.0143,10.3,44,0.5327,0,2026-01-24 00:00:00,0
BID-007442,AUC-1345,VND-0650,368339.82,0.9645,0.818,76.8,4.55,0.0109,7.0,168,0.5964,0,2026-01-12 00:00:00,1
BID-007443,AUC-1345,VND-0407,364031.64,0.9532,0.562,60.1,3.91,0.0263,12.0,88,0.4577,0,2026-01-12 00:00:00,0
BID-007444,AUC-1345,VND-0559,358605.78,0.939,0.546,56.3,3.86,0.0273,13.1,47,0.4445,0,2026-01-12 00:00:00,0
BID-007445,AUC-1345,VND-0520,346381.94,0.907,0.533,50.0,3.83,0.028,15.0,184,0.4305,0,2026-01-12 00:00:00,0
BID-007446,AUC-1345,VND-0366,339916.03,0.89,0.582,63.5,3.96,0.0251,11.0,190,0.4925,0,2026-01-12 00:00:00,0
BID-007447,AUC-1345,VND-0339,325026.45,0.851,0.556,50.0,3.89,0.0266,15.0,145,0.4546,0,2026-01-12 00:00:00,0
BID-007448,AUC-1345,VND-0422,312484.99,0.8182,0.589,59.6,3.97,0.0247,12.1,197,0.5037,0,2026-01-12 00:00:00,0
BID-007449,AUC-1345,VND-0422,309344.28,0.81,0.589,59.6,3.97,0.0247,12.1,197,0.506,0,2026-01-12 00:00:00,0
BID-007450,AUC-1346,VND-0303,58218.34,0.9666,0.56,52.6,3.9,0.0264,14.2,246,0.4449,0,2026-01-21 00:00:00,0
BID-007451,AUC-1346,VND-0002,57186.66,0.9494,0.866,77.9,4.66,0.008,6.6,67,0.6027,0,2026-01-21 00:00:00,1
BID-007452,AUC-1346,VND-0688,56588.35,0.9395,0.624,67.4,4.06,0.0226,9.8,67,0.5083,0,2026-01-21 00:00:00,0
BID-007453,AUC-1347,VND-0296,258179.39,0.9862,0.569,53.7,3.92,0.0258,13.9,90,0.3017,0,2026-02-22 00:00:00,0
BID-007454,AUC-1347,VND-0041,246187.26,0.9404,0.932,88.6,4.83,0.0041,3.4,296,0.4835,0,2026-02-22 00:00:00,0
BID-007455,AUC-1347,VND-0041,239936.4,0.9165,0.932,88.6,4.83,0.0041,3.4,296,0.4964,0,2026-02-22 00:00:00,0
BID-007456,AUC-1347,VND-0041,231800.28,0.8854,0.932,88.6,4.83,0.0041,3.4,296,0.5132,0,2026-02-22 00:00:00,0
BID-007457,AUC-1347,VND-0041,227723.44,0.8699,0.932,88.6,4.83,0.0041,3.4,296,0.5216,0,2026-02-22 00:00:00,1
BID-007458,AUC-1348,VND-0521,250791.52,0.967,0.77,78.3,4.42,0.0138,6.5,85,0.6105,0,2026-04-19 00:00:00,1
BID-007459,AUC-1348,VND-0766,240128.08,0.9259,0.656,64.5,4.14,0.0207,10.6,57,0.5648,0,2026-04-19 00:00:00,0
BID-007460,AUC-1348,VND-0329,232029.85,0.8946,0.642,52.4,4.1,0.0215,14.3,30,0.5517,0,2026-04-19 00:00:00,0
BID-007461,AUC-1348,VND-0329,221090.09,0.8525,0.642,52.4,4.1,0.0215,14.3,30,0.564,0,2026-04-19 00:00:00,0
BID-007462,AUC-1348,VND-0346,214172.14,0.8258,0.662,64.2,4.15,0.0203,10.7,102,0.595,0,2026-04-19 00:00:00,0
BID-007463,AUC-1349,VND-0448,185348.79,0.9707,0.834,70.4,4.59,0.01,8.9,104,0.6079,0,2026-04-05 00:00:00,0
BID-007464,AUC-1349,VND-0448,178735.47,0.936,0.834,70.4,4.59,0.01,8.9,104,0.6186,0,2026-04-05 00:00:00,0
BID-007465,AUC-1349,VND-0386,172676.72,0.9043,0.555,56.6,3.89,0.0267,13.0,136,0.4712,0,2026-04-05 00:00:00,0
BID-007466,AUC-1349,VND-0386,166065.72,0.8697,0.555,56.6,3.89,0.0267,13.0,136,0.4819,0,2026-04-05 00:00:00,0
BID-007467,AUC-1349,VND-0693,164290.33,0.8604,0.828,67.5,4.57,0.0103,9.8,167,0.6316,0,2026-04-05 00:00:00,0
BID-007468,AUC-1349,VND-0448,158703.39,0.8311,0.834,70.4,4.59,0.01,8.9,104,0.6511,0,2026-04-05 00:00:00,1
BID-007469,AUC-1350,VND-0120,448216.04,0.9595,0.823,63.3,4.56,0.0106,11.0,38,0.4591,0,2026-01-19 00:00:00,0
BID-007470,AUC-1350,VND-0173,433398.24,0.9278,0.699,70.9,4.25,0.018,8.7,58,0.4406,0,2026-01-19 00:00:00,0
BID-007471,AUC-1350,VND-0617,412391.94,0.8828,0.607,50.0,4.02,0.0236,15.0,218,0.4041,0,2026-01-19 00:00:00,0
BID-007472,AUC-1350,VND-0120,398988.58,0.8541,0.823,63.3,4.56,0.0106,11.0,38,0.5171,0,2026-01-19 00:00:00,1
BID-007473,AUC-1351,VND-0027,395773.91,0.9526,0.97,94.1,4.92,0.0018,1.8,96,0.6147,0,2026-02-13 00:00:00,0
BID-007474,AUC-1351,VND-0793,383963.59,0.9241,0.994,81.1,4.98,0.001,5.7,140,0.6,0,2026-02-13 00:00:00,0
BID-007475,AUC-1351,VND-0168,371589.65,0.8944,0.523,50.0,3.81,0.0286,15.0,59,0.3855,0,2026-02-13 00:00:00,0
BID-007476,AUC-1351,VND-0793,365577.34,0.8799,0.994,81.1,4.98,0.001,5.7,140,0.6181,0,2026-02-13 00:00:00,0
BID-007477,AUC-1351,VND-0793,358194.33,0.8621,0.994,81.1,4.98,0.001,5.7,140,0.6254,0,2026-02-13 00:00:00,0
BID-007478,AUC-1351,VND-0027,349043.76,0.8401,0.97,94.1,4.92,0.0018,1.8,96,0.6608,0,2026-02-13 00:00:00,0
BID-007479,AUC-1351,VND-0027,344599.83,0.8294,0.97,94.1,4.92,0.0018,1.8,96,0.6652,0,2026-02-13 00:00:00,1
BID-007480,AUC-1351,VND-0679,328677.73,0.7911,0.95,82.9,4.88,0.003,5.1,239,0.6458,0,2026-02-13 00:00:00,0
BID-007481,AUC-1352,VND-0653,342077.67,0.9728,0.855,84.4,4.64,0.0087,4.7,217,0.5596,0,2026-01-13 00:00:00,0
BID-007482,AUC-1352,VND-0361,329437.57,0.9369,0.969,82.7,4.92,0.0018,5.2,61,0.6165,0,2026-01-13 00:00:00,0
BID-007483,AUC-1352,VND-0030,324691.46,0.9234,0.523,50.0,3.81,0.0286,15.0,73,0.3952,0,2026-01-13 00:00:00,0
BID-007484,AUC-1352,VND-0499,315838.79,0.8982,0.959,80.6,4.9,0.0025,5.8,131,0.624,0,2026-01-13 00:00:00,1
BID-007485,AUC-1352,VND-0653,305832.48,0.8698,0.855,84.4,4.64,0.0087,4.7,217,0.5977,0,2026-01-13 00:00:00,0
BID-007486,AUC-1353,VND-0655,343822.0,0.955,0.67,70.9,4.17,0.0198,8.7,84,0.5751,0,2026-05-08 00:00:00,0
BID-007487,AUC-1353,VND-0655,337692.8,0.938,0.67,70.9,4.17,0.0198,8.7,84,0.579,0,2026-05-08 00:00:00,0
BID-007488,AUC-1353,VND-0655,329932.0,0.9164,0.67,70.9,4.17,0.0198,8.7,84,0.584,0,2026-05-08 00:00:00,0
BID-007489,AUC-1353,VND-0754,318967.57,0.886,0.79,70.0,4.48,0.0126,9.0,58,0.6477,0,2026-05-08 00:00:00,1
BID-007490,AUC-1353,VND-0655,315017.89,0.875,0.67,70.9,4.17,0.0198,8.7,84,0.5935,0,2026-05-08 00:00:00,0
BID-007491,AUC-1353,VND-0655,309080.92,0.8585,0.67,70.9,4.17,0.0198,8.7,84,0.5973,0,2026-05-08 00:00:00,0
BID-007492,AUC-1353,VND-0091,295901.78,0.8219,0.671,56.0,4.18,0.0198,13.2,67,0.5828,0,2026-05-08 00:00:00,0
BID-007493,AUC-1353,VND-0091,285840.73,0.794,0.671,56.0,4.18,0.0198,13.2,67,0.5892,0,2026-05-08 00:00:00,0
BID-007494,AUC-1354,VND-0722,227894.37,0.9647,0.836,72.5,4.59,0.0098,8.2,141,0.6069,0,2026-02-13 00:00:00,0
BID-007495,AUC-1354,VND-0722,217774.24,0.9218,0.836,72.5,4.59,0.0098,8.2,141,0.6279,0,2026-02-13 00:00:00,1
BID-007496,AUC-1354,VND-0567,207173.98,0.877,0.541,50.0,3.85,0.0276,15.0,167,0.4675,0,2026-02-13 00:00:00,0
BID-007497,AUC-1355,VND-0288,442049.67,0.9583,0.931,91.2,4.83,0.0041,2.6,204,0.5673,0,2026-04-14 00:00:00,1
BID-007498,AUC-1355,VND-0014,428454.58,0.9288,0.6,59.5,4.0,0.024,12.2,66,0.4061,0,2026-04-14 00:00:00,0
BID-007499,AUC-1355,VND-0063,410699.02,0.8903,0.614,60.5,4.03,0.0232,11.8,299,0.4306,0,2026-04-14 00:00:00,0
BID-007500,AUC-1356,VND-0487,343273.13,0.9798,0.866,66.8,4.67,0.008,10.0,273,0.5451,0,2026-02-11 00:00:00,0
BID-007501,AUC-1356,VND-0688,328308.69,0.9371,0.624,67.4,4.06,0.0226,9.8,67,0.4841,0,2026-02-11 00:00:00,0
BID-007502,AUC-1356,VND-0610,315940.75,0.9018,0.827,66.7,4.57,0.0104,10.0,248,0.5612,0,2026-02-11 00:00:00,1
BID-007503,AUC-1357,VND-0222,357288.47,0.973,0.687,60.3,4.22,0.0188,11.9,29,0.5063,0,2026-05-10 00:00:00,0
BID-007504,AUC-1357,VND-0222,349948.17,0.953,0.687,60.3,4.22,0.0188,11.9,29,0.5129,0,2026-05-10 00:00:00,1
BID-007505,AUC-1357,VND-0696,334196.56,0.9101,0.618,50.0,4.05,0.0229,15.0,229,0.4876,0,2026-05-10 00:00:00,0
BID-007506,AUC-1357,VND-0791,319889.91,0.8712,0.616,53.1,4.04,0.023,14.1,139,0.5024,0,2026-05-10 00:00:00,0
BID-007507,AUC-1358,VND-0721,413579.88,0.9569,0.985,78.2,4.96,0.001,6.5,82,0.4479,0,2026-03-18 00:00:00,0
BID-007508,AUC-1358,VND-0525,402595.68,0.9314,0.935,72.6,4.84,0.0039,8.2,133,0.4394,0,2026-03-18 00:00:00,0
BID-007509,AUC-1358,VND-0579,387420.87,0.8963,0.579,58.1,3.95,0.0252,12.6,300,0.3486,0,2026-03-18 00:00:00,0
BID-007510,AUC-1358,VND-0732,379482.21,0.878,0.553,50.6,3.88,0.0268,14.8,263,0.338,0,2026-03-18 00:00:00,0
BID-007511,AUC-1358,VND-0732,369126.93,0.854,0.553,50.6,3.88,0.0268,14.8,263,0.3507,0,2026-03-18 00:00:00,0
BID-007512,AUC-1358,VND-0579,355332.55,0.8221,0.579,58.1,3.95,0.0252,12.6,300,0.3879,0,2026-03-18 00:00:00,0
BID-007513,AUC-1358,VND-0721,343656.34,0.7951,0.985,78.2,4.96,0.001,6.5,82,0.5337,0,2026-03-18 00:00:00,1
BID-007514,AUC-1358,VND-0525,333523.82,0.7716,0.935,72.6,4.84,0.0039,8.2,133,0.5241,0,2026-03-18 00:00:00,0
BID-007515,AUC-1359,VND-0145,139054.71,0.9637,0.643,56.3,4.11,0.0214,13.1,216,0.4493,0,2026-02-28 00:00:00,0
BID-007516,AUC-1359,VND-0094,134213.95,0.9301,0.909,86.3,4.77,0.0055,4.1,226,0.6029,0,2026-02-28 00:00:00,0
BID-007517,AUC-1359,VND-0289,127879.52,0.8862,0.574,65.1,3.93,0.0256,10.5,200,0.4625,0,2026-02-28 00:00:00,0
BID-007518,AUC-1359,VND-0289,121957.67,0.8452,0.574,65.1,3.93,0.0256,10.5,200,0.4777,0,2026-02-28 00:00:00,0
BID-007519,AUC-1359,VND-0266,119195.59,0.8261,0.906,95.9,4.77,0.0056,1.2,85,0.6531,0,2026-02-28 00:00:00,0
BID-007520,AUC-1359,VND-0266,114787.82,0.7955,0.906,95.9,4.77,0.0056,1.2,85,0.6644,0,2026-02-28 00:00:00,1
BID-007521,AUC-1359,VND-0145,112319.17,0.7784,0.643,56.3,4.11,0.0214,13.1,216,0.5179,0,2026-02-28 00:00:00,0
BID-007522,AUC-1359,VND-0289,107814.05,0.7472,0.574,65.1,3.93,0.0256,10.5,200,0.5139,0,2026-02-28 00:00:00,0
BID-007523,AUC-1360,VND-0366,393375.91,0.9702,0.582,63.5,3.96,0.0251,11.0,190,0.3149,0,2026-06-14 00:00:00,0
BID-007524,AUC-1360,VND-0060,387499.45,0.9557,0.946,89.7,4.87,0.0032,3.1,45,0.4526,0,2026-06-14 00:00:00,0
BID-007525,AUC-1360,VND-0366,373203.89,0.9204,0.582,63.5,3.96,0.0251,11.0,190,0.3418,0,2026-06-14 00:00:00,0
BID-007526,AUC-1360,VND-0060,356183.74,0.8785,0.946,89.7,4.87,0.0032,3.1,45,0.4943,0,2026-06-14 00:00:00,1
BID-007527,AUC-1360,VND-0197,344323.53,0.8492,0.686,65.9,4.22,0.0188,10.2,297,0.4077,0,2026-06-14 00:00:00,0
BID-007528,AUC-1360,VND-0102,339024.38,0.8361,0.581,59.8,3.95,0.0252,12.1,289,0.3799,0,2026-06-14 00:00:00,0
BID-007529,AUC-1361,VND-0046,104031.71,0.9845,0.56,51.0,3.9,0.0264,14.7,298,0.3735,0,2026-01-15 00:00:00,0
BID-007530,AUC-1361,VND-0614,101330.98,0.959,0.699,54.6,4.25,0.0181,13.6,235,0.4492,0,2026-01-15 00:00:00,0
BID-007531,AUC-1361,VND-0283,97204.81,0.9199,0.675,61.9,4.19,0.0195,11.4,267,0.4633,0,2026-01-15 00:00:00,0
BID-007532,AUC-1361,VND-0349,93912.43,0.8888,0.644,56.7,4.11,0.0213,13.0,173,0.4539,0,2026-01-15 00:00:00,0
BID-007533,AUC-1361,VND-0508,91958.79,0.8703,0.853,88.0,4.63,0.0088,3.6,150,0.5965,0,2026-01-15 00:00:00,1
BID-007534,AUC-1361,VND-0046,87816.49,0.8311,0.56,51.0,3.9,0.0264,14.7,298,0.4303,0,2026-01-15 00:00:00,0
BID-007535,AUC-1362,VND-0563,174712.18,0.9749,0.828,75.6,4.57,0.0103,7.3,208,0.5467,0,2026-01-02 00:00:00,0
BID-007536,AUC-1362,VND-0117,167751.57,0.936,0.788,73.8,4.47,0.0127,7.9,58,0.5404,0,2026-01-02 00:00:00,0
BID-007537,AUC-1362,VND-0432,165773.41,0.925,0.762,65.8,4.41,0.0143,10.3,44,0.5205,0,2026-01-02 00:00:00,0
BID-007538,AUC-1362,VND-0686,158168.74,0.8826,0.986,78.7,4.96,0.001,6.4,234,0.6509,0,2026-01-02 00:00:00,1
BID-007539,AUC-1362,VND-0117,150564.97,0.8401,0.788,73.8,4.47,0.0127,7.9,58,0.5739,0,2026-01-02 00:00:00,0
BID-007540,AUC-1362,VND-0367,148536.94,0.8288,0.833,76.0,4.58,0.01,7.2,103,0.6005,0,2026-01-02 00:00:00,0
BID-007541,AUC-1363,VND-0145,170321.16,0.9763,0.643,56.3,4.11,0.0214,13.1,216,0.4471,0,2026-03-26 00:00:00,0
BID-007542,AUC-1363,VND-0161,162955.5,0.9341,0.775,78.1,4.44,0.0135,6.6,192,0.5722,0,2026-03-26 00:00:00,0
BID-007543,AUC-1363,VND-0304,157929.96,0.9053,0.603,50.0,4.01,0.0238,15.0,281,0.4411,0,2026-03-26 00:00:00,0
BID-007544,AUC-1363,VND-0178,151058.83,0.8659,0.535,50.9,3.84,0.0279,14.7,296,0.4345,0,2026-03-26 00:00:00,0
BID-007545,AUC-1363,VND-0266,145921.6,0.8365,0.906,95.9,4.77,0.0056,1.2,85,0.7058,0,2026-03-26 00:00:00,1
BID-007546,AUC-1364,VND-0134,469453.65,0.9591,0.849,79.4,4.62,0.0091,6.2,178,0.4066,0,2026-06-07 00:00:00,0
BID-007547,AUC-1364,VND-0462,453005.17,0.9255,0.947,91.0,4.87,0.0032,2.7,170,0.4655,0,2026-06-07 00:00:00,1
BID-007548,AUC-1364,VND-0189,442487.15,0.904,0.922,70.0,4.81,0.0047,9.0,48,0.4418,0,2026-06-07 00:00:00,0
BID-007549,AUC-1365,VND-0163,409618.19,0.9533,0.977,97.8,4.94,0.0014,0.7,265,0.6073,0,2026-04-03 00:00:00,1
BID-007550,AUC-1365,VND-0226,400125.09,0.9312,0.889,84.9,4.72,0.0067,4.5,270,0.5594,0,2026-04-03 00:00:00,0
BID-007551,AUC-1365,VND-0717,391511.91,0.9111,0.744,69.7,4.36,0.0153,9.1,164,0.4922,0,2026-04-03 00:00:00,0
BID-007552,AUC-1365,VND-0717,383803.82,0.8932,0.744,69.7,4.36,0.0153,9.1,164,0.4993,0,2026-04-03 00:00:00,0
BID-007553,AUC-1365,VND-0717,368826.24,0.8583,0.744,69.7,4.36,0.0153,9.1,164,0.5133,0,2026-04-03 00:00:00,0
BID-007554,AUC-1366,VND-0744,337462.94,0.9544,0.698,67.2,4.25,0.0181,9.8,82,0.4975,0,2026-05-19 00:00:00,0
BID-007555,AUC-1366,VND-0046,324294.63,0.9172,0.56,51.0,3.9,0.0264,14.7,298,0.4404,0,2026-05-19 00:00:00,0
BID-007556,AUC-1366,VND-0744,309263.27,0.8747,0.698,67.2,4.25,0.0181,9.8,82,0.527,0,2026-05-19 00:00:00,0
BID-007557,AUC-1366,VND-0001,302694.05,0.8561,0.687,73.5,4.22,0.0188,8.0,27,0.5418,0,2026-05-19 00:00:00,1
BID-007558,AUC-1366,VND-0080,289890.75,0.8199,0.619,59.0,4.05,0.0229,12.3,69,0.5087,0,2026-05-19 00:00:00,0
BID-007559,AUC-1367,VND-0738,349762.28,0.955,0.664,61.8,4.16,0.0202,11.5,205,0.3145,0,2026-06-11 00:00:00,0
BID-007560,AUC-1367,VND-0738,337985.91,0.9228,0.664,61.8,4.16,0.0202,11.5,205,0.3328,0,2026-06-11 00:00:00,0
BID-007561,AUC-1367,VND-0452,325288.8,0.8881,0.591,52.0,3.98,0.0246,14.4,218,0.3187,0,2026-06-11 00:00:00,0
BID-007562,AUC-1367,VND-0249,321448.67,0.8777,0.792,64.8,4.48,0.0125,10.6,66,0.3869,0,2026-06-11 00:00:00,1
BID-007563,AUC-1368,VND-0107,280083.98,0.9813,0.826,68.4,4.56,0.0104,9.5,290,0.4336,0,2026-02-27 00:00:00,0
BID-007564,AUC-1368,VND-0145,266748.37,0.9346,0.643,56.3,4.11,0.0214,13.1,216,0.3806,0,2026-02-27 00:00:00,0
BID-007565,AUC-1368,VND-0145,263218.65,0.9222,0.643,56.3,4.11,0.0214,13.1,216,0.3871,0,2026-02-27 00:00:00,0
BID-007566,AUC-1368,VND-0107,253709.68,0.8889,0.826,68.4,4.56,0.0104,9.5,290,0.4825,0,2026-02-27 00:00:00,1
BID-007567,AUC-1369,VND-0534,450874.67,0.9511,0.619,50.0,4.05,0.0228,15.0,110,0.411,0,2026-02-10 00:00:00,0
BID-007568,AUC-1369,VND-0412,428450.33,0.9038,0.667,59.1,4.17,0.02,12.3,213,0.4663,0,2026-02-10 00:00:00,0
BID-007569,AUC-1369,VND-0176,410270.87,0.8654,0.752,74.2,4.38,0.0149,7.7,222,0.5443,0,2026-02-10 00:00:00,0
BID-007570,AUC-1369,VND-0412,400233.65,0.8442,0.667,59.1,4.17,0.02,12.3,213,0.4883,0,2026-02-10 00:00:00,0
BID-007571,AUC-1369,VND-0176,389000.55,0.8205,0.752,74.2,4.38,0.0149,7.7,222,0.5609,0,2026-02-10 00:00:00,1
BID-007572,AUC-1370,VND-0098,245548.81,0.9699,0.67,58.4,4.17,0.0198,12.5,117,0.4491,0,2026-02-08 00:00:00,0
BID-007573,AUC-1370,VND-0168,241681.85,0.9546,0.523,50.0,3.81,0.0286,15.0,59,0.3792,0,2026-02-08 00:00:00,0
BID-007574,AUC-1370,VND-0764,231945.02,0.9162,0.642,51.1,4.11,0.0215,14.7,45,0.4401,0,2026-02-08 00:00:00,0
BID-007575,AUC-1370,VND-0397,221980.98,0.8768,0.753,66.6,4.38,0.0148,10.0,272,0.5312,0,2026-02-08 00:00:00,0
BID-007576,AUC-1370,VND-0288,216968.06,0.857,0.931,91.2,4.83,0.0041,2.6,204,0.6622,0,2026-02-08 00:00:00,0
BID-007577,AUC-1370,VND-0098,208307.97,0.8228,0.67,58.4,4.17,0.0198,12.5,117,0.4991,0,2026-02-08 00:00:00,0
BID-007578,AUC-1370,VND-0288,200897.26,0.7935,0.931,91.2,4.83,0.0041,2.6,204,0.6838,0,2026-02-08 00:00:00,0
BID-007579,AUC-1370,VND-0288,196261.06,0.7752,0.931,91.2,4.83,0.0041,2.6,204,0.69,0,2026-02-08 00:00:00,1
BID-007580,AUC-1371,VND-0474,191887.16,0.9768,0.568,59.8,3.92,0.0259,12.1,69,0.5119,0,2026-02-18 00:00:00,0
BID-007581,AUC-1371,VND-0522,188035.87,0.9572,0.659,67.9,4.15,0.0204,9.6,95,0.5678,0,2026-02-18 00:00:00,0
BID-007582,AUC-1371,VND-0698,184422.56,0.9388,0.669,69.8,4.17,0.0199,9.1,103,0.5792,0,2026-02-18 00:00:00,0
BID-007583,AUC-1371,VND-0522,178810.33,0.9102,0.659,67.9,4.15,0.0204,9.6,95,0.5796,0,2026-02-18 00:00:00,1
BID-007584,AUC-1372,VND-0342,86440.71,0.9617,0.585,59.0,3.96,0.0249,12.3,196,0.4687,0,2026-02-17 00:00:00,0
BID-007585,AUC-1372,VND-0313,85131.99,0.9471,0.809,69.6,4.52,0.0115,9.1,131,0.5667,0,2026-02-17 00:00:00,0
BID-007586,AUC-1372,VND-0313,80977.99,0.9009,0.809,69.6,4.52,0.0115,9.1,131,0.581,0,2026-02-17 00:00:00,0
BID-007587,AUC-1372,VND-0224,79128.61,0.8803,0.993,96.7,4.98,0.001,1.0,62,0.7157,0,2026-02-17 00:00:00,1
BID-007588,AUC-1372,VND-0354,75717.23,0.8424,0.661,69.4,4.15,0.0203,9.2,53,0.5564,0,2026-02-17 00:00:00,0
BID-007589,AUC-1372,VND-0342,74720.7,0.8313,0.585,59.0,3.96,0.0249,12.3,196,0.5091,0,2026-02-17 00:00:00,0
BID-007590,AUC-1373,VND-0092,382506.98,0.9678,0.962,100.0,4.91,0.0023,0.1,223,0.6225,0,2026-02-16 00:00:00,1
BID-007591,AUC-1373,VND-0421,377110.22,0.9541,0.507,50.6,3.77,0.0296,14.8,144,0.4131,0,2026-02-16 00:00:00,0
BID-007592,AUC-1373,VND-0548,367363.69,0.9295,0.615,51.6,4.04,0.0231,14.5,126,0.453,0,2026-02-16 00:00:00,0
BID-007593,AUC-1373,VND-0062,354040.63,0.8958,0.659,52.8,4.15,0.0205,14.2,231,0.4797,0,2026-02-16 00:00:00,0
BID-007594,AUC-1374,VND-0240,354485.41,0.9584,0.985,85.1,4.96,0.001,4.5,184,0.668,0,2026-01-19 00:00:00,0
BID-007595,AUC-1374,VND-0240,347822.96,0.9404,0.985,85.1,4.96,0.001,4.5,184,0.6752,0,2026-01-19 00:00:00,1
BID-007596,AUC-1374,VND-0355,344132.91,0.9304,0.627,62.6,4.07,0.0224,11.2,252,0.4852,0,2026-01-19 00:00:00,0
BID-007597,AUC-1375,VND-0209,188961.71,0.9527,0.647,59.6,4.12,0.0212,12.1,35,0.5581,0,2026-06-16 00:00:00,0
BID-007598,AUC-1375,VND-0775,181722.0,0.9162,0.522,51.3,3.8,0.0287,14.6,147,0.501,0,2026-06-16 00:00:00,0
BID-007599,AUC-1375,VND-0775,177933.31,0.8971,0.522,51.3,3.8,0.0287,14.6,147,0.5056,0,2026-06-16 00:00:00,0
BID-007600,AUC-1375,VND-0198,174634.19,0.8805,0.67,69.1,4.18,0.0198,9.3,255,0.6012,0,2026-06-16 00:00:00,0
BID-007601,AUC-1375,VND-0269,167329.61,0.8437,0.925,74.6,4.81,0.0045,7.6,227,0.7234,0,2026-06-16 00:00:00,1
BID-007602,AUC-1375,VND-0492,162451.45,0.8191,0.553,50.0,3.88,0.0268,15.0,257,0.535,0,2026-06-16 00:00:00,0
BID-007603,AUC-1375,VND-0492,160031.04,0.8069,0.553,50.0,3.88,0.0268,15.0,257,0.5379,0,2026-06-16 00:00:00,0
BID-007604,AUC-1376,VND-0789,21565.19,0.9651,0.512,53.8,3.78,0.0293,13.9,182,0.4313,0,2026-01-05 00:00:00,0
BID-007605,AUC-1376,VND-0770,20946.35,0.9374,0.591,58.7,3.98,0.0246,12.4,48,0.4833,0,2026-01-05 00:00:00,0
BID-007606,AUC-1376,VND-0193,20715.81,0.9271,0.868,87.1,4.67,0.0079,3.9,282,0.672,0,2026-01-05 00:00:00,0
BID-007607,AUC-1376,VND-0193,19890.24,0.8902,0.868,87.1,4.67,0.0079,3.9,282,0.6816,0,2026-01-05 00:00:00,1
BID-007608,AUC-1376,VND-0588,19450.63,0.8705,0.817,75.3,4.54,0.011,7.4,112,0.6353,0,2026-01-05 00:00:00,0
BID-007609,AUC-1376,VND-0204,19021.52,0.8513,0.695,54.8,4.24,0.0183,13.6,162,0.5377,0,2026-01-05 00:00:00,0
BID-007610,AUC-1377,VND-0329,406337.9,0.9649,0.642,52.4,4.1,0.0215,14.3,30,0.5116,0,2026-01-30 00:00:00,0
BID-007611,AUC-1377,VND-0331,388656.2,0.9229,0.678,70.6,4.2,0.0193,8.8,181,0.5765,0,2026-01-30 00:00:00,0
BID-007612,AUC-1377,VND-0701,376814.07,0.8948,0.584,50.0,3.96,0.025,15.0,211,0.5034,0,2026-01-30 00:00:00,0
BID-007613,AUC-1377,VND-0446,358756.68,0.8519,0.861,91.5,4.65,0.0083,2.6,192,0.7082,0,2026-01-30 00:00:00,1
BID-007614,AUC-1377,VND-0659,353510.17,0.8395,0.763,77.8,4.41,0.0142,6.7,216,0.6454,0,2026-01-30 00:00:00,0
BID-007615,AUC-1377,VND-0659,342917.01,0.8143,0.763,77.8,4.41,0.0142,6.7,216,0.6519,0,2026-01-30 00:00:00,0
BID-007616,AUC-1377,VND-0477,336506.52,0.7991,0.588,59.2,3.97,0.0247,12.2,96,0.55,0,2026-01-30 00:00:00,0
BID-007617,AUC-1378,VND-0235,15410.77,0.9882,0.612,65.3,4.03,0.0233,10.4,248,0.5353,0,2026-02-04 00:00:00,0
BID-007618,AUC-1378,VND-0190,15124.51,0.9698,0.907,76.7,4.77,0.0056,7.0,42,0.6972,0,2026-02-04 00:00:00,0
BID-007619,AUC-1378,VND-0190,14872.0,0.9537,0.907,76.7,4.77,0.0056,7.0,42,0.7004,0,2026-02-04 00:00:00,0
BID-007620,AUC-1378,VND-0190,14205.17,0.9109,0.907,76.7,4.77,0.0056,7.0,42,0.7089,0,2026-02-04 00:00:00,0
BID-007621,AUC-1378,VND-0380,13913.09,0.8922,0.947,89.7,4.87,0.0032,3.1,124,0.7685,0,2026-02-04 00:00:00,0
BID-007622,AUC-1378,VND-0762,13256.74,0.8501,0.676,51.0,4.19,0.0195,14.7,256,0.5469,0,2026-02-04 00:00:00,0
BID-007623,AUC-1378,VND-0097,13116.87,0.8411,0.95,91.0,4.88,0.003,2.7,210,0.7839,0,2026-02-04 00:00:00,1
BID-007624,AUC-1379,VND-0594,348165.92,0.9813,0.844,66.8,4.61,0.0094,10.0,119,0.6466,0,2026-01-04 00:00:00,0
BID-007625,AUC-1379,VND-0229,336946.96,0.9496,0.506,50.0,3.76,0.0297,15.0,275,0.497,0,2026-01-04 00:00:00,0
BID-007626,AUC-1379,VND-0080,327379.94,0.9227,0.619,59.0,4.05,0.0229,12.3,69,0.5616,0,2026-01-04 00:00:00,0
BID-007627,AUC-1379,VND-0797,312863.88,0.8818,0.564,50.0,3.91,0.0261,15.0,120,0.5373,0,2026-01-04 00:00:00,0
BID-007628,AUC-1379,VND-0080,309655.42,0.8727,0.619,59.0,4.05,0.0229,12.3,69,0.5741,0,2026-01-04 00:00:00,0
BID-007629,AUC-1379,VND-0141,303819.28,0.8563,0.945,79.6,4.86,0.0033,6.1,294,0.7354,0,2026-01-04 00:00:00,1
BID-007630,AUC-1379,VND-0229,295784.72,0.8336,0.506,50.0,3.76,0.0297,15.0,275,0.526,0,2026-01-04 00:00:00,0
BID-007631,AUC-1379,VND-0716,288647.41,0.8135,0.727,65.3,4.32,0.0164,10.4,158,0.6404,0,2026-01-04 00:00:00,0
BID-007632,AUC-1380,VND-0539,477425.11,0.9835,0.692,62.2,4.23,0.0185,11.3,211,0.5439,0,2026-02-22 00:00:00,0
BID-007633,AUC-1380,VND-0539,470356.42,0.969,0.692,62.2,4.23,0.0185,11.3,211,0.5477,0,2026-02-22 00:00:00,0
BID-007634,AUC-1380,VND-0539,450837.69,0.9287,0.692,62.2,4.23,0.0185,11.3,211,0.5582,0,2026-02-22 00:00:00,0
BID-007635,AUC-1380,VND-0539,444148.66,0.915,0.692,62.2,4.23,0.0185,11.3,211,0.5618,0,2026-02-22 00:00:00,0
BID-007636,AUC-1380,VND-0539,424451.25,0.8744,0.692,62.2,4.23,0.0185,11.3,211,0.5723,0,2026-02-22 00:00:00,0
BID-007637,AUC-1380,VND-0299,405517.13,0.8354,0.834,62.8,4.58,0.01,11.2,22,0.6409,0,2026-02-22 00:00:00,1
BID-007638,AUC-1380,VND-0539,393663.68,0.811,0.692,62.2,4.23,0.0185,11.3,211,0.5888,0,2026-02-22 00:00:00,0
BID-007639,AUC-1380,VND-0347,377719.39,0.7781,0.754,62.7,4.38,0.0148,11.2,200,0.6232,0,2026-02-22 00:00:00,0
BID-007640,AUC-1381,VND-0195,220435.77,0.9821,0.875,82.4,4.69,0.0075,5.3,65,0.6301,0,2026-02-12 00:00:00,0
BID-007641,AUC-1381,VND-0315,210240.09,0.9367,0.518,50.0,3.8,0.0289,15.0,145,0.4206,0,2026-02-12 00:00:00,0
BID-007642,AUC-1381,VND-0577,202723.19,0.9032,0.849,82.9,4.62,0.0091,5.1,179,0.6567,0,2026-02-12 00:00:00,0
BID-007643,AUC-1381,VND-0647,196074.51,0.8736,0.784,79.5,4.46,0.013,6.1,139,0.6353,0,2026-02-12 00:00:00,0
BID-007644,AUC-1381,VND-0315,187054.03,0.8334,0.518,50.0,3.8,0.0289,15.0,145,0.4671,0,2026-02-12 00:00:00,0
BID-007645,AUC-1381,VND-0647,180244.27,0.803,0.784,79.5,4.46,0.013,6.1,139,0.667,0,2026-02-12 00:00:00,0
BID-007646,AUC-1381,VND-0647,178207.79,0.794,0.784,79.5,4.46,0.013,6.1,139,0.6711,0,2026-02-12 00:00:00,1
BID-007647,AUC-1382,VND-0243,119309.86,0.9534,0.792,85.9,4.48,0.0125,4.2,53,0.5166,0,2026-01-16 00:00:00,0
BID-007648,AUC-1382,VND-0389,113351.62,0.9058,0.615,59.6,4.04,0.0231,12.1,240,0.4374,0,2026-01-16 00:00:00,0
BID-007649,AUC-1382,VND-0213,108539.29,0.8674,0.529,50.0,3.82,0.0283,15.0,68,0.4094,0,2026-01-16 00:00:00,0
BID-007650,AUC-1382,VND-0268,104943.26,0.8386,0.884,91.9,4.71,0.0069,2.4,82,0.6042,0,2026-01-16 00:00:00,1
BID-007651,AUC-1382,VND-0213,103509.43,0.8272,0.529,50.0,3.82,0.0283,15.0,68,0.4259,0,2026-01-16 00:00:00,0
BID-007652,AUC-1383,VND-0754,350150.5,0.9853,0.79,70.0,4.48,0.0126,9.0,58,0.4852,0,2026-01-07 00:00:00,0
BID-007653,AUC-1383,VND-0069,336153.42,0.9459,0.759,77.3,4.4,0.0144,6.8,221,0.5092,0,2026-01-07 00:00:00,0
BID-007654,AUC-1383,VND-0111,325297.95,0.9153,0.829,75.8,4.57,0.0103,7.3,221,0.5395,0,2026-01-07 00:00:00,1
BID-007655,AUC-1383,VND-0302,315879.4,0.8888,0.589,50.0,3.97,0.0247,15.0,244,0.4005,0,2026-01-07 00:00:00,0
BID-007656,AUC-1383,VND-0595,308842.5,0.869,0.65,64.4,4.13,0.021,10.7,159,0.4669,0,2026-01-07 00:00:00,0
BID-007657,AUC-1384,VND-0788,394973.55,0.9624,0.608,50.0,4.02,0.0235,15.0,253,0.5278,0,2026-01-28 00:00:00,0
BID-007658,AUC-1384,VND-0216,381870.16,0.9305,0.571,55.8,3.93,0.0257,13.3,180,0.5389,0,2026-01-28 00:00:00,0
BID-007659,AUC-1384,VND-0216,366776.93,0.8937,0.571,55.8,3.93,0.0257,13.3,180,0.547,0,2026-01-28 00:00:00,1
BID-007660,AUC-1385,VND-0346,269422.32,0.97,0.662,64.2,4.15,0.0203,10.7,102,0.4197,0,2026-01-08 00:00:00,0
BID-007661,AUC-1385,VND-0346,256798.31,0.9246,0.662,64.2,4.15,0.0203,10.7,102,0.4406,0,2026-01-08 00:00:00,0
BID-007662,AUC-1385,VND-0346,246392.2,0.8871,0.662,64.2,4.15,0.0203,10.7,102,0.4578,0,2026-01-08 00:00:00,0
BID-007663,AUC-1385,VND-0127,242021.98,0.8714,0.926,77.9,4.81,0.0045,6.6,286,0.5553,0,2026-01-08 00:00:00,0
BID-007664,AUC-1385,VND-0127,236344.59,0.8509,0.926,77.9,4.81,0.0045,6.6,286,0.5647,0,2026-01-08 00:00:00,0
BID-007665,AUC-1385,VND-0042,232305.31,0.8364,0.665,56.5,4.16,0.0201,13.0,231,0.4745,0,2026-01-08 00:00:00,0
BID-007666,AUC-1385,VND-0127,225696.54,0.8126,0.926,77.9,4.81,0.0045,6.6,286,0.5824,0,2026-01-08 00:00:00,1
BID-007667,AUC-1386,VND-0384,474971.22,0.9817,0.881,92.9,4.7,0.0071,2.1,82,0.4923,0,2026-06-18 00:00:00,0
BID-007668,AUC-1386,VND-0449,468524.94,0.9683,0.647,64.3,4.12,0.0212,10.7,117,0.3873,0,2026-06-18 00:00:00,0
BID-007669,AUC-1386,VND-0449,445128.31,0.92,0.647,64.3,4.12,0.0212,10.7,117,0.4101,0,2026-06-18 00:00:00,0
BID-007670,AUC-1386,VND-0384,430264.15,0.8893,0.881,92.9,4.7,0.0071,2.1,82,0.5357,0,2026-06-18 00:00:00,0
BID-007671,AUC-1386,VND-0273,412633.13,0.8528,0.809,73.1,4.52,0.0115,8.1,254,0.5032,0,2026-06-18 00:00:00,0
BID-007672,AUC-1386,VND-0390,392662.79,0.8115,0.86,84.0,4.65,0.0084,4.8,272,0.5535,0,2026-06-18 00:00:00,1
BID-007673,AUC-1387,VND-0514,34004.45,0.9628,0.931,96.2,4.83,0.0041,1.1,89,0.6357,0,2026-05-07 00:00:00,0
BID-007674,AUC-1387,VND-0226,32508.9,0.9205,0.889,84.9,4.72,0.0067,4.5,270,0.6077,0,2026-05-07 00:00:00,0
BID-007675,AUC-1387,VND-0321,31711.37,0.8979,0.51,50.0,3.78,0.0294,15.0,162,0.3814,0,2026-05-07 00:00:00,0
BID-007676,AUC-1387,VND-0514,31352.19,0.8877,0.931,96.2,4.83,0.0041,1.1,89,0.6612,0,2026-05-07 00:00:00,1
BID-007677,AUC-1387,VND-0321,30935.84,0.8759,0.51,50.0,3.78,0.0294,15.0,162,0.3889,0,2026-05-07 00:00:00,0
BID-007678,AUC-1387,VND-0321,30212.79,0.8555,0.51,50.0,3.78,0.0294,15.0,162,0.3958,0,2026-05-07 00:00:00,0
BID-007679,AUC-1387,VND-0243,28742.01,0.8138,0.792,85.9,4.48,0.0125,4.2,53,0.606,0,2026-05-07 00:00:00,0
BID-007680,AUC-1388,VND-0307,253167.56,0.9837,0.814,59.6,4.53,0.0112,12.1,56,0.6098,0,2026-04-03 00:00:00,0
BID-007681,AUC-1388,VND-0209,247987.26,0.9636,0.647,59.6,4.12,0.0212,12.1,35,0.5516,0,2026-04-03 00:00:00,0
BID-007682,AUC-1388,VND-0307,239518.9,0.9307,0.814,59.6,4.53,0.0112,12.1,56,0.6241,0,2026-04-03 00:00:00,1
BID-007683,AUC-1388,VND-0209,237099.42,0.9213,0.647,59.6,4.12,0.0212,12.1,35,0.563,0,2026-04-03 00:00:00,0
BID-007684,AUC-1388,VND-0191,229753.37,0.8928,0.559,56.1,3.9,0.0265,13.2,170,0.5323,0,2026-04-03 00:00:00,0
BID-007685,AUC-1388,VND-0135,226562.11,0.8804,0.68,54.8,4.2,0.0192,13.6,133,0.5803,0,2026-04-03 00:00:00,0
BID-007686,AUC-1389,VND-0758,346268.3,0.9564,0.598,50.0,3.99,0.0241,15.0,137,0.2741,0,2026-01-23 00:00:00,0
BID-007687,AUC-1389,VND-0592,333682.51,0.9217,0.816,81.3,4.54,0.011,5.6,112,0.3877,0,2026-01-23 00:00:00,1
BID-007688,AUC-1389,VND-0469,317589.4,0.8772,0.509,57.2,3.77,0.0294,12.8,222,0.3089,0,2026-01-23 00:00:00,0
BID-007689,AUC-1390,VND-0029,412121.73,0.9525,0.544,50.0,3.86,0.0273,15.0,298,0.2791,0,2026-05-17 00:00:00,0
BID-007690,AUC-1390,VND-0633,400387.96,0.9253,0.506,50.0,3.76,0.0297,15.0,238,0.2869,0,2026-05-17 00:00:00,0
BID-007691,AUC-1390,VND-0217,390184.4,0.9018,0.809,63.1,4.52,0.0115,11.1,278,0.3824,0,2026-05-17 00:00:00,0
BID-007692,AUC-1390,VND-0217,371021.54,0.8575,0.809,63.1,4.52,0.0115,11.1,278,0.4081,0,2026-05-17 00:00:00,1
BID-007693,AUC-1390,VND-0029,357285.07,0.8257,0.544,50.0,3.86,0.0273,15.0,298,0.3526,0,2026-05-17 00:00:00,0
BID-007694,AUC-1390,VND-0488,353068.32,0.816,0.516,50.0,3.79,0.0291,15.0,75,0.3525,0,2026-05-17 00:00:00,0
BID-007695,AUC-1391,VND-0226,94216.81,0.963,0.889,84.9,4.72,0.0067,4.5,270,0.4426,0,2026-06-21 00:00:00,0
BID-007696,AUC-1391,VND-0774,91903.47,0.9394,0.903,79.0,4.76,0.0058,6.3,20,0.4445,0,2026-06-21 00:00:00,1
BID-007697,AUC-1391,VND-0213,88897.81,0.9086,0.529,50.0,3.82,0.0283,15.0,68,0.3192,0,2026-06-21 00:00:00,0
BID-007698,AUC-1391,VND-0213,84520.78,0.8639,0.529,50.0,3.82,0.0283,15.0,68,0.3429,0,2026-06-21 00:00:00,0
BID-007699,AUC-1391,VND-0471,80595.05,0.8238,0.637,59.5,4.09,0.0218,12.2,189,0.4076,0,2026-06-21 00:00:00,0
BID-007700,AUC-1392,VND-0732,395457.83,0.9837,0.553,50.6,3.88,0.0268,14.8,263,0.3637,0,2026-01-28 00:00:00,0
BID-007701,AUC-1392,VND-0579,384117.6,0.9555,0.579,58.1,3.95,0.0252,12.6,300,0.3984,0,2026-01-28 00:00:00,0
BID-007702,AUC-1392,VND-0109,378499.78,0.9415,0.663,70.2,4.16,0.0202,8.9,184,0.4566,0,2026-01-28 00:00:00,0
BID-007703,AUC-1392,VND-0556,370047.82,0.9205,0.908,74.0,4.77,0.0055,7.8,44,0.5589,0,2026-01-28 00:00:00,1
BID-007704,AUC-1392,VND-0109,354009.4,0.8806,0.663,70.2,4.16,0.0202,8.9,184,0.4804,0,2026-01-28 00:00:00,0
BID-007705,AUC-1392,VND-0579,340897.92,0.848,0.579,58.1,3.95,0.0252,12.6,300,0.4403,0,2026-01-28 00:00:00,0
BID-007706,AUC-1393,VND-0430,272312.08,0.9697,0.782,63.4,4.46,0.0131,11.0,100,0.4787,0,2026-01-21 00:00:00,0
BID-007707,AUC-1393,VND-0430,264051.37,0.9403,0.782,63.4,4.46,0.0131,11.0,100,0.4922,0,2026-01-21 00:00:00,0
BID-007708,AUC-1393,VND-0015,252248.44,0.8982,0.796,63.2,4.49,0.0122,11.0,201,0.5161,0,2026-01-21 00:00:00,0
BID-007709,AUC-1393,VND-0015,245487.17,0.8742,0.796,63.2,4.49,0.0122,11.0,201,0.5272,0,2026-01-21 00:00:00,0
BID-007710,AUC-1393,VND-0627,242689.27,0.8642,0.559,50.0,3.9,0.0265,15.0,106,0.4188,0,2026-01-21 00:00:00,0
BID-007711,AUC-1393,VND-0015,236932.46,0.8437,0.796,63.2,4.49,0.0122,11.0,201,0.5412,0,2026-01-21 00:00:00,0
BID-007712,AUC-1393,VND-0015,230068.22,0.8193,0.796,63.2,4.49,0.0122,11.0,201,0.5524,0,2026-01-21 00:00:00,1
BID-007713,AUC-1394,VND-0355,195490.96,0.9568,0.627,62.6,4.07,0.0224,11.2,252,0.5643,0,2026-03-24 00:00:00,0
BID-007714,AUC-1394,VND-0660,186374.78,0.9122,0.541,50.0,3.85,0.0276,15.0,294,0.511,0,2026-03-24 00:00:00,0
BID-007715,AUC-1394,VND-0720,182469.81,0.8931,0.601,57.9,4.0,0.0239,12.6,45,0.5568,0,2026-03-24 00:00:00,0
BID-007716,AUC-1394,VND-0720,180272.43,0.8823,0.601,57.9,4.0,0.0239,12.6,45,0.559,0,2026-03-24 00:00:00,0
BID-007717,AUC-1394,VND-0720,177022.01,0.8664,0.601,57.9,4.0,0.0239,12.6,45,0.5621,0,2026-03-24 00:00:00,0
BID-007718,AUC-1394,VND-0720,172450.5,0.8441,0.601,57.9,4.0,0.0239,12.6,45,0.5666,0,2026-03-24 00:00:00,0
BID-007719,AUC-1394,VND-0720,166188.11,0.8134,0.601,57.9,4.0,0.0239,12.6,45,0.5727,0,2026-03-24 00:00:00,1
BID-007720,AUC-1395,VND-0656,72249.76,0.9693,0.54,61.3,3.85,0.0276,11.6,117,0.3503,0,2026-01-30 00:00:00,0
BID-007721,AUC-1395,VND-0195,69384.57,0.9308,0.875,82.4,4.69,0.0075,5.3,65,0.5121,0,2026-01-30 00:00:00,0
BID-007722,AUC-1395,VND-0712,66972.71,0.8985,0.521,50.0,3.8,0.0288,15.0,75,0.3479,0,2026-01-30 00:00:00,0
BID-007723,AUC-1395,VND-0652,64607.2,0.8667,0.526,51.0,3.81,0.0284,14.7,115,0.3657,0,2026-01-30 00:00:00,0
BID-007724,AUC-1395,VND-0712,62036.91,0.8323,0.521,50.0,3.8,0.0288,15.0,75,0.377,0,2026-01-30 00:00:00,0
BID-007725,AUC-1395,VND-0656,60539.13,0.8122,0.54,61.3,3.85,0.0276,11.6,117,0.4194,0,2026-01-30 00:00:00,0
BID-007726,AUC-1395,VND-0195,57974.34,0.7778,0.875,82.4,4.69,0.0075,5.3,65,0.5794,0,2026-01-30 00:00:00,1
BID-007727,AUC-1395,VND-0293,56756.7,0.7614,0.817,72.6,4.54,0.011,8.2,40,0.5461,0,2026-01-30 00:00:00,0
BID-007728,AUC-1396,VND-0222,425259.68,0.9799,0.687,60.3,4.22,0.0188,11.9,29,0.4762,0,2026-01-25 00:00:00,0
BID-007729,AUC-1396,VND-0644,414806.04,0.9558,0.544,50.0,3.86,0.0274,15.0,196,0.4034,0,2026-01-25 00:00:00,0
BID-007730,AUC-1396,VND-0303,402442.25,0.9273,0.56,52.6,3.9,0.0264,14.2,246,0.4272,0,2026-01-25 00:00:00,0
BID-007731,AUC-1396,VND-0546,387995.32,0.894,0.971,91.1,4.93,0.0017,2.7,247,0.6955,0,2026-01-25 00:00:00,0
BID-007732,AUC-1396,VND-0546,372863.89,0.8591,0.971,91.1,4.93,0.0017,2.7,247,0.7101,0,2026-01-25 00:00:00,0
BID-007733,AUC-1396,VND-0030,356730.07,0.822,0.523,50.0,3.81,0.0286,15.0,73,0.4502,0,2026-01-25 00:00:00,0
BID-007734,AUC-1396,VND-0546,344442.27,0.7937,0.971,91.1,4.93,0.0017,2.7,247,0.7376,0,2026-01-25 00:00:00,1
BID-007735,AUC-1396,VND-0754,328894.22,0.7578,0.79,70.0,4.48,0.0126,9.0,58,0.6333,0,2026-01-25 00:00:00,0
BID-007736,AUC-1397,VND-0290,84364.97,0.969,0.746,61.5,4.37,0.0152,11.5,198,0.5618,0,2026-03-24 00:00:00,0
BID-007737,AUC-1397,VND-0455,82746.61,0.9504,0.63,51.8,4.07,0.0222,14.5,253,0.5072,0,2026-03-24 00:00:00,0
BID-007738,AUC-1397,VND-0048,81261.4,0.9334,0.885,83.3,4.71,0.0069,5.0,51,0.6644,0,2026-03-24 00:00:00,1
BID-007739,AUC-1398,VND-0622,156289.58,0.966,0.885,90.7,4.71,0.0069,2.8,57,0.493,0,2026-02-06 00:00:00,0
BID-007740,AUC-1398,VND-0153,148625.02,0.9186,0.863,93.2,4.66,0.0082,2.0,93,0.515,0,2026-02-06 00:00:00,0
BID-007741,AUC-1398,VND-0319,142997.32,0.8838,0.766,68.6,4.42,0.014,9.4,183,0.4481,0,2026-02-06 00:00:00,0
BID-007742,AUC-1398,VND-0153,136926.1,0.8463,0.863,93.2,4.66,0.0082,2.0,93,0.549,0,2026-02-06 00:00:00,1
BID-007743,AUC-1399,VND-0351,150069.5,0.9865,0.766,55.9,4.42,0.014,13.2,276,0.4786,0,2026-05-19 00:00:00,0
BID-007744,AUC-1399,VND-0354,144236.54,0.9482,0.661,69.4,4.15,0.0203,9.2,53,0.4892,0,2026-05-19 00:00:00,0
BID-007745,AUC-1399,VND-0159,141533.99,0.9304,0.704,61.2,4.26,0.0177,11.6,139,0.4904,0,2026-05-19 00:00:00,1
BID-007746,AUC-1400,VND-0696,426313.4,0.9756,0.618,50.0,4.05,0.0229,15.0,229,0.3941,0,2026-04-10 00:00:00,0
BID-007747,AUC-1400,VND-0303,407225.66,0.9319,0.56,52.6,3.9,0.0264,14.2,246,0.4026,0,2026-04-10 00:00:00,0
BID-007748,AUC-1400,VND-0659,392864.6,0.899,0.763,77.8,4.41,0.0142,6.7,216,0.5507,0,2026-04-10 00:00:00,1
BID-007749,AUC-1400,VND-0696,385699.14,0.8826,0.618,50.0,4.05,0.0229,15.0,229,0.4369,0,2026-04-10 00:00:00,0
BID-007750,AUC-1401,VND-0621,324493.94,0.9554,0.934,90.2,4.84,0.0039,2.9,258,0.6263,0,2026-06-30 00:00:00,0
BID-007751,AUC-1401,VND-0248,320764.3,0.9445,0.732,68.7,4.33,0.0161,9.4,61,0.5077,0,2026-06-30 00:00:00,0
BID-007752,AUC-1401,VND-0475,306640.86,0.9029,0.937,83.0,4.84,0.0038,5.1,245,0.638,0,2026-06-30 00:00:00,0
BID-007753,AUC-1401,VND-0475,292493.33,0.8612,0.937,83.0,4.84,0.0038,5.1,245,0.6597,0,2026-06-30 00:00:00,0
BID-007754,AUC-1401,VND-0475,279948.45,0.8243,0.937,83.0,4.84,0.0038,5.1,245,0.6789,0,2026-06-30 00:00:00,0
BID-007755,AUC-1401,VND-0428,270213.73,0.7956,0.603,50.0,4.01,0.0238,15.0,165,0.4944,0,2026-06-30 00:00:00,0
BID-007756,AUC-1401,VND-0267,266306.88,0.7841,0.998,92.4,5.0,0.001,2.3,173,0.7441,0,2026-06-30 00:00:00,1
BID-007757,AUC-1401,VND-0428,262081.8,0.7717,0.603,50.0,4.01,0.0238,15.0,165,0.5069,0,2026-06-30 00:00:00,0
BID-007758,AUC-1402,VND-0662,382323.01,0.9549,0.936,75.8,4.84,0.0038,7.3,164,0.6173,0,2026-01-06 00:00:00,0
BID-007759,AUC-1402,VND-0662,375761.75,0.9385,0.936,75.8,4.84,0.0038,7.3,164,0.623,0,2026-01-06 00:00:00,1
BID-007760,AUC-1402,VND-0276,365447.68,0.9128,0.76,77.6,4.4,0.0144,6.7,61,0.5669,0,2026-01-06 00:00:00,0
BID-007761,AUC-1403,VND-0669,128259.48,0.9663,0.6,54.9,4.0,0.024,13.5,142,0.2934,0,2026-01-17 00:00:00,0
BID-007762,AUC-1403,VND-0581,124535.97,0.9383,0.913,77.0,4.78,0.0052,6.9,210,0.4274,0,2026-01-17 00:00:00,0
BID-007763,AUC-1403,VND-0413,120952.66,0.9113,0.769,81.8,4.42,0.0139,5.5,197,0.4086,0,2026-01-17 00:00:00,0
BID-007764,AUC-1403,VND-0336,118793.36,0.895,0.587,59.2,3.97,0.0248,12.2,264,0.335,0,2026-01-17 00:00:00,0
BID-007765,AUC-1403,VND-0154,113504.48,0.8552,0.758,66.9,4.4,0.0145,9.9,126,0.4156,0,2026-01-17 00:00:00,0
BID-007766,AUC-1403,VND-0511,110430.25,0.832,0.849,68.8,4.62,0.0091,9.4,265,0.4564,0,2026-01-17 00:00:00,1
BID-007767,AUC-1403,VND-0669,108214.53,0.8153,0.6,54.9,4.0,0.024,13.5,142,0.3764,0,2026-01-17 00:00:00,0
BID-007768,AUC-1404,VND-0678,310365.72,0.9816,0.743,75.4,4.36,0.0154,7.4,120,0.4407,0,2026-04-29 00:00:00,0
BID-007769,AUC-1404,VND-0398,306977.44,0.9709,0.509,58.5,3.77,0.0295,12.4,206,0.328,0,2026-04-29 00:00:00,0
BID-007770,AUC-1404,VND-0398,295696.86,0.9352,0.509,58.5,3.77,0.0295,12.4,206,0.3433,0,2026-04-29 00:00:00,0
BID-007771,AUC-1404,VND-0479,284622.91,0.9002,0.759,64.2,4.4,0.0144,10.7,254,0.4664,0,2026-04-29 00:00:00,0
BID-007772,AUC-1404,VND-0287,281415.73,0.89,0.698,66.4,4.25,0.0181,10.1,223,0.4495,0,2026-04-29 00:00:00,0
BID-007773,AUC-1404,VND-0287,278275.21,0.8801,0.698,66.4,4.25,0.0181,10.1,223,0.4538,0,2026-04-29 00:00:00,0
BID-007774,AUC-1404,VND-0287,265911.81,0.841,0.698,66.4,4.25,0.0181,10.1,223,0.4706,0,2026-04-29 00:00:00,1
BID-007775,AUC-1405,VND-0046,276642.38,0.9534,0.56,51.0,3.9,0.0264,14.7,298,0.437,0,2026-02-24 00:00:00,0
BID-007776,AUC-1405,VND-0035,266349.07,0.918,0.537,59.1,3.84,0.0278,12.3,93,0.4632,0,2026-02-24 00:00:00,0
BID-007777,AUC-1405,VND-0259,253655.51,0.8742,0.688,71.3,4.22,0.0187,8.6,248,0.5796,0,2026-02-24 00:00:00,0
BID-007778,AUC-1405,VND-0035,249268.96,0.8591,0.537,59.1,3.84,0.0278,12.3,93,0.4926,0,2026-02-24 00:00:00,0
BID-007779,AUC-1405,VND-0387,242796.68,0.8368,0.564,50.0,3.91,0.0262,15.0,244,0.4948,0,2026-02-24 00:00:00,0
BID-007780,AUC-1405,VND-0259,231990.33,0.7995,0.688,71.3,4.22,0.0187,8.6,248,0.6169,0,2026-02-24 00:00:00,0
BID-007781,AUC-1405,VND-0035,228651.64,0.788,0.537,59.1,3.84,0.0278,12.3,93,0.5281,0,2026-02-24 00:00:00,0
BID-007782,AUC-1405,VND-0330,221865.4,0.7646,0.823,73.4,4.56,0.0106,8.0,229,0.6987,0,2026-02-24 00:00:00,1
BID-007783,AUC-1406,VND-0294,402201.54,0.962,0.538,50.0,3.84,0.0277,15.0,120,0.457,0,2026-06-29 00:00:00,0
BID-007784,AUC-1406,VND-0453,383551.83,0.9174,0.711,72.9,4.28,0.0174,8.1,225,0.5593,0,2026-06-29 00:00:00,0
BID-007785,AUC-1406,VND-0453,372072.44,0.8899,0.711,72.9,4.28,0.0174,8.1,225,0.5687,0,2026-06-29 00:00:00,0
BID-007786,AUC-1406,VND-0402,361715.52,0.8652,0.788,78.1,4.47,0.0127,6.6,24,0.6084,0,2026-06-29 00:00:00,0
BID-007787,AUC-1406,VND-0482,344835.46,0.8248,0.623,51.1,4.06,0.0226,14.7,159,0.5326,0,2026-06-29 00:00:00,0
BID-007788,AUC-1406,VND-0402,330648.91,0.7909,0.788,78.1,4.47,0.0127,6.6,24,0.6337,0,2026-06-29 00:00:00,1
BID-007789,AUC-1406,VND-0294,320871.24,0.7675,0.538,50.0,3.84,0.0277,15.0,120,0.5231,0,2026-06-29 00:00:00,0
BID-007790,AUC-1406,VND-0294,307927.37,0.7365,0.538,50.0,3.84,0.0277,15.0,120,0.5336,0,2026-06-29 00:00:00,0
BID-007791,AUC-1407,VND-0556,448701.4,0.9884,0.908,74.0,4.77,0.0055,7.8,44,0.6492,0,2026-04-07 00:00:00,0
BID-007792,AUC-1407,VND-0718,426883.42,0.9403,0.57,50.0,3.92,0.0258,15.0,278,0.4985,0,2026-04-07 00:00:00,0
BID-007793,AUC-1407,VND-0032,419114.4,0.9232,0.914,75.0,4.79,0.0051,7.5,16,0.672,0,2026-04-07 00:00:00,0
BID-007794,AUC-1407,VND-0032,403511.1,0.8888,0.914,75.0,4.79,0.0051,7.5,16,0.6819,0,2026-04-07 00:00:00,0
BID-007795,AUC-1407,VND-0556,392352.13,0.8642,0.908,74.0,4.77,0.0055,7.8,44,0.6852,0,2026-04-07 00:00:00,0
BID-007796,AUC-1407,VND-0556,380388.68,0.8379,0.908,74.0,4.77,0.0055,7.8,44,0.6928,0,2026-04-07 00:00:00,1
BID-007797,AUC-1408,VND-0239,15661.26,0.9815,0.537,54.1,3.84,0.0278,13.8,92,0.438,0,2026-05-04 00:00:00,0
BID-007798,AUC-1408,VND-0218,15091.23,0.9458,0.542,55.5,3.86,0.0275,13.4,292,0.4533,0,2026-05-04 00:00:00,0
BID-007799,AUC-1408,VND-0751,14416.36,0.9035,0.76,70.6,4.4,0.0144,8.8,126,0.5904,0,2026-05-04 00:00:00,1
BID-007800,AUC-1408,VND-0218,13914.56,0.872,0.542,55.5,3.86,0.0275,13.4,292,0.4725,0,2026-05-04 00:00:00,0
BID-007801,AUC-1408,VND-0239,13672.62,0.8569,0.537,54.1,3.84,0.0278,13.8,92,0.4704,0,2026-05-04 00:00:00,0
BID-007802,AUC-1409,VND-0019,326089.21,0.9583,0.652,54.4,4.13,0.0209,13.7,127,0.4275,0,2026-02-08 00:00:00,0
BID-007803,AUC-1409,VND-0096,312346.66,0.9179,0.547,59.8,3.87,0.0272,12.1,142,0.413,0,2026-02-08 00:00:00,0
BID-007804,AUC-1409,VND-0140,306153.39,0.8997,0.851,82.2,4.63,0.0089,5.3,214,0.5839,0,2026-02-08 00:00:00,0
BID-007805,AUC-1409,VND-0460,297850.23,0.8753,0.882,68.8,4.7,0.0071,9.4,280,0.5896,0,2026-02-08 00:00:00,0
BID-007806,AUC-1409,VND-0140,285982.54,0.8405,0.851,82.2,4.63,0.0089,5.3,214,0.6153,0,2026-02-08 00:00:00,0
BID-007807,AUC-1409,VND-0140,272276.36,0.8002,0.851,82.2,4.63,0.0089,5.3,214,0.6367,0,2026-02-08 00:00:00,1
BID-007808,AUC-1410,VND-0544,34740.24,0.9814,0.807,68.1,4.52,0.0116,9.6,75,0.5977,0,2026-01-05 00:00:00,0
BID-007809,AUC-1410,VND-0523,33009.0,0.9325,0.943,87.6,4.86,0.0034,3.7,117,0.6899,0,2026-01-05 00:00:00,0
BID-007810,AUC-1410,VND-0327,32634.45,0.9219,0.793,79.7,4.48,0.0124,6.1,173,0.6296,0,2026-01-05 00:00:00,0
BID-007811,AUC-1410,VND-0327,31149.63,0.8799,0.793,79.7,4.48,0.0124,6.1,173,0.6418,0,2026-01-05 00:00:00,0
BID-007812,AUC-1410,VND-0648,30831.8,0.871,0.9,75.1,4.75,0.006,7.5,101,0.6721,0,2026-01-05 00:00:00,0
BID-007813,AUC-1410,VND-0327,29506.22,0.8335,0.793,79.7,4.48,0.0124,6.1,173,0.6552,0,2026-01-05 00:00:00,0
BID-007814,AUC-1410,VND-0523,28711.53,0.8111,0.943,87.6,4.86,0.0034,3.7,117,0.7251,0,2026-01-05 00:00:00,1
BID-007815,AUC-1410,VND-0544,27527.19,0.7776,0.807,68.1,4.52,0.0116,9.6,75,0.6568,0,2026-01-05 00:00:00,0
BID-007816,AUC-1411,VND-0665,266121.38,0.954,0.829,77.2,4.57,0.0102,6.8,208,0.4815,0,2026-02-06 00:00:00,0
BID-007817,AUC-1411,VND-0177,259403.44,0.93,0.829,68.6,4.57,0.0102,9.4,203,0.4797,0,2026-02-06 00:00:00,0
BID-007818,AUC-1411,VND-0331,256588.08,0.9199,0.678,70.6,4.2,0.0193,8.8,181,0.4477,0,2026-02-06 00:00:00,0
BID-007819,AUC-1411,VND-0331,244679.78,0.8772,0.678,70.6,4.2,0.0193,8.8,181,0.4673,0,2026-02-06 00:00:00,0
BID-007820,AUC-1411,VND-0125,233916.94,0.8386,0.982,94.8,4.95,0.0011,1.6,280,0.6014,0,2026-02-06 00:00:00,1
BID-007821,AUC-1411,VND-0177,228278.38,0.8184,0.829,68.6,4.57,0.0102,9.4,203,0.531,0,2026-02-06 00:00:00,0
BID-007822,AUC-1411,VND-0665,217061.04,0.7782,0.829,77.2,4.57,0.0102,6.8,208,0.5624,0,2026-02-06 00:00:00,0
BID-007823,AUC-1411,VND-0665,211068.7,0.7567,0.829,77.2,4.57,0.0102,6.8,208,0.5723,0,2026-02-06 00:00:00,0
BID-007824,AUC-1412,VND-0728,148171.92,0.9817,0.515,57.3,3.79,0.0291,12.8,249,0.3583,0,2026-04-17 00:00:00,0
BID-007825,AUC-1412,VND-0718,146537.55,0.9708,0.57,50.0,3.92,0.0258,15.0,278,0.3698,0,2026-04-17 00:00:00,0
BID-007826,AUC-1412,VND-0718,139993.87,0.9275,0.57,50.0,3.92,0.0258,15.0,278,0.3906,0,2026-04-17 00:00:00,0
BID-007827,AUC-1412,VND-0721,137389.98,0.9102,0.985,78.2,4.96,0.001,6.5,82,0.6061,0,2026-04-17 00:00:00,1
BID-007828,AUC-1413,VND-0018,154229.74,0.962,0.983,93.5,4.96,0.001,2.0,209,0.5816,0,2026-03-16 00:00:00,0
BID-007829,AUC-1413,VND-0094,146929.86,0.9165,0.909,86.3,4.77,0.0055,4.1,226,0.559,0,2026-03-16 00:00:00,0
BID-007830,AUC-1413,VND-0018,140713.27,0.8777,0.983,93.5,4.96,0.001,2.0,209,0.6162,0,2026-03-16 00:00:00,1
BID-007831,AUC-1413,VND-0304,137612.19,0.8584,0.603,50.0,4.01,0.0238,15.0,281,0.3929,0,2026-03-16 00:00:00,0
BID-007832,AUC-1413,VND-0012,131932.87,0.8229,0.646,60.9,4.12,0.0212,11.7,200,0.4515,0,2026-03-16 00:00:00,0
BID-007833,AUC-1413,VND-0304,127623.34,0.7961,0.603,50.0,4.01,0.0238,15.0,281,0.4184,0,2026-03-16 00:00:00,0
BID-007834,AUC-1413,VND-0304,121703.94,0.7591,0.603,50.0,4.01,0.0238,15.0,281,0.4336,0,2026-03-16 00:00:00,0
BID-007835,AUC-1414,VND-0276,177874.9,0.9723,0.76,77.6,4.4,0.0144,6.7,61,0.5884,0,2026-06-05 00:00:00,0
BID-007836,AUC-1414,VND-0662,171827.13,0.9392,0.936,75.8,4.84,0.0038,7.3,164,0.6384,0,2026-06-05 00:00:00,0
BID-007837,AUC-1414,VND-0529,166074.96,0.9078,0.884,81.5,4.71,0.007,5.6,163,0.6511,0,2026-06-05 00:00:00,0
BID-007838,AUC-1414,VND-0462,158162.01,0.8645,0.947,91.0,4.87,0.0032,2.7,170,0.7087,0,2026-06-05 00:00:00,1
BID-007839,AUC-1414,VND-0529,154866.57,0.8465,0.884,81.5,4.71,0.007,5.6,163,0.6689,0,2026-06-05 00:00:00,0
BID-007840,AUC-1414,VND-0215,151276.71,0.8269,0.675,57.7,4.19,0.0195,12.7,296,0.549,0,2026-06-05 00:00:00,0
BID-007841,AUC-1414,VND-0215,147782.72,0.8078,0.675,57.7,4.19,0.0195,12.7,296,0.5545,0,2026-06-05 00:00:00,0
BID-007842,AUC-1415,VND-0719,301671.22,0.9594,0.654,67.3,4.13,0.0208,9.8,84,0.5149,0,2026-04-13 00:00:00,0
BID-007843,AUC-1415,VND-0298,293386.24,0.9331,0.948,81.9,4.87,0.0031,5.4,104,0.6628,0,2026-04-13 00:00:00,1
BID-007844,AUC-1415,VND-0084,280454.34,0.8919,0.66,58.1,4.15,0.0204,12.6,37,0.5246,0,2026-04-13 00:00:00,0
BID-007845,AUC-1415,VND-0405,267911.59,0.852,0.725,57.4,4.31,0.0165,12.8,249,0.5618,0,2026-04-13 00:00:00,0
BID-007846,AUC-1416,VND-0138,167456.01,0.9641,0.756,68.1,4.39,0.0147,9.6,25,0.5007,0,2026-05-28 00:00:00,0
BID-007847,AUC-1416,VND-0727,160596.97,0.9246,0.934,84.1,4.84,0.0039,4.8,16,0.6198,0,2026-05-28 00:00:00,0
BID-007848,AUC-1416,VND-0377,156829.09,0.903,0.814,72.8,4.53,0.0112,8.2,80,0.5584,0,2026-05-28 00:00:00,0
BID-007849,AUC-1416,VND-0138,151548.66,0.8726,0.756,68.1,4.39,0.0147,9.6,25,0.5391,0,2026-05-28 00:00:00,0
BID-007850,AUC-1416,VND-0278,149708.03,0.862,0.938,84.2,4.85,0.0037,4.7,149,0.6478,0,2026-05-28 00:00:00,1
BID-007851,AUC-1417,VND-0750,354383.54,0.9603,0.69,71.8,4.22,0.0186,8.5,92,0.4596,0,2026-02-11 00:00:00,0
BID-007852,AUC-1417,VND-0309,345344.19,0.9358,0.531,50.0,3.83,0.0282,15.0,181,0.3719,0,2026-02-11 00:00:00,0
BID-007853,AUC-1417,VND-0715,341685.02,0.9259,0.82,80.1,4.55,0.0108,6.0,120,0.5367,0,2026-02-11 00:00:00,1
BID-007854,AUC-1417,VND-0750,331263.65,0.8977,0.69,71.8,4.22,0.0186,8.5,92,0.484,0,2026-02-11 00:00:00,0
BID-007855,AUC-1417,VND-0750,320196.74,0.8677,0.69,71.8,4.22,0.0186,8.5,92,0.4957,0,2026-02-11 00:00:00,0
BID-007856,AUC-1418,VND-0336,200685.85,0.9638,0.587,59.2,3.97,0.0248,12.2,264,0.5063,0,2026-02-25 00:00:00,0
BID-007857,AUC-1418,VND-0736,195410.05,0.9385,0.784,73.6,4.46,0.013,7.9,82,0.622,0,2026-02-25 00:00:00,0
BID-007858,AUC-1418,VND-0736,193134.92,0.9276,0.784,73.6,4.46,0.013,7.9,82,0.6247,0,2026-02-25 00:00:00,0
BID-007859,AUC-1418,VND-0736,190996.82,0.9173,0.784,73.6,4.46,0.013,7.9,82,0.6273,0,2026-02-25 00:00:00,0
BID-007860,AUC-1418,VND-0048,184536.09,0.8863,0.885,83.3,4.71,0.0069,5.0,51,0.6961,0,2026-02-25 00:00:00,1
BID-007861,AUC-1418,VND-0736,180131.8,0.8651,0.784,73.6,4.46,0.013,7.9,82,0.6403,0,2026-02-25 00:00:00,0
BID-007862,AUC-1418,VND-0736,173997.71,0.8356,0.784,73.6,4.46,0.013,7.9,82,0.6477,0,2026-02-25 00:00:00,0
BID-007863,AUC-1419,VND-0260,41902.88,0.9634,0.994,83.9,4.98,0.001,4.8,262,0.403,0,2026-02-18 00:00:00,0
BID-007864,AUC-1419,VND-0043,40748.64,0.9369,0.655,59.6,4.14,0.0207,12.1,117,0.3182,0,2026-02-18 00:00:00,0
BID-007865,AUC-1419,VND-0513,39852.13,0.9163,0.972,88.2,4.93,0.0017,3.5,209,0.4344,0,2026-02-18 00:00:00,0
BID-007866,AUC-1419,VND-0043,38453.19,0.8841,0.655,59.6,4.14,0.0207,12.1,117,0.3494,0,2026-02-18 00:00:00,0
BID-007867,AUC-1419,VND-0043,37651.04,0.8657,0.655,59.6,4.14,0.0207,12.1,117,0.3603,0,2026-02-18 00:00:00,0
BID-007868,AUC-1419,VND-0031,35958.43,0.8268,0.694,61.6,4.24,0.0183,11.5,189,0.3935,0,2026-02-18 00:00:00,0
BID-007869,AUC-1419,VND-0513,35190.54,0.8091,0.972,88.2,4.93,0.0017,3.5,209,0.4977,0,2026-02-18 00:00:00,1
BID-007870,AUC-1420,VND-0380,382496.45,0.9707,0.947,89.7,4.87,0.0032,3.1,124,0.4943,0,2026-05-04 00:00:00,0
BID-007871,AUC-1420,VND-0235,369251.44,0.9371,0.612,65.3,4.03,0.0233,10.4,248,0.3679,0,2026-05-04 00:00:00,0
BID-007872,AUC-1420,VND-0096,358270.49,0.9092,0.547,59.8,3.87,0.0272,12.1,142,0.3532,0,2026-05-04 00:00:00,0
BID-007873,AUC-1420,VND-0347,342160.27,0.8683,0.754,62.7,4.38,0.0148,11.2,200,0.4473,0,2026-05-04 00:00:00,0
BID-007874,AUC-1420,VND-0116,330528.94,0.8388,0.897,82.7,4.74,0.0062,5.2,276,0.5348,0,2026-05-04 00:00:00,1
BID-007875,AUC-1420,VND-0347,319986.14,0.8121,0.754,62.7,4.38,0.0148,11.2,200,0.4755,0,2026-05-04 00:00:00,0
BID-007876,AUC-1420,VND-0347,309500.95,0.7855,0.754,62.7,4.38,0.0148,11.2,200,0.4888,0,2026-05-04 00:00:00,0
BID-007877,AUC-1421,VND-0442,143792.13,0.9585,0.51,50.0,3.77,0.0294,15.0,124,0.3856,0,2026-01-15 00:00:00,0
BID-007878,AUC-1421,VND-0165,141678.89,0.9444,0.71,56.5,4.27,0.0174,13.0,282,0.4875,0,2026-01-15 00:00:00,0
BID-007879,AUC-1421,VND-0442,138199.18,0.9212,0.51,50.0,3.77,0.0294,15.0,124,0.4005,0,2026-01-15 00:00:00,0
BID-007880,AUC-1421,VND-0717,134918.29,0.8993,0.744,69.7,4.36,0.0153,9.1,164,0.5486,0,2026-01-15 00:00:00,0
BID-007881,AUC-1421,VND-0437,128549.45,0.8569,0.822,67.6,4.55,0.0107,9.7,93,0.5929,0,2026-01-15 00:00:00,0
BID-007882,AUC-1421,VND-0165,125048.15,0.8335,0.71,56.5,4.27,0.0174,13.0,282,0.5319,0,2026-01-15 00:00:00,0
BID-007883,AUC-1421,VND-0150,120676.14,0.8044,0.811,63.5,4.53,0.0113,11.0,291,0.6005,0,2026-01-15 00:00:00,0
BID-007884,AUC-1421,VND-0437,117656.32,0.7843,0.822,67.6,4.55,0.0107,9.7,93,0.6219,0,2026-01-15 00:00:00,1
BID-007885,AUC-1422,VND-0623,218524.86,0.9841,0.881,84.1,4.7,0.0072,4.8,184,0.5578,0,2026-03-12 00:00:00,0
BID-007886,AUC-1422,VND-0623,212866.81,0.9586,0.881,84.1,4.7,0.0072,4.8,184,0.5675,0,2026-03-12 00:00:00,1
BID-007887,AUC-1422,VND-0118,203881.53,0.9182,0.598,60.7,3.99,0.0241,11.8,186,0.4299,0,2026-03-12 00:00:00,0
BID-007888,AUC-1422,VND-0760,195179.58,0.879,0.622,70.1,4.05,0.0227,9.0,177,0.4748,0,2026-03-12 00:00:00,0
BID-007889,AUC-1423,VND-0267,329869.02,0.9537,0.998,92.4,5.0,0.001,2.3,173,0.7358,0,2026-01-09 00:00:00,1
BID-007890,AUC-1423,VND-0645,325832.98,0.9421,0.517,50.0,3.79,0.029,15.0,181,0.4929,0,2026-01-09 00:00:00,0
BID-007891,AUC-1423,VND-0206,310057.68,0.8965,0.66,69.8,4.15,0.0204,9.1,239,0.593,0,2026-01-09 00:00:00,0
BID-007892,AUC-1424,VND-0647,164786.52,0.9531,0.784,79.5,4.46,0.013,6.1,139,0.5285,0,2026-01-18 00:00:00,0
BID-007893,AUC-1424,VND-0183,156822.59,0.907,0.971,87.1,4.93,0.0018,3.9,166,0.6134,0,2026-01-18 00:00:00,0
BID-007894,AUC-1424,VND-0210,149031.0,0.8619,0.836,81.5,4.59,0.0098,5.6,241,0.5815,0,2026-01-18 00:00:00,0
BID-007895,AUC-1424,VND-0526,146260.87,0.8459,0.937,88.5,4.84,0.0038,3.4,34,0.6317,0,2026-01-18 00:00:00,1
BID-007896,AUC-1424,VND-0647,140151.07,0.8106,0.784,79.5,4.46,0.013,6.1,139,0.5826,0,2026-01-18 00:00:00,0
BID-007897,AUC-1425,VND-0399,36204.87,0.9597,0.966,92.8,4.92,0.002,2.2,186,0.4242,0,2026-05-23 00:00:00,0
BID-007898,AUC-1425,VND-0312,34411.26,0.9121,0.685,66.4,4.21,0.0189,10.1,297,0.3551,0,2026-05-23 00:00:00,0
BID-007899,AUC-1425,VND-0569,34025.9,0.9019,0.926,80.6,4.81,0.0045,5.8,192,0.4277,0,2026-05-23 00:00:00,0
BID-007900,AUC-1425,VND-0025,32652.43,0.8655,0.773,62.6,4.43,0.0136,11.2,219,0.3894,0,2026-05-23 00:00:00,0
BID-007901,AUC-1425,VND-0387,31942.31,0.8467,0.564,50.0,3.91,0.0262,15.0,244,0.342,0,2026-05-23 00:00:00,0
BID-007902,AUC-1425,VND-0569,31017.7,0.8222,0.926,80.6,4.81,0.0045,5.8,192,0.4739,0,2026-05-23 00:00:00,0
BID-007903,AUC-1425,VND-0399,29577.59,0.784,0.966,92.8,4.92,0.002,2.2,186,0.5261,0,2026-05-23 00:00:00,1
BID-007904,AUC-1426,VND-0615,189565.04,0.9811,0.992,82.3,4.98,0.001,5.3,64,0.5874,0,2026-03-11 00:00:00,0
BID-007905,AUC-1426,VND-0459,184759.83,0.9562,0.647,64.8,4.12,0.0212,10.6,180,0.4301,0,2026-03-11 00:00:00,0
BID-007906,AUC-1426,VND-0384,177159.28,0.9169,0.881,92.9,4.7,0.0071,2.1,82,0.5855,0,2026-03-11 00:00:00,0
BID-007907,AUC-1426,VND-0615,169220.13,0.8758,0.992,82.3,4.98,0.001,5.3,64,0.6453,0,2026-03-11 00:00:00,0
BID-007908,AUC-1426,VND-0528,167283.94,0.8658,0.999,90.1,5.0,0.001,3.0,218,0.6626,0,2026-03-11 00:00:00,1
BID-007909,AUC-1426,VND-0459,159031.32,0.8231,0.647,64.8,4.12,0.0212,10.6,180,0.5033,0,2026-03-11 00:00:00,0
BID-007910,AUC-1427,VND-0029,456757.92,0.9661,0.544,50.0,3.86,0.0273,15.0,298,0.2649,0,2026-01-13 00:00:00,0
BID-007911,AUC-1427,VND-0621,450216.66,0.9523,0.934,90.2,4.84,0.0039,2.9,258,0.4359,0,2026-01-13 00:00:00,1
BID-007912,AUC-1427,VND-0029,442595.18,0.9362,0.544,50.0,3.86,0.0273,15.0,298,0.2817,0,2026-01-13 00:00:00,0
BID-007913,AUC-1427,VND-0640,430983.3,0.9116,0.571,50.0,3.93,0.0257,15.0,214,0.3037,0,2026-01-13 00:00:00,0
BID-007914,AUC-1427,VND-0366,426104.95,0.9013,0.582,63.5,3.96,0.0251,11.0,190,0.3277,0,2026-01-13 00:00:00,0
BID-007915,AUC-1427,VND-0029,410152.05,0.8675,0.544,50.0,3.86,0.0273,15.0,298,0.3201,0,2026-01-13 00:00:00,0
BID-007916,AUC-1427,VND-0029,394441.34,0.8343,0.544,50.0,3.86,0.0273,15.0,298,0.3387,0,2026-01-13 00:00:00,0
BID-007917,AUC-1428,VND-0587,314153.85,0.9683,0.816,64.1,4.54,0.011,10.8,245,0.4957,0,2026-04-03 00:00:00,0
BID-007918,AUC-1428,VND-0638,304493.49,0.9385,0.74,57.0,4.35,0.0156,12.9,141,0.474,0,2026-04-03 00:00:00,0
BID-007919,AUC-1428,VND-0231,294632.8,0.9081,0.559,53.8,3.9,0.0265,13.9,274,0.4323,0,2026-04-03 00:00:00,0
BID-007920,AUC-1428,VND-0587,285461.31,0.8798,0.816,64.1,4.54,0.011,10.8,245,0.5311,0,2026-04-03 00:00:00,0
BID-007921,AUC-1428,VND-0060,271729.58,0.8375,0.946,89.7,4.87,0.0032,3.1,45,0.6314,0,2026-04-03 00:00:00,1
BID-007922,AUC-1428,VND-0638,263363.21,0.8117,0.74,57.0,4.35,0.0156,12.9,141,0.5247,0,2026-04-03 00:00:00,0
BID-007923,AUC-1428,VND-0003,252587.18,0.7785,0.578,50.0,3.95,0.0253,15.0,231,0.4821,0,2026-04-03 00:00:00,0
BID-007924,AUC-1428,VND-0003,245977.67,0.7581,0.578,50.0,3.95,0.0253,15.0,231,0.4902,0,2026-04-03 00:00:00,0
BID-007925,AUC-1429,VND-0192,326150.52,0.962,0.814,78.9,4.54,0.0111,6.3,228,0.6025,0,2026-03-23 00:00:00,1
BID-007926,AUC-1429,VND-0707,319054.19,0.9411,0.635,51.2,4.09,0.0219,14.6,152,0.4679,0,2026-03-23 00:00:00,0
BID-007927,AUC-1429,VND-0019,310312.56,0.9153,0.652,54.4,4.13,0.0209,13.7,127,0.491,0,2026-03-23 00:00:00,0
BID-007928,AUC-1429,VND-0410,303757.59,0.896,0.527,50.0,3.82,0.0284,15.0,284,0.4315,0,2026-03-23 00:00:00,0
BID-007929,AUC-1429,VND-0019,296990.43,0.876,0.652,54.4,4.13,0.0209,13.7,127,0.504,0,2026-03-23 00:00:00,0
BID-007930,AUC-1430,VND-0353,306876.81,0.9595,0.532,55.0,3.83,0.0281,13.5,103,0.3838,0,2026-06-30 00:00:00,0
BID-007931,AUC-1430,VND-0417,298818.65,0.9343,0.57,50.0,3.93,0.0258,15.0,260,0.398,0,2026-06-30 00:00:00,0
BID-007932,AUC-1430,VND-0417,288731.93,0.9028,0.57,50.0,3.93,0.0258,15.0,260,0.4106,0,2026-06-30 00:00:00,0
BID-007933,AUC-1430,VND-0482,279858.81,0.8751,0.623,51.1,4.06,0.0226,14.7,159,0.4441,0,2026-06-30 00:00:00,1
BID-007934,AUC-1431,VND-0421,105093.28,0.9776,0.507,50.6,3.77,0.0296,14.8,144,0.4574,0,2026-05-10 00:00:00,0
BID-007935,AUC-1431,VND-0541,102168.06,0.9503,0.893,70.6,4.73,0.0064,8.8,148,0.6472,0,2026-05-10 00:00:00,0
BID-007936,AUC-1431,VND-0494,99896.02,0.9292,0.844,72.9,4.61,0.0093,8.1,216,0.6407,0,2026-05-10 00:00:00,0
BID-007937,AUC-1431,VND-0724,97362.57,0.9056,0.846,86.1,4.62,0.0092,4.2,207,0.6782,0,2026-05-10 00:00:00,1
BID-007938,AUC-1431,VND-0376,92561.59,0.861,0.558,63.7,3.9,0.0265,10.9,173,0.5361,0,2026-05-10 00:00:00,0
BID-007939,AUC-1431,VND-0738,90712.87,0.8438,0.664,61.8,4.16,0.0202,11.5,205,0.5735,0,2026-05-10 00:00:00,0
BID-007940,AUC-1431,VND-0738,88607.31,0.8242,0.664,61.8,4.16,0.0202,11.5,205,0.5786,0,2026-05-10 00:00:00,0
BID-007941,AUC-1432,VND-0250,207445.36,0.9649,0.987,100.0,4.97,0.001,0.1,29,0.7169,0,2026-05-04 00:00:00,1
BID-007942,AUC-1432,VND-0234,198783.06,0.9246,0.643,66.6,4.11,0.0214,10.0,191,0.5439,0,2026-05-04 00:00:00,0
BID-007943,AUC-1432,VND-0234,196706.89,0.915,0.643,66.6,4.11,0.0214,10.0,191,0.5467,0,2026-05-04 00:00:00,0
BID-007944,AUC-1433,VND-0697,359686.31,0.9517,0.585,53.6,3.96,0.0249,13.9,110,0.5507,0,2026-06-25 00:00:00,0
BID-007945,AUC-1433,VND-0697,346575.19,0.917,0.585,53.6,3.96,0.0249,13.9,110,0.5583,0,2026-06-25 00:00:00,0
BID-007946,AUC-1433,VND-0348,331467.53,0.877,0.557,50.0,3.89,0.0266,15.0,238,0.5502,0,2026-06-25 00:00:00,0
BID-007947,AUC-1433,VND-0348,324931.08,0.8597,0.557,50.0,3.89,0.0266,15.0,238,0.554,0,2026-06-25 00:00:00,0
BID-007948,AUC-1433,VND-0348,318220.74,0.8419,0.557,50.0,3.89,0.0266,15.0,238,0.5579,0,2026-06-25 00:00:00,0
BID-007949,AUC-1433,VND-0373,313289.96,0.8289,0.616,67.7,4.04,0.023,9.7,91,0.6118,0,2026-06-25 00:00:00,0
BID-007950,AUC-1433,VND-0493,307317.95,0.8131,0.864,79.0,4.66,0.0082,6.3,278,0.7339,0,2026-06-25 00:00:00,0
BID-007951,AUC-1433,VND-0254,301412.48,0.7975,0.955,93.5,4.89,0.0027,2.0,138,0.7966,0,2026-06-25 00:00:00,1
BID-007952,AUC-1434,VND-0709,57901.78,0.9703,0.52,50.0,3.8,0.0288,15.0,240,0.4082,0,2026-03-02 00:00:00,0
BID-007953,AUC-1434,VND-0340,55685.66,0.9332,0.985,93.7,4.96,0.001,1.9,235,0.7415,0,2026-03-02 00:00:00,0
BID-007954,AUC-1434,VND-0166,52982.32,0.8879,0.678,68.5,4.19,0.0193,9.4,290,0.5498,0,2026-03-02 00:00:00,0
BID-007955,AUC-1434,VND-0039,51389.79,0.8612,0.886,72.7,4.71,0.0069,8.2,55,0.6554,0,2026-03-02 00:00:00,0
BID-007956,AUC-1434,VND-0562,48967.8,0.8206,0.931,94.7,4.83,0.0041,1.6,230,0.7503,0,2026-03-02 00:00:00,1
BID-007957,AUC-1434,VND-0698,47835.95,0.8016,0.669,69.8,4.17,0.0199,9.1,103,0.5716,0,2026-03-02 00:00:00,0
BID-007958,AUC-1434,VND-0709,46044.04,0.7716,0.52,50.0,3.8,0.0288,15.0,240,0.4579,0,2026-03-02 00:00:00,0
BID-007959,AUC-1435,VND-0349,139859.56,0.957,0.644,56.7,4.11,0.0213,13.0,173,0.4973,0,2026-04-26 00:00:00,0
BID-007960,AUC-1435,VND-0542,135650.26,0.9282,0.709,70.0,4.27,0.0175,9.0,75,0.5548,0,2026-04-26 00:00:00,0
BID-007961,AUC-1435,VND-0295,130620.34,0.8938,0.564,50.0,3.91,0.0262,15.0,125,0.4696,0,2026-04-26 00:00:00,0
BID-007962,AUC-1435,VND-0551,124681.33,0.8531,0.529,52.5,3.82,0.0283,14.2,295,0.4693,0,2026-04-26 00:00:00,0
BID-007963,AUC-1435,VND-0349,123099.85,0.8423,0.644,56.7,4.11,0.0213,13.0,173,0.5306,0,2026-04-26 00:00:00,0
BID-007964,AUC-1435,VND-0538,121220.05,0.8294,0.994,91.7,4.98,0.001,2.5,259,0.7441,0,2026-04-26 00:00:00,1
BID-007965,AUC-1435,VND-0542,116918.18,0.8,0.709,70.0,4.27,0.0175,9.0,75,0.5919,0,2026-04-26 00:00:00,0
BID-007966,AUC-1435,VND-0542,112701.37,0.7711,0.709,70.0,4.27,0.0175,9.0,75,0.6003,0,2026-04-26 00:00:00,0
BID-007967,AUC-1436,VND-0216,142979.24,0.9834,0.571,55.8,3.93,0.0257,13.3,180,0.4843,0,2026-06-10 00:00:00,0
BID-007968,AUC-1436,VND-0472,139446.82,0.9591,0.826,86.3,4.56,0.0105,4.1,178,0.6416,0,2026-06-10 00:00:00,0
BID-007969,AUC-1436,VND-0472,136627.99,0.9397,0.826,86.3,4.56,0.0105,4.1,178,0.647,0,2026-06-10 00:00:00,1
BID-007970,AUC-1436,VND-0457,133320.87,0.9169,0.812,74.2,4.53,0.0113,7.7,81,0.6256,0,2026-06-10 00:00:00,0
BID-007971,AUC-1436,VND-0788,127723.34,0.8784,0.608,50.0,4.02,0.0235,15.0,253,0.516,0,2026-06-10 00:00:00,0
BID-007972,AUC-1436,VND-0216,126229.94,0.8682,0.571,55.8,3.93,0.0257,13.3,180,0.5165,0,2026-06-10 00:00:00,0
BID-007973,AUC-1437,VND-0380,213128.88,0.9614,0.947,89.7,4.87,0.0032,3.1,124,0.5145,0,2026-02-24 00:00:00,0
BID-007974,AUC-1437,VND-0547,209827.19,0.9465,0.804,72.0,4.51,0.0118,8.4,296,0.4524,0,2026-02-24 00:00:00,0
BID-007975,AUC-1437,VND-0087,204994.48,0.9247,0.756,58.6,4.39,0.0146,12.4,91,0.4231,0,2026-02-24 00:00:00,0
BID-007976,AUC-1437,VND-0342,198234.26,0.8942,0.585,59.0,3.96,0.0249,12.3,196,0.4023,0,2026-02-24 00:00:00,0
BID-007977,AUC-1437,VND-0341,188552.41,0.8505,0.909,75.7,4.77,0.0055,7.3,132,0.5276,0,2026-02-24 00:00:00,1
BID-007978,AUC-1438,VND-0368,483490.21,0.9859,0.679,69.2,4.2,0.0192,9.2,239,0.3209,0,2026-01-26 00:00:00,0
BID-007979,AUC-1438,VND-0595,472532.41,0.9636,0.65,64.4,4.13,0.021,10.7,159,0.3214,0,2026-01-26 00:00:00,0
BID-007980,AUC-1438,VND-0318,461768.04,0.9417,0.554,50.0,3.88,0.0268,15.0,81,0.2945,0,2026-01-26 00:00:00,0
BID-007981,AUC-1438,VND-0318,455532.49,0.9289,0.554,50.0,3.88,0.0268,15.0,81,0.3019,0,2026-01-26 00:00:00,0
BID-007982,AUC-1438,VND-0011,432958.29,0.8829,0.806,60.5,4.51,0.0116,11.8,165,0.3937,0,2026-01-26 00:00:00,1
BID-007983,AUC-1439,VND-0420,41937.73,0.9736,0.79,79.1,4.48,0.0126,6.3,278,0.6873,0,2026-05-09 00:00:00,0
BID-007984,AUC-1439,VND-0138,41206.06,0.9566,0.756,68.1,4.39,0.0147,9.6,25,0.6566,0,2026-05-09 00:00:00,0
BID-007985,AUC-1439,VND-0420,39687.01,0.9213,0.79,79.1,4.48,0.0126,6.3,278,0.6977,0,2026-05-09 00:00:00,0
BID-007986,AUC-1439,VND-0687,38052.83,0.8834,0.927,80.3,4.82,0.0044,5.9,157,0.7588,0,2026-05-09 00:00:00,1
BID-007987,AUC-1439,VND-0138,37356.91,0.8672,0.756,68.1,4.39,0.0147,9.6,25,0.6744,0,2026-05-09 00:00:00,0
BID-007988,AUC-1439,VND-0377,36840.21,0.8552,0.814,72.8,4.53,0.0112,8.2,80,0.7071,0,2026-05-09 00:00:00,0
BID-007989,AUC-1440,VND-0060,261118.63,0.9885,0.946,89.7,4.87,0.0032,3.1,45,0.4852,0,2026-02-12 00:00:00,0
BID-007990,AUC-1440,VND-0689,257181.91,0.9736,0.723,63.2,4.31,0.0166,11.0,181,0.3903,0,2026-02-12 00:00:00,0
BID-007991,AUC-1440,VND-0060,249170.74,0.9432,0.946,89.7,4.87,0.0032,3.1,45,0.5074,0,2026-02-12 00:00:00,0
BID-007992,AUC-1440,VND-0741,242102.99,0.9165,0.909,73.8,4.77,0.0055,7.9,15,0.4861,0,2026-02-12 00:00:00,0
BID-007993,AUC-1440,VND-0676,233345.5,0.8833,0.934,85.8,4.83,0.004,4.3,166,0.5272,0,2026-02-12 00:00:00,0
BID-007994,AUC-1440,VND-0676,222440.77,0.8421,0.934,85.8,4.83,0.004,4.3,166,0.5475,0,2026-02-12 00:00:00,1
BID-007995,AUC-1441,VND-0345,96835.62,0.9892,0.885,73.1,4.71,0.0069,8.1,163,0.5372,0,2026-01-24 00:00:00,0
BID-007996,AUC-1441,VND-0422,94506.35,0.9654,0.589,59.6,3.97,0.0247,12.1,197,0.414,0,2026-01-24 00:00:00,0
BID-007997,AUC-1441,VND-0020,93199.58,0.9521,0.842,77.4,4.61,0.0095,6.8,43,0.5451,0,2026-01-24 00:00:00,0
BID-007998,AUC-1441,VND-0708,89278.59,0.912,0.766,84.3,4.41,0.0141,4.7,292,0.5475,0,2026-01-24 00:00:00,1
BID-007999,AUC-1442,VND-0339,468585.63,0.9649,0.556,50.0,3.89,0.0266,15.0,145,0.4099,0,2026-05-03 00:00:00,0
BID-008000,AUC-1442,VND-0197,450187.58,0.927,0.686,65.9,4.22,0.0188,10.2,297,0.51,0,2026-05-03 00:00:00,1
BID-008001,AUC-1442,VND-0758,443461.73,0.9132,0.598,50.0,3.99,0.0241,15.0,137,0.442,0,2026-05-03 00:00:00,0
BID-008002,AUC-1442,VND-0339,431433.16,0.8884,0.556,50.0,3.89,0.0266,15.0,145,0.4337,0,2026-05-03 00:00:00,0
BID-008003,AUC-1442,VND-0339,416844.87,0.8584,0.556,50.0,3.89,0.0266,15.0,145,0.443,0,2026-05-03 00:00:00,0
BID-008004,AUC-1443,VND-0419,63974.7,0.9764,0.957,77.5,4.89,0.0026,6.8,117,0.4852,0,2026-05-27 00:00:00,0
BID-008005,AUC-1443,VND-0150,61228.63,0.9345,0.811,63.5,4.53,0.0113,11.0,291,0.4361,0,2026-05-27 00:00:00,0
BID-008006,AUC-1443,VND-0170,59924.42,0.9146,0.737,57.5,4.34,0.0158,12.8,29,0.412,0,2026-05-27 00:00:00,0
BID-008007,AUC-1443,VND-0523,58751.81,0.8967,0.943,87.6,4.86,0.0034,3.7,117,0.5329,0,2026-05-27 00:00:00,1
BID-008008,AUC-1443,VND-0150,58061.53,0.8862,0.811,63.5,4.53,0.0113,11.0,291,0.4593,0,2026-05-27 00:00:00,0
BID-008009,AUC-1443,VND-0150,57288.88,0.8744,0.811,63.5,4.53,0.0113,11.0,291,0.465,0,2026-05-27 00:00:00,0
BID-008010,AUC-1444,VND-0782,202154.97,0.973,0.89,69.4,4.73,0.0066,9.2,21,0.6842,0,2026-04-16 00:00:00,0
BID-008011,AUC-1444,VND-0204,196913.96,0.9478,0.695,54.8,4.24,0.0183,13.6,162,0.5838,0,2026-04-16 00:00:00,0
BID-008012,AUC-1444,VND-0431,193562.21,0.9316,0.888,78.3,4.72,0.0067,6.5,195,0.709,0,2026-04-16 00:00:00,0
BID-008013,AUC-1444,VND-0233,188516.39,0.9074,0.981,89.3,4.95,0.0011,3.2,265,0.7723,0,2026-04-16 00:00:00,1
BID-008014,AUC-1445,VND-0026,363004.85,0.977,0.985,96.2,4.96,0.001,1.1,61,0.6305,0,2026-04-05 00:00:00,0
BID-008015,AUC-1445,VND-0380,357199.8,0.9613,0.947,89.7,4.87,0.0032,3.1,124,0.6132,0,2026-04-05 00:00:00,0
BID-008016,AUC-1445,VND-0026,340194.57,0.9156,0.985,96.2,4.96,0.001,1.1,61,0.6636,0,2026-04-05 00:00:00,0
BID-008017,AUC-1445,VND-0291,327614.82,0.8817,0.73,73.7,4.32,0.0162,7.9,77,0.5382,0,2026-04-05 00:00:00,0
BID-008018,AUC-1445,VND-0026,316095.14,0.8507,0.985,96.2,4.96,0.001,1.1,61,0.6986,0,2026-04-05 00:00:00,1
BID-008019,AUC-1446,VND-0665,339043.63,0.9544,0.829,77.2,4.57,0.0102,6.8,208,0.602,0,2026-01-23 00:00:00,1
BID-008020,AUC-1446,VND-0105,323401.24,0.9104,0.503,50.0,3.76,0.0298,15.0,276,0.4248,0,2026-01-23 00:00:00,0
BID-008021,AUC-1446,VND-0075,309275.34,0.8706,0.526,51.0,3.81,0.0285,14.7,52,0.4585,0,2026-01-23 00:00:00,0
BID-008022,AUC-1447,VND-0494,206527.96,0.9511,0.844,72.9,4.61,0.0093,8.1,216,0.5066,0,2026-06-25 00:00:00,0
BID-008023,AUC-1447,VND-0494,198697.88,0.9151,0.844,72.9,4.61,0.0093,8.1,216,0.5214,0,2026-06-25 00:00:00,0
BID-008024,AUC-1447,VND-0494,189960.0,0.8748,0.844,72.9,4.61,0.0093,8.1,216,0.5379,0,2026-06-25 00:00:00,1
BID-008025,AUC-1448,VND-0223,172276.0,0.9582,0.906,96.3,4.77,0.0056,1.1,96,0.4957,0,2026-06-30 00:00:00,0
BID-008026,AUC-1448,VND-0751,165016.55,0.9178,0.76,70.6,4.4,0.0144,8.8,126,0.4381,0,2026-06-30 00:00:00,0
BID-008027,AUC-1448,VND-0223,158770.6,0.8831,0.906,96.3,4.77,0.0056,1.1,96,0.5363,0,2026-06-30 00:00:00,0
BID-008028,AUC-1448,VND-0645,157076.84,0.8736,0.517,50.0,3.79,0.029,15.0,181,0.3541,0,2026-06-30 00:00:00,0
BID-008029,AUC-1448,VND-0223,153177.72,0.8519,0.906,96.3,4.77,0.0056,1.1,96,0.5531,0,2026-06-30 00:00:00,1
BID-008030,AUC-1449,VND-0332,196082.19,0.9573,0.803,67.7,4.51,0.0118,9.7,41,0.388,0,2026-03-17 00:00:00,0
BID-008031,AUC-1449,VND-0332,189559.07,0.9254,0.803,67.7,4.51,0.0118,9.7,41,0.4055,0,2026-03-17 00:00:00,0
BID-008032,AUC-1449,VND-0557,186561.91,0.9108,0.612,60.4,4.03,0.0233,11.9,26,0.3641,0,2026-03-17 00:00:00,0
BID-008033,AUC-1449,VND-0576,179425.82,0.876,0.854,82.9,4.64,0.0087,5.1,178,0.4646,0,2026-03-17 00:00:00,1
BID-008034,AUC-1449,VND-0557,177401.41,0.8661,0.612,60.4,4.03,0.0233,11.9,26,0.3887,0,2026-03-17 00:00:00,0
BID-008035,AUC-1450,VND-0699,134595.85,0.9649,0.715,58.1,4.29,0.0171,12.6,110,0.5102,0,2026-02-28 00:00:00,0
BID-008036,AUC-1450,VND-0735,131468.28,0.9425,0.935,88.3,4.84,0.0039,3.5,248,0.6669,0,2026-02-28 00:00:00,0
BID-008037,AUC-1450,VND-0148,127137.52,0.9114,0.564,52.5,3.91,0.0262,14.2,187,0.4564,0,2026-02-28 00:00:00,0
BID-008038,AUC-1450,VND-0357,122200.8,0.876,0.736,63.5,4.34,0.0159,11.0,240,0.5566,0,2026-02-28 00:00:00,0
BID-008039,AUC-1450,VND-0699,120642.38,0.8648,0.715,58.1,4.29,0.0171,12.6,110,0.5402,0,2026-02-28 00:00:00,0
BID-008040,AUC-1450,VND-0735,115064.27,0.8249,0.935,88.3,4.84,0.0039,3.5,248,0.7022,0,2026-02-28 00:00:00,1
BID-008041,AUC-1450,VND-0699,110645.36,0.7932,0.715,58.1,4.29,0.0171,12.6,110,0.5617,0,2026-02-28 00:00:00,0
BID-008042,AUC-1451,VND-0070,107775.47,0.9743,0.682,69.4,4.2,0.0191,9.2,35,0.3745,0,2026-05-01 00:00:00,0
BID-008043,AUC-1451,VND-0028,103579.1,0.9364,0.799,83.3,4.5,0.0121,5.0,212,0.4508,0,2026-05-01 00:00:00,0
BID-008044,AUC-1451,VND-0257,98480.85,0.8903,0.966,100.0,4.92,0.002,0.1,294,0.5519,0,2026-05-01 00:00:00,0
BID-008045,AUC-1451,VND-0257,94486.65,0.8542,0.966,100.0,4.92,0.002,0.1,294,0.5696,0,2026-05-01 00:00:00,1
BID-008046,AUC-1452,VND-0705,242313.1,0.9823,0.793,77.7,4.48,0.0124,6.7,162,0.5861,0,2026-01-23 00:00:00,0
BID-008047,AUC-1452,VND-0257,239861.88,0.9723,0.966,100.0,4.92,0.002,0.1,294,0.719,0,2026-01-23 00:00:00,1
BID-008048,AUC-1452,VND-0705,236316.55,0.958,0.793,77.7,4.48,0.0124,6.7,162,0.598,0,2026-01-23 00:00:00,0
BID-008049,AUC-1452,VND-0705,231748.2,0.9394,0.793,77.7,4.48,0.0124,6.7,162,0.6071,0,2026-01-23 00:00:00,0
BID-008050,AUC-1452,VND-0764,229124.76,0.9288,0.642,51.1,4.11,0.0215,14.7,45,0.4837,0,2026-01-23 00:00:00,0
BID-008051,AUC-1453,VND-0059,135527.99,0.9572,0.902,70.4,4.75,0.0059,8.9,223,0.6413,0,2026-02-22 00:00:00,1
BID-008052,AUC-1453,VND-0664,130357.53,0.9207,0.591,61.2,3.98,0.0245,11.6,138,0.4892,0,2026-02-22 00:00:00,0
BID-008053,AUC-1453,VND-0624,126176.7,0.8912,0.566,50.0,3.91,0.0261,15.0,285,0.4607,0,2026-02-22 00:00:00,0
BID-008054,AUC-1454,VND-0063,147090.17,0.975,0.614,60.5,4.03,0.0232,11.8,299,0.4225,0,2026-06-05 00:00:00,0
BID-008055,AUC-1454,VND-0063,144981.25,0.9611,0.614,60.5,4.03,0.0232,11.8,299,0.4283,0,2026-06-05 00:00:00,0
BID-008056,AUC-1454,VND-0735,140022.14,0.9282,0.935,88.3,4.84,0.0039,3.5,248,0.5796,0,2026-06-05 00:00:00,1
BID-008057,AUC-1454,VND-0565,138415.74,0.9175,0.686,56.7,4.22,0.0188,13.0,106,0.4574,0,2026-06-05 00:00:00,0
BID-008058,AUC-1454,VND-0173,134298.81,0.8902,0.699,70.9,4.25,0.018,8.7,58,0.5002,0,2026-06-05 00:00:00,0
BID-008059,AUC-1454,VND-0642,127756.46,0.8469,0.78,57.5,4.45,0.0132,12.8,82,0.5117,0,2026-06-05 00:00:00,0
BID-008060,AUC-1455,VND-0031,316647.0,0.9543,0.694,61.6,4.24,0.0183,11.5,189,0.476,0,2026-03-14 00:00:00,0
BID-008061,AUC-1455,VND-0014,303671.41,0.9152,0.6,59.5,4.0,0.024,12.2,66,0.4487,0,2026-03-14 00:00:00,0
BID-008062,AUC-1455,VND-0702,297630.19,0.897,0.518,53.9,3.8,0.0289,13.8,224,0.4105,0,2026-03-14 00:00:00,0
BID-008063,AUC-1455,VND-0014,288842.64,0.8705,0.6,59.5,4.0,0.024,12.2,66,0.4635,0,2026-03-14 00:00:00,0
BID-008064,AUC-1455,VND-0702,274457.99,0.8272,0.518,53.9,3.8,0.0289,13.8,224,0.4335,0,2026-03-14 00:00:00,0
BID-008065,AUC-1455,VND-0699,268556.89,0.8094,0.715,58.1,4.29,0.0171,12.6,110,0.5228,0,2026-03-14 00:00:00,0
BID-008066,AUC-1455,VND-0288,265571.29,0.8004,0.931,91.2,4.83,0.0041,2.6,204,0.6884,0,2026-03-14 00:00:00,1
BID-008067,AUC-1455,VND-0039,255238.63,0.7692,0.886,72.7,4.71,0.0069,8.2,55,0.6356,0,2026-03-14 00:00:00,0
BID-008068,AUC-1456,VND-0705,461748.24,0.9529,0.793,77.7,4.48,0.0124,6.7,162,0.6648,0,2026-02-08 00:00:00,0
BID-008069,AUC-1456,VND-0705,441837.02,0.9118,0.793,77.7,4.48,0.0124,6.7,162,0.6738,0,2026-02-08 00:00:00,0
BID-008070,AUC-1456,VND-0705,427328.26,0.8818,0.793,77.7,4.48,0.0124,6.7,162,0.6804,0,2026-02-08 00:00:00,0
BID-008071,AUC-1456,VND-0705,415071.04,0.8566,0.793,77.7,4.48,0.0124,6.7,162,0.686,0,2026-02-08 00:00:00,0
BID-008072,AUC-1456,VND-0709,396766.54,0.8188,0.52,50.0,3.8,0.0288,15.0,240,0.5315,0,2026-02-08 00:00:00,0
BID-008073,AUC-1456,VND-0709,379070.69,0.7823,0.52,50.0,3.8,0.0288,15.0,240,0.5395,0,2026-02-08 00:00:00,0
BID-008074,AUC-1456,VND-0340,366537.86,0.7564,0.985,93.7,4.96,0.001,1.9,235,0.8178,0,2026-02-08 00:00:00,1
BID-008075,AUC-1456,VND-0709,360234.49,0.7434,0.52,50.0,3.8,0.0288,15.0,240,0.5481,0,2026-02-08 00:00:00,0
BID-008076,AUC-1457,VND-0556,300923.9,0.9841,0.908,74.0,4.77,0.0055,7.8,44,0.5753,0,2026-06-04 00:00:00,0
BID-008077,AUC-1457,VND-0467,292496.03,0.9566,0.992,90.3,4.98,0.001,2.9,30,0.6548,0,2026-06-04 00:00:00,0
BID-008078,AUC-1457,VND-0467,284766.29,0.9313,0.992,90.3,4.98,0.001,2.9,30,0.6632,0,2026-06-04 00:00:00,0
BID-008079,AUC-1457,VND-0467,270776.37,0.8855,0.992,90.3,4.98,0.001,2.9,30,0.6783,0,2026-06-04 00:00:00,1
BID-008080,AUC-1457,VND-0556,259537.68,0.8488,0.908,74.0,4.77,0.0055,7.8,44,0.62,0,2026-06-04 00:00:00,0
BID-008081,AUC-1458,VND-0096,47192.37,0.9889,0.547,59.8,3.87,0.0272,12.1,142,0.3764,0,2026-05-03 00:00:00,0
BID-008082,AUC-1458,VND-0417,45897.4,0.9618,0.57,50.0,3.93,0.0258,15.0,260,0.3731,0,2026-05-03 00:00:00,0
BID-008083,AUC-1458,VND-0096,44359.59,0.9296,0.547,59.8,3.87,0.0272,12.1,142,0.4025,0,2026-05-03 00:00:00,1
BID-008084,AUC-1459,VND-0492,45335.75,0.9639,0.553,50.0,3.88,0.0268,15.0,257,0.5426,0,2026-03-12 00:00:00,0
BID-008085,AUC-1459,VND-0492,44793.55,0.9523,0.553,50.0,3.88,0.0268,15.0,257,0.5452,0,2026-03-12 00:00:00,0
BID-008086,AUC-1459,VND-0198,42563.44,0.9049,0.67,69.1,4.18,0.0198,9.3,255,0.6245,0,2026-03-12 00:00:00,1
BID-008087,AUC-1460,VND-0048,458286.36,0.9624,0.885,83.3,4.71,0.0069,5.0,51,0.3777,0,2026-01-19 00:00:00,0
BID-008088,AUC-1460,VND-0203,445180.49,0.9349,0.66,64.8,4.15,0.0204,10.6,45,0.3237,0,2026-01-19 00:00:00,0
BID-008089,AUC-1460,VND-0203,425572.3,0.8937,0.66,64.8,4.15,0.0204,10.6,45,0.3484,0,2026-01-19 00:00:00,0
BID-008090,AUC-1460,VND-0383,420469.64,0.883,0.517,53.1,3.79,0.029,14.1,284,0.31,0,2026-01-19 00:00:00,0
BID-008091,AUC-1460,VND-0658,404979.13,0.8504,0.726,70.7,4.32,0.0164,8.8,139,0.3958,0,2026-01-19 00:00:00,0
BID-008092,AUC-1460,VND-0203,398756.51,0.8374,0.66,64.8,4.15,0.0204,10.6,45,0.3822,0,2026-01-19 00:00:00,0
BID-008093,AUC-1460,VND-0203,386689.82,0.812,0.66,64.8,4.15,0.0204,10.6,45,0.3974,0,2026-01-19 00:00:00,1
BID-008094,AUC-1460,VND-0671,381196.02,0.8005,0.629,59.2,4.07,0.0223,12.2,219,0.3909,0,2026-01-19 00:00:00,0
BID-008095,AUC-1461,VND-0634,151413.2,0.9726,0.696,61.8,4.24,0.0182,11.5,218,0.4168,0,2026-04-19 00:00:00,0
BID-008096,AUC-1461,VND-0779,147176.07,0.9454,0.805,72.3,4.51,0.0117,8.3,269,0.475,0,2026-04-19 00:00:00,0
BID-008097,AUC-1461,VND-0581,143832.61,0.9239,0.913,77.0,4.78,0.0052,6.9,210,0.5195,0,2026-04-19 00:00:00,0
BID-008098,AUC-1461,VND-0736,140311.49,0.9013,0.784,73.6,4.46,0.013,7.9,82,0.4924,0,2026-04-19 00:00:00,0
BID-008099,AUC-1461,VND-0581,134428.75,0.8635,0.913,77.0,4.78,0.0052,6.9,210,0.5467,0,2026-04-19 00:00:00,0
BID-008100,AUC-1461,VND-0581,132481.85,0.851,0.913,77.0,4.78,0.0052,6.9,210,0.5523,0,2026-04-19 00:00:00,1
BID-008101,AUC-1462,VND-0030,53749.56,0.9753,0.523,50.0,3.81,0.0286,15.0,73,0.3975,0,2026-01-15 00:00:00,0
BID-008102,AUC-1462,VND-0030,51372.79,0.9321,0.523,50.0,3.81,0.0286,15.0,73,0.4117,0,2026-01-15 00:00:00,0
BID-008103,AUC-1462,VND-0748,49221.13,0.8931,0.802,73.1,4.5,0.0119,8.1,286,0.5775,0,2026-01-15 00:00:00,1
BID-008104,AUC-1463,VND-0711,295343.58,0.973,0.658,60.2,4.15,0.0205,11.9,193,0.3749,0,2026-02-21 00:00:00,0
BID-008105,AUC-1463,VND-0186,282002.55,0.9291,0.55,50.0,3.88,0.027,15.0,266,0.347,0,2026-02-21 00:00:00,0
BID-008106,AUC-1463,VND-0519,274489.27,0.9043,0.67,70.0,4.17,0.0198,9.0,130,0.4287,0,2026-02-21 00:00:00,0
BID-008107,AUC-1463,VND-0064,269667.73,0.8884,0.909,87.9,4.77,0.0055,3.6,166,0.5348,0,2026-02-21 00:00:00,1
BID-008108,AUC-1463,VND-0519,265669.66,0.8753,0.67,70.0,4.17,0.0198,9.0,130,0.4424,0,2026-02-21 00:00:00,0
BID-008109,AUC-1464,VND-0486,300517.03,0.9522,0.832,81.3,4.58,0.0101,5.6,114,0.5224,0,2026-06-29 00:00:00,0
BID-008110,AUC-1464,VND-0484,291512.03,0.9237,0.86,76.0,4.65,0.0084,7.2,235,0.5293,0,2026-06-29 00:00:00,0
BID-008111,AUC-1464,VND-0284,285812.87,0.9057,0.696,66.4,4.24,0.0182,10.1,84,0.4635,0,2026-06-29 00:00:00,0
BID-008112,AUC-1464,VND-0284,272339.57,0.863,0.696,66.4,4.24,0.0182,10.1,84,0.481,0,2026-06-29 00:00:00,0
BID-008113,AUC-1464,VND-0484,262485.17,0.8317,0.86,76.0,4.65,0.0084,7.2,235,0.567,0,2026-06-29 00:00:00,0
BID-008114,AUC-1464,VND-0484,257590.77,0.8162,0.86,76.0,4.65,0.0084,7.2,235,0.5733,0,2026-06-29 00:00:00,1
BID-008115,AUC-1464,VND-0154,251173.22,0.7959,0.758,66.9,4.4,0.0145,9.9,126,0.5284,0,2026-06-29 00:00:00,0
BID-008116,AUC-1465,VND-0617,316470.74,0.9655,0.607,50.0,4.02,0.0236,15.0,218,0.4699,0,2026-01-04 00:00:00,0
BID-008117,AUC-1465,VND-0588,304482.47,0.929,0.817,75.3,4.54,0.011,7.4,112,0.6466,0,2026-01-04 00:00:00,1
BID-008118,AUC-1465,VND-0085,296251.87,0.9038,0.52,50.0,3.8,0.0288,15.0,149,0.4544,0,2026-01-04 00:00:00,0
BID-008119,AUC-1466,VND-0495,134189.07,0.9515,0.623,66.9,4.06,0.0226,9.9,187,0.3218,0,2026-03-25 00:00:00,0
BID-008120,AUC-1466,VND-0697,131715.6,0.934,0.585,53.6,3.96,0.0249,13.9,110,0.3071,0,2026-03-25 00:00:00,0
BID-008121,AUC-1466,VND-0697,126825.03,0.8993,0.585,53.6,3.96,0.0249,13.9,110,0.3272,0,2026-03-25 00:00:00,0
BID-008122,AUC-1466,VND-0697,122375.43,0.8677,0.585,53.6,3.96,0.0249,13.9,110,0.3455,0,2026-03-25 00:00:00,0
BID-008123,AUC-1466,VND-0697,117408.68,0.8325,0.585,53.6,3.96,0.0249,13.9,110,0.3659,0,2026-03-25 00:00:00,0
BID-008124,AUC-1466,VND-0057,113619.61,0.8057,0.965,98.7,4.91,0.0021,0.4,65,0.523,0,2026-03-25 00:00:00,1
BID-008125,AUC-1466,VND-0077,111024.83,0.7873,0.572,51.9,3.93,0.0257,14.4,95,0.3872,0,2026-03-25 00:00:00,0
BID-008126,AUC-1467,VND-0452,17068.59,0.9807,0.591,52.0,3.98,0.0246,14.4,218,0.4262,0,2026-02-08 00:00:00,0
BID-008127,AUC-1467,VND-0452,16322.28,0.9378,0.591,52.0,3.98,0.0246,14.4,218,0.4433,0,2026-02-08 00:00:00,0
BID-008128,AUC-1467,VND-0121,15882.54,0.9126,0.97,100.0,4.93,0.0018,0.1,52,0.6269,0,2026-02-08 00:00:00,0
BID-008129,AUC-1467,VND-0121,15689.88,0.9015,0.97,100.0,4.93,0.0018,0.1,52,0.6314,0,2026-02-08 00:00:00,1
BID-008130,AUC-1467,VND-0646,15109.01,0.8681,0.698,54.5,4.25,0.0181,13.6,213,0.5049,0,2026-02-08 00:00:00,0
BID-008131,AUC-1467,VND-0686,14626.21,0.8404,0.986,78.7,4.96,0.001,6.4,234,0.6297,0,2026-02-08 00:00:00,0
BID-008132,AUC-1468,VND-0085,466616.32,0.9664,0.52,50.0,3.8,0.0288,15.0,149,0.3785,0,2026-05-15 00:00:00,0
BID-008133,AUC-1468,VND-0153,450952.31,0.9339,0.863,93.2,4.66,0.0082,2.0,93,0.5767,0,2026-05-15 00:00:00,0
BID-008134,AUC-1468,VND-0502,432986.22,0.8967,0.936,87.9,4.84,0.0038,3.6,71,0.5975,0,2026-05-15 00:00:00,0
BID-008135,AUC-1468,VND-0211,420826.97,0.8715,0.896,93.2,4.74,0.0063,2.0,238,0.6097,0,2026-05-15 00:00:00,1
BID-008136,AUC-1469,VND-0376,128892.65,0.9696,0.558,63.7,3.9,0.0265,10.9,173,0.5568,0,2026-06-14 00:00:00,0
BID-008137,AUC-1469,VND-0221,122934.38,0.9248,0.542,54.8,3.86,0.0275,13.6,162,0.5461,0,2026-06-14 00:00:00,0
BID-008138,AUC-1469,VND-0158,117804.5,0.8862,0.918,86.8,4.79,0.0049,4.0,116,0.767,0,2026-06-14 00:00:00,0
BID-008139,AUC-1469,VND-0518,113395.5,0.853,0.538,56.0,3.85,0.0277,13.2,137,0.5603,0,2026-06-14 00:00:00,0
BID-008140,AUC-1469,VND-0376,110567.32,0.8317,0.558,63.7,3.9,0.0265,10.9,173,0.5844,0,2026-06-14 00:00:00,0
BID-008141,AUC-1469,VND-0158,108062.9,0.8129,0.918,86.8,4.79,0.0049,4.0,116,0.7816,0,2026-06-14 00:00:00,1
BID-008142,AUC-1469,VND-0376,103987.96,0.7822,0.558,63.7,3.9,0.0265,10.9,173,0.5943,0,2026-06-14 00:00:00,0
BID-008143,AUC-1469,VND-0376,99933.39,0.7517,0.558,63.7,3.9,0.0265,10.9,173,0.6004,0,2026-06-14 00:00:00,0
BID-008144,AUC-1470,VND-0177,333720.62,0.9779,0.829,68.6,4.57,0.0102,9.4,203,0.6363,0,2026-04-19 00:00:00,0
BID-008145,AUC-1470,VND-0792,327628.27,0.9601,0.797,77.0,4.49,0.0122,6.9,115,0.6433,0,2026-04-19 00:00:00,0
BID-008146,AUC-1470,VND-0177,317761.36,0.9312,0.829,68.6,4.57,0.0102,9.4,203,0.6484,0,2026-04-19 00:00:00,0
BID-008147,AUC-1470,VND-0415,313710.42,0.9193,0.869,79.8,4.67,0.0079,6.1,83,0.6832,0,2026-04-19 00:00:00,1
BID-008148,AUC-1470,VND-0792,304362.43,0.8919,0.797,77.0,4.49,0.0122,6.9,115,0.661,0,2026-04-19 00:00:00,0
BID-008149,AUC-1471,VND-0525,351971.32,0.988,0.935,72.6,4.84,0.0039,8.2,133,0.5295,0,2026-02-26 00:00:00,0
BID-008150,AUC-1471,VND-0145,341192.99,0.9577,0.643,56.3,4.11,0.0214,13.1,216,0.406,0,2026-02-26 00:00:00,0
BID-008151,AUC-1471,VND-0525,332587.62,0.9336,0.935,72.6,4.84,0.0039,8.2,133,0.5561,0,2026-02-26 00:00:00,0
BID-008152,AUC-1471,VND-0145,323265.76,0.9074,0.643,56.3,4.11,0.0214,13.1,216,0.4306,0,2026-02-26 00:00:00,0
BID-008153,AUC-1471,VND-0145,307208.35,0.8623,0.643,56.3,4.11,0.0214,13.1,216,0.4527,0,2026-02-26 00:00:00,0
BID-008154,AUC-1471,VND-0525,293297.22,0.8233,0.935,72.6,4.84,0.0039,8.2,133,0.6102,0,2026-02-26 00:00:00,1
BID-008155,AUC-1472,VND-0243,295848.29,0.9577,0.792,85.9,4.48,0.0125,4.2,53,0.5667,0,2026-04-06 00:00:00,0
BID-008156,AUC-1472,VND-0511,289157.11,0.9361,0.849,68.8,4.62,0.0091,9.4,265,0.5724,0,2026-04-06 00:00:00,0
BID-008157,AUC-1472,VND-0243,281642.08,0.9117,0.792,85.9,4.48,0.0125,4.2,53,0.5819,0,2026-04-06 00:00:00,0
BID-008158,AUC-1472,VND-0139,276259.01,0.8943,0.899,85.6,4.75,0.0061,4.3,259,0.6359,0,2026-04-06 00:00:00,0
BID-008159,AUC-1472,VND-0511,266388.65,0.8624,0.849,68.8,4.62,0.0091,9.4,265,0.5967,0,2026-04-06 00:00:00,0
BID-008160,AUC-1472,VND-0139,260890.15,0.8446,0.899,85.6,4.75,0.0061,4.3,259,0.6524,0,2026-04-06 00:00:00,1
BID-008161,AUC-1473,VND-0566,160738.17,0.9842,0.862,78.0,4.65,0.0083,6.6,129,0.5016,0,2026-05-10 00:00:00,1
BID-008162,AUC-1473,VND-0073,154118.83,0.9436,0.642,50.0,4.11,0.0215,15.0,168,0.4136,0,2026-05-10 00:00:00,0
BID-008163,AUC-1473,VND-0073,150972.08,0.9244,0.642,50.0,4.11,0.0215,15.0,168,0.4219,0,2026-05-10 00:00:00,0
BID-008164,AUC-1474,VND-0286,140798.56,0.9857,0.757,77.5,4.39,0.0146,6.8,227,0.5803,0,2026-04-17 00:00:00,1
BID-008165,AUC-1474,VND-0118,134886.73,0.9443,0.598,60.7,3.99,0.0241,11.8,186,0.4858,0,2026-04-17 00:00:00,0
BID-008166,AUC-1474,VND-0118,130593.57,0.9143,0.598,60.7,3.99,0.0241,11.8,186,0.4939,0,2026-04-17 00:00:00,0
BID-008167,AUC-1475,VND-0651,295350.1,0.9752,0.516,53.7,3.79,0.0291,13.9,141,0.3396,0,2026-05-15 00:00:00,0
BID-008168,AUC-1475,VND-0168,289914.03,0.9573,0.523,50.0,3.81,0.0286,15.0,59,0.339,0,2026-05-15 00:00:00,0
BID-008169,AUC-1475,VND-0083,277777.37,0.9172,0.545,60.4,3.86,0.0273,11.9,41,0.3895,0,2026-05-15 00:00:00,0
BID-008170,AUC-1475,VND-0397,273880.2,0.9043,0.753,66.6,4.38,0.0148,10.0,272,0.4657,0,2026-05-15 00:00:00,0
BID-008171,AUC-1475,VND-0168,263290.46,0.8694,0.523,50.0,3.81,0.0286,15.0,59,0.3759,0,2026-05-15 00:00:00,0
BID-008172,AUC-1475,VND-0635,251652.07,0.8309,0.8,63.1,4.5,0.012,11.1,154,0.4994,0,2026-05-15 00:00:00,1
BID-008173,AUC-1475,VND-0083,244524.72,0.8074,0.545,60.4,3.86,0.0273,11.9,41,0.4356,0,2026-05-15 00:00:00,0
BID-008174,AUC-1476,VND-0482,423364.76,0.9746,0.623,51.1,4.06,0.0226,14.7,159,0.4198,0,2026-04-21 00:00:00,0
BID-008175,AUC-1476,VND-0087,405038.66,0.9324,0.756,58.6,4.39,0.0146,12.4,91,0.4861,0,2026-04-21 00:00:00,0
BID-008176,AUC-1476,VND-0087,386267.68,0.8892,0.756,58.6,4.39,0.0146,12.4,91,0.5038,0,2026-04-21 00:00:00,0
BID-008177,AUC-1476,VND-0087,375974.02,0.8655,0.756,58.6,4.39,0.0146,12.4,91,0.5135,0,2026-04-21 00:00:00,0
BID-008178,AUC-1476,VND-0482,372165.46,0.8568,0.623,51.1,4.06,0.0226,14.7,159,0.4681,0,2026-04-21 00:00:00,0
BID-008179,AUC-1476,VND-0482,354130.12,0.8152,0.623,51.1,4.06,0.0226,14.7,159,0.4851,0,2026-04-21 00:00:00,0
BID-008180,AUC-1476,VND-0235,347323.53,0.7996,0.612,65.3,4.03,0.0233,10.4,248,0.5095,0,2026-04-21 00:00:00,0
BID-008181,AUC-1476,VND-0324,340367.89,0.7836,0.797,75.1,4.49,0.0122,7.5,157,0.5834,0,2026-04-21 00:00:00,1
BID-008182,AUC-1477,VND-0677,469085.35,0.9898,0.719,66.6,4.3,0.0168,10.0,87,0.5022,0,2026-05-20 00:00:00,0
BID-008183,AUC-1477,VND-0272,448256.15,0.9459,0.614,64.6,4.04,0.0231,10.6,166,0.4749,0,2026-05-20 00:00:00,0
BID-008184,AUC-1477,VND-0272,435797.8,0.9196,0.614,64.6,4.04,0.0231,10.6,166,0.4831,0,2026-05-20 00:00:00,0
BID-008185,AUC-1477,VND-0648,426295.59,0.8995,0.9,75.1,4.75,0.006,7.5,101,0.6154,0,2026-05-20 00:00:00,0
BID-008186,AUC-1477,VND-0677,415469.03,0.8767,0.719,66.6,4.3,0.0168,10.0,87,0.5373,0,2026-05-20 00:00:00,0
BID-008187,AUC-1477,VND-0616,396052.89,0.8357,0.947,74.5,4.87,0.0032,7.6,284,0.6493,0,2026-05-20 00:00:00,1
BID-008188,AUC-1477,VND-0272,382203.36,0.8065,0.614,64.6,4.04,0.0231,10.6,166,0.5181,0,2026-05-20 00:00:00,0
BID-008189,AUC-1478,VND-0028,61149.32,0.988,0.799,83.3,4.5,0.0121,5.0,212,0.4747,0,2026-06-30 00:00:00,1
BID-008190,AUC-1478,VND-0476,58272.03,0.9415,0.8,72.0,4.5,0.012,8.4,211,0.4693,0,2026-06-30 00:00:00,0
BID-008191,AUC-1478,VND-0726,55700.53,0.8999,0.749,68.6,4.37,0.0151,9.4,203,0.4665,0,2026-06-30 00:00:00,0
BID-008192,AUC-1479,VND-0034,83663.79,0.9744,0.57,62.3,3.93,0.0258,11.3,167,0.5412,0,2026-06-17 00:00:00,0
BID-008193,AUC-1479,VND-0495,82380.51,0.9594,0.623,66.9,4.06,0.0226,9.9,187,0.5702,0,2026-06-17 00:00:00,0
BID-008194,AUC-1479,VND-0495,79472.79,0.9255,0.623,66.9,4.06,0.0226,9.9,187,0.579,0,2026-06-17 00:00:00,1
BID-008195,AUC-1479,VND-0034,76324.99,0.8889,0.57,62.3,3.93,0.0258,11.3,167,0.5634,0,2026-06-17 00:00:00,0
BID-008196,AUC-1479,VND-0034,72775.48,0.8475,0.57,62.3,3.93,0.0258,11.3,167,0.5742,0,2026-06-17 00:00:00,0
BID-008197,AUC-1480,VND-0282,460946.99,0.9747,0.568,50.0,3.92,0.0259,15.0,74,0.4286,0,2026-05-09 00:00:00,0
BID-008198,AUC-1480,VND-0282,439643.01,0.9296,0.568,50.0,3.92,0.0259,15.0,74,0.4529,0,2026-05-09 00:00:00,0
BID-008199,AUC-1480,VND-0134,427577.05,0.9041,0.849,79.4,4.62,0.0091,6.2,178,0.6579,0,2026-05-09 00:00:00,0
BID-008200,AUC-1480,VND-0282,414257.49,0.876,0.568,50.0,3.92,0.0259,15.0,74,0.4819,0,2026-05-09 00:00:00,0
BID-008201,AUC-1480,VND-0134,405644.04,0.8577,0.849,79.4,4.62,0.0091,6.2,178,0.6829,0,2026-05-09 00:00:00,1
BID-008202,AUC-1480,VND-0612,398045.0,0.8417,0.716,69.8,4.29,0.017,9.1,297,0.6111,0,2026-05-09 00:00:00,0
BID-008203,AUC-1481,VND-0356,359509.8,0.9693,0.88,82.6,4.7,0.0072,5.2,180,0.6768,0,2026-06-13 00:00:00,0
BID-008204,AUC-1481,VND-0718,344408.6,0.9286,0.57,50.0,3.92,0.0258,15.0,278,0.4743,0,2026-06-13 00:00:00,0
BID-008205,AUC-1481,VND-0375,336435.69,0.9071,0.953,91.0,4.88,0.0028,2.7,215,0.7652,0,2026-06-13 00:00:00,1
BID-008206,AUC-1482,VND-0702,426430.25,0.9633,0.518,53.9,3.8,0.0289,13.8,224,0.2918,0,2026-04-19 00:00:00,0
BID-008207,AUC-1482,VND-0431,414090.32,0.9354,0.888,78.3,4.72,0.0067,6.5,195,0.4533,0,2026-04-19 00:00:00,0
BID-008208,AUC-1482,VND-0752,400577.4,0.9049,0.513,50.0,3.78,0.0292,15.0,78,0.3161,0,2026-04-19 00:00:00,0
BID-008209,AUC-1482,VND-0431,391296.92,0.884,0.888,78.3,4.72,0.0067,6.5,195,0.4801,0,2026-04-19 00:00:00,0
BID-008210,AUC-1482,VND-0431,374815.59,0.8467,0.888,78.3,4.72,0.0067,6.5,195,0.4994,0,2026-04-19 00:00:00,1
BID-008211,AUC-1482,VND-0083,368394.53,0.8322,0.545,60.4,3.86,0.0273,11.9,41,0.3758,0,2026-04-19 00:00:00,0
BID-008212,AUC-1482,VND-0702,352709.18,0.7968,0.518,53.9,3.8,0.0289,13.8,224,0.3784,0,2026-04-19 00:00:00,0
BID-008213,AUC-1483,VND-0561,105703.4,0.9672,0.944,92.6,4.86,0.0033,2.2,224,0.6321,0,2026-01-31 00:00:00,0
BID-008214,AUC-1483,VND-0076,102516.33,0.938,0.954,76.1,4.89,0.0028,7.2,193,0.6063,0,2026-01-31 00:00:00,0
BID-008215,AUC-1483,VND-0076,101039.45,0.9245,0.954,76.1,4.89,0.0028,7.2,193,0.6109,0,2026-01-31 00:00:00,0
BID-008216,AUC-1483,VND-0537,96993.5,0.8875,0.521,50.0,3.8,0.0287,15.0,220,0.3962,0,2026-01-31 00:00:00,0
BID-008217,AUC-1483,VND-0561,92859.38,0.8497,0.944,92.6,4.86,0.0033,2.2,224,0.6721,0,2026-01-31 00:00:00,1
BID-008218,AUC-1484,VND-0456,293496.02,0.9852,0.795,63.1,4.49,0.0123,11.1,297,0.4965,0,2026-04-30 00:00:00,0
BID-008219,AUC-1484,VND-0577,285722.04,0.9591,0.849,82.9,4.62,0.0091,5.1,179,0.5582,0,2026-04-30 00:00:00,0
BID-008220,AUC-1484,VND-0577,282799.43,0.9493,0.849,82.9,4.62,0.0091,5.1,179,0.5626,0,2026-04-30 00:00:00,1
BID-008221,AUC-1484,VND-0568,270595.52,0.9083,0.842,66.2,4.6,0.0095,10.1,287,0.5561,0,2026-04-30 00:00:00,0
BID-008222,AUC-1485,VND-0027,340097.15,0.9619,0.97,94.1,4.92,0.0018,1.8,96,0.5479,0,2026-05-11 00:00:00,0
BID-008223,AUC-1485,VND-0028,328285.29,0.9285,0.799,83.3,4.5,0.0121,5.0,212,0.503,0,2026-05-11 00:00:00,0
BID-008224,AUC-1485,VND-0502,318259.59,0.9002,0.936,87.9,4.84,0.0038,3.6,71,0.5554,0,2026-05-11 00:00:00,0
BID-008225,AUC-1485,VND-0502,310099.37,0.8771,0.936,87.9,4.84,0.0038,3.6,71,0.5658,0,2026-05-11 00:00:00,0
BID-008226,AUC-1485,VND-0120,299255.3,0.8464,0.823,63.3,4.56,0.0106,11.0,38,0.5032,0,2026-05-11 00:00:00,0
BID-008227,AUC-1485,VND-0502,295375.72,0.8354,0.936,87.9,4.84,0.0038,3.6,71,0.5846,0,2026-05-11 00:00:00,0
BID-008228,AUC-1485,VND-0502,290686.63,0.8222,0.936,87.9,4.84,0.0038,3.6,71,0.5905,0,2026-05-11 00:00:00,1
BID-008229,AUC-1485,VND-0440,276855.81,0.7831,0.514,50.0,3.78,0.0292,15.0,28,0.4355,0,2026-05-11 00:00:00,0
BID-008230,AUC-1486,VND-0336,335536.1,0.9775,0.587,59.2,3.97,0.0248,12.2,264,0.3935,0,2026-04-18 00:00:00,0
BID-008231,AUC-1486,VND-0471,322868.29,0.9406,0.637,59.5,4.09,0.0218,12.2,189,0.4284,0,2026-04-18 00:00:00,0
BID-008232,AUC-1486,VND-0272,306774.67,0.8937,0.614,64.6,4.04,0.0231,10.6,166,0.4455,0,2026-04-18 00:00:00,1
BID-008233,AUC-1487,VND-0174,200398.17,0.9543,0.818,63.2,4.54,0.0109,11.0,138,0.5337,0,2026-01-05 00:00:00,0
BID-008234,AUC-1487,VND-0174,196865.65,0.9375,0.818,63.2,4.54,0.0109,11.0,138,0.5396,0,2026-01-05 00:00:00,0
BID-008235,AUC-1487,VND-0110,192419.28,0.9163,0.825,86.5,4.56,0.0105,4.0,168,0.6026,0,2026-01-05 00:00:00,0
BID-008236,AUC-1487,VND-0690,188819.28,0.8992,0.68,61.9,4.2,0.0192,11.4,265,0.5145,0,2026-01-05 00:00:00,0
BID-008237,AUC-1487,VND-0151,183890.02,0.8757,0.526,50.0,3.81,0.0284,15.0,50,0.4549,0,2026-01-05 00:00:00,0
BID-008238,AUC-1487,VND-0110,176405.68,0.84,0.825,86.5,4.56,0.0105,4.0,168,0.6293,0,2026-01-05 00:00:00,0
BID-008239,AUC-1487,VND-0690,172596.59,0.8219,0.68,61.9,4.2,0.0192,11.4,265,0.5415,0,2026-01-05 00:00:00,0
BID-008240,AUC-1487,VND-0110,169139.79,0.8054,0.825,86.5,4.56,0.0105,4.0,168,0.6414,0,2026-01-05 00:00:00,1
BID-008241,AUC-1488,VND-0676,17033.61,0.9709,0.934,85.8,4.83,0.004,4.3,166,0.6604,0,2026-03-28 00:00:00,0
BID-008242,AUC-1488,VND-0675,16434.21,0.9368,0.994,75.4,4.98,0.001,7.4,271,0.674,0,2026-03-28 00:00:00,1
BID-008243,AUC-1488,VND-0156,16263.27,0.927,0.719,59.2,4.3,0.0168,12.2,98,0.5261,0,2026-03-28 00:00:00,0
BID-008244,AUC-1488,VND-0156,15896.94,0.9061,0.719,59.2,4.3,0.0168,12.2,98,0.5322,0,2026-03-28 00:00:00,0
BID-008245,AUC-1489,VND-0315,287071.19,0.971,0.518,50.0,3.8,0.0289,15.0,145,0.2949,0,2026-02-20 00:00:00,0
BID-008246,AUC-1489,VND-0119,280630.04,0.9492,0.64,50.0,4.1,0.0216,15.0,173,0.3401,0,2026-02-20 00:00:00,0
BID-008247,AUC-1489,VND-0183,270874.44,0.9163,0.971,87.1,4.93,0.0018,3.9,166,0.5127,0,2026-02-20 00:00:00,1
BID-008248,AUC-1490,VND-0464,127801.47,0.9536,0.634,55.9,4.09,0.0219,13.2,187,0.376,0,2026-02-03 00:00:00,0
BID-008249,AUC-1490,VND-0499,126258.61,0.9421,0.959,80.6,4.9,0.0025,5.8,131,0.5384,0,2026-02-03 00:00:00,0
BID-008250,AUC-1490,VND-0637,121456.74,0.9063,0.89,67.6,4.72,0.0066,9.7,209,0.5125,0,2026-02-03 00:00:00,0
BID-008251,AUC-1490,VND-0446,117877.19,0.8796,0.861,91.5,4.65,0.0083,2.6,192,0.5392,0,2026-02-03 00:00:00,0
BID-008252,AUC-1490,VND-0536,116344.61,0.8681,0.648,56.1,4.12,0.0211,13.2,222,0.4203,0,2026-02-03 00:00:00,0
BID-008253,AUC-1490,VND-0446,112154.86,0.8369,0.861,91.5,4.65,0.0083,2.6,192,0.5584,0,2026-02-03 00:00:00,1
BID-008254,AUC-1491,VND-0277,220637.98,0.9567,0.776,69.6,4.44,0.0134,9.1,78,0.4506,0,2026-03-24 00:00:00,1
BID-008255,AUC-1491,VND-0690,210643.35,0.9134,0.68,61.9,4.2,0.0192,11.4,265,0.4226,0,2026-03-24 00:00:00,0
BID-008256,AUC-1491,VND-0728,201337.35,0.873,0.515,57.3,3.79,0.0291,12.8,249,0.3724,0,2026-03-24 00:00:00,0
BID-008257,AUC-1492,VND-0696,455895.55,0.9513,0.618,50.0,4.05,0.0229,15.0,229,0.4847,0,2026-02-03 00:00:00,0
BID-008258,AUC-1492,VND-0600,446163.88,0.931,0.875,72.0,4.69,0.0075,8.4,23,0.6257,0,2026-02-03 00:00:00,0
BID-008259,AUC-1492,VND-0696,427347.77,0.8918,0.618,50.0,4.05,0.0229,15.0,229,0.5026,0,2026-02-03 00:00:00,0
BID-008260,AUC-1492,VND-0600,417182.62,0.8706,0.875,72.0,4.69,0.0075,8.4,23,0.6439,0,2026-02-03 00:00:00,0
BID-008261,AUC-1492,VND-0600,405797.53,0.8468,0.875,72.0,4.69,0.0075,8.4,23,0.651,0,2026-02-03 00:00:00,1
BID-008262,AUC-1492,VND-0701,387368.43,0.8083,0.584,50.0,3.96,0.025,15.0,211,0.5144,0,2026-02-03 00:00:00,0
BID-008263,AUC-1492,VND-0696,371952.07,0.7762,0.618,50.0,4.05,0.0229,15.0,229,0.5373,0,2026-02-03 00:00:00,0
BID-008264,AUC-1493,VND-0177,198696.16,0.9668,0.829,68.6,4.57,0.0102,9.4,203,0.5869,0,2026-06-11 00:00:00,0
BID-008265,AUC-1493,VND-0438,191151.14,0.9301,0.513,50.0,3.78,0.0292,15.0,54,0.4262,0,2026-06-11 00:00:00,0
BID-008266,AUC-1493,VND-0177,184991.86,0.9001,0.829,68.6,4.57,0.0102,9.4,203,0.6049,0,2026-06-11 00:00:00,0
BID-008267,AUC-1493,VND-0499,177185.66,0.8621,0.959,80.6,4.9,0.0025,5.8,131,0.6976,0,2026-06-11 00:00:00,1
BID-008268,AUC-1493,VND-0596,169779.05,0.8261,0.534,52.9,3.83,0.028,14.1,172,0.4702,0,2026-06-11 00:00:00,0
BID-008269,AUC-1493,VND-0673,164165.76,0.7988,0.871,74.3,4.68,0.0077,7.7,276,0.6641,0,2026-06-11 00:00:00,0
BID-008270,AUC-1493,VND-0748,158268.24,0.7701,0.802,73.1,4.5,0.0119,8.1,286,0.6424,0,2026-06-11 00:00:00,0
BID-008271,AUC-1493,VND-0596,151766.16,0.7384,0.534,52.9,3.83,0.028,14.1,172,0.4938,0,2026-06-11 00:00:00,0
BID-008272,AUC-1494,VND-0441,414242.06,0.9828,0.616,60.3,4.04,0.0231,11.9,75,0.3033,0,2026-01-25 00:00:00,0
BID-008273,AUC-1494,VND-0634,404262.44,0.9591,0.696,61.8,4.24,0.0182,11.5,218,0.3353,0,2026-01-25 00:00:00,0
BID-008274,AUC-1494,VND-0506,387715.61,0.9198,0.611,63.5,4.03,0.0234,11.0,259,0.3433,0,2026-01-25 00:00:00,1
BID-008275,AUC-1495,VND-0527,101071.19,0.9872,0.97,94.5,4.92,0.0018,1.6,105,0.7729,0,2026-01-09 00:00:00,1
BID-008276,AUC-1495,VND-0102,97127.53,0.9487,0.581,59.8,3.95,0.0252,12.1,289,0.5676,0,2026-01-09 00:00:00,0
BID-008277,AUC-1495,VND-0385,93851.72,0.9167,0.671,64.6,4.18,0.0197,10.6,99,0.621,0,2026-01-09 00:00:00,0
BID-008278,AUC-1495,VND-0102,90470.06,0.8836,0.581,59.8,3.95,0.0252,12.1,289,0.5813,0,2026-01-09 00:00:00,0
BID-008279,AUC-1495,VND-0606,88662.66,0.866,0.713,64.1,4.28,0.0172,10.8,292,0.65,0,2026-01-09 00:00:00,0
BID-008280,AUC-1495,VND-0592,85222.85,0.8324,0.816,81.3,4.54,0.011,5.6,112,0.7219,0,2026-01-09 00:00:00,0
BID-008281,AUC-1495,VND-0606,84347.31,0.8238,0.713,64.1,4.28,0.0172,10.8,292,0.6588,0,2026-01-09 00:00:00,0
BID-008282,AUC-1496,VND-0436,323632.71,0.9532,0.687,55.8,4.22,0.0188,13.3,202,0.4422,0,2026-01-08 00:00:00,0
BID-008283,AUC-1496,VND-0002,313064.9,0.9221,0.866,77.9,4.66,0.008,6.6,67,0.5626,0,2026-01-08 00:00:00,0
BID-008284,AUC-1496,VND-0346,302697.84,0.8916,0.662,64.2,4.15,0.0203,10.7,102,0.4713,0,2026-01-08 00:00:00,0
BID-008285,AUC-1496,VND-0436,290076.93,0.8544,0.687,55.8,4.22,0.0188,13.3,202,0.4906,0,2026-01-08 00:00:00,0
BID-008286,AUC-1496,VND-0446,284880.84,0.8391,0.861,91.5,4.65,0.0083,2.6,192,0.6174,0,2026-01-08 00:00:00,1
BID-008287,AUC-1496,VND-0002,276835.02,0.8154,0.866,77.9,4.66,0.008,6.6,67,0.6149,0,2026-01-08 00:00:00,0
BID-008288,AUC-1496,VND-0436,269458.49,0.7937,0.687,55.8,4.22,0.0188,13.3,202,0.5204,0,2026-01-08 00:00:00,0
BID-008289,AUC-1497,VND-0491,476839.54,0.9757,0.667,66.6,4.17,0.02,10.0,38,0.5168,0,2026-02-18 00:00:00,0
BID-008290,AUC-1497,VND-0491,457171.96,0.9354,0.667,66.6,4.17,0.02,10.0,38,0.5281,0,2026-02-18 00:00:00,0
BID-008291,AUC-1497,VND-0092,442497.74,0.9054,0.962,100.0,4.91,0.0023,0.1,223,0.7341,0,2026-02-18 00:00:00,1
BID-008292,AUC-1497,VND-0016,431718.58,0.8833,0.804,62.3,4.51,0.0118,11.3,151,0.5749,0,2026-02-18 00:00:00,0
BID-008293,AUC-1497,VND-0016,424443.0,0.8685,0.804,62.3,4.51,0.0118,11.3,151,0.5791,0,2026-02-18 00:00:00,0
BID-008294,AUC-1498,VND-0661,59245.48,0.9886,0.624,52.0,4.06,0.0226,14.4,251,0.4574,0,2026-04-08 00:00:00,0
BID-008295,AUC-1498,VND-0264,57201.9,0.9545,0.707,60.1,4.27,0.0176,12.0,161,0.5107,0,2026-04-08 00:00:00,0
BID-008296,AUC-1498,VND-0264,55956.86,0.9337,0.707,60.1,4.27,0.0176,12.0,161,0.5178,0,2026-04-08 00:00:00,1
BID-008297,AUC-1498,VND-0135,54471.83,0.909,0.68,54.8,4.2,0.0192,13.6,133,0.5082,0,2026-04-08 00:00:00,0
BID-008298,AUC-1499,VND-0769,13655.66,0.9701,0.591,58.4,3.98,0.0246,12.5,215,0.4333,0,2026-01-23 00:00:00,0
BID-008299,AUC-1499,VND-0564,13460.52,0.9562,0.543,54.1,3.86,0.0274,13.8,291,0.4134,0,2026-01-23 00:00:00,0
BID-008300,AUC-1499,VND-0762,12799.7,0.9093,0.676,51.0,4.19,0.0195,14.7,256,0.4827,0,2026-01-23 00:00:00,0
BID-008301,AUC-1499,VND-0769,12554.26,0.8918,0.591,58.4,3.98,0.0246,12.5,215,0.4615,0,2026-01-23 00:00:00,0
BID-008302,AUC-1499,VND-0564,12060.06,0.8567,0.543,54.1,3.86,0.0274,13.8,291,0.4493,0,2026-01-23 00:00:00,0
BID-008303,AUC-1499,VND-0552,11484.66,0.8159,0.942,97.0,4.85,0.0035,0.9,91,0.6784,0,2026-01-23 00:00:00,1
BID-008304,AUC-1499,VND-0564,11032.63,0.7837,0.543,54.1,3.86,0.0274,13.8,291,0.4755,0,2026-01-23 00:00:00,0
BID-008305,AUC-1500,VND-0388,218119.84,0.9805,0.899,69.9,4.75,0.0061,9.0,255,0.4053,0,2026-01-30 00:00:00,0
BID-008306,AUC-1500,VND-0388,212275.89,0.9542,0.899,69.9,4.75,0.0061,9.0,255,0.4198,0,2026-01-30 00:00:00,1
BID-008307,AUC-1500,VND-0768,206019.15,0.9261,0.707,57.1,4.27,0.0176,12.9,119,0.368,0,2026-01-30 00:00:00,0
BID-008308,AUC-1500,VND-0744,197474.75,0.8877,0.698,67.2,4.25,0.0181,9.8,82,0.4182,0,2026-01-30 00:00:00,0
